{
  "model_path": "/home/wadie/Escritorio/brent-capsule/results/models/brent_efficientnet_b1_torch_fold0.pt",
  "fold_id": 0,
  "device": "cpu",
  "amp": false,
  "backbone_backend": "torchvision",
  "monitor_metric": "macro_f1",
  "train_windows": 241,
  "valid_windows": 26,
  "best_valid_warm": 0.2571428571428571,
  "best_valid_fine": 0.24242424242424243,
  "warm_history": {
    "train_loss": [
      2.005633015850273,
      1.9479092047916904,
      1.6641762677070016,
      1.6930207177316499,
      1.7426011982795113
    ],
    "train_macro_f1": [
      0.17666878713524697,
      0.17645758856028598,
      0.17653254333215423,
      0.2083861478870815,
      0.2211711389385808
    ],
    "train_mae": [
      0.0782251276415908,
      0.10473859344156945,
      0.11048893526938447,
      0.11427499502278957,
      0.11566236967615072
    ],
    "valid_loss": [
      1.8957425080812895,
      1.7254922298284678,
      1.6171607879491954,
      1.5220883809603178,
      1.4672207740636973
    ],
    "valid_macro_f1": [
      0.2571428571428571,
      0.2571428571428571,
      0.2571428571428571,
      0.2571428571428571,
      0.2571428571428571
    ],
    "valid_balanced_accuracy": [
      0.5,
      0.5,
      0.5,
      0.5,
      0.5
    ],
    "valid_accuracy": [
      0.34615384615384615,
      0.34615384615384615,
      0.34615384615384615,
      0.34615384615384615,
      0.34615384615384615
    ],
    "valid_mae": [
      0.01776021561370446,
      0.015727611975027964,
      0.020069390535354614,
      0.021976228803396225,
      0.023523861542344093
    ]
  },
  "fine_tune_history": {
    "train_loss": [
      1.7073388515171668,
      1.5780250734313395,
      1.5571082716660876,
      1.5619163191664762
    ],
    "train_macro_f1": [
      0.21994671503883004,
      0.2044807052512061,
      0.19555500891704075,
      0.1922117139538742
    ],
    "train_mae": [
      0.12617497996299593,
      0.1268401869970733,
      0.1217946165098318,
      0.12937059302918644
    ],
    "valid_loss": [
      1.4197563024667592,
      1.45912097967588,
      1.3962755019848163,
      1.3922146558761597
    ],
    "valid_macro_f1": [
      0.24242424242424243,
      0.21875000000000003,
      0.21875000000000003,
      0.21875000000000003
    ],
    "valid_balanced_accuracy": [
      0.4444444444444444,
      0.3888888888888889,
      0.3888888888888889,
      0.3888888888888889
    ],
    "valid_accuracy": [
      0.3076923076923077,
      0.2692307692307692,
      0.2692307692307692,
      0.2692307692307692
    ],
    "valid_mae": [
      0.07947812028802358,
      0.07507561777646725,
      0.07903007905070598,
      0.07599334189525017
    ]
  }
}