{
  "model_path": "/home/wadie/Escritorio/brent-capsule/results/models/brent_efficientnet_b1_torch_fold1.pt",
  "fold_id": 1,
  "device": "cpu",
  "amp": false,
  "backbone_backend": "torchvision",
  "monitor_metric": "macro_f1",
  "train_windows": 505,
  "valid_windows": 73,
  "best_valid_warm": 0.21043927279649727,
  "best_valid_fine": 0.22507913233719687,
  "warm_history": {
    "train_loss": [
      1.997779916064574,
      1.8878493323184475,
      1.838957109309659,
      1.7663000316903144,
      1.7537461299707393,
      1.8670613310124615
    ],
    "train_macro_f1": [
      0.165660018678928,
      0.14594356261022925,
      0.15081634022511248,
      0.13650576924183075,
      0.12691001527208423,
      0.14400793060788647
    ],
    "train_mae": [
      0.09539254313648338,
      0.11590934851677111,
      0.12107173965709044,
      0.11418384947989246,
      0.12052549657845261,
      0.11907991786109338
    ],
    "valid_loss": [
      1.8612465156267768,
      1.646371988401021,
      1.5595560923014602,
      1.515367765949197,
      1.5027739005546048,
      1.497335002846914
    ],
    "valid_macro_f1": [
      0.0898876404494382,
      0.16818181818181818,
      0.16818181818181818,
      0.20781322237632918,
      0.1810275080906149,
      0.21043927279649727
    ],
    "valid_balanced_accuracy": [
      0.25,
      0.25,
      0.25,
      0.25422297297297297,
      0.23686186186186187,
      0.25248686186186187
    ],
    "valid_accuracy": [
      0.2191780821917808,
      0.5068493150684932,
      0.5068493150684932,
      0.4794520547945205,
      0.4657534246575342,
      0.4794520547945205
    ],
    "valid_mae": [
      0.027215066225561378,
      0.026338587451266916,
      0.02775770451312196,
      0.03356126154938789,
      0.03204129738350437,
      0.03206921062649113
    ]
  },
  "fine_tune_history": {
    "train_loss": [
      1.721071756948339,
      1.6751778224907299,
      1.7334142592873905,
      1.660850475094106
    ],
    "train_macro_f1": [
      0.15328041491575214,
      0.1682299531185996,
      0.1594325691404761,
      0.15735755676362292
    ],
    "train_mae": [
      0.1198798658234058,
      0.12428762594071946,
      0.12309856571183346,
      0.12598801393910208
    ],
    "valid_loss": [
      1.487468229581232,
      1.491075388372761,
      1.4939977273549119,
      1.479807144975009
    ],
    "valid_macro_f1": [
      0.11858797573083288,
      0.22507913233719687,
      0.17407407407407408,
      0.16328983516483517
    ],
    "valid_balanced_accuracy": [
      0.19003378378378377,
      0.23428115615615613,
      0.20683183183183185,
      0.2174361861861862
    ],
    "valid_accuracy": [
      0.2054794520547945,
      0.3561643835616438,
      0.2465753424657534,
      0.2465753424657534
    ],
    "valid_mae": [
      0.03684644870562096,
      0.0349714992797538,
      0.03559371247275235,
      0.03155610894095408
    ]
  }
}