{
  "model_path": "/home/wadie/Escritorio/brent-capsule/results/models/brent_efficientnet_b1_torch_fold2.pt",
  "fold_id": 2,
  "device": "cpu",
  "amp": false,
  "backbone_backend": "torchvision",
  "monitor_metric": "macro_f1",
  "train_windows": 764,
  "valid_windows": 119,
  "best_valid_warm": 0.21885069817400643,
  "best_valid_fine": 0.2643733286827113,
  "warm_history": {
    "train_loss": [
      1.9660988665376034,
      1.7166482952876865,
      1.656121831913893,
      1.7102825029982323,
      1.611110692873051,
      1.744395278511247
    ],
    "train_macro_f1": [
      0.14745742099641315,
      0.16698803654703218,
      0.1643529122882426,
      0.14478580877430833,
      0.17751914107119302,
      0.15694897012344125
    ],
    "train_mae": [
      0.09615542513381749,
      0.12166695721954575,
      0.1240391515936527,
      0.12072996537722842,
      0.11513688984809746,
      0.11655499676915364
    ],
    "valid_loss": [
      1.8929930765087866,
      1.74376775036339,
      1.7875036482049638,
      1.789130013529994,
      1.7549113225536186,
      1.7800769996242363
    ],
    "valid_macro_f1": [
      0.1393939393939394,
      0.14024390243902438,
      0.21885069817400643,
      0.21340605207600283,
      0.2049494597420704,
      0.18773584905660376
    ],
    "valid_balanced_accuracy": [
      0.25,
      0.25,
      0.3070652173913043,
      0.285262891809909,
      0.28488372093023256,
      0.26782103134479274
    ],
    "valid_accuracy": [
      0.3865546218487395,
      0.3865546218487395,
      0.42016806722689076,
      0.4369747899159664,
      0.4369747899159664,
      0.4117647058823529
    ],
    "valid_mae": [
      0.027388854249685752,
      0.02803565901430214,
      0.050741400522719915,
      0.05080007005702047,
      0.03831908685945663,
      0.04064120151916472
    ]
  },
  "fine_tune_history": {
    "train_loss": [
      1.641988523967603,
      1.6932102179652109,
      1.5584992750777,
      1.6896201784073994
    ],
    "train_macro_f1": [
      0.16131250452297316,
      0.16077645567107068,
      0.1619388192756941,
      0.15850262357451803
    ],
    "train_mae": [
      0.11932655185929143,
      0.12342069567186047,
      0.12040267791111432,
      0.12108084996333297
    ],
    "valid_loss": [
      1.7439780295396052,
      1.7464903663186466,
      1.7829308299457325,
      1.7659652313264478
    ],
    "valid_macro_f1": [
      0.18537025888019265,
      0.19545454545454544,
      0.25855130784708247,
      0.2643733286827113
    ],
    "valid_balanced_accuracy": [
      0.26782103134479274,
      0.27363498483316484,
      0.30607937310414557,
      0.30558645096056625
    ],
    "valid_accuracy": [
      0.4117647058823529,
      0.42016806722689076,
      0.4369747899159664,
      0.44537815126050423
    ],
    "valid_mae": [
      0.03198791858779282,
      0.025766083039343357,
      0.047487385962314964,
      0.04081611712502331
    ]
  }
}