date,year,target,selected,base,tabular_external,cnn_mean,cnn_p10,cnn_p90,cnn_sd,delta_qlike_cnn_minus_tabular,delta_qlike_cnn_minus_base
2024-01-02,2024,0.00045452226,EWMA,0.0005392719388158788,0.0004182792420349286,0.00050204224,0.00049165875,0.00051167863,7.207687e-06,0.0012337557647450481,-0.009033322241129405
2024-01-03,2024,0.000465017,EWMA,0.0005185005533724035,0.0004204952050057229,0.0004908667,0.0004808775,0.0004991632,7.418117e-06,-0.00380124498495249,-0.00427940718486397
2024-01-04,2024,0.0005049694,EWMA,0.0005128724198681095,0.0003894815936390159,0.00049007393,0.0004780063,0.00049949484,8.618882e-06,-0.03638273519041224,0.00033279761600457647
2024-01-05,2024,0.00039964681,EWMA,0.000564639999159751,0.0004204361422256583,0.0005431426,0.00053056504,0.0005535383,9.465314e-06,0.041330934406961894,-0.010802346572003962
2024-01-08,2024,0.00027805314,EWMA,0.0006360369161772468,0.0005080803710071132,0.00061169366,0.0005976512,0.00062173,8.897436e-06,0.09289256610984609,-0.02162737444591656
2024-01-09,2024,0.00017357411,EWMA,0.0006798099041004583,0.0005338817434959037,0.0006500499,0.00063823187,0.00066465646,1.0084319e-05,0.13877419815152603,-0.033074921181964534
2024-01-10,2024,0.00016982887,EWMA,0.0006420492392070923,0.0005916651547145726,0.0005847445,0.00057389645,0.00059672154,7.996555e-06,-0.008368694900443785,-0.06756805430237467
2024-01-11,2024,0.00012164685,EWMA,0.0006410678610526076,0.0007293498174169307,0.00058781577,0.000578391,0.0005981583,7.84768e-06,-0.17558073000066798,-0.06953108875732283
2024-01-12,2024,0.00013491593,EWMA,0.0006038366366577688,0.0005601213553628327,0.00055497605,0.00054430484,0.0005645523,8.5787005e-06,-0.0069953511946012625,-0.06470764786659444
2024-01-15,2024,0.00014068662,EWMA,0.0005678110545940427,0.0004152231252502692,0.00056269777,0.000552979,0.00057251187,7.376941e-06,0.21512653508963098,-0.006794546520900724
2024-01-16,2024,0.00013862576,EWMA,0.0005355779594853026,0.0007445926273684059,0.0005468996,0.0005381685,0.0005615368,9.055455e-06,-0.2412729325283438,0.01556055954905311
2024-01-17,2024,0.00013238702,EWMA,0.0005231248010599307,0.0005899020521607746,0.00056443125,0.0005521264,0.0005775646,1.0334591e-05,-0.03401054639893797,0.057478269843526775
2024-01-18,2024,6.83247e-05,EWMA,0.00054804213522141,0.0005707729536860731,0.00059709983,0.00058200385,0.0006118244,1.2847607e-05,0.03981485257941397,0.0754892241737748
2024-01-19,2024,0.00017486958,EWMA,0.0005164440989016224,0.0005349799132808918,0.0005664883,0.0005533142,0.0005800587,1.2557672e-05,0.039046475038548856,0.06257681057158937
2024-01-22,2024,0.00016091946,EWMA,0.0004969243639886484,0.00046302682150470027,0.0005478415,0.00053486315,0.0005641215,1.1454207e-05,0.11439651809189932,0.06745087496426638
2024-01-23,2024,0.00018028374,EWMA,0.00046843948014814327,0.0004342762002211882,0.0005162864,0.0005028154,0.0005318214,9.372126e-06,0.1070380774817341,0.061587766809489075
2024-01-24,2024,0.00018804078,EWMA,0.000440471621911104,0.0003964606363411314,0.0004901137,0.00047442113,0.00050232833,1.1770301e-05,0.12142955635369912,0.06355121283128451
2024-01-25,2024,0.00023725581,EWMA,0.0004144129058975471,0.0003686574155230509,0.0004588969,0.00044665803,0.00046945072,9.086996e-06,0.09240390384484876,0.0464653709446452
2024-01-26,2024,0.00022707164,EWMA,0.00040101795126531314,0.00032580140602922583,0.00044755999,0.000435365,0.00045745343,9.58119e-06,0.12791386456121856,0.05092094028123029
2024-01-29,2024,0.00022231946,EWMA,0.0003816135315967787,0.0004237963157406334,0.0004263486,0.00041603934,0.0004351497,7.4981845e-06,0.0028639610314860064,0.04972136250614678
2024-01-30,2024,0.0002319302,EWMA,0.00035896235068629223,0.00026120349451139716,0.00040293855,0.0003871691,0.00041164662,9.357868e-06,0.12115207475284784,0.045050617801467574
2024-01-31,2024,0.00021400175,EWMA,0.0003522929981953589,0.0003374513260032682,0.00039878392,0.00038596033,0.00040687315,1.0040678e-05,0.06946356865876435,0.053138473267771325
2024-02-01,2024,0.00020517215,EWMA,0.00033803673531691917,0.00035675352986751235,0.00038854318,0.0003799311,0.0003984452,7.92985e-06,0.0383051528327405,0.060352455871648836
2024-02-02,2024,0.000101188394,EWMA,0.00040123743434438764,0.0004726981148987314,0.0004665816,0.00045740782,0.0004771931,8.734606e-06,-0.01021778074795332,0.11556057577177814
2024-02-05,2024,0.00010591787,EWMA,0.0003778677097257907,0.00036182490261295395,0.00044625677,0.0004332527,0.00046314785,1.086023e-05,0.15434908540759462,0.12339361512643698
2024-02-06,2024,9.238157e-05,EWMA,0.00037146558772748996,0.00040887546939375255,0.00044464544,0.00043289294,0.0004552322,9.083704e-06,0.06569053818841208,0.13889071928794738
2024-02-07,2024,8.444638e-05,EWMA,0.00035530064713851147,0.00038210169663840514,0.00042930682,0.00041773883,0.00043948006,8.446809e-06,0.09218410665053156,0.1482357221370405
2024-02-08,2024,5.048596e-05,EWMA,0.00037232114831612116,0.0003547822984017162,0.00045262024,0.00044175005,0.0004629036,8.606011e-06,0.2127893985745768,0.17124032510578324
2024-02-09,2024,8.39363e-05,EWMA,0.00035359469731959073,0.0003278017633459942,0.0004338683,0.00042249128,0.0004442923,8.791327e-06,0.2177341821840706,0.16067002928760843
2024-02-12,2024,8.3061204e-05,EWMA,0.0003333694188121328,0.0003393109519497505,0.000413331,0.00039747468,0.0004229399,1.0570153e-05,0.15349367359570554,0.16679650361230713
2024-02-13,2024,7.375851e-05,EWMA,0.0003210274772730869,0.0003387381923366458,0.0004001125,0.0003907146,0.00040944858,6.5530344e-06,0.13311779415457803,0.17480585725649522
2024-02-14,2024,7.352738e-05,EWMA,0.0003028025782698575,0.00033505585810017366,0.00037940414,0.00037075675,0.00038817624,6.9025123e-06,0.09865357578066991,0.17649509054218626
2024-02-15,2024,7.681409e-05,EWMA,0.0002847037876771137,0.0003008820839483502,0.0003614218,0.00035156443,0.0003730757,7.835366e-06,0.14056398717121166,0.18132591260203856
2024-02-16,2024,7.345932e-05,EWMA,0.0002708819328665177,0.0002550066561128948,0.00034565208,0.00033634307,0.0003580669,8.63462e-06,0.2285987021224214,0.18508779126654673
2024-02-19,2024,0.000109995446,EWMA,0.00025898228764813805,0.00020411491087330615,0.00035891563,0.00034550502,0.00037178554,9.957935e-06,0.33198042634013447,0.20807180331389397
2024-02-20,2024,0.00011021632,EWMA,0.0002492701547697052,0.0002789520032481058,0.0003582767,0.00034513453,0.00037391155,1.1320296e-05,0.16278637669245555,0.22824128655586584
2024-02-21,2024,0.00011819345,EWMA,0.00023431501896669415,0.0002320911368130226,0.00035733185,0.00034481526,0.0003665689,8.592474e-06,0.25304693381727716,0.2483439450626026
2024-02-22,2024,0.00014224344,EWMA,0.00023239449995924363,0.0002522013079689036,0.00036316164,0.0003498339,0.00037668613,1.1016937e-05,0.19229366621905708,0.22601497877230425
2024-02-23,2024,0.00010897562,EWMA,0.00024787028212962443,0.000286353796726236,0.00038635865,0.0003725836,0.00040033946,1.1849556e-05,0.2010333049988926,0.28627092760431694
2024-02-26,2024,0.00011883964,EWMA,0.00023331333954180813,0.00023339919659334942,0.0003555137,0.00034349895,0.0003673755,9.29922e-06,0.24592033970305405,0.24610089306032812
2024-02-27,2024,0.00011890658,EWMA,0.00021979781402055724,0.0001809110132413134,0.0003371032,0.00032681055,0.00034733847,8.939138e-06,0.3178487866925028,0.23942989882125332
2024-02-28,2024,0.000118991324,EWMA,0.00020746838484105387,0.00019531079537462467,0.00032286395,0.00031394596,0.00033167042,7.330765e-06,0.2619474555579391,0.23726194835554448
2024-02-29,2024,0.0001831349,EWMA,0.00019762531182101618,0.00019440141140939413,0.00030321156,0.00029208726,0.0003189292,1.078473e-05,0.10644440187164594,0.10536444788740162
2024-03-01,2024,0.00019032233,EWMA,0.0001864399891363664,0.00019179135355837056,0.00028924915,0.00027898554,0.00029642924,8.092533e-06,0.07652734558191199,0.07634298361396308
2024-03-04,2024,0.00016394033,EWMA,0.0002077941524039801,0.00027056269047001495,0.00032674242,0.00031902952,0.0003347943,6.790644e-06,0.0844864802905203,0.16541055104041913
2024-03-05,2024,0.00016665252,EWMA,0.00020132371131936346,0.0002838989118540282,0.00032275077,0.00031113118,0.00033688275,1.0201989e-05,0.05759908750987641,0.16053292718181122
2024-03-06,2024,0.00019241315,EWMA,0.00019539964426645314,0.00024462500285719945,0.00031666673,0.0003069427,0.00032999043,1.0471349e-05,0.07918009996163367,0.10570736009648041
2024-03-07,2024,0.00016254897,EWMA,0.00021436839769900282,0.0002634202188068864,0.0003590897,0.00034725288,0.0003733944,9.950627e-06,0.1454202385151433,0.21027646117284338
2024-03-08,2024,0.00015771823,EWMA,0.00020525992567514516,0.00023918387094722836,0.00035034213,0.00033982942,0.00036212942,8.587185e-06,0.1724594504265804,0.21643358546209335
2024-03-11,2024,0.000170908,EWMA,0.00020086961024421684,0.00021709826852305244,0.00035202398,0.0003435462,0.00036271726,8.937304e-06,0.18161225876276088,0.19570383676511316
2024-03-12,2024,0.00017119928,EWMA,0.00018935234741632889,0.00018908955658056425,0.00034025367,0.0003255135,0.00035068952,1.0030756e-05,0.18523528976102277,0.18510301847588462
2024-03-13,2024,0.00018289569,EWMA,0.00017891502758806083,0.00016910577564660276,0.00032552058,0.000315453,0.0003354703,1.0008018e-05,0.13521119070116505,0.13812180194677204
2024-03-14,2024,0.0001360452,EWMA,0.00022027134927387005,0.00021703611795364155,0.00040812546,0.00039221067,0.00042701105,1.3088921e-05,0.33802038348452523,0.33243055763748597
2024-03-15,2024,0.00015621491,EWMA,0.00021327229448692145,0.00018696665930438417,0.0003939369,0.00037846435,0.00040620245,9.684203e-06,0.3062856721977294,0.2777021086638758
2024-03-18,2024,0.0002515124,EWMA,0.00021266305073113452,0.00018531427349815398,0.00039253457,0.00038233752,0.00040104703,7.9495985e-06,0.03409008537959668,0.0709748235715848
2024-03-19,2024,0.00024198474,EWMA,0.00020799290349832498,0.00020530335619928344,0.00038138631,0.00036706016,0.00039534716,1.1235758e-05,0.07514215590555828,0.07736818714044169
2024-03-20,2024,0.00028220497,EWMA,0.00022154277014508705,0.00026250654394734677,0.00040101152,0.0003845288,0.00041220174,1.1544908e-05,0.05240721655766123,0.023290210043985127
2024-03-21,2024,0.000285986,EWMA,0.00021590299228462642,0.0002420211872708447,0.00038865395,0.0003792954,0.0003987173,8.89458e-06,0.02784432741317744,-0.000906870847031449
2024-03-22,2024,0.00028784457,EWMA,0.00020297557401293448,0.0002598735250545136,0.00036001657,0.00035035523,0.00037246576,9.8482915e-06,0.017853138604465357,-0.04552831714371486
2024-03-25,2024,0.00026809933,EWMA,0.0002088981094302106,0.00027653293821093463,0.000371779,0.0003588306,0.00038311232,9.016467e-06,0.04759284086815363,0.014180904742909561
2024-03-26,2024,0.0002671911,EWMA,0.00019712386281977085,0.00022978426987450677,0.00035185495,0.00033760094,0.00036545648,1.1020619e-05,0.022665579511401468,-0.016682464856346613
2024-03-27,2024,0.00028548235,EWMA,0.00019524392452265155,0.0001914074095077403,0.0003434965,0.0003347573,0.00035114316,7.255626e-06,-0.07561085252558719,-0.06614875808923149
2024-03-28,2024,0.00032626343,EWMA,0.00019947578361260602,0.00018420602467176178,0.00035440084,0.00033819242,0.00036672386,1.1012933e-05,-0.19620816261427265,-0.14026276174987373
2024-04-02,2024,0.00030047688,EWMA,0.00020928520819782367,0.00020521566893890857,0.00037771717,0.00035842115,0.00039279865,1.3702805e-05,-0.05860865868152754,-0.049773846140822364
2024-04-03,2024,0.0002268473,EWMA,0.00028243632438558583,0.0003100327830511422,0.0005059432,0.00048790895,0.0005274961,1.7774242e-05,0.20642340840296125,0.22815610351594184
2024-04-04,2024,0.00024409383,EWMA,0.00026622929806175273,0.0002948993999783599,0.00048599,0.00047004235,0.0005011989,1.3909444e-05,0.174095799717902,0.1872354732060355
2024-04-05,2024,0.00017199278,EWMA,0.00030731452787078316,0.0004138734863829133,0.0005743777,0.0005505583,0.0005906283,1.391064e-05,0.21160033358164032,0.3651937356460717
2024-04-08,2024,0.00016396494,EWMA,0.00029944546722601576,0.0003569752983670273,0.00057048065,0.0005547396,0.0005921907,1.6121026e-05,0.29691076683350914,0.3844004220492572
2024-04-09,2024,0.00017478739,EWMA,0.00028293936062568205,0.0003499561073498363,0.0005532402,0.00052892795,0.0005717775,1.823544e-05,0.2744633298331802,0.3687379909061228
2024-04-10,2024,0.00017785038,EWMA,0.0002688308148319493,0.0002746689961179315,0.00051997794,0.00049688254,0.00054000824,1.7108669e-05,0.3327461113536252,0.34016870339561933
2024-04-11,2024,0.00018856613,EWMA,0.0002527599023877062,0.0003394415780357348,0.0004907462,0.0004786287,0.0005057797,1.1869373e-05,0.19735030255310182,0.3017021168353393
2024-04-12,2024,0.0002005678,EWMA,0.0002616533410360697,0.00036629184377454994,0.0004991376,0.00048478934,0.0005143537,1.33669555e-05,0.1637172720886202,0.2811498280583482
2024-04-15,2024,0.00016777817,EWMA,0.000293362857085716,0.0004622524403796386,0.0005541801,0.000535693,0.000573093,1.5019554e-05,0.12117097451626613,0.3669162797685521
2024-04-16,2024,0.00016590147,EWMA,0.0002776449717859213,0.0004113891236900592,0.00047813496,0.00046514792,0.00049337605,1.2765981e-05,0.09405832549306314,0.2929950836919488
2024-04-17,2024,0.00042548124,EWMA,0.0002898899493107919,0.0004663484087395729,0.0005038591,0.00048912957,0.000520588,1.2464955e-05,0.0094407987420011,-0.07049349154584306
2024-04-18,2024,0.00042968133,EWMA,0.00028654124550057855,0.0003358340404833425,0.0005014496,0.00048561147,0.0005165151,1.1830761e-05,-0.021681033667316107,-0.08304541053962478
2024-04-19,2024,0.0004484725,EWMA,0.00027078245907187617,0.00028742803340328844,0.00047213968,0.00046099024,0.0004808484,9.5087435e-06,-0.11412006004754538,-0.1503779666259133
2024-04-22,2024,0.00045477884,EWMA,0.0002589119133488784,0.0002210490741589131,0.00045220705,0.00044314342,0.0004621751,8.987781e-06,-0.33592334586394923,-0.19316080509133826
2024-04-23,2024,0.00044297997,EWMA,0.0002531872404662684,0.0002076711375762572,0.0004420109,0.00042936107,0.00045327915,9.377254e-06,-0.37551276218144825,-0.1902164641740569
2024-04-24,2024,0.00044623495,EWMA,0.00024322688891594138,0.0002228695504817263,0.0004209429,0.00041009643,0.00043490785,1.115081e-05,-0.30622998435475424,-0.22605804058603418
2024-04-25,2024,0.00043565014,EWMA,0.0002369593269676893,0.00018399386884889742,0.00041076113,0.00039359537,0.00042747337,1.3665796e-05,-0.5040408804810559,-0.22778600947440442
2024-04-26,2024,0.00039309915,EWMA,0.0002560599716882132,0.0002131273237505073,0.0004466059,0.00043044894,0.00045997647,1.1772978e-05,-0.22445411380140268,-0.09872657910482197
2024-04-29,2024,0.00043496958,EWMA,0.0002628081916690619,0.000214758278553189,0.00045121164,0.0004366894,0.0004663103,1.1665215e-05,-0.3189646034322413,-0.15056830315470648
2024-04-30,2024,0.00045046376,EWMA,0.00024747571795780376,0.0001925070229925497,0.00042219358,0.00040693153,0.00043535393,1.0491975e-05,-0.4876945910281014,-0.21912248790247535
2024-05-01,2024,0.00019612441,EWMA,0.0004617942953509553,0.00035392583764532056,0.00079456525,0.00075783406,0.00082194956,2.4938698e-05,0.5014002142293812,0.3648071062376541
2024-05-02,2024,0.00017890368,EWMA,0.0004513716741190706,0.00036701135653556007,0.00076627894,0.0007278836,0.0008014207,2.5918976e-05,0.48216328794848895,0.3663702734241916
2024-05-03,2024,0.00015987077,EWMA,0.00044022029023693156,0.0003373886377721368,0.000740865,0.0007187072,0.0007658312,1.7175618e-05,0.5285247528526069,0.3731716717341991
2024-05-07,2024,0.00015504823,EWMA,0.00042304873345143065,0.0003001666017345193,0.00071154546,0.00068772346,0.0007328987,1.9094214e-05,0.5644645598196849,0.37135335819029347
2024-05-08,2024,0.00018098042,EWMA,0.00039837313532165215,0.00027286338981430966,0.0006698096,0.00065012596,0.00069047755,1.7354703e-05,0.5049551727448334,0.3355024355732983
2024-05-09,2024,0.00017761756,EWMA,0.000382212812707583,0.00025159895118572877,0.00064447796,0.0006216909,0.00066397013,1.6766764e-05,0.5102482909235402,0.33335364093900655
2024-05-10,2024,0.00017915135,EWMA,0.0003594400331628742,0.00023413884103076708,0.00060318265,0.0005818365,0.0006241879,1.6101434e-05,0.4781658260287811,0.3162649032215743
2024-05-13,2024,0.00026973902,EWMA,0.0003383641281171353,0.00022088213484247677,0.0005716588,0.0005541934,0.0005853351,1.3305598e-05,0.20157639847517217,0.1990872232505998
2024-05-14,2024,0.00019959362,EWMA,0.0003724767453134856,0.0002662906096980925,0.0006263044,0.0005988162,0.0006489698,1.9072884e-05,0.42439991777527997,0.3024913640711615
2024-05-15,2024,0.00018363072,EWMA,0.0003625177880612637,0.00024681495120272904,0.00061584864,0.0006019369,0.0006301743,1.2047163e-05,0.46853582188821186,0.3215601074231982
2024-05-16,2024,0.0002034088,EWMA,0.0003737133307283907,0.00024353499929856233,0.0006391325,0.0006147107,0.00065615575,1.6167462e-05,0.44787442410131284,0.3105894458663414
2024-05-17,2024,0.00034252886,EWMA,0.0003552899202995681,0.00021793563847463047,0.0006041253,0.0005886624,0.00062421296,1.6136704e-05,0.014867676488882431,0.1337479664104828
2024-05-20,2024,0.00036269348,EWMA,0.00033521973082899654,0.00020063473270241566,0.00055438536,0.0005396887,0.00057252386,1.2854538e-05,-0.1371299327232114,0.07534267525337679
2024-05-21,2024,0.00035564974,EWMA,0.0003206276584654173,0.0001919369939378142,0.00052466785,0.000509755,0.0005444287,1.3579017e-05,-0.16949528528363356,0.06111206360669108
2024-05-22,2024,0.0004122364,EWMA,0.00032210377218854457,0.00020753663288282983,0.00047448304,0.00046418986,0.00048807182,9.773661e-06,-0.2906011123217018,-0.02366104622800691
2024-05-23,2024,0.00040968694,EWMA,0.0003079251967354355,0.00021528134375206273,0.00045061688,0.00044251225,0.0004607826,8.947739e-06,-0.2551895546075533,-0.04054583510047571
2024-05-24,2024,0.0004426995,EWMA,0.0002907929809839449,0.00017785342294797485,0.00042418862,0.00041725635,0.0004326346,7.084633e-06,-0.5762687615232922,-0.10118222919791453
2024-05-28,2024,0.00035639206,EWMA,0.0003437234650338031,0.00023083060690346968,0.00050218287,0.0004921262,0.00051135226,9.665148e-06,-0.0569889483232604,0.05195575747182524
2024-05-29,2024,0.00035812717,EWMA,0.000323397983460651,0.000274457242288291,0.0004657312,0.00045297196,0.00047548162,8.2162915e-06,-0.007086020770247892,0.026293335610297675
2024-05-30,2024,0.00037093784,EWMA,0.0003040685128706045,0.0002774613834908715,0.00043732105,0.00042668814,0.00044829227,8.6826385e-06,-0.0337082827408377,-0.008295917707638267
2024-05-31,2024,0.0003084923,EWMA,0.0003340296192836671,0.0002828882913141808,0.0004803695,0.00046574592,0.0004908494,9.617325e-06,0.08119216806948781,0.08197610799953381
2024-06-03,2024,0.00017790475,EWMA,0.00042531710870660815,0.00040040040858088665,0.0006060907,0.0005890101,0.00062244234,1.3270172e-05,0.26377574342279964,0.229435574156434
2024-06-04,2024,0.00023444268,EWMA,0.0004166021158013673,0.00039041402064558226,0.0005910726,0.0005761618,0.00061052025,1.3078773e-05,0.2108728957390511,0.1836970344363129
2024-06-05,2024,0.00024427977,EWMA,0.00039169290768121986,0.0003140010108002128,0.0005459977,0.00053106935,0.00055888825,9.818328e-06,0.22266073831746702,0.15588611001973973
2024-06-06,2024,0.00016190959,EWMA,0.00043256119972026044,0.00036534327698552345,0.00059513457,0.00058320677,0.000605717,1.0643453e-05,0.316834457645343,0.2168146871179344
2024-06-07,2024,0.00016115358,EWMA,0.0004097883066234626,0.0003462084084736495,0.00054937135,0.00053218496,0.0005632932,1.0878054e-05,0.28959407823112393,0.1932151623728382
2024-06-10,2024,0.00012785244,EWMA,0.0004120131920862128,0.0003441611669395291,0.0005436044,0.0005311457,0.000556167,9.080764e-06,0.32081555597984757,0.20204874854246935
2024-06-11,2024,0.00012298425,EWMA,0.00039108505330009486,0.0003193065277444832,0.00050146173,0.00048809324,0.00051220367,1.032341e-05,0.3114668160885161,0.17938443777969493
2024-06-12,2024,0.00013567174,EWMA,0.0003692564885918057,0.00028499758462662857,0.00046562453,0.00045808833,0.00047232048,5.5460782e-06,0.3062294884963679,0.15584522511711985
2024-06-13,2024,0.00014337242,EWMA,0.00035705882795294437,0.0003243689916438715,0.00044628777,0.0004389611,0.00045565312,5.8189817e-06,0.19833368902041304,0.14278170543566482
2024-06-14,2024,0.00014422521,EWMA,0.0003356643604932654,0.00033246281830487894,0.00041802888,0.0004095905,0.0004263983,6.333335e-06,0.14022650370337253,0.13478043353476998
2024-06-17,2024,0.00013681124,EWMA,0.00032610663539573906,0.0002874375547251975,0.00040192937,0.00039427867,0.000411233,6.522675e-06,0.19968844756095816,0.12990906606080532
2024-06-18,2024,9.67524e-05,EWMA,0.0003669627680386733,0.00030959765227079884,0.00045503353,0.00044672712,0.00046228484,6.90537e-06,0.28521439163920537,0.1640804143913055
2024-06-19,2024,8.681419e-05,EWMA,0.00035262115797116784,0.0002974497046269077,0.00044532676,0.0004374553,0.00045314353,6.646491e-06,0.30664633500628646,0.18216218614879143
2024-06-20,2024,8.5852604e-05,EWMA,0.0003322858956265515,0.00030458473894172795,0.00042397168,0.00041656534,0.00043372175,7.0407673e-06,0.2513456916990586,0.18779732234056024
2024-06-21,2024,8.379312e-05,EWMA,0.00031494627502373293,0.0002683336409892518,0.0004061074,0.00039844448,0.00041423057,6.7974224e-06,0.3084467927045731,0.19449271723127737
2024-06-24,2024,0.0001118491,EWMA,0.00029717016000396296,0.00023924375395703866,0.00038240326,0.00037522777,0.0003912442,6.141868e-06,0.2939716548094857,0.16828007149195656
2024-06-25,2024,0.00011775742,EWMA,0.0002793768306727346,0.0002603240274089247,0.00035778433,0.00034865737,0.00036702584,7.3923616e-06,0.19478346784235345,0.15499816675538902
2024-06-26,2024,0.00010301413,EWMA,0.0002740390455704129,0.00023705551716242688,0.0003462273,0.0003408905,0.00035344806,5.6081e-06,0.24177736581536013,0.15544770139276576
2024-06-27,2024,8.245441e-05,EWMA,0.00027349544343652205,0.0002279742599001901,0.00034470618,0.00033976434,0.0003504939,4.6143255e-06,0.290978687826966,0.16912576610739638
2024-06-28,2024,9.135355e-05,EWMA,0.0002577726947030245,0.00022241780155800322,0.00032221555,0.0003145028,0.00032992492,5.9493127e-06,0.24345053164932473,0.15226369338967505
2024-07-01,2024,9.65084e-05,EWMA,0.0002471686594410479,0.00022139161484656102,0.0003081986,0.00030332353,0.00031318673,4.3347486e-06,0.20803112845781868,0.1433548279168786
2024-07-02,2024,5.8681002e-05,EWMA,0.0002618560328366223,0.0002473064678805775,0.00032553895,0.00031940668,0.00033186632,5.4424345e-06,0.21783128478201608,0.17384882228588427
2024-07-03,2024,6.8170084e-05,EWMA,0.00024615358329994024,0.00020958093817157266,0.0003010226,0.0002952252,0.00030783872,4.77996e-06,0.2632685064846161,0.15075011703068064
2024-07-04,2024,7.144562e-05,EWMA,0.00023146452571796606,0.00018493043250995407,0.0002851552,0.0002790581,0.0002902014,4.4612284e-06,0.2972660048045661,0.15048922284254473
2024-07-05,2024,8.571807e-05,EWMA,0.0002185853151026398,0.00021515508851861949,0.00026832192,0.0002624484,0.0002740086,4.790543e-06,0.14188684224924675,0.13232160800925552
2024-07-08,2024,9.929168e-05,EWMA,0.00022823578740270822,0.00020446678680140874,0.00027966138,0.00027430453,0.00028528742,3.9166475e-06,0.18260372915019474,0.12320286239319689
2024-07-09,2024,0.00011575315,EWMA,0.00021913674276931837,0.00019502030910667788,0.00026768513,0.00026327165,0.00027432217,4.4258018e-06,0.1555864022250466,0.10431487887589697
2024-07-10,2024,0.00012530302,EWMA,0.00020603904433866472,0.00020216461687040332,0.00025167014,0.00024662464,0.00025660446,4.76749e-06,0.09711599656260361,0.0897876676108833
2024-07-11,2024,0.00012795223,EWMA,0.00019371380393714657,0.00018924170235588066,0.00023906231,0.00023657086,0.00024248246,2.6709206e-06,0.09279337493795126,0.08504584091207512
2024-07-12,2024,0.0001406827,EWMA,0.00018964355666280044,0.00016901923193721798,0.00023490343,0.00022999872,0.00024006462,4.225063e-06,0.09571058362294593,0.0710971507208411
2024-07-15,2024,0.00013177832,EWMA,0.00018710419323198174,0.00020192623054518923,0.00023093262,0.00022528839,0.00023570037,4.2783395e-06,0.052252667128597885,0.07679123654576525
2024-07-16,2024,0.00017533857,EWMA,0.00017621193938404856,0.00019699383044300827,0.00021903287,0.00021407963,0.00022451991,3.902983e-06,0.01649060705742844,0.02300327922865364
2024-07-17,2024,0.00023616277,EWMA,0.00017296887418132348,0.00015561351493680647,0.00021699136,0.00021299985,0.0002201137,3.2343444e-06,-0.09679067591301838,-0.05025146352125098
2024-07-18,2024,0.00023278936,EWMA,0.00016519794802436792,0.00017198733207984885,0.0002066064,0.00020315286,0.00020997213,2.7912472e-06,-0.043402794147729296,-0.058754275857349825
2024-07-19,2024,0.00036024992,EWMA,0.00016730580028500393,0.00019805142275085297,0.0002121686,0.00020762008,0.0002154455,3.1090335e-06,-0.052175360475414934,-0.21774255921577357
2024-07-22,2024,0.00032878647,EWMA,0.00019050495822827288,0.00016340581041492493,0.00024235701,0.00023710677,0.00024774275,4.138702e-06,-0.261289976167685,-0.12851421675131824
2024-07-23,2024,0.0003197064,EWMA,0.000196369637407854,0.00018976131419360474,0.00025337364,0.00024949526,0.00025928952,3.532893e-06,-0.1338853613594999,-0.11142004317264931
2024-07-24,2024,0.00035494383,EWMA,0.0001920056015121217,0.0002590445131974708,0.0002487716,0.00024426618,0.00025364978,4.2013994e-06,0.016117266192163804,-0.16281520387805326
2024-07-25,2024,0.00045112646,EWMA,0.00018256621462432808,0.00019987061655806523,0.00023851143,0.00023363445,0.00024369221,3.7186153e-06,-0.18892056332239182,-0.3123000662963591
2024-07-26,2024,0.00043007417,EWMA,0.00018898626799163364,0.00017919153091137794,0.0002492107,0.00024532308,0.0002532275,3.51056e-06,-0.344492172015471,-0.2733204452747886
2024-07-29,2024,0.0004863287,EWMA,0.00017961668661952996,0.0002051999986367916,0.00023910003,0.00023437862,0.00024381469,3.5649136e-06,-0.18312921515267622,-0.3875382309764621
2024-07-30,2024,0.00044674944,EWMA,0.0002027800271122171,0.00020240632377059895,0.0002730177,0.0002659662,0.00027825654,4.7246576e-06,-0.27159294964751446,-0.2693699171565376
2024-07-31,2024,0.00037833664,EWMA,0.00024486818897449293,0.00020003337639491476,0.00032955263,0.0003221176,0.00033577767,5.2157284e-06,-0.24408471743186233,-0.10001541237823464
2024-08-01,2024,0.0003912754,EWMA,0.00023018075730924474,0.00029817757229309193,0.0003145536,0.00030888704,0.00032017258,5.1617185e-06,-0.014850537104569739,-0.14366493616005194
2024-08-02,2024,0.00028277672,EWMA,0.0003267243078694106,0.0006014129662293062,0.0004503112,0.00044169836,0.00045723873,6.7007377e-06,-0.1315717591789589,0.08329032227489108
2024-08-05,2024,0.00027449804,EWMA,0.0003160845731927559,0.0009604243171953152,0.00044642497,0.00043762883,0.00045339533,7.339696e-06,-0.43703239815564654,0.09170983351453099
2024-08-06,2024,0.0003396296,EWMA,0.0003074092799551433,0.0004980650739188668,0.00044447326,0.00043406468,0.0004563976,8.637942e-06,-0.03162182973509342,0.028014491043847123
2024-08-07,2024,0.00029487986,EWMA,0.0003235682455071222,0.00052024138265507,0.00047404694,0.00046397885,0.00048603534,9.174119e-06,-0.03775228248467766,0.09260665154445569
2024-08-08,2024,0.00019601444,EWMA,0.00038043910928992395,0.0004823071833803457,0.00056677347,0.00055822835,0.0005749304,8.093268e-06,0.10081117171083687,0.22924411103112607
2024-08-09,2024,0.00023200682,EWMA,0.0003587451558199067,0.00024098976397419575,0.0005342715,0.0005147167,0.0005496761,1.3445356e-05,0.2676737828557343,0.18582312476585017
2024-08-12,2024,0.00019410293,EWMA,0.00038258990607332733,0.0002347706734083783,0.0005692972,0.0005572082,0.000585064,1.0895656e-05,0.399968513699716,0.23105136486683886
2024-08-13,2024,0.0002228101,EWMA,0.00036303981739886133,0.0002647127600667685,0.000538665,0.00052481797,0.00055257377,1.2152832e-05,0.2823772575330725,0.1944806130355028
2024-08-14,2024,0.000255829,EWMA,0.00034273252675200497,0.0002482508674071936,0.0005069952,0.0004925615,0.00052087003,1.0710383e-05,0.18813405589347276,0.14971041828771625
2024-08-15,2024,0.00027074924,EWMA,0.00033215535627709105,0.0002079287394140305,0.00048220763,0.000473655,0.0004938897,9.2253285e-06,0.10053277366169144,0.11912221082160013
2024-08-16,2024,0.00032695933,EWMA,0.000338874685393428,0.0002487410378860941,0.00048956426,0.00048035212,0.0005007792,8.732535e-06,0.03050450436424157,0.07090473426085975
2024-08-19,2024,0.0003547036,EWMA,0.0003211190049471205,0.00025146450825688446,0.00046008633,0.00045046926,0.00046924382,8.0033315e-06,-0.035488966270668776,0.025966319721132614
2024-08-20,2024,0.0003323529,EWMA,0.0003623900608118236,0.00026783364919462366,0.0005167875,0.0005048803,0.00053218554,1.02770755e-05,0.059485960614000355,0.08091016684502339
2024-08-21,2024,0.0003329692,EWMA,0.0003407261537036805,0.0003829407532242676,0.00048572748,0.00047616966,0.0004951613,8.152929e-06,0.05376784862002548,0.06284077618462192
2024-08-22,2024,0.00038315632,EWMA,0.0003202937707767039,0.00038432556542962107,0.00046299802,0.0004512342,0.00047450323,9.046749e-06,0.016830074938350315,-0.00022613352861533542
2024-08-23,2024,0.00034953866,EWMA,0.00032997633306487613,0.0003489096198382467,0.00048435113,0.0004730918,0.00049831904,9.8552955e-06,0.04785808590218643,0.046168915179657155
2024-08-27,2024,0.00040958225,EWMA,0.00032630470436762334,0.00038674754147500633,0.00048410514,0.00047447026,0.00049444946,8.9692e-06,0.011547577618899574,-0.014683031544031167
2024-08-28,2024,0.00037647935,EWMA,0.00033227904854358283,0.00038466395722410373,0.00050202163,0.00049215334,0.0005120408,9.335771e-06,0.03747693673613117,0.029573003436496492
2024-08-29,2024,0.0005775519,EWMA,0.00033929120568760294,0.0003012757345469409,0.00051212154,0.0005014442,0.00052477454,8.6629625e-06,-0.25872154338805675,-0.1627641043204422
2024-08-30,2024,0.0005499976,EWMA,0.00034043133222063786,0.00033431518847039984,0.0005122317,0.0005011243,0.0005243355,8.833412e-06,-0.14472593218765706,-0.13329865410830788
2024-09-02,2024,0.00046068447,EWMA,0.00039001968146961,0.00034748501906887096,0.00063223107,0.00061154255,0.00064581336,1.5519743e-05,0.0014302351853308082,0.030539824443786223
2024-09-03,2024,0.00043591348,EWMA,0.0003905997542649042,0.00047387252108011105,0.0006551163,0.000641174,0.00067077694,1.0515176e-05,0.06937695216924222,0.06651736305996803
2024-09-04,2024,0.00037981127,EWMA,0.0004104586094596772,0.0005451036500634609,0.000722218,0.00069665856,0.00074523746,2.185226e-05,0.11047778286002874,0.16561363525621342
2024-09-05,2024,0.0004142269,EWMA,0.00038638605465646865,0.00047792754883837867,0.00069162034,0.0006691457,0.0007145213,1.6844662e-05,0.10178555116036847,0.10906805251305496
2024-09-06,2024,0.00036404087,EWMA,0.0004019329833135903,0.0005380963333842374,0.00074032415,0.0007210123,0.0007640233,1.7960614e-05,0.13424749723179907,0.19680919175406775
2024-09-09,2024,0.00037811598,EWMA,0.0003807814617986392,0.0004074203830909359,0.0007127024,0.0006936886,0.00073916744,2.0682153e-05,0.1616834949788002,0.16437674269156766
2024-09-10,2024,0.00029921732,EWMA,0.00042038460822080385,0.00048781765089409766,0.0007998544,0.00077470846,0.0008220017,2.035517e-05,0.2551983284990378,0.3055790174353499
2024-09-11,2024,0.00029941226,EWMA,0.00039517557129984467,0.00034310257487091993,0.0007612498,0.0007422353,0.0007791273,1.9737869e-05,0.31758773016441477,0.29127915531901305
2024-09-12,2024,0.00016279928,EWMA,0.0005535395726698048,0.0005380568922725897,0.0010736712,0.0010365614,0.0011104331,2.8369188e-05,0.5399344716458776,0.52002847837473
2024-09-13,2024,0.00020156211,EWMA,0.0005205669449919612,0.00044343525290813215,0.0010181358,0.0009949155,0.0010414269,1.8231109e-05,0.5746016445163464,0.48158453839500925
2024-09-16,2024,0.00021012635,EWMA,0.0004904428692021942,0.00042823487048479015,0.0009587928,0.00092958205,0.0009849066,2.3011104e-05,0.5344802435444613,0.46108134997056816
2024-09-17,2024,0.00036353062,EWMA,0.00046588695940718666,0.00031168853654852595,0.00090584584,0.00087416556,0.0009403161,2.5415438e-05,0.30185437271039817,0.28594440950529076
2024-09-18,2024,0.0003669489,EWMA,0.0004379462401974643,0.0003369063794717144,0.00083374797,0.00079627964,0.0008642609,2.5877509e-05,0.25707405907882563,0.2460689769943718
2024-09-19,2024,0.00045827279,EWMA,0.0004387757570044779,0.0003488715372675292,0.00083814125,0.00081674254,0.00086352526,1.977747e-05,0.10966956018798157,0.1495358372869635
2024-09-20,2024,0.0005080288,EWMA,0.00041246125015647895,0.0003658425055953161,0.00079437735,0.00076109724,0.00082366733,2.2774626e-05,0.02623213757502807,0.06324650918912145
2024-09-23,2024,0.0005804305,EWMA,0.00040153683608465894,0.0003648610579413569,0.0007679449,0.0007417963,0.00079404545,2.0155496e-05,-0.09080163594832857,-0.04128059981820087
2024-09-24,2024,0.0007755332,EWMA,0.0003790250694927765,0.00037596060266301037,0.00073175936,0.00070905354,0.0007581981,2.0030446e-05,-0.33701709191235274,-0.3284570420391315
2024-09-25,2024,0.0007965119,EWMA,0.00035644800533020355,0.000383174109595692,0.0006920734,0.00066498504,0.00071270834,2.1102587e-05,-0.33661131762212193,-0.4201705426928468
2024-09-26,2024,0.0007904123,EWMA,0.0004117399708264313,0.0003708663759585822,0.00080548954,0.00077930593,0.0008354309,2.1826749e-05,-0.3743687189089835,-0.26734795387497723
2024-09-27,2024,0.00076188205,EWMA,0.00041718049365261056,0.0003207487295771989,0.0008119427,0.0007812464,0.0008431976,2.4158267e-05,-0.5082073475722471,-0.2220093960053955
2024-09-30,2024,0.0008033154,EWMA,0.00039986684567485894,0.0002884473568116448,0.0007781781,0.0007506431,0.00079914345,2.4386854e-05,-0.760217995224731,-0.3108306472118354
2024-10-01,2024,0.0010403087,EWMA,0.0004990955014918545,0.00045624864772182596,0.00096148165,0.0009305769,0.0009902152,2.6795511e-05,-0.45271294244970495,-0.34672509397075313
2024-10-02,2024,0.0010368909,EWMA,0.0004717994313893511,0.0003531144243896139,0.00091074494,0.0008815339,0.000945933,2.4291e-05,-0.850436876605376,-0.40151917851792795
2024-10-03,2024,0.00091989635,EWMA,0.0005410533178613364,0.0004815513024771719,0.0010078626,0.0009774142,0.0010368983,2.534303e-05,-0.2589825891033257,-0.16540607848637823
2024-10-04,2024,0.00091862923,EWMA,0.0005469884565056194,0.0004325557899604404,0.0010151474,0.0009822081,0.0010425837,2.6561007e-05,-0.36572446444756057,-0.15614732263631392
2024-10-07,2024,0.0008337789,EWMA,0.000583849694636361,0.0005013606580081564,0.0010723982,0.0010443811,0.0011052471,2.4503031e-05,-0.1252151154440524,-0.04257195940831693
2024-10-08,2024,0.00073210755,EWMA,0.0007009191093146788,0.0005448576622842535,0.0012882499,0.0012554467,0.0013240535,2.9034323e-05,0.08514399029716824,0.1324471356463981
2024-10-09,2024,0.000725585,EWMA,0.0006752132880931026,0.0005374269312385992,0.0012207082,0.0011823083,0.0012608445,3.393798e-05,0.06468133415160349,0.11195344331743229
2024-10-10,2024,0.00063532486,EWMA,0.0007066735510984687,0.0005988265927852987,0.0012580936,0.0012153476,0.0013130174,3.519589e-05,0.1864212821502944,0.18273831158749942
2024-10-11,2024,0.0006572309,EWMA,0.0006724072015781843,0.0007238302730407985,0.001181933,0.0011440505,0.0012097174,3.2742573e-05,0.13842365085490105,0.1426769253771516
2024-10-14,2024,0.00086448755,EWMA,0.0006717453874254065,0.0005246795069393464,0.0012138624,0.0011789233,0.0012585255,3.4197816e-05,-0.09669456393877596,0.016935041177586818
2024-10-15,2024,0.00047968436,EWMA,0.0009374995717069023,0.0008719353736057022,0.0017014908,0.001644928,0.0017509928,4.8477556e-05,0.40032732397881077,0.3663002953380641
2024-10-16,2024,0.0005660176,EWMA,0.000881262392719179,0.0008639771767335498,0.001613912,0.0015652574,0.0016655759,3.9441216e-05,0.3204512987247288,0.3134920600055402
2024-10-17,2024,0.0005565831,EWMA,0.0008356883136127083,0.000814666157636443,0.0015621934,0.0015051512,0.001608586,3.8286307e-05,0.3241469108236821,0.3158559396132903
2024-10-18,2024,0.000510756,EWMA,0.0008229677686334518,0.0007441524760533965,0.0015295447,0.0014847365,0.001567938,4.4118206e-05,0.368046932510933,0.3331082066003068
2024-10-21,2024,0.00053407764,EWMA,0.0007778089855311419,0.0007717479987184687,0.0014582146,0.0014040659,0.0015063649,4.4116514e-05,0.3105281906067452,0.3080978998264463
2024-10-22,2024,0.00051436183,EWMA,0.0008048023412606531,0.000744834707898722,0.0014966035,0.0014506867,0.0015483579,4.1853422e-05,0.35090547693264007,0.3249271511210088
2024-10-23,2024,0.00050328474,EWMA,0.0007678314181545743,0.0006445484328325908,0.0014271273,0.0013721652,0.0014708274,3.7368758e-05,0.36669157656626084,0.3170418748447137
2024-10-24,2024,0.0005110238,EWMA,0.0007240997226400452,0.0005766404060094721,0.0013483264,0.0012870075,0.0014008428,4.3890075e-05,0.3421977709943267,0.2949595333223556
2024-10-25,2024,0.00052950997,EWMA,0.0007056881015580715,0.0005898730804779331,0.0013216444,0.0012667566,0.0013768356,4.6827052e-05,0.3097017860707707,0.27775784271974846
2024-10-28,2024,0.00033484603,EWMA,0.000862926086441391,0.0007299435210558763,0.0016167335,0.0015539636,0.0016640679,3.8480644e-05,0.543579881226119,0.44691110032880665
2024-10-29,2024,0.00032555187,EWMA,0.0008203372220764183,0.0007076312249765354,0.0015182697,0.0014770174,0.0015589936,3.6978698e-05,0.5177677932747446,0.43318276362265085
2024-10-30,2024,0.0002409044,EWMA,0.0008377351108785125,0.0007204333216555596,0.0015582266,0.0015072592,0.0016175858,4.3442567e-05,0.591664272520954,0.48763706580066124
2024-10-31,2024,0.00024612775,EWMA,0.0007874940225007009,0.0006694071377349202,0.0014133217,0.0013650821,0.001465793,3.9383132e-05,0.5537738084407362,0.4464451318335634
2024-11-01,2024,0.00024351719,EWMA,0.0007423099260090137,0.0006090821279100014,0.0013234803,0.0012818372,0.0013621296,3.4130437e-05,0.5602544919165231,0.43419760943382624
2024-11-04,2024,0.00022955875,EWMA,0.0007199830855220242,0.0004822257936658007,0.0012492974,0.001210065,0.0012850892,3.4265904e-05,0.6596344605443081,0.41602007292700804
2024-11-05,2024,0.00015381095,EWMA,0.000735235410739143,0.00045348547827471725,0.0012602044,0.001205422,0.0013017544,3.4163062e-05,0.8049432859994123,0.4516912326142748
2024-11-06,2024,0.00015022056,EWMA,0.0006938926421846358,0.0004257507700943216,0.0011699165,0.0011282334,0.0012099494,2.8896115e-05,0.7863994731905111,0.43428356411765634
2024-11-07,2024,0.00014979925,EWMA,0.0006605678816992099,0.0003454778094337538,0.0011062635,0.0010736695,0.0011480129,3.0476756e-05,0.8656248694219295,0.4242801590254839
2024-11-08,2024,0.00011671503,EWMA,0.0006602300892496621,0.00037025016546500674,0.0011121484,0.001086642,0.0011370002,2.8550745e-05,0.8895826755494642,0.44962675003538166
2024-11-11,2024,0.00011193524,EWMA,0.0006700140908478741,0.00037731320316039486,0.0011571886,0.0011143362,0.0012060388,3.2019063e-05,0.9207394147931396,0.4761162699114063
2024-11-12,2024,0.00011084042,EWMA,0.0006318295633768354,0.0004415564032642627,0.0010933193,0.001065812,0.001136469,2.794626e-05,0.7570254127932303,0.47430588669516993
2024-11-13,2024,0.000116804855,EWMA,0.0005952331571454564,0.0003748313304721438,0.0010464374,0.0010074665,0.0010916127,3.575071e-05,0.8266722703330354,0.47958121095402717
2024-11-14,2024,0.00011155349,EWMA,0.0005635719625596077,0.0003621319713065968,0.0009991516,0.00096190616,0.001026645,2.3433531e-05,0.8184995242297859,0.48631961140072644
2024-11-15,2024,0.00011253743,EWMA,0.0005298091682192047,0.00036068983265206544,0.000940124,0.0009099257,0.0009768235,2.6238205e-05,0.7656921323110577,0.4807885039781086
2024-11-18,2024,0.0001314568,EWMA,0.0005094635605917938,0.0003589162546319601,0.00089533464,0.0008665926,0.0009273334,2.456327e-05,0.6946722884093068,0.45263358278788424
2024-11-19,2024,0.00020414936,EWMA,0.00047890831265568357,0.00027980960271274327,0.000847152,0.0008100816,0.00087307463,2.5385089e-05,0.6191529589656648,0.38507347249235746
2024-11-20,2024,0.00020440533,EWMA,0.00045017521046085434,0.00027124682819249304,0.0007914904,0.0007613378,0.00082306156,2.4247543e-05,0.5755654341881176,0.36847734748213234
2024-11-21,2024,0.0002087575,EWMA,0.0004311484682282664,0.0003009531560514514,0.00074820075,0.000725302,0.00077301054,1.8107072e-05,0.4960749249715075,0.34604214841511105
2024-11-22,2024,0.0001909062,EWMA,0.00041905166631233293,0.00023645208851280625,0.00072716747,0.0007036737,0.0007495369,1.7642888e-05,0.5785672950674536,0.35812939719999104
2024-11-25,2024,0.00013170294,EWMA,0.00043961880535908543,0.00025199322719665255,0.00076350843,0.00073714333,0.00078770646,2.0877967e-05,0.7583742363871115,0.42492879635268466
2024-11-26,2024,0.00013033341,EWMA,0.0004144133514866785,0.00024955168735549125,0.0007068075,0.0006819815,0.0007274962,1.7654751e-05,0.7032193785064242,0.40379074252147173
2024-11-27,2024,0.00013266406,EWMA,0.00039546342679099017,0.00018106989936679679,0.0006593432,0.0006389507,0.00067459815,1.5300253e-05,0.7608997592135784,0.37692746143850275
2024-11-28,2024,0.00014618701,EWMA,0.0003717370332842533,0.0001555647820467265,0.0006115137,0.0005977676,0.0006220479,9.912756e-06,0.6682147930383913,0.34355442097688016
2024-11-29,2024,0.00017922412,EWMA,0.0003502434386517027,0.00017673706398210417,0.0005255813,0.0005106875,0.00054272736,1.1627562e-05,0.41677139973252686,0.2351651425680119
2024-12-02,2024,0.0001517284,EWMA,0.00035526789855707877,0.00017208016061842887,0.0005315473,0.00051830715,0.00054407975,1.1453883e-05,0.5315475048827007,0.26128504400012265
2024-12-03,2024,0.000102927304,EWMA,0.00039004603596529087,0.00017193770852425092,0.00057689566,0.0005676814,0.00059062446,1.2026334e-05,0.7903136149343872,0.30592743805612255
2024-12-04,2024,0.00013911026,EWMA,0.00036684215207489704,0.00019567407732815545,0.0005395871,0.0005258149,0.000550772,9.437806e-06,0.5612341570945985,0.26447117672481646
2024-12-05,2024,0.00013663596,EWMA,0.0003561730466346043,0.0001694305303573789,0.0005162497,0.00050102395,0.0005260933,1.0311448e-05,0.5723754411820758,0.25222172567866963
2024-12-06,2024,0.00014244574,EWMA,0.00033480266383652816,0.00016801554113556622,0.00047945633,0.00046608446,0.00048966124,1.0039261e-05,0.49788190039256186,0.23074819249350664
2024-12-09,2024,0.00016408942,EWMA,0.0003147499598597876,0.0001837273155286541,0.00044583846,0.00043525742,0.00045660877,9.275317e-06,0.3614369214303128,0.1948923385913668
2024-12-10,2024,0.00019986568,EWMA,0.0002959800576207538,0.0001767311243804357,0.00041924507,0.00041103194,0.00042969393,7.741835e-06,0.20965114308625488,0.14962373977084287
2024-12-11,2024,0.00019121272,EWMA,0.0002859342074989083,0.00015832323483021054,0.00040505195,0.00039531526,0.0004161819,7.854175e-06,0.20370990575124015,0.15159342832731948
2024-12-12,2024,0.00018172138,EWMA,0.00027921240345624696,0.00016890744388926228,0.00039735416,0.00038902715,0.00040736998,7.3866836e-06,0.23694192590424823,0.15934804884802745
2024-12-13,2024,0.00014972138,EWMA,0.00028875811848718677,0.00016031296388216911,0.0004068004,0.00039840865,0.0004143481,7.963847e-06,0.3653091615806803,0.1922785256956212
2024-12-16,2024,0.00018632019,EWMA,0.0002762589940262052,0.00016328269969409466,0.0003890842,0.00037869386,0.00039812876,8.858724e-06,0.2060916673665334,0.1468852403270544
2024-12-17,2024,0.00016817125,EWMA,0.00027812806010656246,0.00016722208653108947,0.00039125612,0.00038159805,0.00039897943,7.715465e-06,0.27418749635378603,0.16645066263158093
2024-12-18,2024,0.00013683326,EWMA,0.00028955407826995115,0.0002882060741345553,0.00040487843,0.00039575732,0.00041411375,7.690818e-06,0.20309667439895307,0.20064064960942396
2024-12-19,2024,0.00013000864,EWMA,0.00028161335821857254,0.0002852476708669671,0.00039049523,0.0003799083,0.00039952894,7.653964e-06,0.1912160630186266,0.19815690589770174
2024-12-20,2024,0.00012786676,EWMA,0.00026919875450367076,0.00019920984268783772,0.00037595312,0.0003652069,0.00038316028,6.7357664e-06,0.3333495880246513,0.1991379031811622
2024-12-23,2024,0.00012504186,EWMA,0.0002697801862404545,0.00019107675484068023,0.00037807194,0.00036770653,0.00038893413,7.928387e-06,0.35873848084506044,0.20471728196764616
2024-12-24,2024,0.00011696577,EWMA,0.000281309528078012,0.00019098301186692933,0.0003909362,0.00037787203,0.0003994447,8.208254e-06,0.403113227147724,0.21249253503341414
2024-12-27,2024,0.00024577303,EWMA,0.0002654682238573722,0.00016223221952954952,0.00036750693,0.0003593113,0.0003758643,7.885153e-06,-0.028474910545059906,0.06819496682019643
2024-12-30,2024,0.00024306061,EWMA,0.00025265189939651734,0.00013326624460289316,0.0003517917,0.00034120522,0.00036271178,8.460542e-06,-0.1622600529415381,0.059911018755091305
2024-12-31,2024,0.00025824664,EWMA,0.00023910353332841155,0.00015552101502073348,0.00033351485,0.00032389016,0.00034132318,7.1195072e-06,-0.1233008965089386,0.027047006563035048
2025-01-02,2025,0.00023266581,HAR,0.0002456536956534143,0.00015426680051036325,0.00016335418,0.0001548623,0.00017263042,7.050798e-06,-0.026664122471283136,0.06917139878337153
2025-01-03,2025,0.0002327096,HAR,0.00021617370336304834,0.00014302807708184887,0.0001694255,0.00016065499,0.00017846988,7.780125e-06,-0.08412637269985712,0.05335916016436215
2025-01-06,2025,0.00025408587,HAR,0.00020752100843733992,0.00013399544977121195,0.0001567056,0.00015173678,0.00016517201,5.025281e-06,-0.11824280318931457,0.11617180371306812
2025-01-07,2025,0.00026740602,HAR,0.00017898480903058667,0.00011394942641390117,0.00012861216,0.00012346604,0.00013426214,5.0351905e-06,-0.14649530718131754,0.2546512257075122
2025-01-08,2025,0.00026877873,HAR,0.00018102731048797837,0.00012500888836163682,0.00012988735,0.00012408521,0.0001364251,5.1479087e-06,-0.0424724549069575,0.2526001148816297
2025-01-09,2025,0.0002801918,HAR,0.00016365601403346255,0.00011979934406145651,0.00013461921,0.00012779681,0.0001405887,5.328943e-06,-0.1408449928455946,0.17397136768689414
2025-01-10,2025,0.00025247334,HAR,0.00019814791389724797,0.00014362193166861384,0.00014897287,0.0001439453,0.00015555968,4.6485334e-06,-0.026562068514403236,0.13534490280345857
2025-01-13,2025,0.0001549967,HAR,0.00034817615517897965,0.00023675262140991795,0.00020847515,0.00019921968,0.00021680644,7.844549e-06,-0.038395762301730585,-0.21457811836206098
2025-01-14,2025,0.00016203523,HAR,0.00033006099298046534,0.0002232685762832499,0.00021135659,0.00020287005,0.00022085186,6.7122196e-06,-0.013926186592605916,-0.17001202889930767
2025-01-15,2025,0.00016107349,HAR,0.00034997848134801166,0.0001858082400700913,0.00020923885,0.00020177994,0.00021810972,7.30306e-06,0.021687814388919868,-0.20482671705756506
2025-01-16,2025,0.00014648287,HAR,0.0003512838349704755,0.00018868328011719822,0.00021067986,0.00020040928,0.00021945065,6.8569857e-06,0.029213820711340155,-0.23296119095833756
2025-01-17,2025,0.00014229004,HAR,0.00032107480606194893,0.00016534400374580024,0.00019517411,0.0001863476,0.00020545913,7.986211e-06,0.034335734661680384,-0.21190840593097882
2025-01-20,2025,0.0001223283,HAR,0.00026331708258084006,0.00012238490916511725,0.00022371572,0.00021442518,0.00023772064,8.607738e-06,0.1504700316247396,-0.08074689281853953
2025-01-21,2025,0.00010374468,HAR,0.0002764989775756323,0.0001437427465469109,0.00022583215,0.00021574521,0.0002382653,8.882781e-06,0.18941670719181491,-0.11823484933618289
2025-01-22,2025,0.00015982175,HAR,0.0002481674691944509,0.0001516844058244435,0.00021420635,0.0002048789,0.00022185221,7.537333e-06,0.037602337665505026,-0.04506048715517519
2025-01-23,2025,0.00013006291,HAR,0.0002725614805873032,0.00015426922293181744,0.00022649234,0.00021552823,0.00023622095,8.318314e-06,0.11516999406187445,-0.08809190117862276
2025-01-24,2025,0.00013028411,HAR,0.0002500283551615875,0.00012835403116346296,0.00022548108,0.00021699793,0.00023717282,9.039782e-06,0.12621185112279587,-0.04661034810489806
2025-01-27,2025,0.00013980953,HAR,0.0002756407975887165,0.00017212638910871314,0.0002349544,0.00022753196,0.00024433044,9.362654e-06,0.09396279679091712,-0.07187386941404927
2025-01-28,2025,0.00016551408,HAR,0.0002505134090449294,0.0001858753697269095,0.00022015888,0.00021224789,0.00023293539,8.292468e-06,0.0306095674604121,-0.03806866915622287
2025-01-29,2025,0.00023723024,HAR,0.0002686379938638566,0.00019488382361423015,0.0002300368,0.00021849378,0.0002416731,1.0473888e-05,-0.020184053457868778,-0.006939820118994078
2025-01-30,2025,0.00023547513,HAR,0.00023758523519540214,0.00017198991688758026,0.00023257498,0.00022244042,0.00024350426,8.193584e-06,-0.05487516410853388,3.7431897498052535e-05
2025-01-31,2025,0.0002369682,HAR,0.0002376317047209168,0.00019100172515005198,0.00023699875,0.000225725,0.00024681012,8.964187e-06,-0.02501649961119501,-3.8969819806666806e-06
2025-02-03,2025,0.00023719457,HAR,0.00019502448360238028,0.00014420484011198474,0.00021669459,0.00020396405,0.0002267283,9.591399e-06,-0.1429874775449198,-0.016262771824675504
2025-02-04,2025,0.00024434522,HAR,0.00017252280275754337,0.00013098233843072737,0.00021672029,0.00020688835,0.0002289293,9.209118e-06,-0.2344690364913804,-0.06076056616757963
2025-02-05,2025,0.00018347423,HAR,0.00026381600008128046,0.00016309644904702114,0.00024926587,0.00023868986,0.0002616614,9.224961e-06,0.0352935795660958,-0.016136305711629717
2025-02-06,2025,0.00018928954,HAR,0.0002465824732062328,0.0001535199449559226,0.0002549841,0.00024572192,0.00026532356,9.579517e-06,0.016732509736209877,0.008210841226971688
2025-02-07,2025,0.00026329744,HAR,0.0002430124143893646,0.00014315748842856228,0.0002517695,0.00024232369,0.00025831108,9.3862645e-06,-0.22885894549375152,-0.0022840745740362323
2025-02-10,2025,0.00022109869,HAR,0.00029734588101568214,0.00016200280426873477,0.00026588046,0.00025419003,0.00027508498,9.789919e-06,-0.037778140706237195,-0.023851527360410962
2025-02-11,2025,0.00024489991,HAR,0.0003230627919750979,0.00018349094152219408,0.00026671882,0.0002575721,0.00027625327,8.022671e-06,-0.04244552715666394,-0.031513308749951285
2025-02-12,2025,0.0001595592,HAR,0.0003193428881924419,0.0001769329005716968,0.0002403941,0.00023077248,0.0002507011,7.826986e-06,0.06844289948400117,-0.11989417331830676
2025-02-13,2025,0.00020054172,HAR,0.0003040776074309532,0.0001610672900057583,0.00024314686,0.00023223856,0.00025254296,9.042753e-06,-0.008460862200972308,-0.058349575904853346
2025-02-14,2025,0.00019855342,HAR,0.0003017827665945406,0.00015334809971139177,0.00023451299,0.00022578836,0.00024434755,6.9494026e-06,-0.02332565088869476,-0.06346860213696903
2025-02-17,2025,0.00025878954,HAR,0.0002802163497968563,0.00011946938831544025,0.00025065657,0.00023992696,0.0002610524,8.347232e-06,-0.3926875048472178,-0.0025663217501188385
2025-02-18,2025,0.00025703612,HAR,0.00026476587491773833,0.00014367788024100832,0.00026219786,0.00025260248,0.00027080704,7.962723e-06,-0.20713577711047293,-0.00023828553470206515
2025-02-19,2025,0.00029446406,HAR,0.00015171670796270472,9.382462985565056e-05,0.0002525971,0.00023925198,0.00026392032,9.043973e-06,-0.9823372529094376,-0.26535417067733125
2025-02-20,2025,0.00028863762,HAR,0.00016426164147845045,0.00010633276795050694,0.00024739813,0.00023536009,0.00025741121,8.9115765e-06,-0.7033565758667057,-0.18095093489526803
2025-02-21,2025,0.00025286086,HAR,0.00027821419570871073,0.00020103856963440584,0.00029456656,0.00027862744,0.0003081587,1.2644009e-05,-0.017347947314598322,0.006659238204340667
2025-02-24,2025,0.00029144232,HAR,0.00023062566785007495,0.00017934401732965833,0.00027932113,0.00026906474,0.00029152457,8.996298e-06,-0.1385947873267659,-0.02874149000324877
2025-02-25,2025,0.00023721466,HAR,0.00032137789214712166,0.0002205457174352396,0.0003267621,0.00031303288,0.0003380748,9.321652e-06,0.04350217764176545,0.004452413408619904
2025-02-26,2025,0.0002484897,HAR,0.00029728411662365044,0.00019214162824082983,0.00031049308,0.00029871365,0.00032316835,9.8623095e-06,-0.013027618635806704,0.007913987782368181
2025-02-27,2025,0.00025285658,HAR,0.0003436640446666795,0.0002556829856587244,0.00033948588,0.0003251171,0.0003548389,1.1837937e-05,0.03937043173817667,-0.0031768864626746662
2025-02-28,2025,0.00027636276,HAR,0.00027946565049167594,0.00021379322070146908,0.000335917,0.0003194293,0.00035923958,1.5516416e-05,-0.01809755111596445,0.017799099638189375
2025-03-03,2025,0.00020938493,HAR,0.00036832324681832624,0.00027068763660772257,0.0003830769,0.0003662756,0.00040920425,1.4790857e-05,0.12032770996969244,0.017380568198833934
2025-03-04,2025,0.00020384943,HAR,0.0003268735614233057,0.0002662923651586465,0.00038843168,0.0003724019,0.00040185347,1.2494065e-05,0.13681387385786437,0.07371122831840804
2025-03-05,2025,0.00016617673,HAR,0.00037337372177430995,0.0002735169034240885,0.00042030335,0.00040419152,0.0004359935,1.1192895e-05,0.21743098582144071,0.06870207891345093
2025-03-06,2025,0.00017426259,HAR,0.00032778711286332053,0.0002599820013303616,0.00042352002,0.00040916417,0.00043949345,1.2742917e-05,0.2291637093020933,0.136065453812229
2025-03-07,2025,0.0001356964,HAR,0.0003598141887151063,0.0002462929246024456,0.0004128047,0.00038947086,0.00043228493,1.6514736e-05,0.29421581391336815,0.08897587857719369
2025-03-10,2025,0.0001295444,HAR,0.0003579205990794342,0.0003105733064364632,0.0004495374,0.00043252486,0.00046620538,1.4639059e-05,0.24085799837408572,0.15414441101356857
2025-03-11,2025,0.0001265005,HAR,0.0003489499465627882,0.0002532899212733067,0.000453829,0.000436901,0.00047058554,1.4589267e-05,0.3624965142987868,0.17901484061513617
2025-03-12,2025,0.00012475433,HAR,0.0003213164146254693,0.0002116292453899167,0.00043117386,0.00041626298,0.000445685,1.1945536e-05,0.4115172367268265,0.19516147392971384
2025-03-13,2025,7.873513e-05,HAR,0.00036754153341160176,0.00023861786981407436,0.00044634743,0.00042920548,0.00046936283,1.6805956e-05,0.47266973492595454,0.15643902708861912
2025-03-14,2025,5.4130538e-05,HAR,0.00032454897737042594,0.00018528503928221687,0.00039590758,0.00037721262,0.00041005184,1.4603408e-05,0.603863227723413,0.1686825771422642
2025-03-17,2025,0.0001659638,HAR,0.0002657196569488949,0.00012622765237841916,0.00038634523,0.00037099316,0.00040005628,1.1668726e-05,0.2334206873576843,0.17928103255339778
2025-03-18,2025,0.0001709996,HAR,0.00023517853978846366,0.00012415484805145292,0.00038221484,0.00036874413,0.00039506576,1.2627874e-05,0.19453553620266284,0.20592375115109984
2025-03-19,2025,0.0001753254,HAR,0.00024666730335855074,0.00014508581139566866,0.00037406842,0.00036252724,0.0003878066,1.14033455e-05,0.20738654197448536,0.17432016995666189
2025-03-20,2025,0.0005657469,HAR,0.000220808854638958,0.00013203001675909094,0.0003654381,0.00034915516,0.0003822283,1.3738074e-05,-1.718786121526799,-0.5102239969171336
2025-03-21,2025,0.0009179753,HAR,0.00014380875611827017,0.00011266118720830201,0.00035095387,0.00033812987,0.00036675858,1.2156704e-05,-4.396178345874971,-2.875477649565682
2025-03-24,2025,0.0009955382,HAR,0.0002463958269795044,0.00016678070180525752,0.00036659598,0.00035353916,0.00038293013,1.3884277e-05,-2.4659367549440185,-0.9274532544835505
2025-03-25,2025,0.0010325471,HAR,0.000210911561819471,0.00014693946664797356,0.00030572867,0.00029120932,0.00031726318,1.0284603e-05,-2.9170146490162274,-1.147049359683912
2025-03-26,2025,0.0011567067,HAR,0.00023828755758723163,0.0001635837499767429,0.00030627137,0.0002858246,0.00032024563,1.3654606e-05,-2.667152321769465,-0.8265158353673279
2025-03-27,2025,0.0012411107,HAR,0.00019719052688481234,0.00014506516917482684,0.00027062852,0.00025525998,0.0002831187,1.0746892e-05,-3.34594424066693,-1.3913597463798864
2025-03-28,2025,0.0012898855,HAR,0.0001904116046927719,0.00015509188323453488,0.0002692791,0.00025829548,0.0002805626,9.957888e-06,-2.9750374749846076,-1.6374919453774366
2025-03-31,2025,0.0011807787,HAR,0.0003106164113246119,0.00025279253834314697,0.00031868735,0.00030529115,0.00033318985,1.0702892e-05,-0.7341663272742007,-0.07062096927599537
2025-04-01,2025,0.0011837914,HAR,0.00030518560799952174,0.00023036489234876939,0.00031267144,0.00029785518,0.00032352284,9.960897e-06,-1.0472228035152744,-0.06863458851488602
2025-04-02,2025,0.0012203516,HAR,0.00026870042140522666,0.00018212172968936773,0.00026674118,0.00025398802,0.000280575,1.0199153e-05,-1.7441030307177678,0.026040915001399156
2025-04-03,2025,0.0008623538,HAR,0.0006923502099893059,0.000513173969937786,0.0005471518,0.0005213774,0.0005677435,2.257817e-05,-0.04024250454819711,0.0951665063630669
2025-04-04,2025,0.00051345624,HAR,0.0010145017569883135,0.0010715578805382915,0.0007986473,0.0007658193,0.0008242276,2.4264167e-05,-0.13021003233049733,-0.10244275694323335
2025-04-07,2025,0.00041300268,HAR,0.0010727142262419696,0.0013653695424350662,0.00089531264,0.00085234887,0.0009350297,3.3778764e-05,-0.2631972293822207,-0.1044872122440017
2025-04-08,2025,0.00038793584,HAR,0.0010702535560809595,0.0017984973629691751,0.0009157467,0.0008689123,0.00097386073,3.9160986e-05,-0.4670390700287008,-0.09475412977952846
2025-04-09,2025,0.00025731183,HAR,0.001190964424665499,0.0011762544776406883,0.0009831506,0.0009275338,0.0010299536,3.87488e-05,-0.13636177210350375,-0.14608806391306217
2025-04-10,2025,0.0001893443,HAR,0.001123371406531115,0.001145003651710304,0.0010560423,0.0010129074,0.001107591,3.302288e-05,-0.06694915195743256,-0.051060044334910515
2025-04-11,2025,0.00024368831,HAR,0.0009821870873950114,0.000707283702035888,0.0010817773,0.0010421412,0.0011228705,3.6126057e-05,0.30565424162526966,0.07373756945787058
2025-04-14,2025,0.00025202121,HAR,0.0008597549263727823,0.00043610715599240376,0.0010510049,0.0009971492,0.0011102767,4.636944e-05,0.5415164524816776,0.14751388038270274
2025-04-15,2025,0.00026927335,HAR,0.0008394006791715288,0.0003705158865238893,0.001019679,0.00096120196,0.0010757399,4.6284913e-05,0.5496709066372913,0.13783919401448497
2025-04-16,2025,0.00024505146,HAR,0.0007807018723442404,0.0004062782272182046,0.0010148284,0.0009742083,0.0010589216,3.7593927e-05,0.5537457876394996,0.18986624042922529
2025-04-17,2025,0.00022069998,HAR,0.0007418108829044371,0.0003134264678498806,0.0010242613,0.00097045914,0.0010876216,4.4245826e-05,0.6954822145879316,0.24058983749391238
2025-04-22,2025,0.000330157,HAR,0.0006519929028246441,0.00035561184026622344,0.00095009414,0.00090536353,0.0009895193,3.2242755e-05,0.401800936311802,0.21764536816401137
2025-04-23,2025,0.00041782678,HAR,0.0006719137358777303,0.0004066675466149112,0.0009337556,0.00089365715,0.00096186245,2.7222068e-05,0.25124713632901674,0.15470800146260366
2025-04-24,2025,0.00050936727,HAR,0.0006859105166893632,0.0003883440632838909,0.00094905426,0.0009078757,0.000985939,3.5919864e-05,0.11864551555046887,0.11881441918847901
2025-04-25,2025,0.0005284163,HAR,0.0006035192209044947,0.00032778673588225416,0.00092906074,0.00089422823,0.0009766989,3.387998e-05,-0.0014985631990054316,0.1246018631328587
2025-04-28,2025,0.0005740295,HAR,0.0005513005217171353,0.00035454350038643083,0.00090539275,0.0008690073,0.00093146553,2.7631646e-05,-0.04751714307706045,0.08887240893830128
2025-04-29,2025,0.0004944788,HAR,0.0007944708374438316,0.00037857770417604983,0.00093368377,0.0009016361,0.000962769,2.6437561e-05,0.12616756977406673,0.0686612021604125
2025-04-30,2025,0.00054005114,HAR,0.0007816990937224638,0.00045741429081933976,0.0009268566,0.00088664785,0.00097327004,3.3997934e-05,0.10821806417166613,0.06213023400029716
2025-05-01,2025,0.0005315652,HAR,0.000815723235783218,0.0005117707352086797,0.0009260909,0.0008867914,0.0009638512,3.485287e-05,0.12840540842288295,0.049236463198659486
2025-05-02,2025,0.00054042257,HAR,0.0007899301899082443,0.0003731417640354381,0.0008559267,0.0008128362,0.000895356,3.456902e-05,0.01331155936822892,0.027489360549188824
2025-05-06,2025,0.0005341848,HAR,0.0007943833622628845,0.00038336705254918567,0.0008418847,0.00081167754,0.0008778903,2.9516836e-05,0.02775781849946224,0.020135389925155955
2025-05-07,2025,0.00044735236,HAR,0.0008656949272027174,0.00037531830810663973,0.00089579297,0.00086564757,0.00093410176,2.772377e-05,0.1773995240831896,0.016814128093369796
2025-05-08,2025,0.00037308224,HAR,0.0008240098561529159,0.0002932527877159608,0.00071768276,0.0006924798,0.0007460086,2.0212665e-05,0.14261487678878915,-0.0710763152909406
2025-05-09,2025,0.00027587812,HAR,0.0007575408320076564,0.00027682888855213406,0.00058068865,0.00054780446,0.0006099338,2.458631e-05,0.2193374865864337,-0.15495077676257196
2025-05-12,2025,0.00027931627,HAR,0.0007059181319049615,0.0002775263087180439,0.0005222153,0.0005067084,0.00054650265,1.8917794e-05,0.1605825748625378,-0.16222925198209026
2025-05-13,2025,0.00026337377,HAR,0.0007500162577636766,0.00026385051787863986,0.00053381635,0.00050268316,0.0005668921,2.2125729e-05,0.1998550037252924,-0.197821445713819
2025-05-14,2025,0.00026933543,HAR,0.0006355456770707821,0.00023190896279501346,0.0004649851,0.0004476028,0.0004817575,1.4870714e-05,0.11351068543006981,-0.15703018102433042
2025-05-15,2025,0.00021458848,HAR,0.0006036562628066318,0.00025278361120810076,0.00044304846,0.00042392014,0.00046387874,1.6056481e-05,0.1965888421506845,-0.18046163963077433
2025-05-16,2025,0.00031393833,HAR,0.0005222564853363501,0.0002200516682095325,0.00042112597,0.00039532367,0.00044153162,1.835264e-05,-0.03211404193630241,-0.07087219102861919
2025-05-19,2025,0.0003076742,HAR,0.0005357550845759428,0.00025332947486794076,0.0004130803,0.0003916414,0.00043737228,1.76437e-05,0.019258204254430034,-0.08948752590651043
2025-05-20,2025,0.000311114,HAR,0.00048680697195666034,0.00025792891357362955,0.00040553315,0.00038472528,0.000422641,1.4488436e-05,0.013490823999706691,-0.05458335530157754
2025-05-21,2025,0.00028966393,HAR,0.0004875914770292314,0.00029495489982383485,0.0003551405,0.00033960186,0.00037132177,1.3909904e-05,0.01926118500344476,-0.09540344377012655
2025-05-22,2025,0.00028368048,HAR,0.00044382479419633906,0.00024005341460652053,0.00035641508,0.00034116462,0.0003665555,1.2820276e-05,0.009422826162532871,-0.06257882645007484
2025-05-23,2025,0.000287591,HAR,0.00042754328113464785,0.0002616928958844416,0.000359362,0.000340133,0.00037427509,1.3865458e-05,0.01847699485965304,-0.04610250427993101
2025-05-27,2025,0.00026152967,HAR,0.0004447843881065663,0.00023660684940389189,0.00036773863,0.000351139,0.00038286252,1.2290434e-05,0.046821789372875955,-0.06702565829192686
2025-05-28,2025,0.00038521356,HAR,0.0005018241935230998,0.0002635150804438362,0.0003797683,0.00035499805,0.00040676608,1.6801565e-05,-0.08203826976860107,-0.03197666555419598
2025-05-29,2025,0.0003596775,HAR,0.000513030491405247,0.0002493308291941492,0.00038548323,0.0003640843,0.00039805865,1.2795653e-05,-0.07379811627106037,-0.0538654929472937
2025-05-30,2025,0.0008521336,HAR,0.0004700095465713149,0.00023678984028310758,0.00037370806,0.0003527234,0.00038708176,1.689353e-05,-0.8621776660082432,0.23792052700594724
2025-06-02,2025,0.00075179164,HAR,0.0005953561163553274,0.0002682150362092606,0.00036976647,0.0003553315,0.00038712088,1.3288436e-05,-0.4487085046527728,0.29410487994884615
2025-06-03,2025,0.00095804926,HAR,0.0005814088678369306,0.0002695506980893408,0.00036717826,0.0003508368,0.00038100462,1.1601159e-05,-0.6359331028798776,0.5018078867302682
2025-06-04,2025,0.0009458413,HAR,0.0005491105960712855,0.00025375333283771123,0.00036503602,0.00034523744,0.00038563105,1.600981e-05,-0.7726807429305262,0.46028961584747563
2025-06-05,2025,0.0010041802,HAR,0.0005160919819537934,0.000247445184502118,0.00035692382,0.00033991062,0.00037294923,1.1669287e-05,-0.8784291510068547,0.49892858299134435
2025-06-06,2025,0.0010297283,HAR,0.0005367273722691252,0.00022711664242335808,0.00035025907,0.0003345922,0.00036724232,1.1821135e-05,-1.1608042476919787,0.5945562034415888
2025-06-09,2025,0.0013481359,HAR,0.0003773353126855806,0.00018090581450277504,0.00030661965,0.00029451735,0.0003202679,1.089349e-05,-2.527741475421659,0.6164636466707041
2025-06-10,2025,0.001873911,HAR,0.00031078657932791964,0.00016230494497710202,0.0002631716,0.00025432403,0.00027459822,8.906353e-06,-3.941798141998901,0.9246160071999867
2025-06-11,2025,0.0017151315,HAR,0.0005130012743897078,0.00023182339352488898,0.00028428124,0.00027298531,0.00029576235,1.04156115e-05,-1.1612310701855684,2.099578524827594
2025-06-12,2025,0.001711738,HAR,0.00048232484871151265,0.00023539078869243898,0.00027148094,0.0002609577,0.00028437574,1.0640323e-05,-0.8240672302916945,2.1815288829781725
2025-06-13,2025,0.0012308495,HAR,0.0009868118533748272,0.0005459239945569931,0.00043157634,0.00040049307,0.00044800507,2.0443946e-05,0.3623333020846218,0.7776515988968544
2025-06-16,2025,0.0012465095,HAR,0.000948170375929307,0.00049949938050812,0.00043249995,0.0004100577,0.00045969678,1.8665269e-05,0.24256148008357847,0.7825040632960993
2025-06-17,2025,0.0010268596,HAR,0.0011624602429469437,0.000703702613485758,0.00049051584,0.00047802084,0.00050679914,1.3170252e-05,0.27330595381112044,0.34724137384056686
2025-06-18,2025,0.0012350307,HAR,0.001035073016688655,0.0006327747648733152,0.00049248285,0.0004699744,0.0005120734,1.8859273e-05,0.30533913003959423,0.5718140580197151
2025-06-19,2025,0.0011750655,HAR,0.0011213822910144174,0.0006807817056794927,0.0005276681,0.0005048682,0.0005681349,2.2961156e-05,0.24607516643064908,0.42518042688474633
2025-06-20,2025,0.0011399998,HAR,0.0009091654602236998,0.0006217669611886962,0.000548146,0.0005245998,0.0005742782,1.7502785e-05,0.12022974608692483,0.31985511033012415
2025-06-23,2025,0.00082737085,HAR,0.0012758687492801751,0.0009642695581703102,0.0006697204,0.00063666154,0.00069812784,2.7708402e-05,0.012858252612088172,-0.057601333694921486
2025-06-24,2025,0.00030521688,HAR,0.0017170019774661257,0.001098510442886438,0.0008865519,0.0008409493,0.0009396896,3.8247596e-05,-0.14794272504682127,-0.4944827256736888
2025-06-25,2025,0.0002991285,HAR,0.0016542011323975542,0.0010013370532149521,0.0008825271,0.00083244126,0.0009370476,3.785655e-05,-0.08608563258055657,-0.4701681643366733
2025-06-26,2025,0.00034904364,HAR,0.0015607107783127865,0.0008619669785308292,0.00085119164,0.0008241134,0.0008894796,2.7423264e-05,-0.007453499851213685,-0.41983865992880176
2025-06-27,2025,0.00039123776,HAR,0.0015816856146201926,0.0008700781691920201,0.00084445946,0.00080736954,0.0008835385,2.9699802e-05,-0.016244866570864325,-0.41160498550394475
2025-06-30,2025,0.0003834181,HAR,0.001430553992468971,0.0006089104392726125,0.0008395084,0.000800078,0.00087416073,2.9894814e-05,0.14818369831203526,-0.3443038907072147
2025-07-01,2025,0.0003870993,HAR,0.0007735002768282788,0.0003862719381544202,0.00081506185,0.00077616214,0.0008621437,3.413427e-05,0.21951287231914485,0.026818992137291886
2025-07-02,2025,0.0001846215,HAR,0.0012155093963447641,0.0005930147579691685,0.00083786924,0.0007862916,0.00087600487,3.4650944e-05,0.2546622113371182,-0.30359820674560645
2025-07-03,2025,0.00023651394,HAR,0.0011572791469126674,0.0005426909285086821,0.0008027214,0.00076405617,0.0008416588,3.122705e-05,0.2502908782261306,-0.2755498029881185
2025-07-04,2025,0.00023040871,HAR,0.0011594196387362573,0.0005470912712334003,0.0007871142,0.00074921164,0.0008222719,2.9637788e-05,0.23533136471257698,-0.29330322819046195
2025-07-07,2025,0.00022831892,HAR,0.001155451633480484,0.0006370806493123057,0.00077549857,0.0007397582,0.000815027,3.1396736e-05,0.1326424667360131,-0.30192622581416106
2025-07-08,2025,0.0003217295,HAR,0.0011382209615116152,0.0006281186001806368,0.0007465929,0.0007027586,0.0007903329,3.447164e-05,0.09150995058387146,-0.2734313981558314
2025-07-09,2025,0.0003221574,HAR,0.0006900632206974578,0.0004007277832317351,0.0007203568,0.0006885737,0.00075282867,2.728065e-05,0.2297527401556696,0.023330649208415544
2025-07-10,2025,0.00030370316,HAR,0.0008935423164091385,0.0005377859763024614,0.0006994682,0.00066760083,0.0007313378,2.6247426e-05,0.13232250490673803,-0.15056856442068245
2025-07-11,2025,0.00027710092,HAR,0.000970774231564958,0.0005941228242532271,0.00063984084,0.0006075678,0.0006672647,2.527519e-05,0.04080785284690425,-0.26923979901030215
2025-07-14,2025,0.00030825444,HAR,0.0009818239454407907,0.0006657168935094217,0.00063769735,0.00060972164,0.0006703185,2.3743254e-05,-0.022655301114279602,-0.2621224912879967
2025-07-15,2025,0.00040423276,HAR,0.0008135369492485805,0.0004814615556659249,0.00049804774,0.00046046387,0.00053379935,2.574534e-05,0.005909019544453997,-0.1759439424318563
2025-07-16,2025,0.00040782636,HAR,0.0008114931725747484,0.0005671641484408402,0.0004878153,0.00046510188,0.00051273394,1.906966e-05,-0.03374804456540037,-0.17547584551475914
2025-07-17,2025,0.00035860614,HAR,0.0007721566567168883,0.0004711299988324965,0.0004389839,0.0004135384,0.00046207017,1.9208044e-05,-0.014932648217857114,-0.21224576405210271
2025-07-18,2025,0.00051735947,HAR,0.0006582870572525559,0.0004031528160658688,0.00043866097,0.00041172327,0.00046073354,1.8617591e-05,-0.019466422838386954,-0.012425780590397117
2025-07-21,2025,0.00052285916,HAR,0.0006419289113797832,0.0003757072830001678,0.00042365753,0.00040407514,0.00044932863,1.5758087e-05,-0.0373959729583726,0.0040905285792351975
2025-07-22,2025,0.00042731737,HAR,0.0008142437499833621,0.00040237620310913956,0.00043432793,0.0004140192,0.00045728267,1.9350813e-05,-0.00171349610212701,-0.16940385267376357
2025-07-23,2025,0.00045083623,HAR,0.0006593757877932906,0.0002897872041893395,0.00033877481,0.0003232459,0.00035939622,1.49403e-05,-0.06877614348466388,-0.018905463776050624
2025-07-24,2025,0.00043985114,HAR,0.0004330402976497942,0.0001939013350722464,0.00019252066,0.00018404915,0.00020076253,8.703862e-06,0.009122210094576033,0.4583404951643537
2025-07-25,2025,0.00041152476,HAR,0.00046103657261750404,0.00019093234906755152,0.00019663156,0.00018543511,0.00020597983,7.6007123e-06,-0.03305838324523247,0.34811908682718595
2025-07-28,2025,0.00035750613,HAR,0.0005177556771388172,0.00023058317254204532,0.0002144372,0.00020361766,0.00022456794,7.834552e-06,0.04414537009207731,0.09520485405416768
2025-07-29,2025,0.00025894924,HAR,0.000571958705718654,0.00026898763426672735,0.00024355586,0.00023522656,0.00025594974,8.240365e-06,0.001202744557769364,-0.243258962521109
2025-07-30,2025,0.00025483765,HAR,0.0005515961573094975,0.0002400896085372801,0.00023893149,0.00022491018,0.0002508842,1.0234921e-05,0.0003094514714083729,-0.23206767482135682
2025-07-31,2025,0.00032675007,HAR,0.0005299795414202615,0.0002645373139045588,0.00023834956,0.00022003484,0.00025454222,1.30844755e-05,0.03146627159830828,-0.044747448017767866
2025-08-01,2025,0.00018132963,HAR,0.0005988733927050853,0.00038466166512317253,0.0002297572,0.00021865405,0.0002415452,9.802443e-06,-0.19751853267662867,-0.47158885938985495
2025-08-04,2025,0.000178235,HAR,0.0005779499206041505,0.0003182808156613947,0.00024177416,0.00023278387,0.0002522612,7.809267e-06,-0.09772666571632005,-0.44267868779976194
2025-08-05,2025,0.00022814292,HAR,0.0005065286500851956,0.0003022405163798429,0.0002473902,0.00023693519,0.0002593215,8.878001e-06,-0.03289653490740019,-0.24482011115936242
2025-08-06,2025,0.00022077406,HAR,0.0005363606998198383,0.0003299577174365291,0.0002594948,0.00025185168,0.00026961503,7.896546e-06,-0.05854175411171436,-0.28690099088742915
2025-08-07,2025,0.00021351916,HAR,0.0005520633748549729,0.0003689718523935299,0.00026588325,0.00025146466,0.00028195398,1.1680755e-05,-0.10329382941379439,-0.314315132963527
2025-08-08,2025,0.00021310736,HAR,0.00039035396879414774,0.00020388410164292437,0.00026884716,0.00025813104,0.00028691147,1.1732014e-05,0.024024635432632557,-0.12617349075858808
2025-08-11,2025,0.0002552159,HAR,0.0003444465619014319,0.00020627245534298575,0.00025560436,0.0002456006,0.0002674236,8.500541e-06,-0.024362612860053368,-0.04077276993004553
2025-08-12,2025,0.00026456654,HAR,0.0003410454658714404,0.00020707085739800517,0.00024170936,0.00023107792,0.00025571568,9.667382e-06,-0.028422174761493224,-0.02546658736200147
2025-08-13,2025,0.00027364207,HAR,0.00029477868230234406,0.00018965372274029239,0.00023298936,0.00022117111,0.00024545623,8.987926e-06,-0.06257502937367132,0.010954387944986266
2025-08-14,2025,0.00020923417,HAR,0.00041641114031062124,0.00026622991671480415,0.00025787807,0.00025009693,0.00026795446,7.3083097e-06,-0.006420121423469816,-0.17028775651136918
2025-08-15,2025,0.00020660061,HAR,0.0004276467715928976,0.00028497796028970085,0.00026522603,0.00025486844,0.00027676934,8.16236e-06,-0.017839388943041712,-0.18186502754818878
2025-08-18,2025,0.00021161418,HAR,0.00042846836334541294,0.00027174276820087737,0.00024757042,0.00023468862,0.00025754626,8.845552e-06,-0.01712701453021115,-0.18764343417157647
2025-08-19,2025,0.00016039876,HAR,0.0004974785545812765,0.00028960401718441123,0.00026576628,0.00024902573,0.0002769773,1.002783e-05,-0.036219537967868476,-0.34582547994169044
2025-08-20,2025,0.00017913853,HAR,0.0005073881653432223,0.00030783325521067164,0.00026250182,0.00025335362,0.00027451053,1.039268e-05,-0.05880612407859953,-0.3296506666520056
2025-08-21,2025,0.0002167937,HAR,0.0004144479879620703,0.0002828336082968705,0.0002297868,0.00021775774,0.00023905499,8.55215e-06,-0.03075714241395655,-0.1694299501050729
2025-08-22,2025,0.00022285023,HAR,0.00038243182981967594,0.00025020613756946005,0.00022415584,0.00021483336,0.00023401676,7.611268e-06,-0.0064346899911456035,-0.12275229367803231
2025-08-26,2025,0.00032383308,HAR,0.00043250346745490014,0.00029625015203393754,0.00023037283,0.00021926039,0.00024213095,1.1671469e-05,0.061079207489851406,0.027058951652356278
2025-08-27,2025,0.00031017835,HAR,0.000386590641147589,0.00029262453837990084,0.00022496749,0.00021750231,0.00023572885,7.933194e-06,0.05584773193042114,0.03501607033336995
2025-08-28,2025,0.00029727793,HAR,0.0003642511167381709,0.00025574755744086773,0.0002118904,0.00020289412,0.0002227626,8.332857e-06,0.052469870958755216,0.04507079306227091
2025-08-29,2025,0.00029262685,HAR,0.0003243472574379292,0.0002466798804393663,0.00018405325,0.0001758712,0.00019203618,6.3171397e-06,0.11077532718952021,0.1211112630146971
2025-09-01,2025,0.00028059585,HAR,0.000335513111730738,0.00022798673261914488,0.00020268727,0.00019341908,0.0002152065,9.126155e-06,0.035999904741644606,0.04406289334536062
2025-09-02,2025,0.00032795558,HAR,0.0003237696954410665,0.00023451382886117034,0.0002202226,0.00021213258,0.00022692354,8.46239e-06,0.027875883189860673,0.09087819955393961
2025-09-03,2025,0.00033078,HAR,0.00023756051779143022,0.00017139618264705407,0.00016572207,0.00015664082,0.0001724478,6.503765e-06,0.032412185803606164,0.24347903868011755
2025-09-04,2025,0.0003296901,HAR,0.0002763588907783014,0.00018977286298892064,0.00017725326,0.00016882186,0.00018648831,8.459194e-06,0.054458338819666,0.2228957315594675
2025-09-05,2025,0.000291575,HAR,0.0003287381008294252,0.00019731185430924136,0.00019970747,0.00019016639,0.00020866927,7.799937e-06,-0.005658229491632305,0.07465049793782175
2025-09-08,2025,0.00028593285,HAR,0.00030663521467975686,0.0001779594408621291,0.00019025065,0.00017908895,0.00020236691,9.624824e-06,-0.03701662341751266,0.09312530223699778
2025-09-09,2025,0.0001681868,HAR,0.00045288478478452726,0.0002551773489704212,0.00024078581,0.00022685202,0.00025507074,1.2816105e-05,-0.01865736158827147,-0.30460638125940065
2025-09-10,2025,0.00022515428,HAR,0.0004350584092662714,0.00022801275805829838,0.0002357088,0.00022753207,0.00024642464,7.3673687e-06,0.0009542499477035449,-0.17518751032099367
2025-09-11,2025,0.00023651948,HAR,0.00041780746851347294,0.00024071563652726911,0.00023218704,0.00022082512,0.00024239143,8.249266e-06,1.8222000904621893e-05,-0.1349150230226135
2025-09-12,2025,0.00023704929,HAR,0.0003976326500448282,0.00023744850963080345,0.00022702114,0.00021216115,0.0002385576,1.158688e-05,0.0009463896657031512,-0.11246416750610955
2025-09-15,2025,0.0003311968,HAR,0.00035695428416265964,0.00023466176161390494,0.0002224423,0.00021179179,0.00023464178,9.599984e-06,0.024054145064941856,0.08813013217609722
2025-09-16,2025,0.00026682,HAR,0.00033279700985263473,0.00023211509271579446,0.00021532716,0.00020532424,0.00022352749,8.317896e-06,0.014546947700027069,0.002013499019118292
2025-09-17,2025,0.00033655023,HAR,0.00032232237051322415,0.00021906635288136128,0.00020673599,0.00019686304,0.00021756848,7.795701e-06,0.03369712585110474,0.13967146845224043
2025-09-18,2025,0.00033181655,HAR,0.0003725642497399018,0.0002454612362238048,0.00021241378,0.00019744982,0.0002248766,1.0783221e-05,0.06571223271022397,0.10962105962046831
2025-09-19,2025,0.00032944093,HAR,0.00035354092778853947,0.00024830152022236245,0.00019266977,0.0001812804,0.00020154123,7.871101e-06,0.12942959340590043,0.1710193763801211
2025-09-22,2025,0.00034949032,HAR,0.0003335088208366584,0.00024467865293300797,0.00018745384,0.00017665132,0.00019802911,7.981282e-06,0.16962967843301335,0.24035139919557125
2025-09-23,2025,0.00032334932,HAR,0.00031576172795072944,0.0002508088842815185,0.00019390389,0.00018118724,0.0002048085,1.0794658e-05,0.1210206516158836,0.1559204344605094
2025-09-24,2025,0.0002659801,HAR,0.00039248360043245983,0.0002982304467552719,0.00021940081,0.00020494414,0.00022858543,1.0760601e-05,0.013475036178856925,-0.04697684662956991
2025-09-25,2025,0.00025240087,HAR,0.00035376978746589304,0.0002797107758265415,0.00021008596,0.00020198498,0.00022030568,9.254177e-06,0.01281401809135918,-0.03317325153158279
2025-09-26,2025,0.00042706722,HAR,0.00034499045637869936,0.00025240693638634086,0.00020965318,0.00020197798,0.00022089641,7.172902e-06,0.1594506927117978,0.30104524587368875
2025-09-29,2025,0.00033455357,HAR,0.0004586413660751385,0.0003123596808775386,0.00023590935,0.00022364112,0.00024956386,9.67714e-06,0.06638451957705627,0.023878821985125143
2025-09-30,2025,0.00036240288,HAR,0.0004272885143824646,0.0003107620749092764,0.00023334999,0.00021978767,0.00024639766,1.1049472e-05,0.10038144640433178,0.09997868540735677
2025-10-01,2025,0.00029891956,HAR,0.0004816504977220773,0.0003589551778994389,0.00025577686,0.00024239314,0.0002678164,9.466767e-06,-0.0029678909399786235,-0.08485519351698478
2025-10-02,2025,0.0003052841,HAR,0.0004968983061969436,0.00036547216188681915,0.00026067678,0.00025087295,0.0002718526,8.729379e-06,-0.0021019071649632792,-0.08836237798119928
2025-10-03,2025,0.0002948842,HAR,0.0004963816115686699,0.000403858294942377,0.00025681293,0.00024316034,0.00027052313,1.1295787e-05,-0.034638488576549165,-0.1048194738591528
2025-10-06,2025,0.0002813863,HAR,0.0004392247461971845,0.0003564859474637012,0.00025366747,0.00023882152,0.00026942982,1.1494222e-05,-0.020331764477991676,-0.08035776534146155
2025-10-07,2025,0.000283655,HAR,0.0003731270050316277,0.00028629118678611293,0.000232215,0.0002162433,0.000246182,1.1353642e-05,0.02138116430967507,-0.012946636717933835
2025-10-08,2025,0.00032451615,HAR,0.00032982299723132536,0.00025198277591698636,0.00023378599,0.00022396754,0.00024135313,6.81852e-06,0.025285525725506908,0.06003063200213887
2025-10-09,2025,0.0007187466,HAR,0.00022634053736681652,0.00017093859155359887,0.00017941985,0.00017202312,0.00019083287,8.321819e-06,-0.1503341436657175,0.5981262381440473
2025-10-10,2025,0.0005413249,HAR,0.0004846517691636436,0.00040626693200419595,0.00024853644,0.00023946067,0.00025954537,1.0633242e-05,0.35419297606962186,0.39327350800252603
2025-10-13,2025,0.0005415073,HAR,0.00044820953421483717,0.00028189435820772887,0.00025598332,0.0002420561,0.00027170603,1.0878257e-05,0.09802234551022693,0.34709561930524657
2025-10-14,2025,0.00056170195,HAR,0.00049568647505052,0.00041849198627764235,0.00026770012,0.0002511125,0.00028259124,1.1811435e-05,0.30925551969465914,0.34899453409643133
2025-10-15,2025,0.000573342,HAR,0.0005013109323837845,0.00044354845336701677,0.00028260655,0.0002605255,0.00029992044,1.5392989e-05,0.2853872567870548,0.3119077747511181
2025-10-16,2025,0.0005325381,HAR,0.0005153687302976037,0.0005842257778009024,0.00027509223,0.00025728153,0.00029523848,1.51666645e-05,0.2711439518995986,0.2747620157833497
2025-10-17,2025,0.00053449237,HAR,0.0003621667796228395,0.0002909374920402118,0.0002772253,0.00026278655,0.00029400573,1.3077062e-05,0.04259109111841486,0.1849145477739853
2025-10-20,2025,0.0005300636,HAR,0.00036524919348870054,0.00024155233599181238,0.00026560255,0.00024952175,0.0002757772,1.0114236e-05,-0.10378767470002348,0.22588514754076972
2025-10-21,2025,0.00054093817,HAR,0.00032033620892674304,0.00018511140197215607,0.0002588323,0.00024506613,0.00027266584,1.2066183e-05,-0.49709029787802717,0.18806925412001974
2025-10-22,2025,0.0005522556,HAR,0.00038662420755128726,0.0002313001934369803,0.0002736053,0.0002570017,0.00029777503,1.6044352e-05,-0.2012050175277338,0.24426820487513368
2025-10-23,2025,0.00015764817,HAR,0.0008229427894662489,0.0003823014700598369,0.0004142079,0.00039797564,0.00044046598,1.9073652e-05,0.04839397487681918,-0.4974834864625395
2025-10-24,2025,0.00015383027,HAR,0.0007602583790354068,0.0003863045221723023,0.00038176915,0.0003634234,0.0004007791,1.6953556e-05,-0.007079188452213003,-0.48824115346957075
2025-10-27,2025,0.00016456706,HAR,0.0007410293103169724,0.0003688061896496732,0.00036982817,0.00034680145,0.00039310099,1.762782e-05,0.0015341418654113426,-0.4720982250788959
2025-10-28,2025,0.00012960527,HAR,0.000816187916448018,0.0004490893637641868,0.00038619994,0.00036134053,0.00042497145,2.432724e-05,-0.10387128319625827,-0.5714917053674196
2025-10-29,2025,0.00020573437,HAR,0.0007595985818044672,0.00041058322261438624,0.00034239903,0.00031362,0.00036472687,2.0019215e-05,-0.0818187741620866,-0.4667980562642917
2025-10-30,2025,0.00020725613,HAR,0.0004523219990420644,0.0003261103910518882,0.00033895177,0.00031673198,0.0003618093,1.6097316e-05,0.01454409067725937,-0.13527932351267236
2025-10-31,2025,0.0002482238,HAR,0.0004330535763059765,0.0003305626581531098,0.00029398745,0.0002742643,0.0003173673,1.5350986e-05,-0.023837470385220882,-0.11618388861680717
2025-11-03,2025,0.00024747703,HAR,0.0004235525425140925,0.0003292677732065261,0.0002726008,0.00026059442,0.0002899162,1.2618458e-05,-0.03262418864678107,-0.11712120544762694
2025-11-04,2025,0.0003048744,HAR,0.0003606990105524075,0.00030830736246659213,0.00027759615,0.00025795973,0.0003027131,1.6065787e-05,0.004470971453171657,-0.008842672319374856
2025-11-05,2025,0.00027862753,HAR,0.0004376131822413276,0.00034448833788427253,0.00027833568,0.00026571818,0.00029245843,1.0439795e-05,-0.020999382951961465,-0.08815716496901516
2025-11-06,2025,0.00027869098,HAR,0.00041571805920606744,0.0003420880623633397,0.00028414992,0.0002659987,0.00029952283,1.3528827e-05,-0.01945382440393395,-0.07010137354268053
2025-11-07,2025,0.00029482393,HAR,0.0004233156619907141,0.00032363545131256443,0.00028358007,0.0002686989,0.0003011956,1.3186495e-05,-0.0034489181425483295,-0.057437502353362646
2025-11-10,2025,0.00038551458,HAR,0.00044986470472411496,0.0003188240341209712,0.00029054645,0.00027822118,0.00030572276,1.1324831e-05,0.024807872194247516,0.03272026319820398
2025-11-11,2025,0.00038456768,HAR,0.0003952685185160703,0.00023938141049903794,0.00023648466,0.00022258275,0.0002526928,1.2400303e-05,0.0075036385979130316,0.139574816098758
2025-11-12,2025,0.00030158003,HAR,0.0004924313452334486,0.0003581894279862102,0.00026775466,0.00025605582,0.00027970746,1.0767184e-05,-0.006617958286985193,-0.09538482873592447
2025-11-13,2025,0.00030936394,HAR,0.00045990093275698446,0.0003446955067251863,0.0002606252,0.00024355162,0.00027470503,1.2583254e-05,0.009929730970793749,-0.05359591296436417
2025-11-14,2025,0.00026613468,HAR,0.0005263545974195712,0.0003428960576969105,0.0002763277,0.0002631413,0.0002920337,1.3693419e-05,-0.028865375364558687,-0.1868936904574161
2025-11-17,2025,0.00026458295,HAR,0.00048393402540584317,0.00038092622738963096,0.00026047172,0.00024385833,0.00027809275,1.4421523e-05,-0.058905572452357724,-0.1504040150502206
2025-11-18,2025,0.0002117933,HAR,0.000575699284208347,0.0005307011264178567,0.0002863974,0.00026299708,0.00030312376,1.6388087e-05,-0.27639224573831367,-0.3265853861887811
2025-11-19,2025,0.00018717244,HAR,0.0005216829545418861,0.0005001492150124285,0.0002869469,0.00026430617,0.00031187112,1.6861526e-05,-0.2775530522666161,-0.304259214809778
2025-11-20,2025,0.00019060195,HAR,0.0004974480539871562,0.0005174711960442234,0.00029554163,0.00028110927,0.00031096634,1.3542895e-05,-0.2835534114321723,-0.25891674091450056
2025-11-21,2025,0.00017385461,HAR,0.0004817074601270917,0.0004878645796523999,0.00028216338,0.0002647212,0.00029989713,1.3820646e-05,-0.2877611947634904,-0.27961525279657984
2025-11-24,2025,0.00010136967,HAR,0.00042682795539883655,0.00037110054498328313,0.00018233286,0.00017080824,0.00019476617,1.0541976e-05,-0.4278392852722277,-0.5320830701086683
2025-11-25,2025,9.602656e-05,HAR,0.00039406322170524715,0.0003027392257910109,0.00017775765,0.00016803805,0.00019215606,8.972894e-06,-0.309432441924244,-0.49956280822554255
2025-11-26,2025,8.613836e-05,HAR,0.00039312675492688667,0.0002747000371116889,0.0001742971,0.00016382326,0.00018760464,1.0523663e-05,-0.2742866240475905,-0.5382774584588796
2025-11-27,2025,0.0001166055,HAR,0.00037535062764285505,0.00024002980563273327,0.00015059412,0.00013781065,0.00015948832,9.958656e-06,-0.17766761455386693,-0.44962671782415065
2025-11-28,2025,0.00011781017,HAR,0.0003396485065668363,0.00022655541399981054,0.00013074251,0.00012152517,0.00014079278,8.282411e-06,-0.16868031785065618,-0.4004551378824095
2025-12-01,2025,0.00012546654,HAR,0.0002473341612491343,0.00019655599277261084,0.00012698682,0.000118748416,0.00013374038,7.1417094e-06,-0.08716066353809193,-0.18590436774300212
2025-12-02,2025,0.00017885627,HAR,0.00026337842972560843,0.00021173850497682272,0.00012557863,0.000116915,0.000132916,6.1894934e-06,0.057133675295527375,0.004512657808839471
2025-12-03,2025,0.00018801176,HAR,0.000236862641647385,0.00020504835621110233,0.00012565177,0.00011968308,0.0001298346,5.766856e-06,0.08964644117914133,0.06856752293299984
2025-12-04,2025,0.00018427336,HAR,0.00022218309772364277,0.0001767457043285329,0.000119880766,0.00010866055,0.00013149813,7.813625e-06,0.1063339792364868,0.09075835306962876
2025-12-05,2025,0.0001942084,HAR,0.00020710264229397904,0.00016795121572194536,0.00010748417,0.00010026714,0.000114743154,5.449656e-06,0.20418771179228212,0.21324506060356274
2025-12-08,2025,0.00018327577,HAR,0.0002724010007929337,0.00022222533008128234,0.000114752605,0.00010709644,0.00012395334,6.1691844e-06,0.1114954575556153,0.059825440482326186
2025-12-09,2025,0.00022687338,HAR,0.00026513541496339075,0.00023579316130980615,0.00011712872,0.00010691463,0.0001269039,8.490524e-06,0.2751050717753012,0.26430181883505455
2025-12-10,2025,0.00022054842,HAR,0.0002647273837706912,0.0002420666366406465,0.000114366645,0.00010615942,0.00012264976,6.5540244e-06,0.2675232645081147,0.2560267336750641
2025-12-11,2025,0.0001894957,HAR,0.0003191509623199128,0.0003151175538726038,0.00011724138,0.00010968232,0.00012411477,6.7326146e-06,0.026226695173027004,0.02110803540360351
2025-12-12,2025,0.00020427685,HAR,0.00026549946520838385,0.0002625035858261976,9.675036e-05,8.840938e-05,0.000102514496,6.0793614e-06,0.33506318725536666,0.33249611523506584
2025-12-15,2025,0.00021968583,HAR,0.00025305637092233135,0.00026624789107846584,9.579374e-05,8.9510795e-05,0.00010252249,4.5437127e-06,0.44597327620230587,0.45377642278861785
2025-12-16,2025,0.00015898072,HAR,0.0003205635457795982,0.0003417817500335276,0.00010464335,9.773928e-05,0.00011238372,5.4908232e-06,-0.12950470447505325,-0.09620146673175789
2025-12-17,2025,0.00017289477,HAR,0.00032411553826771174,0.0004102938211592879,0.00010739894,0.00010022248,0.00011852829,7.4289983e-06,-0.15187898075223316,-0.028148526319317746
2025-12-18,2025,0.00019342436,HAR,0.0002506655935617857,0.0002904301337877159,9.193655e-05,8.43793e-05,9.7193224e-05,4.866674e-06,0.28763261652088534,0.3292256053276228
2025-12-19,2025,0.00020915363,HAR,0.00026163352610221355,0.0002831105929520678,8.824366e-05,8.226717e-05,9.4368035e-05,5.13319e-06,0.46567729403381275,0.4839257118767959
2025-12-22,2025,0.00032133076,HAR,0.00028039529975776046,0.00029691114471871424,9.2595976e-05,8.618673e-05,0.00010080385,5.426318e-06,1.2228126777953383,1.2162987722251142
2025-12-23,2025,0.0003420293,HAR,0.00029005868895486223,0.00033717837241324915,9.568312e-05,9.1087655e-05,0.00010063124,4.2834986e-06,1.3006472846193597,1.2863901810116136
2025-12-24,2025,0.0003440043,HAR,0.00018597730285920436,0.0002396829477863333,7.408039e-05,6.932975e-05,7.981314e-05,3.9365223e-06,2.034248846544812,1.8734772830281274
2025-12-29,2025,0.00044256522,HAR,0.00022839023421731942,0.00026027169904893296,7.1723734e-05,6.627872e-05,7.902959e-05,4.893319e-06,3.181113754685108,3.0744221859417378
2025-12-30,2025,0.0004620386,HAR,0.00023279269090877792,0.00037017112957076056,6.907337e-05,6.458032e-05,7.414425e-05,3.8881735e-06,3.762126708452082,3.4893552914443795
2025-12-31,2025,0.0005995855,HAR,0.0002432313863875497,0.0003306532962144451,7.35855e-05,6.733334e-05,7.7816934e-05,4.9125915e-06,4.832188881581062,4.487499247216738
2026-01-02,2026,0.00060395536,EWMA,0.0002512173981305279,0.00017102829421499003,0.0002024319,0.00019608763,0.00020850403,4.454846e-06,-0.37924487573644683,0.3634694336823383
2026-01-05,2026,0.00057739177,EWMA,0.000255926262951227,0.00021162958218434873,0.00020637736,0.00020123378,0.00021154378,4.3673776e-06,0.04430335884726411,0.32647818649459914
2026-01-06,2026,0.00056978076,EWMA,0.0002559421426081194,0.000238172243839791,0.00020864033,0.00020305828,0.00021319656,4.1732756e-06,0.20623571456388312,0.3003746614995526
2026-01-07,2026,0.00056276127,EWMA,0.00026094991010931713,0.00020878018089209976,0.00021122496,0.0002069256,0.0002165513,3.7187156e-06,-0.019556421683759595,0.2962823689053087
2026-01-08,2026,0.00046710504,EWMA,0.00034330093898309863,0.0002917744835196815,0.0002799731,0.0002731779,0.00028679208,5.1705697e-06,0.02619373806357217,0.10385019995594735
2026-01-09,2026,0.00055451004,EWMA,0.0003791007784741291,0.0003259542049188108,0.00030430968,0.00029723308,0.00031479687,7.246888e-06,0.05228890026698618,0.13973550401022994
2026-01-12,2026,0.0005571206,EWMA,0.000357821087869257,0.0002991563637970173,0.00028310652,0.00027697196,0.0002894826,6.012019e-06,0.05043445581860517,0.17669253397163143
2026-01-13,2026,0.00058948743,EWMA,0.0004161784449911688,0.0003431690650897024,0.00032375162,0.00031484908,0.00033219808,7.551483e-06,0.04477931986296557,0.1532344696970629
2026-01-14,2026,0.0005614484,EWMA,0.0004177530496990085,0.00040178338699222474,0.00030324736,0.0002962639,0.000308181,4.7395215e-06,0.17269849727813558,0.18713991698423005
2026-01-15,2026,0.000400488,EWMA,0.0005123410594511584,0.000457162307877575,0.0003684242,0.00035833503,0.00037843414,8.162409e-06,-0.0048041486881968964,-0.02440839098701808
2026-01-16,2026,0.00041613905,EWMA,0.000492594665865001,0.0004501742427127856,0.0003513037,0.00034202356,0.0003611574,6.761675e-06,0.012177281118777472,0.0017308469386527747
2026-01-19,2026,0.0008353249,EWMA,0.0004630986345820309,0.00037110338693394356,0.00035183394,0.00034266253,0.0003613118,6.9120083e-06,0.06995845702571835,0.29564824400984513
2026-01-20,2026,0.0009328321,EWMA,0.00044503335844219303,0.0004445832639648365,0.0003524095,0.0003429685,0.00036335064,7.733976e-06,0.31645143441195156,0.31756162884464434
2026-01-21,2026,0.0009385127,EWMA,0.0004334839969642959,0.00034244954565174166,0.00036113206,0.00035255981,0.00037044834,7.2164125e-06,-0.08865991360809478,0.2511505299171697
2026-01-22,2026,0.00093512,EWMA,0.00043446263455778874,0.0003063859823604026,0.00036728507,0.00035657512,0.0003776033,8.691648e-06,-0.32477199323258077,0.22570158180573774
2026-01-23,2026,0.00077858765,EWMA,0.0005296869543329081,0.00025009138839240377,0.0004446909,0.0004358732,0.00045428495,8.823492e-06,-0.7868082064949347,0.10604307292721948
2026-01-26,2026,0.00078492047,EWMA,0.0005013103313691006,0.00024409923767313547,0.0004297136,0.00041024672,0.00044268812,1.3918353e-05,-0.823422229042861,0.10676898131984736
2026-01-27,2026,0.00064567727,EWMA,0.0005750892389542871,0.0003384962875581862,0.0004884817,0.00047634673,0.0004989811,9.522273e-06,-0.21889371135897573,0.03583844632444233
2026-01-28,2026,0.0006430843,EWMA,0.0005463114784518505,0.0004313854148479314,0.00046421195,0.00044832245,0.00048040546,1.2200005e-05,-0.03207781042055036,0.045338146296384885
2026-01-29,2026,0.0007021444,EWMA,0.0005136802805538467,0.0004405153699610772,0.00043744952,0.00041973716,0.0004506582,1.11606e-05,0.004186885859939871,0.0775570305971156
2026-01-30,2026,0.00067220983,EWMA,0.0005054737255615605,0.00037940930998668404,0.00043327227,0.00042433536,0.00044333877,8.687326e-06,-0.08750448707343139,0.06748127382150493
2026-02-02,2026,0.00026752803,EWMA,0.0007864312274791395,0.0005326700427601558,0.00067549146,0.000657326,0.00069530384,1.4117306e-05,0.13134813115875588,-0.09619511170803197
2026-02-03,2026,0.00017882083,EWMA,0.000821360548062212,0.0007304455147621861,0.00070874416,0.000686614,0.00072984496,1.8954697e-05,-0.022664057681752503,-0.11287390338829706
2026-02-04,2026,0.00023339741,EWMA,0.0007914491503030605,0.0005856988902935265,0.00067404757,0.0006487885,0.00069831556,1.8791978e-05,0.08826352638534374,-0.10920123642320245
2026-02-05,2026,0.00023722657,EWMA,0.0007684309622382468,0.0006270045862625343,0.0006534943,0.000630898,0.00067806395,1.7970551e-05,0.026043414706559354,-0.1077199624337144
2026-02-06,2026,0.0002337063,EWMA,0.000727399115300297,0.0006789462599035435,0.000610938,0.00058906287,0.00063863286,1.9351857e-05,-0.06722878211070249,-0.11323330355445815
2026-02-09,2026,0.00023660035,EWMA,0.000691861588575199,0.0006886815704111479,0.00058197085,0.0005648228,0.00060278544,1.5326794e-05,-0.10536398614042763,-0.10839181151555266
2026-02-10,2026,0.00024525818,EWMA,0.0006508257496298386,0.0005448677865614651,0.00054228405,0.00051989977,0.0005677036,1.7227369e-05,-0.0026085955451549125,-0.10702470063923641
2026-02-11,2026,0.0002455084,EWMA,0.000615578633482212,0.0005070895907974353,0.0005121318,0.0004946056,0.0005277667,1.4281702e-05,0.005127566412105544,-0.10342092137810965
2026-02-12,2026,0.00020482347,EWMA,0.0006226408211007415,0.0004543205652695679,0.00050737505,0.0004883228,0.0005269037,1.3917373e-05,0.06330518264981233,-0.129986178885785
2026-02-13,2026,0.0002065611,EWMA,0.0005856715999165736,0.0004966934166260935,0.00047514294,0.0004581488,0.00048897363,1.1915729e-05,-0.02549506915397526,-0.12709988525036486
2026-02-16,2026,0.00082783407,EWMA,0.0005613595418979542,0.000406617451524592,0.0004914932,0.0004761081,0.000507346,1.2835656e-05,-0.1620040971294454,0.07671613434797031
2026-02-17,2026,0.0013728145,EWMA,0.0005439321489019112,0.0004640989928595127,0.0004925879,0.00047079218,0.0005117691,1.671776e-05,-0.11150267685597282,0.16392069178362068
2026-02-18,2026,0.001335702,EWMA,0.0005711870535691424,0.0004954037360525125,0.00053046807,0.00051446265,0.0005533136,1.5600132e-05,-0.10983336978863534,0.10554487208495544
2026-02-19,2026,0.0019825152,EWMA,0.0005642275717863979,0.0005658853488047675,0.00052639627,0.00050229655,0.0005418267,1.8699246e-05,0.1904791065551752,0.18311950947841993
2026-02-20,2026,0.0025816443,EWMA,0.000532834290423797,0.0004703673158701478,0.00048695767,0.00046571495,0.00050795544,1.5622092e-05,-0.15232897646096344,0.36642857263613937
2026-02-23,2026,0.0025892206,EWMA,0.00051111934902578,0.0004974630108205098,0.0004685874,0.0004488913,0.00048593595,1.6484017e-05,0.2609384005865234,0.3729222402332404
2026-02-24,2026,0.0028198352,EWMA,0.0004873560890649326,0.0005427691178387929,0.00044085988,0.0004259733,0.0004520411,1.26878e-05,0.992983839798522,0.5099631420802551
2026-02-25,2026,0.0028303633,EWMA,0.00046210290958366754,0.00048026394585332267,0.00041491172,0.00039489733,0.00043298505,1.51242e-05,0.7819841190049432,0.588918706155094
2026-02-26,2026,0.0042054094,EWMA,0.00044816696707990894,0.0004718730838456888,0.00040212605,0.0003878931,0.00041440903,1.2055141e-05,1.3858316417916603,0.9659605630610875
2026-02-27,2026,0.0042099836,EWMA,0.00042295628850804476,0.0004428728636781712,0.00038263208,0.00036856192,0.00039611422,1.1021437e-05,1.3504079278972432,0.9487904649900036
2026-03-02,2026,0.0036201067,EWMA,0.0008696738184263559,0.0010110103831384388,0.00077156274,0.00073399645,0.00079897826,2.7950733e-05,0.8409453532004738,0.4096118045097592
2026-03-03,2026,0.0035463094,EWMA,0.0012383705520137012,0.001677592608621035,0.0010901086,0.0010502285,0.0011314577,3.6201545e-05,0.7081605241940783,0.26196149130567825
2026-03-04,2026,0.004237397,EWMA,0.0011964048040123286,0.0013167443512753167,0.0010709239,0.0010189902,0.0011132002,3.6780242e-05,0.5320408222925526,0.3041930589998123
2026-03-05,2026,0.0039316113,EWMA,0.001632161311857242,0.0021043366117503427,0.0014503193,0.0013919121,0.0015088842,4.601192e-05,0.47030494095868214,0.1839002992968073
2026-03-06,2026,0.0037420655,EWMA,0.0019815178877438788,0.0027749417330677506,0.0017753204,0.0017000552,0.001848632,5.6360997e-05,0.31265622602885745,0.10945886028118235
2026-03-09,2026,0.0054595936,EWMA,0.0018785070209927709,0.0014690741436936344,0.0016923574,0.0016362389,0.001746792,5.0413255e-05,-0.34883104617077576,0.21532674678324737
2026-03-10,2026,0.005410151,EWMA,0.0019439213317813792,0.0018498761698985855,0.0017560808,0.0016794957,0.0018229245,5.3894873e-05,0.1041739682360121,0.19607502862487358
2026-03-11,2026,0.005398632,EWMA,0.0018390908315695374,0.0018005881927983037,0.0016488272,0.0015713653,0.0017065227,5.6393794e-05,0.18791604593689204,0.22952874767977693
2026-03-12,2026,0.0041509494,EWMA,0.002763444191549502,0.00293336029061929,0.002483399,0.002407182,0.0025699644,6.4128624e-05,0.08987526314118277,0.06253675085197141
2026-03-13,2026,0.004617927,EWMA,0.0026027130997359382,0.0028296534300444394,0.0023244347,0.0022411672,0.0023868778,6.617619e-05,0.15803466286245715,0.09933636669328028
2026-03-16,2026,0.004573082,EWMA,0.0024806886174724295,0.0031402089824568605,0.0021865023,0.0020857027,0.002276704,7.376648e-05,0.2732208597634278,0.12179982933140288
2026-03-17,2026,0.004229823,EWMA,0.0026979334477084745,0.0033139761298885766,0.0023690253,0.002284313,0.0024372062,6.07749e-05,0.17344074224991068,0.08766119124822414
2026-03-18,2026,0.0038307107,EWMA,0.0030814948039272253,0.006150550875442319,0.0026770935,0.0025473891,0.0027835397,8.991048e-05,-0.023712447827058725,0.04710448983187643
2026-03-19,2026,0.0038774854,EWMA,0.0031771139322246673,0.004513330014673426,0.002750363,0.0026497357,0.0028557337,8.337716e-05,0.05538774147189862,0.04512562111846474
2026-03-20,2026,0.0041013206,EWMA,0.003293044311774129,0.006304463597135279,0.0028601612,0.0027788836,0.002949187,7.059203e-05,-0.006974899249785338,0.04756331836851668
2026-03-23,2026,0.0038963354,EWMA,0.004386527680941291,0.0061463583240727905,0.003822122,0.0036386957,0.0040000677,0.00012481448,-0.08956304124310854,-0.006565881237019511
2026-03-24,2026,0.0037711281,EWMA,0.00426475175944633,0.006689436798134676,0.003715612,0.00359624,0.003820606,0.000104701416,-0.13678870888659755,-0.007154272431550979
2026-03-25,2026,0.0037667586,EWMA,0.004012119321368378,0.007312823819562678,0.0034609132,0.0033500802,0.0035613193,8.467883e-05,-0.17481518670475982,0.0017390659455021051
2026-03-26,2026,0.003741554,EWMA,0.0038797439179157943,0.007368853038541778,0.003374928,0.0032526632,0.0035133678,0.00010277496,-0.18000839452184003,0.004855394611828601
2026-03-27,2026,0.0034117086,EWMA,0.003998744087827326,0.011727515044342322,0.0034855343,0.0033681255,0.003638433,0.0001120866,-0.5254119156373696,-0.011734617941558056
2026-03-30,2026,0.0035142044,EWMA,0.0037596624578238903,0.009519370212362077,0.0032604178,0.0031513877,0.0033966606,9.975781e-05,-0.36279821014089375,0.0006520983174400641
2026-03-31,2026,0.0033859473,EWMA,0.0036453149713244907,0.012948223658226843,0.0031385026,0.0030129706,0.003265243,9.423477e-05,-0.5998701366974819,0.00029564025579276176
2026-04-01,2026,0.005860436,EWMA,0.003675710570622787,0.007555776674849797,0.0031549472,0.0030254745,0.003291148,0.000106022235,0.2085746219418798,0.11039563437491573
2026-04-02,2026,0.0056589106,EWMA,0.0037704048752356194,0.007640962808935949,0.003258575,0.0031643691,0.0033485277,9.950341e-05,0.14378585124195986,0.08985274073702332
2026-04-07,2026,0.0050905813,EWMA,0.004016925360172176,0.011142994152109585,0.0033925732,0.0032328465,0.0035252355,0.00011883945,-0.1455562859252284,0.06429632351850945
2026-04-08,2026,0.0039990754,EWMA,0.004914783607888874,0.013327530268016485,0.0041334736,0.003973132,0.0043158326,0.00012787385,-0.5032895648314302,-0.01932710172091312
2026-04-09,2026,0.003934093,EWMA,0.0046683517213557,0.007371777339665061,0.003879418,0.00373307,0.0040530637,0.00012521513,-0.16154964324876708,-0.013742953290052817
2026-04-10,2026,0.003949333,EWMA,0.0043882589997491315,0.008954397455470596,0.003634105,0.003476696,0.0037470977,0.00010831671,-0.25608986247049614,-0.001805313850475443
2026-04-13,2026,0.003860946,EWMA,0.004214602073590968,0.012693514971907464,0.0033894614,0.0032662572,0.0035092698,0.000103321836,-0.48548390240342254,0.005131046024322572
2026-04-14,2026,0.0038208296,EWMA,0.004068615715147206,0.012037682096095894,0.0032912237,0.0031958057,0.003388164,8.054545e-05,-0.45327364163594375,0.00977302734933172
2026-04-15,2026,0.0040100086,EWMA,0.003901440203739603,0.009235631832670288,0.0031265703,0.0030326513,0.0032391855,7.853628e-05,-0.23476296531752183,0.03332138959106956
2026-04-16,2026,0.0039884904,EWMA,0.0036833610136422553,0.008321266268312326,0.0029164334,0.0027955654,0.0030410374,9.736552e-05,-0.1601741136077468,0.051287646202645476
2026-04-17,2026,0.0014218142,EWMA,0.0055486680777843645,0.009088371973751438,0.004202451,0.0040297545,0.0043940614,0.00014291062,-0.5894413219044292,-0.19580445482609754
2026-04-20,2026,0.0013025868,EWMA,0.005381361621684414,0.008092487542588908,0.0039364486,0.0037782728,0.004100533,0.00013725189,-0.5507156454960551,-0.22381367861578205
2026-04-21,2026,0.0022174548,EWMA,0.005109266199579249,0.006453927626979178,0.0033309995,0.0032182063,0.0034371833,9.204569e-05,-0.33929615481303443,-0.19608735816993672
2026-04-22,2026,0.001808502,EWMA,0.005131190974644082,0.009314899512550637,0.0033160546,0.0032150573,0.0034080213,8.1489314e-05,-0.6816134133605978,-0.24363713632311512
2026-04-23,2026,0.0018343737,EWMA,0.004823528144016918,0.007276454829125008,0.0030722725,0.0029928386,0.003180899,7.685954e-05,-0.5172495350479336,-0.2343113174592535
2026-04-24,2026,0.0018821129,EWMA,0.004545439954974718,0.006540902419179846,0.0029184998,0.0028236832,0.00300297,7.4644166e-05,-0.4498600292244017,-0.21223043812062503
2026-04-27,2026,0.002083846,EWMA,0.004296728943894648,0.006282118397316282,0.0027234408,0.0026224398,0.0028546168,8.138303e-05,-0.4023699724624903,-0.17579030398766982
2026-04-28,2026,0.0019896678,EWMA,0.004116030275286117,0.005902881618037842,0.0026007912,0.002524131,0.0027055666,7.2688395e-05,-0.39166810486881953,-0.17744427188293077
2026-04-29,2026,0.0017001022,EWMA,0.004086466818235127,0.00480029067289576,0.0025491924,0.0024619738,0.0026457042,7.839502e-05,-0.32014841218993073,-0.2210184701317841
2026-04-30,2026,0.001773656,EWMA,0.0038413096130921836,0.005460383449139888,0.0023760302,0.0022790155,0.0024637477,7.581223e-05,-0.41043178702340644,-0.1956356267477357
2026-05-01,2026,0.0015879923,EWMA,0.003791500434644828,0.004773539759731683,0.0023730388,0.0023021954,0.0024691445,6.820814e-05,-0.3624014301595091,-0.21823909971490263
2026-05-05,2026,0.0015167982,EWMA,0.003641103113016225,0.0034662657633816466,0.002267989,0.0021914502,0.0023342117,6.232736e-05,-0.19298734997769795,-0.2211841837538726
2026-05-06,2026,0.000794559,EWMA,0.004152670783443999,0.004228108486738528,0.002540206,0.002452875,0.0026274165,6.964572e-05,-0.38463942880775726,-0.37005021449387243
2026-05-07,2026,0.0008438976,EWMA,0.003928362536678453,0.004053835153319269,0.0023971102,0.0023158372,0.002475784,6.308486e-05,-0.38152420761646955,-0.3567325770841592
2026-05-08,2026,0.00082767557,EWMA,0.0037120779937914327,0.00439716470921825,0.0022672873,0.00218916,0.0023563458,6.367321e-05,-0.4855541851311038,-0.35092494561535226
2026-05-11,2026,0.00092146103,EWMA,0.0035361209675545025,0.004447874927392782,0.002119209,0.0020450938,0.002203784,7.357308e-05,-0.513738715554644,-0.33775907377213343
2026-05-12,2026,0.0010060932,EWMA,0.003497746538882932,0.005066166872873073,0.0020789986,0.0020029144,0.0021577599,6.791471e-05,-0.6053571248322553,-0.32394133151807125
2026-05-13,2026,0.0010254296,EWMA,0.0032950638909360988,0.00472573021741719,0.0019590356,0.0018996984,0.0020408297,5.2130647e-05,-0.5741224625570052,-0.3077390578032535
2026-05-14,2026,0.00109783,EWMA,0.0030997693086338785,0.004592241776979429,0.0018602682,0.001799603,0.0019243725,5.3784064e-05,-0.5525634414798617,-0.27462600063324505
2026-05-15,2026,0.0013447488,EWMA,0.0029684242599499885,0.003298539277405452,0.0017618217,0.0017110398,0.0018058637,3.853774e-05,-0.2715397111931708,-0.21142887292278534
2026-05-18,2026,0.0012874849,EWMA,0.0028331414358820943,0.0027990634168691187,0.0016214835,0.0015590156,0.0016670995,4.187721e-05,-0.21189664259045848,-0.21846524018030777
2026-05-19,2026,0.0013570773,EWMA,0.002687387318382403,0.0022252115191817843,0.0014828427,0.0014308557,0.0015294857,4.286205e-05,-0.10056911384536882,-0.18440236745987448
2026-05-20,2026,0.0011690054,EWMA,0.002719948500683593,0.0028288932937556408,0.0013728836,0.0013290034,0.001427205,3.66616e-05,-0.28471357443097567,-0.26199276797407567
2026-05-21,2026,0.0011158524,EWMA,0.002618235187704687,0.0025475254610981056,0.0013118677,0.0012642067,0.0013582457,3.469841e-05,-0.251101836882234,-0.26665056360304007
2026-05-22,2026,0.0011062265,EWMA,0.002468514177966684,0.002532771600495194,0.0012308742,0.0011977642,0.001271887,2.9922357e-05,-0.25962238255707515,-0.24529395889905814
2026-05-26,2026,0.0010688398,EWMA,0.002436802403373109,0.002964685451885515,0.0012000625,0.0011621078,0.001229758,2.8116776e-05,-0.37426770381685337,-0.2562835189638193
2026-05-27,2026,0.000777826,EWMA,0.00252722256528881,0.003110260667740098,0.0012553841,0.001209538,0.0012934202,3.5113866e-05,-0.5377567845092441,-0.38786627003593477
2026-05-28,2026,0.0008427838,EWMA,0.002397127735162995,0.0021582249548600715,0.0011779258,0.001147029,0.0012089316,2.7285216e-05,-0.28054836577099085,-0.3466155980420158
2026-05-29,2026,0.0009814551,EWMA,0.0023094633733935963,0.001949629430585299,0.0011232774,0.0010888209,0.0011534287,2.4599784e-05,-0.18105223195812847,-0.27199319395151633
2026-06-01,2026,0.00090586575,EWMA,0.0024088625008192254,0.002300884160039827,0.0011693637,0.0011333869,0.0012083052,2.8681121e-05,-0.29587150486539304,-0.324084755167914
2026-06-02,2026,0.0011248153,EWMA,0.0022646375314341084,0.001848675222962083,0.0010957341,0.0010607837,0.0011383495,3.057438e-05,-0.10494832412675148,-0.1961364584233154
2026-06-03,2026,0.0010230289,EWMA,0.002204662846729035,0.0018225089722511225,0.0010672337,0.0010305654,0.0011019397,2.5979072e-05,-0.13789409576718192,-0.2309542552619961
2026-06-04,2026,0.0009651354,EWMA,0.0021265527339379264,0.0017922231913250024,0.0010272326,0.0009963922,0.0010534899,2.1805625e-05,-0.15555237656217535,-0.24193454072647658
2026-06-05,2026,0.000954775,EWMA,0.002020979535521028,0.0019834974278505474,0.0009542451,0.00092959014,0.00097282755,2.0205807e-05,-0.2125003993362249,-0.2222935139410831
2026-06-08,2026,0.0012105078,EWMA,0.001899947057231756,0.0017951503055137574,0.0009130161,0.0008880977,0.0009468916,2.2110065e-05,-0.024577630672989237,-0.04412087911314089
2026-06-09,2026,0.0011021727,EWMA,0.001874591440981007,0.001882902131904808,0.0008973989,0.00087219256,0.0009220676,2.2036429e-05,-0.09824165357545045,-0.09641320711444035
2026-06-10,2026,0.0013119437,EWMA,0.0017826798496606705,0.0018449438503829298,0.00085780246,0.0008328046,0.00088902557,2.3557657e-05,0.052491548128032584,0.061985821058495816
2026-06-11,2026,0.0012691879,EWMA,0.0017454857457996369,0.001628420957760968,0.0008432575,0.00082149776,0.00086338364,1.6510481e-05,0.06760957618825092,0.05045951436967311
2026-06-12,2026,0.001302547,EWMA,0.0017998769611957783,0.0014493354138664064,0.00086860463,0.00085315265,0.0008864538,1.6276217e-05,0.08889309214794405,0.047313409150461005
2026-06-15,2026,0.0010983337,EWMA,0.001873729690992582,0.001524254057673125,0.0009083817,0.00087982876,0.0009430764,2.5975321e-05,-0.029056695154430656,-0.10108629802904279
2026-06-16,2026,0.00090428453,EWMA,0.0019241726419475347,0.0015968880629280387,0.00091986934,0.0008901619,0.000944935,2.2484663e-05,-0.13480205263236744,-0.22492231900647575
2026-06-17,2026,0.0009343453,EWMA,0.0018090540966220368,0.0014755417092623844,0.00086861744,0.0008451856,0.000891959,2.0322175e-05,-0.08743003321510212,-0.1744698634504802
2026-06-18,2026,0.00092990213,EWMA,0.0017116972835294808,0.001214783775930512,0.00081859925,0.0007938745,0.00084323727,1.6850801e-05,-0.024247020110554907,-0.14494177913184192
2026-06-19,2026,0.0009110822,EWMA,0.0016233233163713014,0.0011511248020386613,0.00078884145,0.0007626012,0.00080895005,1.7520038e-05,-0.014438363527118803,-0.12794809109422633
2026-06-22,2026,0.0006712541,EWMA,0.0017160200480962017,0.0010773031513182166,0.0008297041,0.00080232474,0.00085242593,1.9420877e-05,-0.07520614821493599,-0.3088346618837008
2026-06-23,2026,0.0007588976,EWMA,0.0016212661851346584,0.0013662256399858842,0.0007809315,0.0007562673,0.00080428243,1.9205958e-05,-0.14300486036986815,-0.22677964636770032
2026-06-24,2026,0.00092700537,EWMA,0.0017002994825959109,0.0014783952284370845,0.0008113497,0.0007864472,0.0008365189,2.0481799e-05,-0.08450094380379891,-0.14251450472017257
2026-06-25,2026,0.0009488484,EWMA,0.001636304025968488,0.0014444430871570382,0.00078843033,0.00076837215,0.00080798555,1.4888867e-05,-0.05886563420465851,-0.10655911196186185
2026-06-26,2026,0.00070143264,EWMA,0.0017220137544104869,0.0014641572344050683,0.00083200383,0.0008079017,0.00085174444,1.8162777e-05,-0.2012030520370276,-0.29168120600836556
2026-06-29,2026,0.0015335474,EWMA,0.00164891923079538,0.0013736246259192972,0.00080388633,0.0007852131,0.0008281978,2.0586323e-05,0.25549269191718427,0.25921767000468243
2026-06-30,2026,0.0015709599,EWMA,0.0015687782117844338,0.0010400472546142014,0.00076693966,0.0007356999,0.0007868566,2.1424066e-05,0.23326573480819768,0.3313138261236217
2026-07-01,2026,0.001545804,EWMA,0.001497302057818201,0.0010306933431876682,0.00073026144,0.00070685253,0.00075141934,1.682199e-05,0.272426207300839,0.36637118511189737
2026-07-02,2026,0.0015858924,EWMA,0.0014153515306647804,0.0009132881847018597,0.0006934327,0.0006714792,0.00071704376,1.733599e-05,0.27515538304557907,0.4530443798893824
2026-07-03,2026,0.0017922962,EWMA,0.0013307853673796598,0.0007049614468717164,0.00065456744,0.00062965765,0.0006837049,2.015125e-05,0.12156669054425429,0.6817925510041691
2026-07-06,2026,0.0018290983,EWMA,0.0012629730551632673,0.0008511840918893875,0.00062471884,0.0006100166,0.00064246194,1.2317062e-05,0.4696608199407244,0.7757042413474267
2026-07-07,2026,0.0023065514,EWMA,0.0012604732131994655,0.0008732976435954913,0.0006329721,0.0006066477,0.0006584893,1.7794599e-05,0.6809542529627031,1.1252764398623256
2026-07-08,2026,0.0019018006,EWMA,0.0014859664444830348,0.0010981394120832626,0.00076193165,0.00073947746,0.0007795767,1.6223623e-05,0.39867054705069727,0.5482205583728739
2026-07-09,2026,0.0030928585,EWMA,0.0014510483780764505,0.0011942800482854375,0.00074205245,0.0007204553,0.00076546747,1.749489e-05,1.10237305340907,1.3658918384772623
2026-07-10,2026,0.003330137,EWMA,0.0013641786217052838,0.0010860491539552786,0.0007157465,0.00069699006,0.00073277135,1.8414523e-05,1.1694153208929823,1.56656529123266
2026-07-13,2026,0.0032393902,EWMA,0.001930361262243095,0.0014507022885456157,0.0010255373,0.0009889427,0.0010629295,2.9055233e-05,0.5789131797881204,0.8481080789267157
2026-07-14,2026,0.0036835629,EWMA,0.0018611107883069575,0.0015415797035987216,0.0009876194,0.0009529471,0.0010252814,2.751351e-05,0.8950008757618271,1.116879749286503
2026-07-15,2026,0.004205456,EWMA,0.0017534174952991693,0.0013207256602973025,0.0009391538,0.0009060079,0.0009639464,2.286915e-05,0.9527621619677307,1.455143854906166
2026-07-16,2026,0.0041547627,EWMA,0.0016858639016754922,0.0011609604996721135,0.00091851834,0.00089364767,0.0009365127,1.787711e-05,0.7103614040575397,1.4515886869388397
2026-07-17,2026,0.0042328825,EWMA,0.0017383122998446618,0.001333059713317124,0.00094698253,0.00092366984,0.00097244704,1.8961542e-05,0.9525983822974928,1.4274210660305826
2026-07-20,2026,0.004931269,EWMA,0.0016733723267832365,0.001521840518759025,0.00092406356,0.00090587506,0.0009400004,1.4969953e-05,1.597277038129719,1.7957840461318768
2026-07-21,2026,0.0044319285,EWMA,0.0020007354640597308,0.0021293811616513317,0.001111955,0.0010885318,0.0011422911,2.3374245e-05,1.2546744429388221,1.183163633695652
2026-07-22,2026,0.0044315355,EWMA,0.0018813040824463964,0.0017758337750938655,0.0010653158,0.0010456704,0.0010896022,1.7437129e-05,1.1533664297032975,1.235573023240795
2026-07-23,2026,0.003283269,EWMA,0.002706971573163668,0.0034813401217728473,0.0015342195,0.0014741683,0.0015723346,3.4093922e-05,0.3775251609477728,0.3593230981611688
2026-07-24,2026,0.0030981891,EWMA,0.0027209148739571914,0.0030549536144231903,0.0015477634,0.0015126651,0.0015996011,3.2955853e-05,0.30761406187810714,0.2989057562912576
2026-07-27,2026,0.002638627,EWMA,0.0031383180298038267,0.0033667810976565136,0.0017873232,0.0017471566,0.0018265831,3.3108667e-05,0.059339018431764146,0.07255565910908501
2026-07-28,2026,0.002134855,EWMA,0.0033263678840088676,0.002845712411574178,0.0018944384,0.001852166,0.0019441058,4.2705436e-05,-0.030185042079700075,-0.07784966394065851
2026-07-29,2026,0.0016139565,EWMA,0.0035182408615460946,0.004094023374877038,0.0020157078,0.0019282358,0.0020997825,5.7093373e-05,-0.30209066993922207,-0.21504062014527214
2026-07-30,2026,0.0016167574,EWMA,0.003307160466285136,0.0033926868452624384,0.001885672,0.0018330847,0.001951341,4.8843325e-05,-0.20648925585650346,-0.1932808601342817
2026-07-31,2026,0.0013317569,EWMA,0.003320331472100338,0.004128677294495931,0.0018899285,0.0018534315,0.0019320633,3.0003072e-05,-0.3993207487057413,-0.2599572287647547
2026-08-03,2026,0.00058233493,EWMA,0.003678990408248282,0.0036199511396103204,0.0020972104,0.0020379834,0.0021576167,4.1046624e-05,-0.4290494265395868,-0.4426457057513371
2026-08-04,2026,0.00059838704,EWMA,0.0035152788526953875,0.004564410777782705,0.0020309447,0.001974621,0.0021007662,4.4122524e-05,-0.6462519769529749,-0.4242076088456228
2026-08-05,2026,0.00069481635,EWMA,0.0033046831772756626,0.004483392184693466,0.0019011932,0.0018662338,0.0019382223,3.5355326e-05,-0.6474105494312878,-0.3976476533407718
2026-08-06,2026,0.000609569,EWMA,0.0031924126597675435,0.004599381945382759,0.0018202364,0.0017580373,0.0018761137,4.5037283e-05,-0.7246038128222612,-0.4178690702172494
2026-08-07,2026,0.00065069174,EWMA,0.0030398162589249543,0.0037850989132061086,0.0017529816,0.0016997167,0.0017953842,4.1383006e-05,-0.5704712761927171,-0.39334382161758263
2026-08-10,2026,0.0005253954,EWMA,0.0030968814926455868,0.0040409061918879035,0.0017872157,0.0017339151,0.0018451071,4.534511e-05,-0.6518549901217918,-0.42541550297415753
2026-08-11,2026,0.00076646276,EWMA,0.0029133898036486205,0.003014106963364164,0.0016799681,0.0016374192,0.0017288738,3.7130987e-05,-0.38258411458311414,-0.35738879001820045
2026-08-12,2026,0.00076296856,EWMA,0.0027432983550998743,0.002435313930255576,0.001591688,0.0015378764,0.0016376283,3.8769584e-05,-0.25922874712842425,-0.34314121351314597
2026-08-13,2026,0.0008335242,EWMA,0.002580794063423947,0.0028445343853442913,0.0015072952,0.0014819845,0.001537438,2.7519156e-05,-0.3751158589788597,-0.3077590002193977
2026-08-14,2026,0.0008358075,EWMA,0.002425947296332553,0.002481875177545207,0.0014261332,0.0013952417,0.0014580758,3.209617e-05,-0.30474665274714763,-0.28971812636611105
2026-08-17,2026,0.0012898407,EWMA,0.0022818578346150585,0.0023374559798600113,0.001338777,0.0012951385,0.0013985496,3.6485515e-05,-0.14567353610803835,-0.13504544675403185
2026-08-18,2026,0.0012232827,EWMA,0.0022138921609358895,0.002537947069571781,0.0013028883,0.0012763388,0.001338145,2.5932059e-05,-0.20986822262255345,-0.14381635804018877
2026-08-19,2026,0.0012139286,EWMA,0.0021529740462941376,0.0017819486144343667,0.0012705044,0.0012371319,0.0012965,2.4599478e-05,-0.06406029119096601,-0.13580438299613107
2026-08-20,2026,0.0012121152,EWMA,0.002046513857545911,0.0015810480320597308,0.0012316152,0.0012018852,0.0012741372,2.8730778e-05,-0.03224732247891726,-0.11592710601733014
2026-08-21,2026,0.00116509,EWMA,0.001993203086868864,0.002152543545463235,0.0012020301,0.0011747549,0.001229061,2.4093473e-05,-0.15463172055938923,-0.12099398616170642
2026-08-24,2026,0.0009924258,EWMA,0.002020038332868987,0.0019390412029327434,0.0012334712,0.0012118998,0.001264404,2.174301e-05,-0.15959431866955764,-0.17999511671559976
2026-08-25,2026,0.000847113,EWMA,0.002080138704931228,0.0018663928436698151,0.0012784892,0.0012443626,0.0013117717,2.7880596e-05,-0.1696165420467466,-0.23140510294565964
