date,BRENT,WTI,NATGAS,VIX,DTWEXBGS,DGS2,DGS10,DGS30,DFF,SOFR,SPREAD_US10Y_US2Y,SPREAD_WTI_BRENT
2007-01-01,,,,,97.0323,,,,5.17,,,
2007-01-02,58.49,60.77,5.4,,,4.8,4.68,4.79,5.3,,-0.1200000000000001,2.280000000000001
2007-01-03,56.63,58.31,5.47,12.04,97.1281,4.76,4.67,4.77,5.28,,-0.08999999999999986,1.6799999999999997
2007-01-04,54.58,55.65,5.6,11.51,97.5251,4.71,4.62,4.72,5.24,,-0.08999999999999986,1.0700000000000003
2007-01-05,52.82,56.29,5.52,12.14,97.7801,4.76,4.65,4.74,5.21,,-0.10999999999999943,3.469999999999999
2007-01-08,52.82,56.08,6.02,12.0,97.788,4.78,4.66,4.74,5.23,,-0.1200000000000001,3.259999999999998
2007-01-09,52.38,55.65,6.15,11.91,97.9642,4.79,4.66,4.74,5.25,,-0.1299999999999999,3.269999999999996
2007-01-10,52.11,53.95,6.42,11.47,98.0943,4.81,4.69,4.77,5.26,,-0.11999999999999922,1.8400000000000034
2007-01-11,51.68,51.91,6.09,10.87,98.0845,4.86,4.74,4.82,5.27,,-0.1200000000000001,0.22999999999999687
2007-01-12,49.95,52.96,5.97,10.15,97.921,4.88,4.77,4.86,5.22,,-0.11000000000000032,3.009999999999998
2007-01-15,,,,,97.9201,,,,5.22,,,
2007-01-16,51.28,51.23,6.82,10.74,97.9816,4.86,4.75,4.85,5.28,,-0.11000000000000032,-0.05000000000000426
2007-01-17,51.19,52.3,6.57,10.59,97.7509,4.91,4.79,4.88,5.25,,-0.1200000000000001,1.1099999999999994
2007-01-18,50.83,50.51,6.29,10.85,97.8286,4.89,4.75,4.85,5.23,,-0.13999999999999968,-0.3200000000000003
2007-01-19,52.29,51.98,6.4,10.4,97.6868,4.93,4.78,4.87,5.25,,-0.14999999999999947,-0.3100000000000023
2007-01-22,54.34,51.11,7.2,10.77,97.827,4.91,4.76,4.84,5.24,,-0.15000000000000036,-3.230000000000004
2007-01-23,53.93,53.61,7.53,10.34,97.8117,4.94,4.81,4.9,5.26,,-0.13000000000000078,-0.3200000000000003
2007-01-24,55.11,54.24,7.58,9.89,97.908,4.93,4.81,4.91,5.27,,-0.1200000000000001,-0.8699999999999974
2007-01-25,55.67,53.49,7.18,11.22,97.8396,4.98,4.87,4.96,5.31,,-0.11000000000000032,-2.1799999999999997
2007-01-26,55.29,55.38,6.95,11.13,98.1491,4.99,4.88,4.98,5.26,,-0.11000000000000032,0.09000000000000341
2007-01-29,54.71,54.01,7.35,11.45,98.2066,4.99,4.9,4.99,5.26,,-0.08999999999999986,-0.7000000000000028
2007-01-30,54.69,57.03,7.32,10.96,98.1515,4.98,4.88,4.98,5.23,,-0.10000000000000053,2.3400000000000034
2007-01-31,56.52,58.17,7.76,10.42,97.964,4.94,4.83,4.93,5.33,,-0.11000000000000032,1.6499999999999986
2007-02-01,56.74,57.35,7.93,10.31,97.7101,4.96,4.84,4.93,5.29,,-0.1200000000000001,0.6099999999999994
2007-02-02,56.93,59.01,8.17,10.08,97.9743,4.94,4.83,4.93,5.24,,-0.11000000000000032,2.0799999999999983
2007-02-05,58.67,58.69,9.14,10.55,97.87,4.92,4.81,4.91,5.25,,-0.11000000000000032,0.01999999999999602
2007-02-06,58.04,58.91,8.29,10.65,97.7357,4.9,4.77,4.87,5.24,,-0.13000000000000078,0.8699999999999974
2007-02-07,58.35,57.75,7.9,10.32,97.7239,4.87,4.74,4.86,5.23,,-0.1299999999999999,-0.6000000000000014
2007-02-08,57.24,59.76,8.06,10.44,97.8169,4.87,4.73,4.81,5.25,,-0.13999999999999968,2.519999999999996
2007-02-09,57.21,59.86,8.16,11.1,97.7076,4.92,4.79,4.87,5.25,,-0.1299999999999999,2.6499999999999986
2007-02-12,55.52,57.76,7.78,11.61,97.9409,4.94,4.8,4.88,5.28,,-0.14000000000000057,2.239999999999995
2007-02-13,56.12,58.98,8.09,10.34,97.7063,4.95,4.82,4.9,5.26,,-0.1299999999999999,2.8599999999999994
2007-02-14,55.05,58.0,8.9,10.23,97.2779,4.87,4.74,4.83,5.27,,-0.1299999999999999,2.950000000000003
2007-02-15,54.25,57.92,8.91,10.22,97.1588,4.83,4.7,4.81,5.29,,-0.1299999999999999,3.6700000000000017
2007-02-16,56.78,59.38,8.45,10.02,97.164,4.83,4.69,4.79,5.24,,-0.13999999999999968,2.6000000000000014
2007-02-19,,,,,97.1545,,,,5.24,,,
2007-02-20,55.91,58.32,7.34,10.24,97.321,4.81,4.68,4.78,5.27,,-0.1299999999999999,2.4100000000000037
2007-02-21,57.74,59.4,7.51,10.2,97.27,4.82,4.69,4.79,5.23,,-0.1299999999999999,1.6599999999999966
2007-02-22,58.62,60.28,7.47,10.18,97.266,4.87,4.73,4.83,5.26,,-0.13999999999999968,1.6600000000000037
2007-02-23,60.38,60.28,7.53,10.58,97.1756,4.82,4.68,4.79,5.24,,-0.14000000000000057,-0.10000000000000142
2007-02-26,60.34,61.41,7.73,11.15,97.2281,4.77,4.63,4.73,5.3,,-0.13999999999999968,1.0699999999999932
2007-02-27,60.28,61.46,7.44,18.31,97.0883,4.59,4.5,4.62,5.27,,-0.08999999999999986,1.1799999999999997
2007-02-28,59.39,61.78,7.23,15.42,97.2386,4.65,4.56,4.68,5.41,,-0.09000000000000075,2.3900000000000006
2007-03-01,61.18,61.97,7.07,15.82,97.3358,4.63,4.56,4.68,5.31,,-0.07000000000000028,0.7899999999999991
2007-03-02,61.92,61.58,7.22,18.61,97.3691,4.56,4.52,4.65,5.23,,-0.040000000000000036,-0.3400000000000034
2007-03-05,59.78,60.05,7.36,19.63,97.6716,4.53,4.51,4.64,5.27,,-0.020000000000000462,0.269999999999996
2007-03-06,59.68,60.66,7.55,15.96,97.5123,4.58,4.53,4.66,5.22,,-0.04999999999999982,0.9799999999999969
2007-03-07,61.13,61.85,7.5,15.24,97.4558,4.54,4.5,4.64,5.24,,-0.040000000000000036,0.7199999999999989
2007-03-08,60.9,61.63,7.14,14.29,97.5731,4.56,4.51,4.65,5.24,,-0.04999999999999982,0.730000000000004
2007-03-09,60.25,60.06,7.05,14.09,97.4559,4.66,4.59,4.72,5.24,,-0.07000000000000028,-0.18999999999999773
2007-03-12,60.59,58.94,6.81,13.99,97.3013,4.62,4.56,4.69,5.25,,-0.0600000000000005,-1.6500000000000057
2007-03-13,61.52,58.03,6.78,18.13,97.2203,4.52,4.5,4.66,5.25,,-0.019999999999999574,-3.490000000000002
2007-03-14,60.89,58.15,6.86,17.27,97.2759,4.54,4.53,4.69,5.27,,-0.009999999999999787,-2.740000000000002
2007-03-15,60.4,57.52,7.02,16.43,97.2476,4.57,4.54,4.69,5.29,,-0.03000000000000025,-2.8799999999999955
2007-03-16,60.93,57.06,6.84,16.79,97.0407,4.58,4.55,4.7,5.25,,-0.03000000000000025,-3.8699999999999974
2007-03-19,60.49,56.65,6.7,14.59,97.1062,4.61,4.58,4.72,5.26,,-0.03000000000000025,-3.8400000000000034
2007-03-20,60.11,56.41,6.81,13.27,96.7985,4.6,4.56,4.71,5.26,,-0.040000000000000036,-3.700000000000003
2007-03-21,60.18,56.98,6.82,12.19,96.6195,4.51,4.53,4.7,5.26,,0.020000000000000462,-3.200000000000003
2007-03-22,61.57,60.21,7.07,12.93,96.3893,4.58,4.6,4.78,5.27,,0.019999999999999574,-1.3599999999999994
2007-03-23,63.1,61.07,7.16,12.95,96.5662,4.6,4.62,4.8,5.24,,0.020000000000000462,-2.030000000000001
2007-03-26,64.43,61.77,7.15,13.16,96.5493,4.56,4.6,4.79,5.28,,0.040000000000000036,-2.6600000000000037
2007-03-27,64.25,62.98,7.15,13.48,96.4558,4.58,4.62,4.81,5.25,,0.040000000000000036,-1.2700000000000031
2007-03-28,66.15,64.11,7.47,14.98,96.4894,4.53,4.62,4.83,5.27,,0.08999999999999986,-2.0400000000000063
2007-03-29,67.19,66.1,7.34,15.14,96.5067,4.58,4.64,4.83,5.29,,0.05999999999999961,-1.0900000000000034
2007-03-30,68.47,65.94,7.5,14.64,96.3183,4.58,4.65,4.84,5.3,,0.07000000000000028,-2.530000000000001
2007-04-02,68.94,66.03,7.62,14.53,96.3175,4.6,4.65,4.84,5.25,,0.05000000000000071,-2.9099999999999966
2007-04-03,68.0,64.59,7.57,13.46,96.3774,4.63,4.67,4.85,5.2,,0.040000000000000036,-3.4099999999999966
2007-04-04,68.09,64.4,7.46,13.24,96.3646,4.61,4.66,4.85,5.21,,0.04999999999999982,-3.6899999999999977
2007-04-05,69.15,64.26,7.53,13.23,96.1188,4.63,4.68,4.87,5.3,,0.04999999999999982,-4.890000000000001
2007-04-06,,,,,96.2526,4.75,4.76,4.92,5.3,,0.009999999999999787,
2007-04-09,,61.51,7.65,13.14,96.293,4.73,4.75,4.92,5.28,,0.019999999999999574,
2007-04-10,67.64,61.92,7.65,12.68,96.1179,4.71,4.73,4.91,5.26,,0.020000000000000462,-5.719999999999999
2007-04-11,68.6,61.98,7.97,13.49,96.0293,4.73,4.74,4.92,5.24,,0.009999999999999787,-6.619999999999997
2007-04-12,67.79,63.87,7.95,12.71,95.7999,4.73,4.74,4.91,5.27,,0.009999999999999787,-3.920000000000009
2007-04-13,68.78,63.63,7.93,12.2,95.711,4.76,4.76,4.93,5.25,,0.0,-5.149999999999999
2007-04-16,67.1,63.63,7.66,11.98,95.5538,4.74,4.74,4.89,5.29,,0.0,-3.4699999999999918
2007-04-17,66.34,63.14,7.5,12.14,95.3832,4.68,4.69,4.85,5.2,,0.010000000000000675,-3.200000000000003
2007-04-18,65.09,63.14,7.54,12.42,95.3109,4.64,4.66,4.81,5.19,,0.020000000000000462,-1.9500000000000028
2007-04-19,66.17,61.81,7.54,12.54,95.2712,4.64,4.68,4.84,5.23,,0.040000000000000036,-4.359999999999999
2007-04-20,66.34,63.56,7.32,12.07,95.1692,4.64,4.68,4.85,5.25,,0.040000000000000036,-2.780000000000001
2007-04-23,66.8,65.33,7.24,13.04,95.1833,4.62,4.66,4.83,5.23,,0.040000000000000036,-1.4699999999999989
2007-04-24,67.94,64.1,7.57,13.12,95.1608,4.58,4.63,4.8,5.2,,0.04999999999999982,-3.8400000000000034
2007-04-25,67.44,65.33,7.6,13.21,94.8497,4.63,4.66,4.83,5.19,,0.03000000000000025,-2.1099999999999994
2007-04-26,67.51,65.08,7.56,12.79,95.1653,4.67,4.69,4.87,5.24,,0.020000000000000462,-2.430000000000007
2007-04-27,67.28,66.45,7.44,12.45,95.0103,4.67,4.71,4.89,5.24,,0.040000000000000036,-0.8299999999999983
2007-04-30,67.23,65.78,7.71,14.22,94.8365,4.6,4.63,4.81,5.29,,0.03000000000000025,-1.4500000000000028
2007-05-01,67.4,64.43,7.64,13.51,95.0037,4.63,4.64,4.81,5.26,,0.009999999999999787,-2.969999999999999
2007-05-02,65.57,63.78,7.64,13.08,95.0352,4.65,4.65,4.82,5.21,,0.0,-1.789999999999992
2007-05-03,64.85,63.23,7.58,13.09,95.0167,4.71,4.68,4.84,5.24,,-0.03000000000000025,-1.6199999999999974
2007-05-04,65.14,61.89,7.82,12.91,94.9118,4.68,4.65,4.8,5.24,,-0.02999999999999936,-3.25
2007-05-07,62.7,61.48,7.69,13.15,94.6914,4.68,4.64,4.79,5.24,,-0.040000000000000036,-1.220000000000006
2007-05-08,63.55,62.26,7.5,13.21,94.8648,4.68,4.63,4.8,5.21,,-0.04999999999999982,-1.2899999999999991
2007-05-09,63.5,61.54,7.46,12.88,94.7933,4.73,4.67,4.83,5.21,,-0.0600000000000005,-1.9600000000000009
2007-05-10,64.63,61.85,7.63,13.6,94.9506,4.7,4.65,4.83,5.25,,-0.04999999999999982,-2.779999999999994
2007-05-11,65.18,62.35,7.53,12.95,95.0035,4.71,4.67,4.85,5.27,,-0.040000000000000036,-2.8300000000000054
2007-05-14,65.86,62.55,7.85,13.96,94.8267,4.73,4.69,4.86,5.26,,-0.040000000000000036,-3.3100000000000023
2007-05-15,66.74,63.16,7.68,14.01,94.5574,4.75,4.71,4.88,5.29,,-0.040000000000000036,-3.5799999999999983
2007-05-16,66.83,62.57,7.62,13.5,94.8143,4.73,4.71,4.88,5.25,,-0.020000000000000462,-4.259999999999998
2007-05-17,69.08,64.83,7.69,13.51,94.8339,4.78,4.76,4.91,5.25,,-0.020000000000000462,-4.25
2007-05-18,69.26,64.93,7.87,12.76,94.6573,4.82,4.81,4.96,5.24,,-0.010000000000000675,-4.329999999999998
2007-05-21,69.51,66.25,7.66,13.3,94.7026,4.81,4.79,4.94,5.24,,-0.019999999999999574,-3.260000000000005
2007-05-22,70.05,64.91,7.6,13.06,94.5753,4.83,4.83,4.98,5.23,,0.0,-5.140000000000001
2007-05-23,71.01,65.1,7.51,13.24,94.4557,4.85,4.86,5.01,5.25,,0.010000000000000675,-5.910000000000011
2007-05-24,71.96,63.62,7.56,14.08,94.7025,4.85,4.86,5.0,5.24,,0.010000000000000675,-8.339999999999996
2007-05-25,70.72,64.59,7.47,13.34,94.5022,4.85,4.86,5.01,5.29,,0.010000000000000675,-6.1299999999999955
2007-05-28,,,,,94.4959,,,,5.29,,,
2007-05-29,69.31,63.19,7.51,13.53,94.3533,4.88,4.88,5.01,5.29,,0.0,-6.1200000000000045
2007-05-30,67.64,63.47,7.71,12.83,94.549,4.89,4.88,5.01,5.25,,-0.009999999999999787,-4.170000000000002
2007-05-31,68.18,64.02,7.8,13.05,94.3215,4.92,4.9,5.01,5.28,,-0.019999999999999574,-4.160000000000011
2007-06-01,68.65,65.09,7.57,12.78,94.132,4.97,4.95,5.06,5.23,,-0.019999999999999574,-3.5600000000000023
2007-06-04,70.9,66.17,7.73,13.29,93.9969,4.97,4.93,5.02,5.24,,-0.040000000000000036,-4.730000000000004
2007-06-05,71.36,65.63,7.83,13.63,93.9986,4.99,4.98,5.07,5.19,,-0.009999999999999787,-5.730000000000004
2007-06-06,71.5,65.97,7.83,14.87,94.1217,4.97,4.97,5.08,5.25,,0.0,-5.530000000000001
2007-06-07,72.36,66.93,7.89,17.06,94.3537,5.03,5.11,5.2,5.25,,0.08000000000000007,-5.429999999999993
2007-06-08,70.04,64.78,7.52,14.84,94.7599,5.01,5.12,5.22,5.26,,0.11000000000000032,-5.260000000000005
2007-06-11,68.85,65.93,7.42,14.71,94.6576,5.01,5.14,5.24,5.27,,0.1299999999999999,-2.9199999999999875
2007-06-12,68.56,65.36,7.45,16.67,94.6991,5.08,5.26,5.35,5.26,,0.17999999999999972,-3.200000000000003
2007-06-13,69.24,66.17,7.6,14.73,94.9011,5.08,5.2,5.28,5.26,,0.1200000000000001,-3.069999999999993
2007-06-14,71.18,67.62,7.48,13.64,94.9029,5.1,5.23,5.3,5.28,,0.13000000000000078,-3.5600000000000023
2007-06-15,71.63,68.04,7.58,13.94,94.6228,5.05,5.16,5.26,5.26,,0.11000000000000032,-3.589999999999989
2007-06-18,72.33,69.06,7.69,13.42,94.5475,5.01,5.15,5.26,5.23,,0.14000000000000057,-3.269999999999996
2007-06-19,72.17,69.15,7.46,12.85,94.3227,4.94,5.09,5.2,5.21,,0.14999999999999947,-3.019999999999996
2007-06-20,70.55,68.5,7.39,14.67,94.3618,4.97,5.14,5.24,5.27,,0.16999999999999993,-2.049999999999997
2007-06-21,71.81,68.35,7.24,14.21,94.6073,4.98,5.16,5.28,5.26,,0.17999999999999972,-3.460000000000008
2007-06-22,72.04,68.85,7.04,15.75,94.4371,4.92,5.14,5.25,5.24,,0.21999999999999975,-3.190000000000012
2007-06-25,71.36,68.83,6.77,16.65,94.5105,4.87,5.09,5.2,5.29,,0.21999999999999975,-2.530000000000001
2007-06-26,71.41,67.78,6.85,18.89,94.4678,4.9,5.1,5.22,5.25,,0.1999999999999993,-3.6299999999999955
2007-06-27,71.84,68.98,6.74,15.53,94.5633,4.91,5.09,5.2,5.26,,0.17999999999999972,-2.8599999999999994
2007-06-28,71.96,69.61,6.79,15.54,94.2395,4.96,5.12,5.22,5.26,,0.16000000000000014,-2.3499999999999943
2007-06-29,72.22,70.47,6.4,16.23,94.1393,4.87,5.03,5.12,5.31,,0.16000000000000014,-1.75
2007-07-02,72.9,71.11,6.24,15.4,93.634,4.86,5.0,5.09,5.31,,0.13999999999999968,-1.7900000000000063
2007-07-03,74.26,71.41,6.37,14.92,93.697,4.89,5.05,5.14,5.24,,0.16000000000000014,-2.8500000000000085
2007-07-04,,,,,93.6965,,,,5.24,,,
2007-07-05,75.4,71.81,6.3,15.48,93.7653,4.99,5.16,5.24,5.25,,0.16999999999999993,-3.5900000000000034
2007-07-06,76.58,72.8,6.15,14.72,93.5759,4.99,5.19,5.28,5.22,,0.20000000000000018,-3.780000000000001
2007-07-09,77.1,72.14,6.39,15.16,93.5519,4.97,5.16,5.25,5.22,,0.1900000000000004,-4.959999999999994
2007-07-10,77.88,72.8,6.44,17.57,93.3339,4.85,5.03,5.14,5.24,,0.1800000000000006,-5.079999999999998
2007-07-11,77.44,72.58,6.66,16.64,93.3089,4.89,5.09,5.18,5.24,,0.20000000000000018,-4.859999999999999
2007-07-12,78.24,72.55,6.26,15.54,93.1198,4.94,5.13,5.22,5.26,,0.1899999999999995,-5.689999999999998
2007-07-13,78.12,73.89,6.27,15.15,93.0133,4.94,5.11,5.19,5.25,,0.16999999999999993,-4.230000000000004
2007-07-16,78.17,74.11,6.32,15.59,92.9094,4.89,5.05,5.14,5.32,,0.16000000000000014,-4.060000000000002
2007-07-17,77.59,74.03,6.34,15.63,92.9095,4.91,5.08,5.16,5.28,,0.16999999999999993,-3.5600000000000023
2007-07-18,78.0,75.03,6.23,16.0,92.7959,4.84,5.02,5.1,5.26,,0.17999999999999972,-2.969999999999999
2007-07-19,78.37,75.9,6.5,15.23,92.7332,4.87,5.04,5.12,5.25,,0.16999999999999993,-2.469999999999999
2007-07-20,79.09,75.53,6.46,16.95,92.7179,4.79,4.96,5.07,5.25,,0.16999999999999993,-3.5600000000000023
2007-07-23,78.36,74.65,6.0,16.81,92.6585,4.8,4.97,5.07,5.26,,0.16999999999999993,-3.7099999999999937
2007-07-24,75.88,73.38,5.66,18.55,92.505,4.77,4.94,5.05,5.25,,0.17000000000000082,-2.5
2007-07-25,75.21,75.74,5.56,18.1,92.9189,4.74,4.92,5.04,5.32,,0.17999999999999972,0.5300000000000011
2007-07-26,77.28,74.96,5.83,20.74,93.1186,4.56,4.79,4.95,5.28,,0.23000000000000043,-2.3200000000000074
2007-07-27,76.58,77.03,5.77,24.17,93.5485,4.56,4.8,4.95,5.25,,0.2400000000000002,0.45000000000000284
2007-07-30,76.07,76.82,6.31,20.87,93.5918,4.59,4.82,4.97,5.29,,0.23000000000000043,0.75
2007-07-31,77.01,78.2,6.53,23.52,93.4264,4.56,4.78,4.92,5.28,,0.22000000000000064,1.1899999999999977
2007-08-01,77.11,76.49,6.19,23.67,93.4011,4.56,4.76,4.9,5.3,,0.20000000000000018,-0.6200000000000045
2007-08-02,76.14,76.84,6.34,21.22,93.3038,4.59,4.77,4.91,5.24,,0.17999999999999972,0.7000000000000028
2007-08-03,75.36,75.41,6.11,25.16,93.1039,4.46,4.71,4.87,5.24,,0.25,0.04999999999999716
2007-08-06,72.69,72.03,6.1,22.94,93.1112,4.46,4.72,4.89,5.26,,0.2599999999999998,-0.6599999999999966
2007-08-07,70.42,72.25,6.38,21.56,93.3171,4.56,4.77,4.92,5.26,,0.20999999999999996,1.8299999999999983
2007-08-08,70.73,72.23,6.24,21.45,93.0989,4.64,4.84,5.01,5.27,,0.20000000000000018,1.5
2007-08-09,70.08,71.62,6.45,26.48,93.441,4.49,4.79,5.02,5.41,,0.2999999999999998,1.5400000000000063
2007-08-10,69.57,71.49,6.57,28.3,93.5214,4.47,4.81,5.03,4.68,,0.33999999999999986,1.9200000000000017
2007-08-13,71.3,71.6,7.15,26.57,93.6032,4.46,4.78,5.01,4.81,,0.3200000000000003,0.29999999999999716
2007-08-14,69.29,72.4,6.86,27.68,94.0416,4.39,4.73,4.99,4.54,,0.34000000000000075,3.1099999999999994
2007-08-15,71.3,73.36,7.3,30.67,94.5014,4.27,4.69,5.0,4.71,,0.4200000000000008,2.0600000000000023
2007-08-16,68.77,70.99,6.96,30.83,94.9055,4.08,4.6,4.92,4.97,,0.5199999999999996,2.219999999999999
2007-08-17,69.8,71.9,7.14,29.99,94.319,4.18,4.68,5.0,4.91,,0.5,2.1000000000000085
2007-08-20,68.37,71.12,6.47,26.33,94.2138,4.11,4.64,4.98,5.03,,0.5299999999999994,2.75
2007-08-21,67.88,69.49,5.92,25.25,94.2676,4.05,4.6,4.95,4.89,,0.5499999999999998,1.6099999999999994
2007-08-22,67.73,69.3,5.84,22.89,94.0998,4.15,4.63,4.96,4.77,,0.47999999999999954,1.5699999999999932
2007-08-23,68.73,69.86,5.73,22.62,93.9827,4.2,4.62,4.93,4.88,,0.41999999999999993,1.1299999999999955
2007-08-24,69.49,71.17,5.69,20.72,93.6863,4.3,4.63,4.88,5.11,,0.33000000000000007,1.6800000000000068
2007-08-27,68.85,71.98,5.34,22.72,93.6109,4.28,4.6,4.87,5.27,,0.3199999999999994,3.1300000000000097
2007-08-28,69.66,71.79,5.56,26.3,93.8394,4.13,4.53,4.86,5.3,,0.40000000000000036,2.1300000000000097
2007-08-29,70.48,73.52,5.64,23.81,93.7174,4.14,4.57,4.88,5.0,,0.4300000000000006,3.039999999999992
2007-08-30,71.46,73.37,5.54,25.06,93.7324,4.08,4.51,4.83,5.0,,0.4299999999999997,1.9100000000000108
2007-08-31,72.29,73.98,5.49,23.38,93.6674,4.15,4.54,4.83,4.96,,0.3899999999999997,1.6899999999999977
2007-09-03,,,,,93.6691,,,,4.96,,,
2007-09-04,74.22,75.07,5.3,22.78,93.6433,4.13,4.56,4.84,5.22,,0.4299999999999997,0.8499999999999943
2007-09-05,74.72,75.74,5.8,24.58,93.5453,4.03,4.48,4.78,5.18,,0.4500000000000002,1.019999999999996
2007-09-06,76.21,76.34,6.02,23.99,93.4468,4.08,4.51,4.79,4.98,,0.4299999999999997,0.13000000000000966
2007-09-07,75.08,76.7,5.53,26.23,93.2939,3.9,4.38,4.7,4.86,,0.48,1.6200000000000045
2007-09-10,74.97,77.53,5.56,27.38,93.2349,3.87,4.34,4.65,5.07,,0.46999999999999975,2.5600000000000023
2007-09-11,76.23,78.16,5.98,25.27,92.9244,3.95,4.37,4.65,5.06,,0.41999999999999993,1.9299999999999926
2007-09-12,77.15,79.85,6.13,24.96,92.6386,3.95,4.41,4.68,5.18,,0.45999999999999996,2.6999999999999886
2007-09-13,77.84,80.05,6.27,24.76,92.6172,4.08,4.49,4.75,5.09,,0.41000000000000014,2.2099999999999937
2007-09-14,78.27,79.14,6.23,24.92,92.7083,4.05,4.47,4.72,5.25,,0.41999999999999993,0.8700000000000045
2007-09-17,77.99,80.55,6.38,26.48,92.823,4.08,4.48,4.72,5.33,,0.40000000000000036,2.5600000000000023
2007-09-18,77.0,81.51,6.42,20.35,92.6584,4.0,4.5,4.77,4.92,,0.5,4.510000000000005
2007-09-19,78.47,81.99,6.25,20.03,92.1534,4.0,4.53,4.83,4.74,,0.5300000000000002,3.519999999999996
2007-09-20,78.48,83.85,6.02,20.45,91.4212,4.1,4.69,4.96,4.77,,0.5900000000000007,5.36999999999999
2007-09-21,78.91,83.38,5.96,19.0,91.4854,4.06,4.64,4.89,4.76,,0.5800000000000001,4.469999999999999
2007-09-24,77.87,82.51,6.12,19.37,91.4017,4.05,4.63,4.88,4.74,,0.5800000000000001,4.640000000000001
2007-09-25,76.82,81.2,6.54,18.6,91.3392,4.0,4.63,4.89,4.82,,0.6299999999999999,4.38000000000001
2007-09-26,76.21,80.31,6.47,17.63,91.4335,3.97,4.63,4.9,4.88,,0.6599999999999997,4.1000000000000085
2007-09-27,78.88,82.86,6.38,17.0,91.3497,3.95,4.58,4.84,4.93,,0.6299999999999999,3.980000000000004
2007-09-28,80.97,81.64,6.15,18.0,90.9446,3.97,4.59,4.83,4.58,,0.6199999999999997,0.6700000000000017
2007-10-01,78.33,80.31,6.07,17.84,90.8801,4.02,4.56,4.79,4.92,,0.54,1.980000000000004
2007-10-02,76.87,80.0,6.55,18.49,91.12,3.98,4.54,4.77,4.78,,0.56,3.1299999999999955
2007-10-03,77.8,79.97,6.96,18.8,91.1038,4.02,4.55,4.79,4.68,,0.5300000000000002,2.1700000000000017
2007-10-04,77.84,81.48,6.91,18.44,91.1632,4.0,4.54,4.77,4.74,,0.54,3.6400000000000006
2007-10-05,79.05,81.2,6.77,16.91,90.7393,4.08,4.65,4.87,4.77,,0.5700000000000003,2.1500000000000057
2007-10-08,76.94,78.97,6.69,17.46,90.748,,,,4.77,,,2.030000000000001
2007-10-09,77.82,80.23,6.63,16.12,90.8609,4.15,4.67,4.87,4.91,,0.5199999999999996,2.410000000000011
2007-10-10,77.85,81.3,6.79,16.67,90.7154,4.15,4.65,4.86,4.52,,0.5,3.450000000000003
2007-10-11,80.83,83.05,6.85,18.88,90.4901,4.13,4.66,4.87,4.75,,0.5300000000000002,2.219999999999999
2007-10-12,80.82,83.73,6.46,17.73,90.5945,4.23,4.7,4.91,4.75,,0.46999999999999975,2.910000000000011
2007-10-15,82.5,86.19,7.09,19.25,90.5387,4.22,4.69,4.91,4.81,,0.47000000000000064,3.6899999999999977
2007-10-16,84.43,87.58,7.29,20.02,90.7123,4.12,4.66,4.9,4.68,,0.54,3.1499999999999915
2007-10-17,85.24,87.19,7.12,18.54,90.515,4.0,4.57,4.82,4.7,,0.5700000000000003,1.9500000000000028
2007-10-18,85.03,89.48,7.11,18.5,90.3084,3.93,4.52,4.78,4.69,,0.5899999999999994,4.450000000000003
2007-10-19,84.25,88.58,6.91,22.96,90.1014,3.8,4.41,4.68,4.77,,0.6100000000000003,4.329999999999998
2007-10-22,82.72,87.6,6.63,21.64,90.6777,3.85,4.42,4.68,4.71,,0.5699999999999998,4.8799999999999955
2007-10-23,82.31,86.45,6.3,20.41,90.1899,3.81,4.41,4.69,4.67,,0.6000000000000001,4.140000000000001
2007-10-24,83.47,88.3,6.11,20.8,90.2262,3.74,4.36,4.64,4.74,,0.6200000000000001,4.829999999999998
2007-10-25,85.4,92.09,6.49,21.17,89.9925,3.74,4.37,4.66,4.86,,0.6299999999999999,6.689999999999998
2007-10-26,84.71,91.73,6.43,19.56,89.6508,3.77,4.41,4.68,4.8,,0.6400000000000001,7.02000000000001
2007-10-29,89.87,93.45,6.66,19.87,89.4118,3.79,4.39,4.66,4.84,,0.5999999999999996,3.5799999999999983
2007-10-30,89.87,90.33,6.99,21.07,89.3252,3.82,4.4,4.68,4.78,,0.5800000000000005,0.45999999999999375
2007-10-31,89.87,94.16,7.28,18.53,89.1389,3.94,4.48,4.74,4.6,,0.5400000000000005,4.289999999999992
2007-11-01,90.36,93.53,7.09,23.21,89.1628,3.77,4.36,4.64,4.59,,0.5900000000000003,3.1700000000000017
2007-11-02,92.11,95.81,6.63,23.01,88.8924,3.66,4.31,4.61,4.28,,0.6499999999999995,3.700000000000003
2007-11-05,92.16,94.06,6.71,24.31,88.8851,3.69,4.35,4.63,4.29,,0.6599999999999997,1.9000000000000057
2007-11-06,93.99,96.65,7.2,21.39,88.4938,3.7,4.38,4.66,4.22,,0.6799999999999997,2.660000000000011
2007-11-07,94.85,96.46,7.42,26.49,88.0631,3.61,4.34,4.67,4.39,,0.73,1.6099999999999994
2007-11-08,94.4,95.51,6.81,26.16,88.2631,3.47,4.28,4.67,4.58,,0.81,1.1099999999999994
2007-11-09,92.32,96.36,6.59,28.5,88.4615,3.42,4.23,4.61,4.49,,0.8100000000000005,4.040000000000006
2007-11-12,91.56,94.4,6.83,31.09,88.465,,,,4.49,,,2.8400000000000034
2007-11-13,89.09,91.18,7.22,24.1,89.1016,3.54,4.26,4.61,4.61,,0.7199999999999998,2.0900000000000034
2007-11-14,90.73,94.02,7.28,25.94,88.9671,3.57,4.28,4.61,4.6,,0.7100000000000004,3.289999999999992
2007-11-15,90.32,93.37,7.35,28.06,89.4413,3.35,4.17,4.54,4.54,,0.8199999999999998,3.0500000000000114
2007-11-16,91.99,94.81,7.29,25.49,89.3182,3.33,4.15,4.52,4.51,,0.8200000000000003,2.8200000000000074
2007-11-19,91.59,95.75,7.38,26.01,89.5262,3.18,4.07,4.47,4.51,,0.8900000000000001,4.159999999999997
2007-11-20,94.13,99.16,6.81,24.88,89.2622,3.14,4.06,4.49,4.51,,0.9199999999999995,5.030000000000001
2007-11-21,94.97,98.57,6.67,26.84,89.3352,2.99,4.0,4.46,4.5,,1.0099999999999998,3.5999999999999943
2007-11-22,,,,,89.3269,,,,4.5,,,
2007-11-23,95.33,98.24,6.67,25.61,89.2384,3.07,4.01,4.43,4.56,,0.94,2.9099999999999966
2007-11-26,94.88,97.66,7.53,28.91,89.145,2.92,3.83,4.26,4.62,,0.9100000000000001,2.780000000000001
2007-11-27,93.23,94.39,7.42,26.28,89.4082,3.05,3.95,4.36,4.39,,0.9000000000000004,1.1599999999999966
2007-11-28,91.64,90.71,7.51,24.11,89.4195,3.17,4.03,4.41,4.53,,0.8600000000000003,-0.9300000000000068
2007-11-29,92.34,90.98,7.45,23.97,89.3681,3.06,3.94,4.35,4.55,,0.8799999999999999,-1.3599999999999994
2007-11-30,88.71,88.6,7.29,22.87,89.6212,3.04,3.97,4.4,4.66,,0.9300000000000002,-0.10999999999999943
2007-12-03,87.85,89.29,6.97,23.61,89.6403,2.9,3.89,4.34,4.52,,0.9900000000000002,1.440000000000012
2007-12-04,89.97,88.31,7.27,23.79,89.6672,2.9,3.89,4.34,4.5,,0.9900000000000002,-1.6599999999999966
2007-12-05,90.7,87.45,7.04,22.53,89.8751,2.9,3.92,4.39,4.31,,1.02,-3.25
2007-12-06,88.46,90.25,7.29,20.96,89.9268,3.03,4.02,4.49,4.49,,0.9899999999999998,1.7900000000000063
2007-12-07,88.46,88.23,7.04,20.85,89.74,3.12,4.12,4.58,4.41,,1.0,-0.22999999999998977
2007-12-10,87.33,87.72,6.98,20.74,89.6811,3.17,4.15,4.6,4.46,,0.9800000000000004,0.39000000000000057
2007-12-11,87.77,90.12,7.12,23.59,89.7176,2.94,3.98,4.47,4.29,,1.04,2.3500000000000085
2007-12-12,91.69,94.41,7.22,22.47,89.7349,3.07,4.05,4.51,4.28,,0.98,2.719999999999999
2007-12-13,92.57,92.35,7.46,22.56,90.1374,3.21,4.18,4.61,4.3,,0.9699999999999998,-0.21999999999999886
2007-12-14,91.86,91.31,7.09,23.27,90.4345,3.31,4.24,4.66,4.24,,0.9300000000000002,-0.5499999999999972
2007-12-17,90.32,90.69,7.06,24.52,90.5363,3.24,4.2,4.62,4.31,,0.96,0.37000000000000455
2007-12-18,90.71,89.93,7.16,22.64,90.5602,3.19,4.14,4.55,4.16,,0.9499999999999997,-0.7799999999999869
2007-12-19,90.98,91.11,7.18,21.68,90.6147,3.12,4.06,4.47,3.98,,0.9399999999999995,0.12999999999999545
2007-12-20,91.06,90.88,7.19,20.58,90.4695,3.09,4.04,4.46,4.37,,0.9500000000000002,-0.18000000000000682
2007-12-21,91.03,93.19,7.03,18.47,90.3672,3.19,4.18,4.58,4.28,,0.9899999999999998,2.1599999999999966
2007-12-24,91.59,94.0,7.03,18.6,90.1788,3.24,4.23,4.62,4.0,,0.9900000000000002,2.4099999999999966
2007-12-25,,,,,90.1786,,,,4.0,,,
2007-12-26,,95.89,6.94,18.66,89.9226,3.31,4.3,4.68,4.26,,0.9899999999999998,
2007-12-27,95.66,96.63,6.8,20.26,89.684,3.24,4.21,4.61,4.15,,0.9699999999999998,0.9699999999999989
2007-12-28,95.92,96.03,7.11,20.74,89.4069,3.12,4.11,4.51,4.01,,0.9900000000000002,0.10999999999999943
2007-12-31,93.68,95.95,7.11,22.5,89.6304,3.05,4.04,4.45,3.06,,0.9900000000000002,2.269999999999996
2008-01-01,,,,,89.6297,,,,3.06,,,
2008-01-02,97.01,99.64,7.83,23.17,89.3514,2.88,3.91,4.35,4.11,,1.0300000000000002,2.6299999999999955
2008-01-03,98.45,99.17,7.84,22.49,89.231,2.83,3.91,4.37,4.25,,1.08,0.7199999999999989
2008-01-04,96.87,97.9,7.51,23.94,89.2467,2.74,3.88,4.36,4.18,,1.1399999999999997,1.0300000000000011
2008-01-07,94.19,95.08,7.61,23.79,89.5718,2.76,3.86,4.34,4.27,,1.1,0.8900000000000006
2008-01-08,96.37,96.43,7.59,25.43,89.3398,2.76,3.86,4.35,4.27,,1.1,0.060000000000002274
2008-01-09,96.76,95.64,7.89,24.12,89.6807,2.69,3.82,4.32,4.26,,1.13,-1.1200000000000045
2008-01-10,92.8,93.92,7.96,23.45,89.6226,2.71,3.91,4.44,4.26,,1.2000000000000002,1.1200000000000045
2008-01-11,91.86,92.74,8.13,23.68,89.5215,2.59,3.82,4.39,4.23,,1.23,0.8799999999999955
2008-01-14,92.58,94.23,8.45,22.9,89.2749,2.58,3.81,4.37,4.24,,1.23,1.6500000000000057
2008-01-15,90.87,91.87,8.43,23.34,89.1555,2.53,3.72,4.28,4.24,,1.1900000000000004,1.0
2008-01-16,88.1,90.8,8.23,24.38,89.6701,2.51,3.74,4.32,4.22,,1.2300000000000004,2.700000000000003
2008-01-17,88.96,90.11,8.1,28.46,89.6484,2.44,3.66,4.25,4.23,,1.2200000000000002,1.1500000000000057
2008-01-18,89.66,90.55,8.42,27.18,89.8993,2.36,3.66,4.28,4.17,,1.3000000000000003,0.8900000000000006
2008-01-21,,,,,89.9265,,,,4.17,,,
2008-01-22,88.11,89.64,7.97,31.01,89.84,2.08,3.52,4.23,3.68,,1.44,1.5300000000000011
2008-01-23,87.06,87.65,7.84,29.02,89.9138,2.09,3.51,4.23,3.43,,1.42,0.5900000000000034
2008-01-24,87.69,89.98,7.85,27.78,89.203,2.25,3.68,4.36,3.47,,1.4300000000000002,2.2900000000000063
2008-01-25,90.96,90.37,7.8,29.08,89.2184,2.23,3.61,4.28,3.6,,1.38,-0.5899999999999892
2008-01-28,90.91,90.99,7.87,27.78,88.9555,2.2,3.61,4.29,3.5,,1.4099999999999997,0.0799999999999983
2008-01-29,92.49,91.66,8.1,27.32,88.8342,2.29,3.69,4.34,3.47,,1.4,-0.8299999999999983
2008-01-30,92.46,92.34,8.17,27.62,88.7442,2.3,3.78,4.44,3.26,,1.48,-0.11999999999999034
2008-01-31,91.58,91.67,8.1,26.2,88.6547,2.17,3.67,4.35,3.22,,1.5,0.09000000000000341
2008-02-01,91.41,89.03,7.88,24.02,88.4824,2.09,3.62,4.32,3.12,,1.5300000000000002,-2.3799999999999955
2008-02-04,91.09,90.07,7.56,25.99,88.4788,2.08,3.68,4.37,2.82,,1.6,-1.0200000000000102
2008-02-05,89.6,88.32,7.8,28.24,89.076,1.93,3.61,4.33,2.71,,1.68,-1.2800000000000011
2008-02-06,88.73,87.16,7.94,28.97,88.9987,1.96,3.61,4.37,2.94,,1.65,-1.5700000000000074
2008-02-07,88.55,88.07,7.99,27.66,89.4221,1.99,3.74,4.51,3.03,,1.7500000000000002,-0.480000000000004
2008-02-08,91.45,91.77,8.06,28.01,89.2226,1.93,3.64,4.43,3.05,,1.7100000000000002,0.3199999999999932
2008-02-11,93.93,93.56,8.38,27.6,89.2149,1.93,3.62,4.41,2.88,,1.6900000000000002,-0.37000000000000455
2008-02-12,94.28,92.82,8.37,26.33,88.9539,1.94,3.66,4.46,2.91,,1.7200000000000002,-1.460000000000008
2008-02-13,93.82,93.28,8.35,24.88,89.1382,1.91,3.7,4.52,3.02,,1.7900000000000003,-0.539999999999992
2008-02-14,95.92,95.42,8.5,25.54,88.9055,1.93,3.85,4.67,3.03,,1.9200000000000002,-0.5
2008-02-15,96.96,95.57,8.73,25.02,88.9006,1.91,3.76,4.58,2.97,,1.8499999999999999,-1.3900000000000006
2008-02-18,,,,,88.9004,,,,2.97,,,
2008-02-19,97.03,99.99,8.91,25.59,88.9626,2.06,3.89,4.66,2.94,,1.83,2.9599999999999937
2008-02-20,97.88,100.86,9.08,24.4,89.2572,2.14,3.93,4.65,3.0,,1.79,2.980000000000004
2008-02-21,97.52,98.57,8.9,25.12,88.716,1.98,3.77,4.54,3.01,,1.79,1.0499999999999972
2008-02-22,96.07,99.03,8.65,24.06,88.7082,1.98,3.79,4.58,2.97,,1.81,2.960000000000008
2008-02-25,97.43,99.4,9.15,23.03,88.5373,2.13,3.91,4.67,3.0,,1.7800000000000002,1.9699999999999989
2008-02-26,99.05,100.83,9.21,21.9,88.0998,2.04,3.88,4.66,2.85,,1.8399999999999999,1.7800000000000011
2008-02-27,98.28,99.59,9.21,22.69,87.3353,2.01,3.85,4.65,2.93,,1.8400000000000003,1.3100000000000023
2008-02-28,99.83,102.6,9.11,23.53,87.0363,1.87,3.71,4.55,3.06,,1.8399999999999999,2.769999999999996
2008-02-29,100.9,101.78,9.1,26.54,87.1654,1.65,3.53,4.41,3.01,,1.88,0.8799999999999955
2008-03-03,101.83,102.42,9.07,26.28,87.2381,1.61,3.54,4.42,3.1,,1.93,0.5900000000000034
2008-03-04,98.6,99.72,9.21,25.52,87.3039,1.65,3.63,4.52,2.9,,1.98,1.1200000000000045
2008-03-05,100.95,104.45,9.37,24.6,87.1347,1.66,3.7,4.6,2.93,,2.04,3.5
2008-03-06,103.47,105.51,9.7,27.55,86.9105,1.53,3.62,4.57,2.99,,2.09,2.0400000000000063
2008-03-07,104.66,105.12,9.82,27.49,87.1258,1.53,3.56,4.55,2.96,,2.0300000000000002,0.46000000000000796
2008-03-10,105.33,107.9,9.59,29.38,87.1452,1.47,3.46,4.45,2.99,,1.99,2.5700000000000074
2008-03-11,106.78,108.73,9.85,26.36,87.1763,1.74,3.6,4.53,2.95,,1.86,1.9500000000000028
2008-03-12,107.99,109.86,9.69,27.22,86.728,1.63,3.49,4.4,2.97,,1.8600000000000003,1.8700000000000045
2008-03-13,109.18,110.21,9.74,27.29,86.3891,1.63,3.56,4.47,2.98,,1.9300000000000002,1.029999999999987
2008-03-14,109.16,110.03,9.84,31.16,86.4301,1.47,3.44,4.35,2.99,,1.97,0.8700000000000045
2008-03-17,104.41,105.74,9.59,32.24,86.3417,1.35,3.34,4.29,2.69,,1.9899999999999998,1.3299999999999983
2008-03-18,105.35,109.57,9.1,25.79,86.1191,1.58,3.48,4.35,2.16,,1.9,4.219999999999999
2008-03-19,102.65,103.25,9.11,29.84,86.5755,1.54,3.38,4.22,2.08,,1.8399999999999999,0.5999999999999943
2008-03-20,99.78,102.57,8.54,26.62,87.3293,1.59,3.34,4.17,2.22,,1.7499999999999998,2.789999999999992
2008-03-21,,,,,87.2111,,,,2.08,,,
2008-03-24,100.93,101.7,8.99,25.73,87.3103,1.84,3.56,4.33,2.08,,1.72,0.769999999999996
2008-03-25,99.91,101.78,9.28,25.72,86.8339,1.79,3.51,4.3,2.42,,1.7199999999999998,1.8700000000000045
2008-03-26,102.83,105.83,9.25,26.08,86.5513,1.71,3.51,4.33,2.3,,1.7999999999999998,3.0
2008-03-27,103.89,107.56,9.3,25.88,86.4583,1.73,3.56,4.38,2.27,,1.83,3.6700000000000017
2008-03-28,102.68,105.59,9.36,25.71,86.6369,1.67,3.47,4.33,2.09,,1.8000000000000003,2.9099999999999966
2008-03-31,102.33,101.54,9.86,25.61,86.6881,1.62,3.45,4.3,2.51,,1.83,-0.789999999999992
2008-04-01,98.69,100.92,9.92,22.68,87.0276,1.8,3.57,4.4,2.38,,1.7699999999999998,2.230000000000004
2008-04-02,98.85,104.83,9.6,23.43,86.8886,1.88,3.6,4.38,2.18,,1.7200000000000002,5.980000000000004
2008-04-03,102.31,103.92,9.68,23.21,86.6424,1.91,3.61,4.4,2.19,,1.7,1.6099999999999994
2008-04-04,102.21,106.09,9.36,22.45,86.5108,1.83,3.5,4.32,2.26,,1.67,3.8800000000000097
2008-04-07,105.98,108.91,9.48,22.42,86.603,1.95,3.57,4.36,2.24,,1.6199999999999999,2.9299999999999926
2008-04-08,105.05,108.54,9.78,22.36,86.7369,1.87,3.58,4.37,2.23,,1.71,3.490000000000009
2008-04-09,107.46,110.89,9.88,22.81,86.5764,1.77,3.49,4.31,2.2,,1.7200000000000002,3.430000000000007
2008-04-10,107.37,110.07,10.18,21.98,86.5131,1.84,3.55,4.34,2.3,,1.7099999999999997,2.6999999999999886
2008-04-11,107.15,110.14,10.07,23.46,86.5029,1.76,3.49,4.3,2.37,,1.7300000000000002,2.989999999999995
2008-04-14,108.32,111.71,10.03,23.82,86.3492,1.78,3.53,4.35,2.32,,1.7499999999999998,3.3900000000000006
2008-04-15,110.84,113.77,10.16,22.78,86.4705,1.84,3.6,4.42,2.32,,1.76,2.9299999999999926
2008-04-16,110.95,114.8,10.11,20.53,85.9037,1.98,3.72,4.54,2.35,,1.7400000000000002,3.8499999999999943
2008-04-17,111.34,114.8,10.27,20.37,86.1077,2.13,3.75,4.54,2.37,,1.62,3.4599999999999937
2008-04-18,110.67,116.56,10.08,20.13,86.5277,2.19,3.77,4.51,2.32,,1.58,5.890000000000001
2008-04-21,111.35,117.48,10.5,20.5,86.2979,2.2,3.75,4.48,2.28,,1.5499999999999998,6.13000000000001
2008-04-22,113.54,119.17,10.56,20.87,85.927,2.24,3.74,4.46,1.99,,1.5,5.6299999999999955
2008-04-23,115.34,119.28,10.33,20.26,86.3841,2.22,3.77,4.49,2.18,,1.5499999999999998,3.9399999999999977
2008-04-24,114.85,117.1,10.58,20.06,86.7154,2.41,3.87,4.56,2.26,,1.46,2.25
2008-04-25,116.62,119.64,10.72,19.59,86.8337,2.44,3.91,4.61,2.28,,1.4700000000000002,3.019999999999996
2008-04-28,115.7,118.78,10.95,19.64,86.7635,2.36,3.86,4.57,2.29,,1.5,3.0799999999999983
2008-04-29,113.86,115.67,10.94,20.24,86.873,2.35,3.85,4.55,2.21,,1.5,1.8100000000000023
2008-04-30,111.12,113.7,10.81,20.79,86.8907,2.29,3.77,4.49,2.37,,1.48,2.5799999999999983
2008-05-01,107.3,112.6,10.66,18.88,87.1347,2.37,3.78,4.49,2.16,,1.4099999999999997,5.299999999999997
2008-05-02,111.92,116.36,10.37,18.18,87.2311,2.47,3.89,4.57,1.88,,1.42,4.439999999999998
2008-05-05,115.68,119.94,10.77,18.9,87.0636,2.42,3.88,4.58,1.85,,1.46,4.259999999999991
2008-05-06,119.88,121.82,11.09,18.21,86.847,2.38,3.93,4.64,1.91,,1.5500000000000003,1.9399999999999977
2008-05-07,120.27,123.56,11.08,19.73,87.3421,2.31,3.87,4.61,2.01,,1.56,3.2900000000000063
2008-05-08,119.85,123.77,11.33,19.4,87.4575,2.25,3.79,4.5,1.99,,1.54,3.9200000000000017
2008-05-09,123.54,125.94,11.29,19.41,87.2528,2.25,3.77,4.53,1.97,,1.52,2.3999999999999915
2008-05-12,122.89,124.02,11.38,17.79,87.0403,2.3,3.78,4.53,1.88,,1.48,1.1299999999999955
2008-05-13,123.11,125.83,11.18,17.98,87.1332,2.47,3.9,4.62,1.93,,1.4299999999999997,2.719999999999999
2008-05-14,121.18,124.21,11.52,17.66,87.3659,2.53,3.92,4.63,2.03,,1.3900000000000001,3.029999999999987
2008-05-15,122.76,124.25,11.41,16.3,87.1823,2.45,3.83,4.56,2.03,,1.38,1.4899999999999949
2008-05-16,122.98,126.5,11.31,16.47,86.7855,2.47,3.85,4.58,1.91,,1.38,3.519999999999996
2008-05-19,122.19,127.15,11.1,17.01,86.8225,2.42,3.83,4.56,1.95,,1.4100000000000001,4.960000000000008
2008-05-20,124.12,128.93,10.94,17.58,86.5627,2.34,3.78,4.53,1.99,,1.44,4.810000000000002
2008-05-21,127.28,132.99,11.4,18.59,86.1595,2.41,3.81,4.55,2.03,,1.4,5.710000000000008
2008-05-22,129.04,130.04,11.57,18.05,86.3223,2.56,3.92,4.63,2.05,,1.3599999999999999,1.0
2008-05-23,129.72,131.58,11.56,19.55,86.1922,2.46,3.85,4.57,1.99,,1.3900000000000001,1.8600000000000136
2008-05-26,,,,,86.19,,,,1.99,,,
2008-05-27,128.92,128.81,11.85,19.64,86.4459,2.55,3.93,4.65,2.23,,1.3800000000000003,-0.10999999999998522
2008-05-28,128.93,131.0,11.6,19.07,86.4951,2.62,4.03,4.71,2.08,,1.4100000000000001,2.069999999999993
2008-05-29,129.33,126.7,11.81,18.14,86.5616,2.67,4.08,4.76,2.01,,1.4100000000000001,-2.6300000000000097
2008-05-30,127.85,127.35,11.43,17.83,86.5504,2.66,4.06,4.72,1.98,,1.3999999999999995,-0.5
2008-06-02,128.5,127.75,11.8,19.83,86.6321,2.51,3.98,4.68,2.06,,1.4700000000000002,-0.75
2008-06-03,126.28,124.33,12.27,20.24,86.8359,2.45,3.92,4.63,1.95,,1.4699999999999998,-1.9500000000000028
2008-06-04,121.72,122.3,12.17,20.8,87.0999,2.47,3.98,4.71,1.98,,1.5099999999999998,0.5799999999999983
2008-06-05,122.36,127.93,12.49,18.63,87.0968,2.52,4.06,4.75,1.98,,1.5399999999999996,5.570000000000007
2008-06-06,132.81,138.51,12.71,23.56,86.8028,2.4,3.94,4.65,2.01,,1.54,5.699999999999989
2008-06-09,134.43,134.44,12.71,23.12,86.9096,2.73,4.02,4.64,2.02,,1.2899999999999996,0.009999999999990905
2008-06-10,135.24,131.38,12.72,23.18,87.4705,2.91,4.11,4.7,1.96,,1.2000000000000002,-3.8600000000000136
2008-06-11,134.52,136.43,12.49,24.12,87.2059,2.83,4.1,4.72,1.95,,1.2699999999999996,1.9099999999999966
2008-06-12,132.11,136.91,12.51,23.33,87.6187,3.03,4.23,4.77,2.01,,1.2000000000000006,4.799999999999983
2008-06-13,134.29,134.84,12.51,21.22,87.7622,3.05,4.27,4.79,2.02,,1.2199999999999998,0.5500000000000114
2008-06-16,133.9,134.52,12.73,20.95,87.3911,3.02,4.25,4.77,2.06,,1.23,0.6200000000000045
2008-06-17,131.27,133.99,12.87,21.13,87.2103,2.94,4.23,4.78,1.87,,1.2900000000000005,2.719999999999999
2008-06-18,129.12,136.54,12.93,22.24,87.1872,2.89,4.16,4.72,1.84,,1.27,7.4199999999999875
2008-06-19,131.84,131.88,13.09,21.58,87.0815,2.99,4.22,4.76,1.94,,1.2299999999999995,0.03999999999999204
2008-06-20,134.28,134.78,12.76,22.87,86.9036,2.88,4.16,4.71,1.99,,1.2800000000000002,0.5
2008-06-23,134.54,135.98,12.92,22.64,87.2163,2.98,4.19,4.71,1.98,,1.2100000000000004,1.4399999999999977
2008-06-24,135.37,136.49,12.96,22.42,86.9666,2.87,4.1,4.65,1.93,,1.2299999999999995,1.1200000000000045
2008-06-25,131.59,133.92,12.76,21.14,87.0535,2.82,4.12,4.65,1.97,,1.3000000000000003,2.329999999999984
2008-06-26,136.82,138.91,12.7,23.93,86.6793,2.68,4.07,4.62,2.05,,1.3900000000000001,2.0900000000000034
2008-06-27,139.38,139.69,13.1,23.44,86.643,2.65,3.99,4.53,1.99,,1.3400000000000003,0.3100000000000023
2008-06-30,138.4,139.96,13.19,23.95,86.7621,2.63,3.99,4.53,2.47,,1.3600000000000003,1.5600000000000023
2008-07-01,140.67,141.06,13.28,23.65,86.8447,2.63,4.01,4.55,2.11,,1.38,0.3900000000000148
2008-07-02,141.24,143.74,13.31,25.92,86.4782,2.6,3.99,4.51,1.95,,1.3900000000000001,2.5
2008-07-03,143.95,145.31,13.0,24.79,86.8843,2.54,3.99,4.53,1.92,,1.4500000000000002,1.3600000000000136
2008-07-04,,,,,86.8781,,,,1.92,,,
2008-07-07,139.62,141.38,12.96,25.78,86.9617,2.47,3.95,4.51,1.99,,1.48,1.759999999999991
2008-07-08,134.15,136.06,12.47,23.15,86.9778,2.47,3.91,4.46,1.97,,1.44,1.9099999999999966
2008-07-09,133.91,135.88,12.1,25.23,86.5335,2.41,3.85,4.42,1.99,,1.44,1.9699999999999989
2008-07-10,135.81,141.47,11.83,25.59,86.5122,2.44,3.83,4.42,2.01,,1.3900000000000001,5.659999999999997
2008-07-11,143.68,144.96,12.15,27.49,86.221,2.59,3.96,4.52,1.97,,1.37,1.2800000000000011
2008-07-14,142.43,145.16,11.58,28.48,86.1079,2.47,3.9,4.47,2.06,,1.4299999999999997,2.7299999999999898
2008-07-15,136.02,138.68,11.79,28.54,85.8731,2.39,3.87,4.48,2.16,,1.48,2.6599999999999966
2008-07-16,133.31,134.63,11.15,25.1,85.9285,2.44,3.97,4.59,1.95,,1.5300000000000002,1.3199999999999932
2008-07-17,134.16,129.43,11.43,25.01,85.9387,2.58,4.07,4.65,2.03,,1.4900000000000002,-4.72999999999999
2008-07-18,129.34,128.94,10.54,24.05,86.0735,2.66,4.11,4.66,1.96,,1.4500000000000002,-0.4000000000000057
2008-07-21,129.34,131.43,10.58,23.05,86.0151,2.66,4.09,4.64,1.98,,1.4299999999999997,2.0900000000000034
2008-07-22,127.18,127.25,10.16,21.18,86.1909,2.74,4.14,4.67,1.97,,1.3999999999999995,0.06999999999999318
2008-07-23,126.86,123.73,9.88,21.31,86.2664,2.81,4.16,4.69,2.04,,1.35,-3.1299999999999955
2008-07-24,125.43,124.62,9.7,23.44,86.4017,2.61,4.03,4.6,2.06,,1.4200000000000004,-0.8100000000000023
2008-07-25,124.7,122.59,9.34,22.91,86.3916,2.7,4.13,4.69,2.13,,1.4299999999999997,-2.1099999999999994
2008-07-28,125.67,124.72,9.26,24.23,86.4666,2.59,4.06,4.63,2.0,,1.4699999999999998,-0.9500000000000028
2008-07-29,125.77,122.21,9.17,22.03,86.8175,2.65,4.09,4.64,2.05,,1.44,-3.5600000000000023
2008-07-30,122.46,126.74,9.01,21.21,86.8167,2.64,4.07,4.64,2.03,,1.4300000000000002,4.280000000000001
2008-07-31,124.1,124.17,9.26,22.94,86.8567,2.52,3.99,4.59,2.09,,1.4700000000000002,0.07000000000000739
2008-08-01,124.16,125.03,9.05,22.57,86.8257,2.51,3.97,4.57,2.04,,1.4600000000000004,0.8700000000000045
2008-08-04,121.87,121.45,9.2,23.49,87.0611,2.53,3.98,4.58,1.97,,1.4500000000000002,-0.4200000000000017
2008-08-05,116.5,118.71,8.66,21.14,87.3281,2.54,4.04,4.63,1.97,,1.5,2.2099999999999937
2008-08-06,114.47,118.57,8.7,20.23,87.6004,2.56,4.06,4.68,2.01,,1.4999999999999996,4.099999999999994
2008-08-07,116.94,119.84,8.77,21.15,87.8732,2.43,3.92,4.56,1.96,,1.4899999999999998,2.9000000000000057
2008-08-08,113.03,115.42,8.22,20.66,88.8939,2.51,3.94,4.55,2.01,,1.4300000000000002,2.3900000000000006
2008-08-11,110.54,114.44,8.18,20.12,89.035,2.56,3.99,4.61,1.99,,1.4300000000000002,3.8999999999999915
2008-08-12,108.98,113.1,8.23,21.17,89.1916,2.45,3.91,4.55,1.95,,1.46,4.11999999999999
2008-08-13,110.68,115.96,8.11,21.55,89.3211,2.5,3.94,4.57,1.98,,1.44,5.279999999999987
2008-08-14,111.82,115.05,8.15,20.34,89.3675,2.45,3.89,4.52,2.09,,1.44,3.230000000000004
2008-08-15,108.8,113.46,7.82,19.58,89.7244,2.4,3.84,4.47,2.08,,1.44,4.659999999999997
2008-08-18,109.33,112.92,7.74,20.98,89.5966,2.35,3.82,4.44,1.91,,1.4699999999999998,3.5900000000000034
2008-08-19,109.02,114.39,7.73,21.28,89.6465,2.32,3.83,4.47,1.94,,1.5100000000000002,5.3700000000000045
2008-08-20,108.72,115.48,8.02,20.42,89.6977,2.25,3.79,4.43,1.98,,1.54,6.760000000000005
2008-08-21,117.24,121.23,8.04,19.82,88.9128,2.33,3.84,4.46,2.01,,1.5099999999999998,3.990000000000009
2008-08-22,113.99,114.48,7.98,18.81,89.2381,2.42,3.87,4.46,2.02,,1.4500000000000002,0.4900000000000091
2008-08-25,109.74,114.85,7.63,20.97,89.3094,2.33,3.79,4.4,2.01,,1.46,5.109999999999999
2008-08-26,112.2,116.31,8.02,20.49,89.7007,2.35,3.79,4.4,1.88,,1.44,4.109999999999999
2008-08-27,113.05,118.17,8.54,19.76,89.6419,2.31,3.77,4.38,1.98,,1.46,5.1200000000000045
2008-08-28,113.54,115.58,8.36,19.43,89.8225,2.37,3.79,4.38,1.99,,1.42,2.039999999999992
2008-08-29,113.49,115.55,8.24,20.65,90.0567,2.36,3.83,4.43,1.94,,1.4700000000000002,2.0600000000000023
2008-09-01,,,,,90.08,,,,1.94,,,
2008-09-02,104.94,109.63,8.24,21.99,90.8438,2.26,3.74,4.36,1.96,,1.4800000000000004,4.689999999999998
2008-09-03,103.88,109.38,7.26,21.43,90.8286,2.26,3.71,4.32,2.01,,1.4500000000000002,5.5
2008-09-04,103.41,107.99,7.24,24.03,91.1621,2.2,3.64,4.27,1.99,,1.44,4.579999999999998
2008-09-05,102.51,106.47,7.4,23.06,91.341,2.23,3.66,4.27,1.97,,1.4300000000000002,3.9599999999999937
2008-09-08,101.08,106.35,7.68,22.64,91.663,2.3,3.66,4.26,1.92,,1.3600000000000003,5.269999999999996
2008-09-09,98.94,103.23,7.28,25.47,91.5779,2.23,3.62,4.2,1.96,,1.3900000000000001,4.290000000000006
2008-09-10,96.0,102.66,7.65,24.52,92.1283,2.22,3.65,4.23,2.12,,1.4299999999999997,6.659999999999997
2008-09-11,96.01,100.95,7.83,24.39,92.4901,2.18,3.64,4.2,2.0,,1.46,4.939999999999998
2008-09-12,94.37,101.19,8.02,25.66,91.4706,2.23,3.74,4.32,2.1,,1.5100000000000002,6.819999999999993
2008-09-15,90.45,95.52,8.02,31.7,91.757,1.78,3.47,4.12,2.64,,1.6900000000000002,5.069999999999993
2008-09-16,85.85,91.49,7.76,30.3,92.0594,1.89,3.48,4.08,1.98,,1.59,5.640000000000001
2008-09-17,86.09,97.39,7.72,36.22,92.0982,1.64,3.41,4.08,2.8,,1.7700000000000002,11.299999999999997
2008-09-18,90.89,97.5,8.26,33.1,91.7111,1.78,3.54,4.14,2.16,,1.76,6.609999999999999
2008-09-19,93.46,104.05,7.79,32.07,91.0014,2.16,3.78,4.36,1.48,,1.6199999999999997,10.590000000000003
2008-09-22,100.43,122.61,7.66,33.85,90.1119,2.13,3.83,4.41,1.51,,1.7000000000000002,22.179999999999993
2008-09-23,100.72,107.85,7.84,35.72,90.1221,2.11,3.85,4.43,1.46,,1.7400000000000002,7.1299999999999955
2008-09-24,102.09,106.84,8.15,35.19,90.4602,2.03,3.8,4.4,1.19,,1.77,4.75
2008-09-25,100.45,111.54,7.63,32.82,90.4651,2.16,3.88,4.4,1.23,,1.7199999999999998,11.090000000000003
2008-09-26,100.88,106.77,7.42,34.74,90.6872,2.11,3.85,4.36,1.08,,1.7400000000000002,5.890000000000001
2008-09-29,95.96,96.29,7.13,46.72,91.3961,1.7,3.61,4.13,1.56,,1.91,0.3300000000000125
2008-09-30,93.52,100.7,7.17,39.39,92.3773,2.0,3.85,4.31,2.03,,1.85,7.180000000000007
2008-10-01,92.19,98.23,7.41,39.81,92.511,1.82,3.77,4.22,1.15,,1.95,6.040000000000006
2008-10-02,88.88,93.84,7.64,45.26,93.3792,1.62,3.66,4.16,0.67,,2.04,4.960000000000008
2008-10-03,88.95,93.91,7.16,45.14,93.5414,1.6,3.63,4.11,1.1,,2.03,4.959999999999994
2008-10-06,84.71,88.15,6.87,52.05,95.1629,1.43,3.48,3.99,1.96,,2.05,3.440000000000012
2008-10-07,83.17,90.18,6.74,53.68,95.4889,1.47,3.5,4.01,2.97,,2.0300000000000002,7.010000000000005
2008-10-08,80.77,88.94,6.58,57.53,96.9684,1.65,3.72,4.09,2.24,,2.0700000000000003,8.170000000000002
2008-10-09,81.65,86.5,6.69,63.92,96.5143,1.65,3.84,4.14,1.4,,2.19,4.849999999999994
2008-10-10,74.58,77.44,6.52,69.95,97.999,1.62,3.89,4.15,0.79,,2.27,2.8599999999999994
2008-10-13,74.37,81.17,6.62,54.99,97.9686,,,,0.79,,,6.799999999999997
2008-10-14,74.98,78.69,6.74,55.13,96.2544,1.82,4.08,4.27,1.1,,2.26,3.7099999999999937
2008-10-15,66.86,74.38,6.64,69.25,97.2045,1.64,4.04,4.25,1.04,,2.4000000000000004,7.519999999999996
2008-10-16,64.14,69.81,6.65,67.61,98.368,1.61,3.99,4.25,0.83,,2.38,5.670000000000002
2008-10-17,66.05,71.9,6.76,70.33,97.7255,1.64,3.98,4.32,0.6,,2.34,5.8500000000000085
2008-10-20,67.45,74.08,6.98,52.97,98.1605,1.71,3.91,4.26,0.7,,2.2,6.6299999999999955
2008-10-21,65.99,71.29,6.76,53.11,99.4242,1.58,3.76,4.2,0.67,,2.1799999999999997,5.300000000000011
2008-10-22,62.95,66.92,6.94,69.65,101.2131,1.53,3.65,4.07,0.81,,2.12,3.969999999999999
2008-10-23,65.06,67.17,6.77,67.8,101.1071,1.54,3.63,3.99,0.93,,2.09,2.1099999999999994
2008-10-24,60.57,63.34,6.29,79.13,101.8442,1.57,3.76,4.11,0.95,,2.1899999999999995,2.770000000000003
2008-10-27,59.34,61.92,6.27,80.06,102.3415,1.59,3.79,4.12,0.92,,2.2,2.5799999999999983
2008-10-28,58.87,62.8,6.4,66.96,102.4236,1.65,3.89,4.19,0.67,,2.24,3.9299999999999997
2008-10-29,64.0,67.45,6.58,69.96,100.0967,1.58,3.93,4.26,0.36,,2.35,3.450000000000003
2008-10-30,60.86,65.79,6.75,62.9,99.4568,1.59,4.0,4.3,0.3,,2.41,4.930000000000007
2008-10-31,60.0,68.1,6.18,59.89,99.7662,1.56,4.01,4.35,0.22,,2.4499999999999997,8.099999999999994
2008-11-03,60.32,63.93,6.45,53.68,99.4345,1.45,3.96,4.33,0.23,,2.51,3.6099999999999994
2008-11-04,62.78,70.41,6.79,47.73,97.9957,1.39,3.81,4.2,0.23,,2.42,7.6299999999999955
2008-11-05,61.09,65.41,6.94,54.56,98.0953,1.36,3.73,4.13,0.23,,2.37,4.319999999999993
2008-11-06,56.14,60.72,7.04,63.68,99.5364,1.28,3.75,4.19,0.23,,2.4699999999999998,4.579999999999998
2008-11-07,56.84,61.06,6.6,56.1,99.3944,1.33,3.83,4.25,0.27,,2.5,4.219999999999999
2008-11-10,57.08,62.19,7.07,59.98,99.5897,1.27,3.82,4.21,0.29,,2.55,5.109999999999999
2008-11-11,54.76,59.38,7.02,61.44,99.6041,,,,0.29,,,4.6200000000000045
2008-11-12,52.47,55.95,6.65,66.46,101.1947,1.19,3.75,4.17,0.35,,2.56,3.480000000000004
2008-11-13,51.32,58.31,6.31,59.83,101.774,1.24,3.84,4.34,0.35,,2.5999999999999996,6.990000000000002
2008-11-14,50.7,57.18,6.33,66.31,100.9705,1.22,3.72,4.22,0.34,,2.5,6.479999999999997
2008-11-17,50.82,55.14,6.55,69.15,101.1029,1.22,3.68,4.2,0.37,,2.46,4.32
2008-11-18,49.1,54.42,6.74,67.64,101.3965,1.15,3.53,4.14,0.38,,2.38,5.32
2008-11-19,48.35,53.64,6.76,74.26,101.8804,1.09,3.38,3.96,0.38,,2.29,5.289999999999999
2008-11-20,45.79,48.86,6.76,80.86,103.2737,1.0,3.1,3.64,0.49,,2.1,3.0700000000000003
2008-11-21,44.91,49.22,6.56,72.67,103.6289,1.09,3.2,3.7,0.57,,2.1100000000000003,4.310000000000002
2008-11-24,49.51,53.63,6.85,64.7,101.502,1.31,3.35,3.78,0.62,,2.04,4.1200000000000045
2008-11-25,47.51,50.02,6.71,60.9,100.7997,1.15,3.11,3.63,0.59,,1.96,2.510000000000005
2008-11-26,49.39,54.2,6.43,54.92,101.2566,1.09,2.99,3.54,0.53,,1.9000000000000001,4.810000000000002
2008-11-27,,,,,101.2564,,,,0.53,,,
2008-11-28,47.72,55.21,6.43,55.84,101.6468,1.0,2.93,3.45,0.52,,1.9300000000000002,7.490000000000002
2008-12-01,47.58,49.34,6.48,68.51,102.1744,0.9,2.72,3.22,0.52,,1.8200000000000003,1.7600000000000051
2008-12-02,45.64,47.05,6.68,62.98,101.9891,0.9,2.68,3.18,0.47,,1.7800000000000002,1.4099999999999966
2008-12-03,44.39,46.79,6.48,60.72,102.4251,0.87,2.67,3.17,0.36,,1.7999999999999998,2.3999999999999986
2008-12-04,43.83,43.8,6.55,63.64,102.0715,0.82,2.55,3.06,0.2,,1.73,-0.030000000000001137
2008-12-05,37.04,41.01,5.99,59.93,103.4902,0.93,2.67,3.11,0.12,,1.7399999999999998,3.969999999999999
2008-12-08,40.02,43.69,5.73,58.49,101.7227,0.97,2.77,3.16,0.12,,1.8,3.6699999999999946
2008-12-09,39.77,42.0,5.57,58.91,101.7346,0.84,2.67,3.06,0.13,,1.83,2.229999999999997
2008-12-10,39.34,43.1,5.67,55.73,101.2913,0.86,2.69,3.09,0.11,,1.83,3.759999999999998
2008-12-11,43.54,47.77,5.86,55.78,99.5101,0.79,2.64,3.07,0.14,,1.85,4.230000000000004
2008-12-12,42.38,46.27,5.56,54.28,100.319,0.78,2.6,3.07,0.15,,1.82,3.8900000000000006
2008-12-15,45.02,44.61,5.75,56.76,99.1001,0.75,2.53,2.98,0.18,,1.7799999999999998,-0.4100000000000037
2008-12-16,42.0,43.84,5.75,52.37,98.4771,0.65,2.37,2.86,0.17,,1.7200000000000002,1.8400000000000034
2008-12-17,41.84,40.17,5.79,49.84,96.8227,0.73,2.2,2.66,0.12,,1.4700000000000002,-1.6700000000000017
2008-12-18,40.19,36.73,5.63,47.34,96.8447,0.68,2.08,2.53,0.11,,1.4,-3.460000000000001
2008-12-19,39.52,33.17,5.66,44.93,98.1278,0.74,2.13,2.55,0.11,,1.39,-6.350000000000001
2008-12-22,38.08,31.1,5.39,44.56,98.1643,0.87,2.16,2.6,0.11,,1.29,-6.979999999999997
2008-12-23,35.27,30.28,5.37,45.02,98.2698,0.9,2.18,2.63,0.11,,1.2800000000000002,-4.990000000000002
2008-12-24,34.45,32.94,5.44,44.21,98.2249,0.9,2.2,2.63,0.11,,1.3000000000000003,-1.5100000000000051
2008-12-25,,,,,98.2419,,,,0.11,,,
2008-12-26,33.73,37.58,5.44,43.38,98.2594,0.89,2.16,2.61,0.09,,1.27,3.8500000000000014
2008-12-29,34.16,39.89,5.81,43.9,97.9359,0.78,2.13,2.63,0.1,,1.3499999999999999,5.730000000000004
2008-12-30,35.22,38.95,5.71,41.63,98.3833,0.75,2.11,2.58,0.09,,1.3599999999999999,3.730000000000004
2008-12-31,35.82,44.6,5.63,40.0,98.6518,0.76,2.25,2.69,0.14,,1.49,8.780000000000001
2009-01-01,,,,,,,,,0.14,,,
2009-01-02,42.94,46.17,5.41,39.19,98.6008,0.88,2.46,2.83,0.08,,1.58,3.230000000000004
2009-01-05,45.84,48.61,5.83,39.08,98.9195,0.78,2.49,3.0,0.11,,1.7100000000000002,2.769999999999996
2009-01-06,48.89,48.56,6.1,38.56,98.7871,0.8,2.51,3.04,0.09,,1.7099999999999997,-0.3299999999999983
2009-01-07,46.23,42.75,5.89,43.39,98.089,0.82,2.52,3.05,0.11,,1.7000000000000002,-3.479999999999997
2009-01-08,42.94,41.68,5.96,42.56,98.3223,0.83,2.47,3.04,0.1,,1.6400000000000001,-1.259999999999998
2009-01-09,42.34,40.69,5.6,42.82,98.8752,0.75,2.43,3.04,0.09,,1.6800000000000002,-1.6500000000000057
2009-01-12,40.86,37.65,5.59,45.84,99.6022,0.74,2.34,2.99,0.1,,1.5999999999999999,-3.210000000000001
2009-01-13,43.05,37.77,5.7,43.27,100.3597,0.76,2.33,3.0,0.1,,1.57,-5.279999999999994
2009-01-14,42.27,37.43,5.47,49.14,100.7546,0.73,2.24,2.89,0.15,,1.5100000000000002,-4.840000000000003
2009-01-15,42.32,35.41,5.27,51.0,101.4653,0.73,2.23,2.86,0.18,,1.5,-6.910000000000004
2009-01-16,43.42,35.38,5.09,46.11,100.711,0.73,2.36,2.89,0.19,,1.63,-8.04
2009-01-19,,,,,,,,,0.19,,,
2009-01-20,41.22,38.57,4.86,56.65,,0.73,2.4,2.97,0.2,,1.67,-2.6499999999999986
2009-01-21,39.9,42.56,4.87,46.42,102.1007,0.78,2.56,3.15,0.23,,1.78,2.6600000000000037
2009-01-22,42.42,42.33,4.72,47.29,101.8432,0.75,2.62,3.25,0.21,,1.87,-0.09000000000000341
2009-01-23,43.13,45.12,4.75,47.27,102.1096,0.83,2.65,3.32,0.18,,1.8199999999999998,1.9899999999999949
2009-01-26,48.0,46.5,4.62,45.69,100.9764,0.85,2.7,3.39,0.19,,1.85,-1.5
2009-01-27,42.86,41.67,4.76,42.25,101.1702,0.87,2.59,3.26,0.18,,1.7199999999999998,-1.1899999999999977
2009-01-28,42.86,42.04,4.84,39.66,100.5461,0.89,2.71,3.44,0.19,,1.8199999999999998,-0.8200000000000003
2009-01-29,43.13,41.58,4.71,42.63,101.3398,0.95,2.87,3.57,0.23,,1.9200000000000002,-1.5500000000000043
2009-01-30,44.17,41.73,4.77,44.84,102.1169,0.94,2.87,3.58,0.23,,1.9300000000000002,-2.440000000000005
2009-02-02,42.96,41.35,4.48,45.52,102.5067,0.89,2.76,3.47,0.24,,1.8699999999999997,-1.6099999999999994
2009-02-03,43.15,40.87,5.04,43.06,101.8506,0.96,2.89,3.64,0.24,,1.9300000000000002,-2.280000000000001
2009-02-04,43.68,40.27,5.01,43.85,101.9056,0.98,2.95,3.65,0.24,,1.9700000000000002,-3.4099999999999966
2009-02-05,43.92,41.15,4.84,43.73,101.9517,0.98,2.95,3.63,0.23,,1.9700000000000002,-2.770000000000003
2009-02-06,44.49,40.24,4.67,43.37,101.7455,0.99,3.05,3.7,0.23,,2.0599999999999996,-4.25
2009-02-09,47.23,39.58,4.76,43.64,100.9637,1.05,3.07,3.69,0.22,,2.0199999999999996,-7.649999999999999
2009-02-10,45.88,37.54,4.84,46.67,101.7094,0.92,2.9,3.54,0.24,,1.98,-8.340000000000003
2009-02-11,44.24,35.93,4.68,44.53,102.24,0.93,2.78,3.45,0.22,,1.8499999999999996,-8.310000000000002
2009-02-12,47.23,34.03,4.73,41.25,102.598,0.89,2.75,3.47,0.23,,1.8599999999999999,-13.199999999999996
2009-02-13,43.36,37.63,4.6,42.93,102.2958,0.97,2.89,3.68,0.22,,1.9200000000000002,-5.729999999999997
2009-02-16,,,,,,,,,0.22,,,
2009-02-17,39.69,34.96,4.35,48.66,103.7625,0.87,2.64,3.47,0.25,,1.77,-4.729999999999997
2009-02-18,39.41,34.67,4.35,48.46,104.0385,0.97,2.74,3.54,0.23,,1.7700000000000002,-4.739999999999995
2009-02-19,42.36,39.6,4.46,47.08,103.7656,1.01,2.85,3.68,0.21,,1.84,-2.759999999999998
2009-02-20,42.19,39.35,4.21,49.3,104.0244,0.96,2.78,3.56,0.2,,1.8199999999999998,-2.8399999999999963
2009-02-23,41.27,37.66,4.23,52.62,103.7416,0.96,2.78,3.53,0.19,,1.8199999999999998,-3.6100000000000065
2009-02-24,40.18,38.86,4.21,45.49,103.9829,1.03,2.8,3.49,0.21,,1.7699999999999998,-1.3200000000000003
2009-02-25,42.37,41.64,4.2,44.67,104.3086,1.09,2.95,3.59,0.21,,1.86,-0.7299999999999969
2009-02-26,45.15,43.18,4.08,44.66,104.1813,1.08,2.98,3.66,0.22,,1.9,-1.9699999999999989
2009-02-27,44.41,44.15,4.04,46.35,104.9284,1.0,3.02,3.71,0.22,,2.02,-0.259999999999998
2009-03-02,42.6,40.07,4.36,52.65,105.9617,0.89,2.91,3.64,0.22,,2.02,-2.530000000000001
2009-03-03,42.72,41.57,4.43,50.93,106.0249,0.91,2.93,3.67,0.2,,2.02,-1.1499999999999986
2009-03-04,46.07,45.28,4.23,47.56,105.4558,0.97,3.01,3.69,0.21,,2.04,-0.7899999999999991
2009-03-05,44.45,43.54,4.22,50.17,105.8064,0.9,2.83,3.51,0.2,,1.9300000000000002,-0.9100000000000037
2009-03-06,43.48,45.43,3.93,49.33,105.3937,0.91,2.83,3.5,0.2,,1.92,1.9500000000000028
2009-03-09,44.55,47.01,3.86,49.68,106.0182,0.96,2.89,3.59,0.2,,1.9300000000000002,2.460000000000001
2009-03-10,44.99,45.68,3.88,44.37,105.1153,1.01,2.99,3.7,0.2,,1.9800000000000002,0.6899999999999977
2009-03-11,43.2,42.46,3.92,43.61,104.8499,1.03,2.95,3.67,0.19,,1.9200000000000002,-0.740000000000002
2009-03-12,42.19,46.91,3.87,41.18,104.89,1.03,2.89,3.63,0.18,,1.86,4.719999999999999
2009-03-13,44.97,46.22,3.9,42.36,104.1106,0.98,2.89,3.66,0.15,,1.9100000000000001,1.25
2009-03-16,44.12,47.33,3.78,43.74,103.2005,1.0,2.97,3.76,0.2,,1.9700000000000002,3.210000000000001
2009-03-17,45.53,48.97,3.78,40.8,103.2305,1.05,3.02,3.83,0.2,,1.97,3.4399999999999977
2009-03-18,45.22,48.12,3.75,40.06,103.0005,0.82,2.51,3.57,0.18,,1.69,2.8999999999999986
2009-03-19,48.03,51.46,3.68,43.68,100.3951,0.87,2.61,3.62,0.17,,1.7399999999999998,3.4299999999999997
2009-03-20,49.27,51.55,3.99,45.89,101.0581,0.89,2.65,3.65,0.18,,1.7599999999999998,2.279999999999994
2009-03-23,51.84,53.05,4.17,43.23,101.103,0.93,2.68,3.69,0.17,,1.75,1.2099999999999937
2009-03-24,51.32,53.36,4.13,42.93,101.0319,0.93,2.68,3.6,0.17,,1.75,2.039999999999999
2009-03-25,51.46,52.24,4.13,42.25,100.9674,0.96,2.81,3.73,0.17,,1.85,0.7800000000000011
2009-03-26,51.89,53.87,4.16,40.36,101.097,0.9,2.76,3.66,0.16,,1.8599999999999999,1.9799999999999969
2009-03-27,50.81,52.41,3.73,41.04,101.8388,0.9,2.78,3.62,0.15,,1.88,1.5999999999999943
2009-03-30,49.05,48.49,3.63,45.54,102.749,0.84,2.73,3.6,0.16,,1.8900000000000001,-0.5599999999999952
2009-03-31,46.13,49.64,3.58,44.14,102.3761,0.81,2.71,3.56,0.16,,1.9,3.509999999999998
2009-04-01,45.92,48.46,3.56,42.28,102.1252,0.83,2.68,3.51,0.16,,1.85,2.539999999999999
2009-04-02,50.89,52.61,3.69,42.04,100.8733,0.88,2.77,3.57,0.16,,1.8900000000000001,1.7199999999999989
2009-04-03,50.48,52.52,3.66,39.7,100.6429,0.96,2.91,3.7,0.13,,1.9500000000000002,2.0400000000000063
2009-04-06,50.91,51.1,3.74,40.93,100.9428,0.94,2.95,3.73,0.14,,2.0100000000000002,0.19000000000000483
2009-04-07,50.62,49.13,3.6,40.39,100.9808,0.91,2.93,3.72,0.14,,2.02,-1.4899999999999949
2009-04-08,52.06,49.37,3.5,38.85,100.8948,0.93,2.86,3.66,0.14,,1.9299999999999997,-2.690000000000005
2009-04-09,52.33,52.24,3.59,36.53,100.7988,0.96,2.96,3.76,0.14,,2.0,-0.0899999999999963
2009-04-10,,,,,100.7597,,,,0.15,,,
2009-04-13,50.73,50.22,3.46,37.81,100.1369,0.89,2.88,3.69,0.13,,1.9899999999999998,-0.509999999999998
2009-04-14,52.06,49.51,3.59,37.67,99.9097,0.86,2.8,3.64,0.16,,1.94,-2.5500000000000043
2009-04-15,51.31,49.26,3.6,36.17,100.1497,0.86,2.82,3.66,0.16,,1.96,-2.0500000000000043
2009-04-16,51.83,49.97,3.54,35.79,100.0517,0.91,2.86,3.72,0.15,,1.9499999999999997,-1.8599999999999994
2009-04-17,52.02,50.36,3.47,33.94,100.5719,0.99,2.98,3.79,0.13,,1.99,-1.6600000000000037
2009-04-20,49.06,45.82,3.55,39.18,101.448,0.93,2.88,3.69,0.14,,1.9499999999999997,-3.240000000000002
2009-04-21,48.69,46.65,3.43,37.14,101.1794,0.96,2.94,3.74,0.15,,1.98,-2.039999999999999
2009-04-22,48.5,47.41,3.48,38.1,101.1142,1.0,2.98,3.82,0.15,,1.98,-1.0900000000000034
2009-04-23,48.29,48.46,3.46,37.15,101.0065,0.97,2.96,3.8,0.17,,1.99,0.1700000000000017
2009-04-24,50.29,50.65,3.31,36.82,100.0244,0.99,3.03,3.89,0.16,,2.04,0.35999999999999943
2009-04-27,48.67,49.29,3.19,38.32,100.7258,0.9,2.95,3.84,0.17,,2.0500000000000003,0.6199999999999974
2009-04-28,48.64,49.01,3.29,37.95,101.3145,0.95,3.05,3.97,0.16,,2.0999999999999996,0.36999999999999744
2009-04-29,50.22,50.19,3.43,36.08,100.0009,0.94,3.12,4.01,0.18,,2.18,-0.030000000000001137
2009-04-30,50.3,50.35,3.25,36.5,100.1042,0.91,3.16,4.05,0.2,,2.25,0.05000000000000426
2009-05-01,51.75,52.18,3.3,35.3,100.0057,0.92,3.21,4.09,0.22,,2.29,0.4299999999999997
2009-05-04,53.26,54.45,3.47,34.53,99.134,0.94,3.19,4.06,0.22,,2.25,1.1900000000000048
2009-05-05,53.16,53.81,3.62,33.36,98.8529,0.98,3.2,4.06,0.2,,2.22,0.6500000000000057
2009-05-06,55.07,56.29,3.67,32.45,98.9044,0.96,3.18,4.09,0.18,,2.22,1.2199999999999989
2009-05-07,56.63,56.67,3.96,33.44,98.552,1.0,3.29,4.25,0.18,,2.29,0.03999999999999915
2009-05-08,56.02,58.58,4.16,32.05,98.1269,1.0,3.29,4.28,0.17,,2.29,2.559999999999995
2009-05-11,55.99,57.79,4.24,32.87,97.747,0.92,3.17,4.18,0.17,,2.25,1.7999999999999972
2009-05-12,56.52,58.81,4.41,31.8,97.8269,0.9,3.17,4.16,0.16,,2.27,2.289999999999999
2009-05-13,56.84,58.0,4.42,33.65,98.0276,0.89,3.11,4.09,0.16,,2.2199999999999998,1.1599999999999966
2009-05-14,56.25,58.58,4.1,31.37,98.1271,0.87,3.1,4.06,0.16,,2.23,2.3299999999999983
2009-05-15,56.33,56.52,4.05,33.12,98.1063,0.88,3.14,4.09,0.17,,2.2600000000000002,0.19000000000000483
2009-05-18,56.51,58.99,4.02,30.24,97.9412,0.93,3.22,4.18,0.16,,2.29,2.480000000000004
2009-05-19,57.12,59.52,3.99,28.8,97.2827,0.91,3.25,4.21,0.15,,2.34,2.4000000000000057
2009-05-20,59.1,61.45,3.75,29.03,96.5707,0.87,3.19,4.14,0.14,,2.32,2.3500000000000014
2009-05-21,58.02,60.49,3.77,31.35,96.6039,0.89,3.35,4.3,0.17,,2.46,2.469999999999999
2009-05-22,58.7,61.15,3.41,32.63,95.8788,0.92,3.45,4.38,0.17,,2.5300000000000002,2.4499999999999957
2009-05-25,,,,,,,,,0.17,,,
2009-05-26,59.05,62.48,3.35,30.62,95.988,0.96,3.5,4.45,0.18,,2.54,3.4299999999999997
2009-05-27,61.28,63.41,3.49,32.36,95.9622,0.96,3.71,4.59,0.17,,2.75,2.1299999999999955
2009-05-28,63.47,65.09,3.55,31.67,96.1313,0.97,3.67,4.54,0.17,,2.7,1.6200000000000045
2009-05-29,64.98,66.31,3.92,28.92,95.268,0.92,3.47,4.34,0.19,,2.5500000000000003,1.3299999999999983
2009-06-01,66.6,68.59,3.86,30.04,94.8107,0.97,3.71,4.55,0.21,,2.74,1.990000000000009
2009-06-02,67.67,68.58,4.05,29.63,94.6556,0.96,3.65,4.5,0.2,,2.69,0.9099999999999966
2009-06-03,66.15,66.14,3.81,31.02,95.0751,0.91,3.56,4.45,0.21,,2.65,-0.010000000000005116
2009-06-04,67.68,68.8,3.58,30.18,95.2922,0.96,3.72,4.58,0.2,,2.7600000000000002,1.1199999999999903
2009-06-05,67.77,68.43,3.51,29.62,96.0412,1.32,3.84,4.63,0.21,,2.5199999999999996,0.6600000000000108
2009-06-08,67.61,68.05,3.53,29.77,96.6548,1.42,3.91,4.65,0.21,,2.49,0.4399999999999977
2009-06-09,68.94,70.02,3.53,28.27,95.9537,1.33,3.86,4.64,0.18,,2.53,1.0799999999999983
2009-06-10,70.52,71.38,3.56,28.46,96.1277,1.38,3.98,4.76,0.18,,2.6,0.8599999999999994
2009-06-11,71.71,72.69,3.51,28.11,95.4993,1.35,3.88,4.69,0.17,,2.53,0.980000000000004
2009-06-12,70.62,72.13,3.54,28.15,95.836,1.3,3.81,4.65,0.17,,2.51,1.509999999999991
2009-06-15,68.49,70.54,3.8,30.81,96.7519,1.26,3.76,4.61,0.22,,2.5,2.0500000000000114
2009-06-16,70.52,70.47,4.16,32.68,96.2616,1.23,3.67,4.48,0.22,,2.44,-0.04999999999999716
2009-06-17,68.95,71.07,3.99,31.54,96.64,1.19,3.68,4.5,0.24,,2.49,2.1199999999999903
2009-06-18,69.96,71.42,4.19,30.03,96.1482,1.28,3.86,4.63,0.25,,2.58,1.460000000000008
2009-06-19,70.48,69.6,4.04,27.99,96.0325,1.25,3.79,4.52,0.25,,2.54,-0.8800000000000097
2009-06-22,66.13,67.09,4.01,31.17,96.8818,1.17,3.72,4.45,0.24,,2.5500000000000003,0.960000000000008
2009-06-23,66.36,68.81,3.91,30.58,96.5196,1.14,3.65,4.37,0.24,,2.51,2.450000000000003
2009-06-24,68.47,68.14,3.8,29.05,96.2369,1.19,3.72,4.44,0.21,,2.5300000000000002,-0.3299999999999983
2009-06-25,68.82,69.7,3.82,26.36,96.7072,1.12,3.55,4.33,0.19,,2.4299999999999997,0.8800000000000097
2009-06-26,68.1,69.16,3.81,25.93,96.1935,1.1,3.52,4.3,0.18,,2.42,1.0600000000000023
2009-06-29,69.75,71.47,3.88,25.35,96.242,1.11,3.51,4.31,0.17,,2.3999999999999995,1.7199999999999989
2009-06-30,68.11,69.82,3.72,26.35,96.3761,1.11,3.53,4.32,0.22,,2.42,1.7099999999999937
2009-07-01,68.52,69.32,3.63,26.22,95.6581,1.05,3.55,4.34,0.2,,2.5,0.7999999999999972
2009-07-02,65.74,66.68,3.49,27.95,96.3216,0.98,3.51,4.32,0.17,,2.53,0.9400000000000119
2009-07-03,,,,,,,,,0.16,,,
2009-07-06,63.12,64.06,3.24,29.0,96.6174,0.96,3.52,4.35,0.18,,2.56,0.9400000000000048
2009-07-07,61.54,62.88,3.3,30.85,96.6321,0.98,3.47,4.31,0.18,,2.49,1.3400000000000034
2009-07-08,59.71,60.15,3.22,31.3,97.0204,0.91,3.33,4.17,0.16,,2.42,0.4399999999999977
2009-07-09,59.17,60.36,3.36,29.78,96.6219,0.94,3.44,4.31,0.15,,2.5,1.1899999999999977
2009-07-10,58.43,59.93,3.24,29.02,97.0819,0.91,3.32,4.2,0.15,,2.4099999999999997,1.5
2009-07-13,58.25,59.69,3.17,26.31,96.9995,0.92,3.38,4.25,0.13,,2.46,1.4399999999999977
2009-07-14,60.48,59.62,3.29,25.02,96.6599,0.97,3.5,4.38,0.13,,2.5300000000000002,-0.8599999999999994
2009-07-15,61.25,61.49,3.37,25.89,95.8004,1.03,3.63,4.48,0.14,,2.5999999999999996,0.240000000000002
2009-07-16,62.02,62.07,3.21,25.42,95.7241,1.0,3.59,4.45,0.15,,2.59,0.04999999999999716
2009-07-17,63.54,63.56,3.39,24.34,95.6036,1.02,3.67,4.53,0.15,,2.65,0.020000000000003126
2009-07-20,64.64,63.93,3.49,24.4,95.0903,0.99,3.61,4.47,0.15,,2.62,-0.7100000000000009
2009-07-21,65.93,64.81,3.48,23.87,95.0564,0.96,3.5,4.38,0.14,,2.54,-1.1200000000000045
2009-07-22,65.36,64.58,3.49,23.47,94.8659,0.98,3.58,4.45,0.14,,2.6,-0.7800000000000011
2009-07-23,68.06,66.1,3.66,23.43,94.532,1.08,3.72,4.58,0.15,,2.64,-1.960000000000008
2009-07-24,68.82,66.96,3.37,23.09,94.7046,1.05,3.7,4.55,0.15,,2.6500000000000004,-1.8599999999999994
2009-07-27,69.78,68.34,3.46,24.28,94.6659,1.08,3.75,4.62,0.16,,2.67,-1.4399999999999977
2009-07-28,68.53,67.24,3.49,25.01,94.5592,1.12,3.72,4.56,0.15,,2.6,-1.2900000000000063
2009-07-29,65.79,63.42,3.41,25.61,95.1678,1.17,3.69,4.5,0.17,,2.52,-2.3700000000000045
2009-07-30,68.82,66.9,3.34,25.4,94.8967,1.19,3.67,4.44,0.17,,2.48,-1.9199999999999875
2009-07-31,70.08,69.26,3.34,25.92,94.2526,1.13,3.52,4.31,0.18,,2.39,-0.8199999999999932
2009-08-03,72.9,71.59,3.43,25.56,93.6331,1.18,3.66,4.42,0.18,,2.4800000000000004,-1.3100000000000023
2009-08-04,73.82,71.4,3.53,24.89,93.7281,1.2,3.7,4.45,0.17,,2.5,-2.4199999999999875
2009-08-05,74.39,71.97,3.61,24.9,93.7848,1.23,3.8,4.57,0.17,,2.57,-2.4200000000000017
2009-08-06,74.61,71.96,3.78,25.67,93.9358,1.22,3.79,4.53,0.17,,2.5700000000000003,-2.6500000000000057
2009-08-07,74.21,70.97,3.57,24.76,94.4692,1.32,3.89,4.61,0.17,,2.5700000000000003,-3.239999999999995
2009-08-10,73.79,70.59,3.55,24.99,94.6087,1.24,3.8,4.52,0.17,,2.5599999999999996,-3.200000000000003
2009-08-11,71.58,69.46,3.54,25.99,94.8678,1.21,3.71,4.44,0.16,,2.5,-2.1200000000000045
2009-08-12,74.03,70.08,3.36,25.45,94.5394,1.18,3.72,4.53,0.15,,2.54,-3.950000000000003
2009-08-13,73.76,70.57,3.34,24.71,94.2392,1.12,3.59,4.44,0.15,,2.4699999999999998,-3.190000000000012
2009-08-14,71.33,67.51,3.18,24.27,94.475,1.07,3.55,4.41,0.15,,2.4799999999999995,-3.819999999999993
2009-08-17,68.65,66.72,3.11,27.89,95.1024,1.04,3.48,4.33,0.17,,2.44,-1.9300000000000068
2009-08-18,68.66,69.22,3.12,26.18,95.1118,1.06,3.51,4.35,0.17,,2.4499999999999997,0.5600000000000023
2009-08-19,72.81,72.54,3.03,26.26,94.4084,1.01,3.45,4.28,0.17,,2.4400000000000004,-0.269999999999996
2009-08-20,73.75,72.4,3.03,25.09,94.3492,1.03,3.42,4.24,0.17,,2.3899999999999997,-1.3499999999999943
2009-08-21,73.71,73.12,2.78,25.01,94.0103,1.13,3.56,4.36,0.16,,2.43,-0.5899999999999892
2009-08-24,74.34,73.68,2.69,25.14,93.9345,1.05,3.48,4.27,0.16,,2.4299999999999997,-0.6599999999999966
2009-08-25,73.1,71.6,2.85,24.92,93.9066,1.05,3.45,4.22,0.15,,2.4000000000000004,-1.5
2009-08-26,70.74,71.38,2.76,24.95,94.8662,1.06,3.44,4.2,0.15,,2.38,0.6400000000000006
2009-08-27,70.68,72.49,2.76,24.68,94.7943,1.04,3.47,4.23,0.14,,2.43,1.809999999999988
2009-08-28,72.8,72.72,2.52,24.76,94.4489,1.01,3.46,4.21,0.14,,2.45,-0.0799999999999983
2009-08-31,69.02,69.97,2.42,26.01,94.6202,0.97,3.4,4.18,0.15,,2.4299999999999997,0.9500000000000028
2009-09-01,68.78,68.11,2.36,29.15,95.2201,0.92,3.38,4.19,0.15,,2.46,-0.6700000000000017
2009-09-02,67.6,68.03,2.25,28.9,95.1575,0.89,3.29,4.09,0.16,,2.4,0.4300000000000068
2009-09-03,66.78,67.9,2.06,27.1,94.959,0.91,3.33,4.15,0.15,,2.42,1.1200000000000045
2009-09-04,65.84,67.95,1.83,25.26,94.5811,0.94,3.45,4.27,0.15,,2.5100000000000002,2.1099999999999994
2009-09-07,,,,,,,,,0.15,,,
2009-09-08,69.2,71.08,2.43,25.62,93.7323,0.93,3.47,4.31,0.15,,2.54,1.8799999999999955
2009-09-09,69.76,71.27,2.72,24.32,93.6915,0.93,3.48,4.33,0.15,,2.55,1.509999999999991
2009-09-10,68.96,71.95,2.68,23.55,93.6947,0.9,3.36,4.19,0.16,,2.46,2.990000000000009
2009-09-11,68.76,69.34,2.94,24.15,93.3225,0.9,3.34,4.18,0.15,,2.44,0.5799999999999983
2009-09-14,66.91,68.86,2.84,23.86,93.6196,0.94,3.42,4.22,0.16,,2.48,1.9500000000000028
2009-09-15,66.53,70.81,3.21,23.42,93.4427,0.96,3.47,4.27,0.17,,2.5100000000000002,4.280000000000001
2009-09-16,68.51,72.5,3.28,23.69,92.9072,1.01,3.48,4.26,0.17,,2.4699999999999998,3.989999999999995
2009-09-17,71.56,72.48,3.5,23.65,92.8287,0.98,3.42,4.19,0.16,,2.44,0.9200000000000017
2009-09-18,70.72,71.95,3.21,23.92,93.1233,1.03,3.49,4.24,0.16,,2.46,1.230000000000004
2009-09-21,68.11,69.74,3.35,24.06,93.3547,1.02,3.49,4.23,0.15,,2.47,1.6299999999999955
2009-09-22,69.65,71.5,3.37,23.08,92.8664,1.02,3.46,4.2,0.15,,2.44,1.8499999999999943
2009-09-23,67.43,68.74,3.43,23.49,92.979,0.96,3.44,4.21,0.15,,2.48,1.309999999999988
2009-09-24,64.99,65.74,3.56,24.95,93.4708,0.93,3.4,4.17,0.14,,2.4699999999999998,0.75
2009-09-25,64.6,65.91,3.61,25.61,93.5535,0.98,3.34,4.1,0.13,,2.36,1.3100000000000023
2009-09-28,65.43,66.69,3.54,24.88,93.4669,0.98,3.31,4.04,0.13,,2.33,1.259999999999991
2009-09-29,64.63,66.56,3.3,25.19,93.7776,1.0,3.31,4.03,0.11,,2.31,1.9300000000000068
2009-09-30,65.82,70.46,3.25,25.61,93.1907,0.95,3.31,4.03,0.07,,2.3600000000000003,4.640000000000001
2009-10-01,67.12,70.67,2.91,28.27,93.5995,0.87,3.21,3.97,0.11,,2.34,3.549999999999997
2009-10-02,66.5,69.8,2.32,28.68,93.6756,0.88,3.24,4.01,0.13,,2.3600000000000003,3.299999999999997
2009-10-05,65.26,70.26,2.89,26.84,93.3356,0.88,3.24,4.01,0.13,,2.3600000000000003,5.0
2009-10-06,68.51,70.71,3.23,25.7,92.619,0.91,3.27,4.07,0.12,,2.36,2.1999999999999886
2009-10-07,67.65,69.6,3.7,24.68,92.794,0.87,3.21,3.99,0.13,,2.34,1.9499999999999886
2009-10-08,68.47,71.69,4.24,24.18,92.2074,0.9,3.27,4.09,0.12,,2.37,3.219999999999999
2009-10-09,69.45,71.75,3.92,23.12,92.2984,0.98,3.4,4.22,0.12,,2.42,2.299999999999997
2009-10-12,70.75,73.24,3.96,23.01,,,,,0.12,,,2.489999999999995
2009-10-13,70.81,74.1,4.03,22.99,91.8273,0.91,3.34,4.16,0.12,,2.4299999999999997,3.289999999999992
2009-10-14,72.16,75.2,3.82,22.86,91.5047,0.96,3.45,4.28,0.12,,2.49,3.0400000000000063
2009-10-15,73.14,77.55,3.88,21.72,91.4367,0.97,3.49,4.31,0.13,,2.5200000000000005,4.409999999999997
2009-10-16,74.58,78.54,3.94,21.43,91.6541,0.97,3.43,4.24,0.12,,2.46,3.960000000000008
2009-10-19,75.86,79.47,4.22,21.49,91.4406,0.99,3.41,4.21,0.12,,2.42,3.6099999999999994
2009-10-20,76.51,78.87,4.6,20.9,91.801,0.95,3.35,4.16,0.12,,2.4000000000000004,2.3599999999999994
2009-10-21,77.74,81.03,4.8,22.22,91.3805,1.0,3.42,4.22,0.11,,2.42,3.2900000000000063
2009-10-22,78.36,80.82,4.98,20.69,91.6075,0.97,3.44,4.24,0.11,,2.4699999999999998,2.4599999999999937
2009-10-23,77.72,80.11,4.88,22.27,91.7331,1.04,3.51,4.29,0.11,,2.4699999999999998,2.3900000000000006
2009-10-26,76.45,78.61,4.52,24.31,92.0998,1.06,3.59,4.37,0.11,,2.53,2.1599999999999966
2009-10-27,76.69,79.45,4.52,24.83,92.5335,0.99,3.49,4.29,0.11,,2.5,2.760000000000005
2009-10-28,75.11,77.39,4.59,27.91,92.8152,0.95,3.44,4.25,0.11,,2.49,2.280000000000001
2009-10-29,77.18,79.84,4.11,24.76,92.4708,0.98,3.53,4.35,0.11,,2.55,2.6599999999999966
2009-10-30,74.91,77.04,4.11,30.69,92.6207,0.9,3.41,4.23,0.11,,2.5100000000000002,2.1300000000000097
2009-11-02,75.56,78.08,4.32,29.78,92.4501,0.92,3.45,4.26,0.12,,2.5300000000000002,2.519999999999996
2009-11-03,75.68,79.58,4.33,28.81,92.9037,0.92,3.5,4.34,0.12,,2.58,3.8999999999999915
2009-11-04,78.21,80.3,4.49,27.72,92.3725,0.91,3.57,4.41,0.13,,2.6599999999999997,2.0900000000000034
2009-11-05,78.02,79.64,4.3,25.43,92.3437,0.9,3.57,4.41,0.13,,2.67,1.6200000000000045
2009-11-06,75.51,77.4,3.95,24.19,92.3848,0.86,3.54,4.4,0.12,,2.68,1.8900000000000006
2009-11-09,77.18,79.44,3.78,23.15,91.6861,0.87,3.52,4.4,0.12,,2.65,2.259999999999991
2009-11-10,77.07,79.01,3.76,22.84,91.6659,0.85,3.5,4.41,0.13,,2.65,1.940000000000012
2009-11-11,76.99,79.16,3.59,23.04,,,,,0.13,,,2.1700000000000017
2009-11-12,75.18,77.25,3.24,24.24,91.9461,0.82,3.45,4.41,0.12,,2.6300000000000003,2.069999999999993
2009-11-13,74.81,76.34,2.51,23.36,91.5754,0.82,3.43,4.36,0.12,,2.6100000000000003,1.5300000000000011
2009-11-16,77.14,78.91,2.65,22.89,91.194,0.78,3.33,4.26,0.12,,2.55,1.769999999999996
2009-11-17,77.36,79.08,3.47,22.41,91.7419,0.78,3.33,4.26,0.12,,2.55,1.7199999999999989
2009-11-18,78.64,79.55,3.74,21.63,91.249,0.77,3.36,4.29,0.11,,2.59,0.9099999999999966
2009-11-19,76.45,77.47,3.57,22.63,91.7827,0.73,3.35,4.29,0.11,,2.62,1.019999999999996
2009-11-20,75.61,76.83,3.09,22.19,91.9906,0.75,3.36,4.3,0.11,,2.61,1.2199999999999989
2009-11-23,78.14,76.49,3.79,21.16,91.4864,0.77,3.37,4.29,0.12,,2.6,-1.6500000000000057
2009-11-24,75.35,74.88,3.63,20.47,91.5539,0.73,3.32,4.25,0.12,,2.59,-0.46999999999999886
2009-11-25,76.57,77.25,3.32,20.48,90.9669,0.73,3.28,4.23,0.11,,2.55,0.6800000000000068
2009-11-26,,,,,,,,,0.11,,,
2009-11-27,76.0,75.95,3.32,24.85,91.5272,0.68,3.21,4.21,0.12,,2.53,-0.04999999999999716
2009-11-30,77.77,77.19,4.41,24.51,91.3717,0.67,3.21,4.2,0.13,,2.54,-0.5799999999999983
2009-12-01,78.68,78.39,4.3,21.92,90.8323,0.67,3.28,4.26,0.13,,2.61,-0.29000000000000625
2009-12-02,76.96,76.62,4.67,21.12,90.8906,0.72,3.32,4.26,0.13,,2.5999999999999996,-0.3399999999999892
2009-12-03,77.76,76.42,4.57,22.46,90.9152,0.74,3.39,4.33,0.13,,2.6500000000000004,-1.3400000000000034
2009-12-04,77.74,75.41,4.53,21.25,91.3806,0.84,3.48,4.4,0.12,,2.64,-2.3299999999999983
2009-12-07,76.18,73.89,4.78,22.1,91.5414,0.78,3.44,4.4,0.12,,2.66,-2.2900000000000063
2009-12-08,74.93,72.59,5.1,23.69,91.9513,0.73,3.4,4.39,0.12,,2.67,-2.3400000000000034
2009-12-09,73.63,70.67,5.27,22.66,92.014,0.76,3.45,4.41,0.12,,2.6900000000000004,-2.9599999999999937
2009-12-10,70.91,70.54,5.02,22.32,92.0073,0.78,3.49,4.5,0.12,,2.71,-0.36999999999999034
2009-12-11,70.07,69.86,5.21,21.59,92.2946,0.83,3.55,4.49,0.12,,2.7199999999999998,-0.20999999999999375
2009-12-14,71.19,69.48,5.41,21.15,92.0305,0.87,3.56,4.49,0.12,,2.69,-1.7099999999999937
2009-12-15,71.33,70.62,5.53,21.49,92.3635,0.88,3.6,4.52,0.13,,2.72,-0.7099999999999937
2009-12-16,73.34,72.64,5.57,20.54,92.1496,0.85,3.61,4.52,0.14,,2.76,-0.7000000000000028
2009-12-17,71.28,72.58,5.65,22.51,93.225,0.77,3.5,4.42,0.13,,2.73,1.2999999999999972
2009-12-18,71.87,73.3,5.87,21.68,93.1632,0.82,3.55,4.46,0.12,,2.73,1.4299999999999926
2009-12-21,72.74,72.71,5.79,20.49,,0.89,3.69,4.56,0.12,,2.8,-0.030000000000001137
2009-12-22,71.64,73.48,5.56,19.54,93.2903,0.95,3.76,4.6,0.12,,2.8099999999999996,1.8400000000000034
2009-12-23,73.87,76.03,5.55,19.71,92.9295,0.96,3.77,4.61,0.11,,2.81,2.1599999999999966
2009-12-24,75.15,76.83,5.75,19.47,92.8694,1.0,3.82,4.68,0.11,,2.82,1.6799999999999926
2009-12-25,,,,,,,,,0.11,,,
2009-12-28,76.59,78.67,5.91,19.93,92.6993,1.09,3.85,4.69,0.12,,2.76,2.0799999999999983
2009-12-29,76.65,78.87,6.01,20.01,92.8838,1.09,3.82,4.64,0.12,,2.7299999999999995,2.219999999999999
2009-12-30,77.62,79.35,5.78,19.96,93.0872,1.08,3.8,4.61,0.11,,2.7199999999999998,1.7299999999999898
2009-12-31,77.91,79.39,5.82,21.68,92.9124,1.14,3.85,4.63,0.05,,2.71,1.480000000000004
2010-01-01,,,,,,,,,0.05,,,
2010-01-04,79.05,81.52,6.09,20.04,92.3566,1.09,3.85,4.65,0.12,,2.76,2.469999999999999
2010-01-05,79.27,81.74,6.19,19.35,92.2236,1.01,3.77,4.59,0.12,,2.76,2.469999999999999
2010-01-06,80.14,83.12,6.47,19.16,92.0941,1.01,3.85,4.7,0.12,,2.84,2.980000000000004
2010-01-07,80.57,82.6,7.51,19.06,92.3684,1.03,3.85,4.69,0.1,,2.8200000000000003,2.030000000000001
2010-01-08,80.06,82.74,6.56,18.13,92.1485,0.96,3.83,4.7,0.11,,2.87,2.6799999999999926
2010-01-11,80.14,82.54,5.77,17.55,91.5997,0.95,3.85,4.74,0.11,,2.9000000000000004,2.4000000000000057
2010-01-12,79.38,80.79,5.57,18.25,91.7005,0.92,3.74,4.62,0.11,,2.8200000000000003,1.4100000000000108
2010-01-13,77.57,79.66,5.61,17.85,91.7272,0.97,3.8,4.71,0.11,,2.83,2.0900000000000034
2010-01-14,77.61,79.35,5.77,17.63,91.5864,0.94,3.76,4.63,0.11,,2.82,1.7399999999999949
2010-01-15,76.85,77.96,5.66,17.91,91.7668,0.89,3.7,4.58,0.12,,2.81,1.1099999999999994
2010-01-18,,,,,,,,,0.12,,,
2010-01-19,75.18,78.98,5.51,17.58,91.9611,0.93,3.73,4.6,0.13,,2.8,3.799999999999997
2010-01-20,75.09,77.42,5.54,18.68,92.6766,0.92,3.68,4.54,0.13,,2.7600000000000002,2.3299999999999983
2010-01-21,74.13,75.84,5.52,22.27,92.6627,0.87,3.62,4.5,0.12,,2.75,1.710000000000008
2010-01-22,72.73,74.25,5.67,27.31,92.943,0.84,3.62,4.5,0.11,,2.7800000000000002,1.519999999999996
2010-01-25,72.18,74.9,5.76,25.41,92.9099,0.86,3.66,4.55,0.12,,2.8000000000000003,2.719999999999999
2010-01-26,72.63,74.67,5.61,24.55,93.3298,0.87,3.65,4.56,0.12,,2.78,2.0400000000000063
2010-01-27,72.75,73.64,5.42,23.14,93.2835,0.9,3.66,4.55,0.12,,2.7600000000000002,0.8900000000000006
2010-01-28,70.65,73.62,5.32,23.73,93.2635,0.87,3.68,4.57,0.12,,2.81,2.969999999999999
2010-01-29,71.2,72.85,5.26,24.62,93.7638,0.82,3.63,4.51,0.12,,2.81,1.6499999999999915
2010-02-01,71.58,74.41,5.3,22.59,93.7321,0.86,3.68,4.56,0.14,,2.8200000000000003,2.8299999999999983
2010-02-02,73.94,77.21,5.47,21.48,93.4136,0.86,3.67,4.55,0.14,,2.81,3.269999999999996
2010-02-03,75.77,76.96,5.51,21.6,93.6268,0.88,3.73,4.62,0.13,,2.85,1.1899999999999977
2010-02-04,71.3,73.13,5.47,26.08,94.1401,0.8,3.62,4.53,0.14,,2.8200000000000003,1.8299999999999983
2010-02-05,70.11,71.15,5.61,26.11,94.6218,0.77,3.59,4.51,0.13,,2.82,1.0400000000000063
2010-02-08,69.62,71.87,5.73,26.51,,0.79,3.62,4.52,0.13,,2.83,2.25
2010-02-09,70.4,73.71,5.54,26.0,,0.84,3.67,4.58,0.13,,2.83,3.309999999999988
2010-02-10,70.4,74.48,5.48,25.4,,0.91,3.72,4.65,0.12,,2.81,4.079999999999998
2010-02-11,72.35,75.23,5.53,23.96,,0.91,3.73,4.69,0.12,,2.82,2.8800000000000097
2010-02-12,71.49,74.11,5.48,22.73,93.9976,0.84,3.69,4.66,0.12,,2.85,2.6200000000000045
2010-02-15,,,,,,,,,0.12,,,
2010-02-16,74.82,76.98,5.65,22.25,93.482,0.82,3.66,4.63,0.13,,2.8400000000000003,2.160000000000011
2010-02-17,74.89,77.27,5.47,21.72,93.7171,0.87,3.74,4.7,0.12,,2.87,2.3799999999999955
2010-02-18,76.61,78.97,5.4,20.63,93.8752,0.9,3.79,4.74,0.12,,2.89,2.3599999999999994
2010-02-19,76.88,79.77,5.1,20.02,93.9569,0.95,3.78,4.71,0.13,,2.83,2.8900000000000006
2010-02-22,76.95,80.04,4.92,19.94,93.7402,0.91,3.8,4.73,0.12,,2.8899999999999997,3.0900000000000034
2010-02-23,76.44,78.61,4.91,21.37,93.9794,0.87,3.69,4.63,0.12,,2.82,2.1700000000000017
2010-02-24,77.0,79.75,4.91,20.27,93.9775,0.87,3.7,4.63,0.11,,2.83,2.75
2010-02-25,74.38,77.99,4.84,20.1,94.3797,0.82,3.64,4.58,0.12,,2.8200000000000003,3.6099999999999994
2010-02-26,76.36,79.72,4.76,19.5,93.6602,0.81,3.61,4.55,0.13,,2.8,3.3599999999999994
2010-03-01,76.07,78.71,4.83,19.26,93.7979,0.8,3.61,4.56,0.14,,2.8099999999999996,2.6400000000000006
2010-03-02,77.5,79.62,4.78,19.06,93.488,0.8,3.62,4.57,0.14,,2.8200000000000003,2.1200000000000045
2010-03-03,78.66,80.91,4.76,18.83,92.9861,0.82,3.63,4.58,0.15,,2.81,2.25
2010-03-04,77.88,80.21,4.78,18.72,93.4079,0.86,3.61,4.56,0.16,,2.75,2.3299999999999983
2010-03-05,79.2,81.5,4.56,17.42,93.2623,0.91,3.69,4.64,0.17,,2.78,2.299999999999997
2010-03-08,78.94,81.85,4.47,17.79,93.2446,0.9,3.72,4.68,0.15,,2.8200000000000003,2.9099999999999966
2010-03-09,78.77,81.5,4.51,17.92,93.1941,0.89,3.71,4.68,0.14,,2.82,2.730000000000004
2010-03-10,80.29,82.07,4.44,18.57,93.0426,0.92,3.73,4.69,0.14,,2.81,1.779999999999987
2010-03-11,79.44,82.1,4.47,18.06,93.0533,0.97,3.73,4.66,0.15,,2.76,2.6599999999999966
2010-03-12,79.38,81.26,4.35,17.58,92.6616,0.97,3.71,4.62,0.17,,2.74,1.8800000000000097
2010-03-15,77.08,79.79,4.29,18.0,92.9642,0.96,3.71,4.63,0.2,,2.75,2.710000000000008
2010-03-16,79.45,81.75,4.38,17.69,92.595,0.93,3.66,4.59,0.2,,2.73,2.299999999999997
2010-03-17,80.28,82.93,4.27,16.91,92.4446,0.95,3.65,4.56,0.18,,2.7,2.6500000000000057
2010-03-18,80.09,82.16,4.19,16.62,92.7451,0.98,3.68,4.59,0.18,,2.7,2.069999999999993
2010-03-19,78.37,80.58,4.01,16.97,93.0407,1.02,3.7,4.58,0.18,,2.68,2.2099999999999937
2010-03-22,78.09,81.26,4.02,16.87,93.1333,1.01,3.67,4.57,0.18,,2.66,3.1700000000000017
2010-03-23,79.17,81.68,4.08,16.35,93.006,1.02,3.69,4.6,0.17,,2.67,2.510000000000005
2010-03-24,78.03,80.29,4.02,17.55,93.6468,1.08,3.84,4.72,0.17,,2.76,2.260000000000005
2010-03-25,78.64,80.25,4.01,18.4,93.5885,1.1,3.91,4.77,0.17,,2.81,1.6099999999999994
2010-03-26,77.98,79.75,3.92,17.77,93.6873,1.04,3.86,4.75,0.17,,2.82,1.769999999999996
2010-03-29,79.89,81.92,3.83,17.59,93.2959,1.04,3.88,4.76,0.16,,2.84,2.030000000000001
2010-03-30,79.46,82.14,3.79,17.13,93.2627,1.06,3.88,4.75,0.16,,2.82,2.680000000000007
2010-03-31,80.37,83.45,3.93,17.59,92.8987,1.02,3.84,4.72,0.09,,2.82,3.0799999999999983
2010-04-01,82.63,84.53,3.72,17.47,92.6661,1.05,3.89,4.74,0.17,,2.84,1.9000000000000057
2010-04-02,,,,,92.9057,1.11,3.96,4.81,0.2,,2.8499999999999996,
2010-04-05,84.48,86.36,3.93,17.02,92.6644,1.18,4.01,4.85,0.2,,2.83,1.8799999999999955
2010-04-06,85.05,86.54,4.16,16.23,92.7373,1.14,3.98,4.84,0.2,,2.84,1.490000000000009
2010-04-07,84.49,85.64,4.08,16.62,92.7452,1.06,3.89,4.74,0.19,,2.83,1.1500000000000057
2010-04-08,82.63,85.17,3.92,16.48,92.7211,1.09,3.91,4.75,0.19,,2.8200000000000003,2.5400000000000063
2010-04-09,82.77,84.6,3.9,16.14,92.4772,1.08,3.9,4.74,0.19,,2.82,1.8299999999999983
2010-04-12,85.21,84.07,4.04,15.58,92.243,1.07,3.87,4.7,0.19,,2.8,-1.1400000000000006
2010-04-13,83.44,83.8,3.97,16.2,92.2689,1.07,3.84,4.68,0.2,,2.7699999999999996,0.35999999999999943
2010-04-14,85.81,85.62,4.15,15.59,91.9297,1.07,3.88,4.72,0.2,,2.8099999999999996,-0.18999999999999773
2010-04-15,86.9,85.25,4.16,15.89,92.2029,1.04,3.86,4.72,0.22,,2.82,-1.6500000000000057
2010-04-16,84.81,82.97,3.97,18.36,92.5253,0.98,3.79,4.67,0.21,,2.81,-1.8400000000000034
2010-04-19,83.09,81.52,4.02,17.34,92.8577,1.01,3.83,4.7,0.2,,2.8200000000000003,-1.5700000000000074
2010-04-20,84.73,82.98,3.93,15.73,92.4338,1.05,3.82,4.67,0.2,,2.7699999999999996,-1.75
2010-04-21,84.55,82.78,3.96,16.32,92.4482,1.03,3.77,4.61,0.2,,2.74,-1.769999999999996
2010-04-22,84.58,82.89,3.95,16.47,92.7277,1.07,3.8,4.65,0.2,,2.7299999999999995,-1.6899999999999977
2010-04-23,86.09,84.34,4.07,16.62,92.6622,1.1,3.84,4.67,0.2,,2.7399999999999998,-1.75
2010-04-26,86.72,84.2,4.23,17.47,92.5187,1.09,3.83,4.67,0.2,,2.74,-2.519999999999996
2010-04-27,85.59,82.43,4.18,22.81,93.0956,1.03,3.71,4.56,0.2,,2.6799999999999997,-3.1599999999999966
2010-04-28,84.59,83.22,4.19,21.08,93.4856,1.03,3.8,4.63,0.2,,2.7699999999999996,-1.3700000000000045
2010-04-29,86.82,85.17,4.24,18.44,92.9013,1.01,3.76,4.6,0.19,,2.75,-1.6499999999999915
2010-04-30,86.19,86.07,3.94,22.05,92.8423,0.97,3.69,4.53,0.2,,2.7199999999999998,-0.12000000000000455
2010-05-03,88.09,86.19,3.86,20.19,93.235,1.0,3.72,4.53,0.2,,2.72,-1.9000000000000057
2010-05-04,85.39,82.73,3.96,23.84,93.8137,0.96,3.63,4.43,0.21,,2.67,-2.6599999999999966
2010-05-05,82.31,80.0,4.0,24.91,94.3968,0.88,3.58,4.39,0.21,,2.7,-2.3100000000000023
2010-05-06,80.21,77.18,3.97,32.8,95.3032,0.75,3.41,4.19,0.2,,2.66,-3.029999999999987
2010-05-07,76.48,75.1,3.91,40.95,95.2952,0.83,3.45,4.28,0.2,,2.62,-1.3800000000000097
2010-05-10,78.08,76.89,4.08,28.84,94.3096,0.87,3.57,4.41,0.2,,2.6999999999999997,-1.1899999999999977
2010-05-11,79.0,76.37,4.15,28.32,94.4305,0.85,3.56,4.42,0.2,,2.71,-2.6299999999999955
2010-05-12,78.7,75.65,4.18,25.52,94.5515,0.89,3.56,4.47,0.2,,2.67,-3.049999999999997
2010-05-13,79.41,74.38,4.26,26.68,94.5071,0.87,3.55,4.47,0.2,,2.6799999999999997,-5.030000000000001
2010-05-14,76.43,71.61,4.27,31.24,95.3746,0.79,3.44,4.32,0.2,,2.65,-4.820000000000007
2010-05-17,73.87,70.08,4.34,30.84,95.9795,0.81,3.47,4.35,0.21,,2.66,-3.7900000000000063
2010-05-18,75.12,69.38,4.42,33.55,95.6212,0.76,3.38,4.26,0.21,,2.62,-5.740000000000009
2010-05-19,71.86,69.91,4.28,35.32,96.5083,0.8,3.36,4.24,0.2,,2.5599999999999996,-1.9500000000000028
2010-05-20,69.56,68.28,4.12,45.79,96.9483,0.76,3.25,4.13,0.2,,2.49,-1.2800000000000011
2010-05-21,70.45,68.03,4.12,40.1,96.2911,0.76,3.2,4.07,0.2,,2.4400000000000004,-2.4200000000000017
2010-05-24,69.62,68.23,4.08,38.32,96.6433,0.77,3.23,4.12,0.21,,2.46,-1.3900000000000006
2010-05-25,67.18,64.78,4.08,34.61,97.5487,0.81,3.18,4.07,0.21,,2.37,-2.4000000000000057
2010-05-26,70.59,71.52,4.19,35.02,97.1879,0.82,3.21,4.11,0.2,,2.39,0.9299999999999926
2010-05-27,73.56,74.56,4.22,29.68,96.3611,0.87,3.34,4.24,0.2,,2.4699999999999998,1.0
2010-05-28,73.0,74.0,4.31,32.07,96.3062,0.76,3.31,4.22,0.19,,2.55,1.0
2010-05-31,,,,,,,,,0.19,,,
2010-06-01,73.08,72.7,4.39,35.54,96.6123,0.78,3.29,4.19,0.2,,2.51,-0.37999999999999545
2010-06-02,72.78,72.88,4.32,30.17,96.615,0.82,3.35,4.24,0.2,,2.5300000000000002,0.09999999999999432
2010-06-03,73.12,74.62,4.46,29.46,96.461,0.82,3.39,4.29,0.19,,2.5700000000000003,1.5
2010-06-04,71.84,71.43,4.6,35.48,97.1688,0.72,3.2,4.13,0.19,,2.4800000000000004,-0.4099999999999966
2010-06-07,71.09,71.55,4.67,36.57,97.503,0.74,3.17,4.11,0.19,,2.4299999999999997,0.45999999999999375
2010-06-08,71.43,71.88,4.89,33.7,97.3425,0.74,3.18,4.1,0.19,,2.4400000000000004,0.44999999999998863
2010-06-09,73.68,74.38,4.75,33.73,96.8938,0.74,3.2,4.12,0.18,,2.46,0.6999999999999886
2010-06-10,74.33,75.48,4.68,30.57,96.4877,0.79,3.33,4.25,0.18,,2.54,1.1500000000000057
2010-06-11,73.28,73.89,4.68,28.79,96.5616,0.75,3.24,4.15,0.18,,2.49,0.6099999999999994
2010-06-14,75.11,74.99,4.94,28.58,95.8082,0.77,3.28,4.2,0.18,,2.51,-0.12000000000000455
2010-06-15,75.29,76.84,5.11,25.87,95.7049,0.79,3.32,4.23,0.19,,2.53,1.5499999999999972
2010-06-16,76.12,77.67,5.13,25.92,95.5668,0.75,3.27,4.18,0.19,,2.52,1.5499999999999972
2010-06-17,77.52,76.82,5.14,25.05,95.4973,0.72,3.21,4.13,0.19,,2.49,-0.7000000000000028
2010-06-18,77.05,77.18,5.17,23.95,95.2981,0.74,3.24,4.15,0.18,,2.5,0.13000000000000966
2010-06-21,78.53,77.84,5.15,24.88,94.8505,0.74,3.26,4.17,0.17,,2.5199999999999996,-0.6899999999999977
2010-06-22,78.08,77.15,4.87,27.05,95.1165,0.71,3.18,4.1,0.18,,2.47,-0.9299999999999926
2010-06-23,75.22,75.9,4.9,26.91,95.4853,0.66,3.13,4.05,0.17,,2.4699999999999998,0.6800000000000068
2010-06-24,75.17,75.96,4.88,29.74,95.6194,0.67,3.14,4.09,0.16,,2.47,0.789999999999992
2010-06-25,76.21,78.45,4.84,28.53,95.4582,0.65,3.12,4.07,0.16,,2.47,2.240000000000009
2010-06-28,76.66,78.26,4.85,29.0,95.2696,0.62,3.05,4.01,0.17,,2.4299999999999997,1.6000000000000085
2010-06-29,74.21,75.93,4.68,34.13,96.0199,0.61,2.97,3.94,0.15,,2.3600000000000003,1.720000000000013
2010-06-30,74.94,75.59,4.53,34.54,95.9934,0.61,2.97,3.91,0.09,,2.3600000000000003,0.6500000000000057
2010-07-01,71.73,72.95,4.54,32.86,95.8018,0.63,2.96,3.88,0.17,,2.33,1.2199999999999989
2010-07-02,71.75,72.06,4.72,30.12,95.6345,0.63,3.0,3.94,0.18,,2.37,0.3100000000000023
2010-07-05,,,,,,,,,0.18,,,
2010-07-06,73.08,71.96,4.85,29.65,95.1069,0.62,2.95,3.89,0.18,,2.33,-1.1200000000000045
2010-07-07,72.97,74.05,4.76,26.84,95.1795,0.63,3.0,3.96,0.18,,2.37,1.0799999999999983
2010-07-08,74.56,75.46,4.61,25.71,94.7734,0.63,3.04,4.0,0.17,,2.41,0.8999999999999915
2010-07-09,75.2,76.08,4.36,24.98,94.683,0.63,3.07,4.04,0.18,,2.44,0.8799999999999955
2010-07-12,74.35,74.93,4.42,24.43,94.9598,0.65,3.08,4.05,0.17,,2.43,0.5800000000000125
2010-07-13,76.45,77.16,4.46,24.56,94.3856,0.67,3.15,4.1,0.17,,2.48,0.7099999999999937
2010-07-14,76.63,77.02,4.39,24.89,94.3247,0.62,3.07,4.03,0.17,,2.4499999999999997,0.39000000000000057
2010-07-15,75.52,76.67,4.43,25.14,94.1988,0.61,3.0,3.97,0.19,,2.39,1.1500000000000057
2010-07-16,75.55,75.96,4.68,26.25,94.5061,0.61,2.96,3.95,0.19,,2.35,0.4099999999999966
2010-07-19,76.29,76.53,4.56,25.97,94.602,0.61,2.99,3.99,0.19,,2.3800000000000003,0.23999999999999488
2010-07-20,76.31,77.32,4.59,23.93,94.542,0.61,2.98,3.99,0.18,,2.37,1.009999999999991
2010-07-21,75.75,76.27,4.7,25.64,94.4496,0.58,2.9,3.89,0.18,,2.32,0.519999999999996
2010-07-22,77.59,79.01,4.67,24.63,94.1135,0.6,2.96,3.95,0.18,,2.36,1.4200000000000017
2010-07-23,77.27,78.68,4.69,23.47,94.1431,0.6,3.02,4.01,0.19,,2.42,1.4100000000000108
2010-07-26,77.9,78.93,4.65,22.73,93.7556,0.62,3.03,4.03,0.19,,2.4099999999999997,1.0300000000000011
2010-07-27,75.52,77.46,4.72,23.19,93.7583,0.65,3.08,4.08,0.19,,2.43,1.9399999999999977
2010-07-28,76.66,77.06,4.75,24.25,93.7506,0.61,3.03,4.07,0.2,,2.42,0.4000000000000057
2010-07-29,78.6,78.3,4.8,24.13,93.6004,0.59,3.03,4.08,0.19,,2.44,-0.29999999999999716
2010-07-30,77.5,78.85,4.81,23.5,93.2793,0.55,2.94,3.98,0.18,,2.3899999999999997,1.3499999999999943
2010-08-02,81.93,81.25,4.94,22.01,92.7916,0.56,2.99,4.06,0.19,,2.43,-0.6800000000000068
2010-08-03,83.6,82.52,4.78,22.63,92.6258,0.53,2.94,4.04,0.19,,2.41,-1.0799999999999983
2010-08-04,83.76,82.49,4.77,22.21,92.731,0.56,2.98,4.07,0.19,,2.42,-1.2700000000000102
2010-08-05,82.9,82.0,4.84,22.1,92.6401,0.53,2.94,4.05,0.19,,2.41,-0.9000000000000057
2010-08-06,81.28,80.67,4.67,21.74,92.5915,0.5,2.86,4.0,0.18,,2.36,-0.6099999999999994
2010-08-09,81.54,81.46,4.52,22.14,92.6726,0.54,2.86,4.01,0.18,,2.32,-0.0800000000000125
2010-08-10,79.89,80.24,4.43,22.37,93.2197,0.52,2.79,4.0,0.18,,2.27,0.3499999999999943
2010-08-11,77.83,78.09,4.38,25.39,93.7778,0.54,2.72,3.93,0.17,,2.18,0.2600000000000051
2010-08-12,76.63,75.68,4.42,25.73,93.8905,0.55,2.74,3.94,0.18,,2.1900000000000004,-0.9499999999999886
2010-08-13,75.14,75.39,4.35,26.24,94.0457,0.54,2.68,3.87,0.19,,2.14,0.25
2010-08-16,74.56,75.17,4.37,26.1,93.7902,0.51,2.58,3.72,0.2,,2.0700000000000003,0.6099999999999994
2010-08-17,76.74,75.76,4.28,24.33,93.4239,0.52,2.64,3.77,0.2,,2.12,-0.9799999999999898
2010-08-18,75.1,75.39,4.35,24.59,93.3719,0.51,2.64,3.73,0.19,,2.13,0.29000000000000625
2010-08-19,74.84,74.45,4.29,26.44,93.7141,0.49,2.58,3.66,0.19,,2.09,-0.39000000000000057
2010-08-20,73.48,73.45,4.19,25.49,94.2087,0.49,2.62,3.67,0.2,,2.13,-0.030000000000001137
2010-08-23,73.08,72.71,4.12,25.66,94.3295,0.49,2.6,3.65,0.19,,2.1100000000000003,-0.37000000000000455
2010-08-24,70.61,71.24,4.07,27.46,94.4362,0.5,2.5,3.57,0.19,,2.0,0.6299999999999955
2010-08-25,70.74,72.07,3.99,26.7,94.7372,0.53,2.54,3.59,0.19,,2.01,1.3299999999999983
2010-08-26,74.5,73.36,3.85,27.37,94.3523,0.51,2.5,3.53,0.19,,1.99,-1.1400000000000006
2010-08-27,75.16,75.17,3.75,24.45,94.3462,0.56,2.66,3.69,0.19,,2.1,0.010000000000005116
2010-08-30,76.05,74.69,3.77,27.21,94.5922,0.5,2.54,3.6,0.19,,2.04,-1.3599999999999994
2010-08-31,75.51,71.93,3.8,26.05,94.7204,0.47,2.47,3.52,0.21,,2.0,-3.5799999999999983
2010-09-01,75.53,73.97,3.73,23.89,94.1148,0.5,2.58,3.65,0.19,,2.08,-1.5600000000000023
2010-09-02,74.93,74.99,3.74,23.19,94.0852,0.5,2.63,3.72,0.19,,2.13,0.05999999999998806
2010-09-03,75.03,74.52,3.74,21.31,93.6952,0.52,2.72,3.79,0.19,,2.2,-0.5100000000000051
2010-09-06,,,,,,,,,0.19,,,
2010-09-07,75.78,73.98,3.82,23.8,94.042,0.49,2.61,3.67,0.2,,2.12,-1.7999999999999972
2010-09-08,77.48,74.65,3.81,23.25,93.7785,0.52,2.66,3.72,0.19,,2.14,-2.8299999999999983
2010-09-09,77.87,74.25,3.79,22.81,93.7033,0.57,2.77,3.84,0.18,,2.2,-3.6200000000000045
2010-09-10,77.54,76.4,3.79,21.99,93.6768,0.58,2.81,3.88,0.18,,2.23,-1.1400000000000006
2010-09-13,78.52,77.17,3.83,21.21,93.0767,0.53,2.74,3.83,0.18,,2.21,-1.3499999999999943
2010-09-14,78.89,76.78,3.98,21.56,92.6182,0.5,2.68,3.79,0.19,,2.18,-2.1099999999999994
2010-09-15,78.46,75.92,4.06,22.1,92.9313,0.5,2.74,3.87,0.21,,2.24,-2.539999999999992
2010-09-16,78.89,74.58,4.09,21.72,92.9108,0.48,2.77,3.92,0.21,,2.29,-4.310000000000002
2010-09-17,77.43,73.63,4.11,22.01,92.9418,0.48,2.75,3.9,0.21,,2.27,-3.8000000000000114
2010-09-20,79.42,74.81,4.01,21.5,92.7496,0.47,2.72,3.87,0.21,,2.25,-4.609999999999999
2010-09-21,78.76,72.96,3.95,22.35,92.6684,0.43,2.61,3.79,0.2,,2.1799999999999997,-5.800000000000011
2010-09-22,77.29,72.98,4.02,22.51,92.0647,0.44,2.56,3.74,0.21,,2.12,-4.310000000000002
2010-09-23,77.69,73.4,4.08,23.87,92.0233,0.45,2.56,3.73,0.2,,2.11,-4.289999999999992
2010-09-24,78.73,74.63,3.97,21.71,91.5996,0.45,2.62,3.79,0.21,,2.17,-4.1000000000000085
2010-09-27,77.71,76.51,3.8,22.54,91.4803,0.44,2.54,3.7,0.19,,2.1,-1.1999999999999886
2010-09-28,79.14,76.15,3.8,22.6,91.3493,0.37,2.48,3.66,0.19,,2.11,-2.989999999999995
2010-09-29,78.79,77.85,3.81,23.25,91.1632,0.44,2.52,3.69,0.19,,2.08,-0.9400000000000119
2010-09-30,80.77,79.95,3.85,23.7,91.3415,0.42,2.53,3.69,0.15,,2.11,-0.8199999999999932
2010-10-01,82.69,81.57,3.67,22.5,90.836,0.42,2.54,3.71,0.2,,2.12,-1.1200000000000045
2010-10-04,83.42,81.43,3.56,23.53,91.0015,0.41,2.5,3.71,0.2,,2.09,-1.9899999999999949
2010-10-05,83.35,82.83,3.51,21.76,90.5622,0.41,2.5,3.74,0.2,,2.09,-0.519999999999996
2010-10-06,85.01,83.21,3.56,21.49,90.1411,0.38,2.41,3.67,0.19,,2.0300000000000002,-1.8000000000000114
2010-10-07,83.67,81.34,3.62,21.56,90.286,0.36,2.41,3.72,0.18,,2.0500000000000003,-2.3299999999999983
2010-10-08,83.88,82.66,3.36,20.71,90.1133,0.35,2.41,3.75,0.18,,2.06,-1.2199999999999989
2010-10-11,83.08,82.18,3.43,18.96,,,,,0.18,,,-0.8999999999999915
2010-10-12,82.99,81.67,3.4,18.93,90.2203,0.37,2.44,3.8,0.18,,2.07,-1.3199999999999932
2010-10-13,84.01,83.03,3.58,19.07,89.7779,0.37,2.46,3.84,0.18,,2.09,-0.980000000000004
2010-10-14,83.55,82.71,3.58,19.88,89.5228,0.38,2.52,3.91,0.19,,2.14,-0.8400000000000034
2010-10-15,81.94,81.23,3.47,19.03,89.6815,0.37,2.59,3.98,0.2,,2.2199999999999998,-0.7099999999999937
2010-10-18,82.3,83.06,3.36,19.09,89.8484,0.38,2.52,3.93,0.19,,2.14,0.7600000000000051
2010-10-19,81.12,79.57,3.36,20.63,90.5499,0.37,2.5,3.9,0.19,,2.13,-1.5500000000000114
2010-10-20,81.68,81.93,3.46,19.79,90.1446,0.35,2.51,3.89,0.19,,2.1599999999999997,0.25
2010-10-21,81.28,80.03,3.46,19.27,90.138,0.37,2.57,3.95,0.19,,2.1999999999999997,-1.25
2010-10-22,80.75,81.15,3.19,18.78,90.4063,0.35,2.59,3.94,0.19,,2.2399999999999998,0.4000000000000057
2010-10-25,81.91,82.0,3.18,19.85,89.9328,0.37,2.59,3.91,0.19,,2.2199999999999998,0.09000000000000341
2010-10-26,82.62,82.6,3.28,20.22,90.2818,0.4,2.67,4.0,0.19,,2.27,-0.020000000000010232
2010-10-27,81.27,81.9,3.37,20.71,90.8038,0.4,2.75,4.06,0.19,,2.35,0.6300000000000097
2010-10-28,82.97,82.2,3.36,20.88,90.2407,0.37,2.69,4.05,0.19,,2.32,-0.769999999999996
2010-10-29,82.47,81.45,3.36,21.2,90.0935,0.34,2.63,3.99,0.2,,2.29,-1.019999999999996
2010-11-01,84.06,82.94,3.42,21.83,90.0307,0.34,2.66,4.01,0.2,,2.3200000000000003,-1.1200000000000045
2010-11-02,84.71,83.91,3.2,21.57,89.6847,0.34,2.63,3.93,0.2,,2.29,-0.7999999999999972
2010-11-03,85.33,84.45,3.35,19.56,89.7079,0.34,2.67,4.09,0.2,,2.33,-0.8799999999999955
2010-11-04,86.83,86.49,3.53,18.52,88.9831,0.33,2.53,4.04,0.19,,2.1999999999999997,-0.3400000000000034
2010-11-05,87.05,86.85,3.47,18.26,89.2441,0.38,2.58,4.12,0.18,,2.2,-0.20000000000000284
2010-11-08,87.15,87.07,3.49,18.29,89.5711,0.41,2.6,4.12,0.18,,2.19,-0.0800000000000125
2010-11-09,87.93,87.04,3.76,19.08,89.558,0.46,2.72,4.25,0.17,,2.2600000000000002,-0.8900000000000006
2010-11-10,87.92,87.77,4.0,18.47,89.9056,0.44,2.65,4.25,0.17,,2.21,-0.15000000000000568
2010-11-11,88.08,87.77,3.73,18.64,,,,,0.17,,,-0.3100000000000023
2010-11-12,86.07,84.89,3.5,20.61,90.1701,0.51,2.76,4.26,0.19,,2.25,-1.1799999999999926
2010-11-15,85.49,84.88,3.56,20.2,90.4331,0.53,2.92,4.38,0.21,,2.3899999999999997,-0.6099999999999994
2010-11-16,83.98,82.33,3.66,22.58,91.1102,0.51,2.85,4.26,0.21,,2.34,-1.6500000000000057
2010-11-17,83.36,80.43,3.77,21.76,90.9282,0.5,2.89,4.31,0.2,,2.39,-2.9299999999999926
2010-11-18,83.7,81.88,3.89,18.75,90.649,0.52,2.9,4.29,0.2,,2.38,-1.8200000000000074
2010-11-19,83.17,81.65,3.79,18.04,90.6986,0.52,2.88,4.25,0.21,,2.36,-1.519999999999996
2010-11-22,82.34,81.24,4.02,18.37,90.7023,0.49,2.8,4.2,0.19,,2.3099999999999996,-1.1000000000000085
2010-11-23,82.37,80.79,3.93,20.63,91.4318,0.45,2.77,4.18,0.2,,2.32,-1.5799999999999983
2010-11-24,84.53,83.21,3.82,19.56,91.2179,0.53,2.93,4.29,0.2,,2.4000000000000004,-1.3200000000000074
2010-11-25,,,,,,,,,0.2,,,
2010-11-26,84.78,83.87,3.82,22.22,91.8152,0.51,2.87,4.21,0.2,,2.3600000000000003,-0.9099999999999966
2010-11-29,85.9,85.73,4.12,21.53,92.1997,0.52,2.84,4.16,0.2,,2.32,-0.1700000000000017
2010-11-30,86.02,84.12,4.16,23.54,92.1494,0.45,2.81,4.12,0.2,,2.36,-1.8999999999999915
2010-12-01,88.56,86.75,4.21,21.36,91.6799,0.53,2.97,4.24,0.2,,2.4400000000000004,-1.8100000000000023
2010-12-02,89.37,87.98,4.28,19.39,91.2651,0.55,3.01,4.27,0.19,,2.46,-1.3900000000000006
2010-12-03,90.65,89.18,4.23,18.01,90.8788,0.49,3.03,4.32,0.18,,2.54,-1.4699999999999989
2010-12-06,91.25,89.33,4.47,18.02,91.0167,0.42,2.95,4.25,0.18,,2.5300000000000002,-1.9200000000000017
2010-12-07,90.78,88.69,4.48,17.99,90.9732,0.54,3.15,4.39,0.17,,2.61,-2.0900000000000034
2010-12-08,89.74,88.3,4.47,17.74,91.3376,0.63,3.26,4.45,0.17,,2.63,-1.4399999999999977
2010-12-09,89.93,88.35,4.52,17.25,91.3923,0.64,3.23,4.41,0.16,,2.59,-1.5800000000000125
2010-12-10,89.54,87.81,4.37,17.61,91.2831,0.64,3.32,4.43,0.16,,2.6799999999999997,-1.730000000000004
2010-12-13,90.4,88.62,4.55,17.55,90.8837,0.61,3.29,4.39,0.17,,2.68,-1.7800000000000011
2010-12-14,90.63,88.33,4.35,17.61,90.764,0.66,3.49,4.54,0.19,,2.83,-2.299999999999997
2010-12-15,91.33,88.66,4.22,17.94,91.094,0.68,3.53,4.59,0.2,,2.8499999999999996,-2.6700000000000017
2010-12-16,91.09,87.71,4.19,17.39,91.3773,0.66,3.47,4.57,0.2,,2.81,-3.3800000000000097
2010-12-17,91.11,88.02,3.99,16.11,91.5555,0.61,3.33,4.41,0.2,,2.72,-3.0900000000000034
2010-12-20,91.31,88.68,4.1,16.41,91.6398,0.62,3.36,4.44,0.21,,2.7399999999999998,-2.6299999999999955
2010-12-21,93.11,89.3,4.17,16.49,91.519,0.63,3.35,4.44,0.2,,2.72,-3.8100000000000023
2010-12-22,93.55,89.83,4.01,15.45,91.429,0.65,3.36,4.45,0.19,,2.71,-3.719999999999999
2010-12-23,93.63,90.84,4.08,16.47,91.3013,0.67,3.41,4.47,0.19,,2.74,-2.789999999999992
2010-12-24,,,,,,,,,0.19,,,
2010-12-27,93.08,90.99,4.05,17.67,91.1963,0.71,3.36,4.42,0.19,,2.65,-2.0900000000000034
2010-12-28,93.52,91.48,4.1,17.52,90.9848,0.75,3.5,4.53,0.18,,2.75,-2.039999999999992
2010-12-29,93.52,91.13,4.19,17.28,90.7669,0.64,3.35,4.41,0.18,,2.71,-2.3900000000000006
2010-12-30,92.5,89.85,4.22,17.52,90.5146,0.66,3.38,4.43,0.19,,2.7199999999999998,-2.6500000000000057
2010-12-31,93.23,91.38,4.22,17.75,,0.61,3.3,4.34,0.13,,2.69,-1.8500000000000085
2011-01-03,95.82,91.59,4.54,17.61,89.9524,0.61,3.36,4.39,0.19,,2.75,-4.22999999999999
2011-01-04,93.52,89.39,4.61,17.38,90.3277,0.63,3.36,4.44,0.18,,2.73,-4.1299999999999955
2011-01-05,95.07,90.3,4.52,17.02,90.5715,0.71,3.5,4.55,0.18,,2.79,-4.769999999999996
2011-01-06,94.95,88.37,4.49,17.4,90.9125,0.68,3.44,4.53,0.17,,2.76,-6.579999999999998
2011-01-07,94.25,88.07,4.42,17.14,91.0001,0.6,3.34,4.48,0.17,,2.7399999999999998,-6.180000000000007
2011-01-10,95.05,89.24,4.49,17.54,91.03,0.59,3.32,4.47,0.17,,2.73,-5.810000000000002
2011-01-11,96.8,91.11,4.42,16.89,90.8431,0.6,3.37,4.49,0.17,,2.77,-5.689999999999998
2011-01-12,97.86,91.85,4.55,16.24,90.4111,0.61,3.4,4.52,0.16,,2.79,-6.010000000000005
2011-01-13,97.86,91.39,4.48,16.39,89.9019,0.59,3.34,4.5,0.16,,2.75,-6.469999999999999
2011-01-14,97.86,91.53,4.38,15.46,90.0461,0.59,3.35,4.53,0.16,,2.7600000000000002,-6.329999999999998
2011-01-17,,,,,,,,,0.16,,,
2011-01-18,97.83,91.38,4.52,15.87,89.821,0.6,3.39,4.56,0.19,,2.79,-6.450000000000003
2011-01-19,98.42,90.85,4.48,17.31,89.6948,0.6,3.37,4.53,0.18,,2.77,-7.570000000000007
2011-01-20,96.27,88.56,4.57,17.99,90.1316,0.65,3.47,4.6,0.18,,2.8200000000000003,-7.709999999999994
2011-01-21,96.84,88.22,4.72,18.47,89.7204,0.63,3.44,4.57,0.17,,2.81,-8.620000000000005
2011-01-24,96.76,86.74,4.72,17.65,89.5375,0.65,3.43,4.55,0.18,,2.7800000000000002,-10.02000000000001
2011-01-25,96.76,85.08,4.46,17.59,89.7279,0.62,3.35,4.48,0.17,,2.73,-11.680000000000007
2011-01-26,96.04,86.15,4.4,16.64,89.5091,0.62,3.45,4.59,0.17,,2.83,-9.89
2011-01-27,96.48,84.45,4.41,16.15,89.5728,0.59,3.42,4.57,0.17,,2.83,-12.030000000000001
2011-01-28,97.06,88.15,4.27,20.04,89.8189,0.54,3.36,4.53,0.17,,2.82,-8.909999999999997
2011-01-31,98.97,90.99,4.42,19.53,89.694,0.58,3.42,4.58,0.17,,2.84,-7.980000000000004
2011-02-01,100.4,89.54,4.42,17.63,89.1436,0.61,3.48,4.62,0.18,,2.87,-10.86
2011-02-02,101.3,89.78,4.55,17.3,89.0737,0.67,3.52,4.64,0.18,,2.85,-11.519999999999996
2011-02-03,101.69,89.42,4.69,16.69,89.2522,0.71,3.58,4.67,0.17,,2.87,-12.269999999999996
2011-02-04,99.43,87.87,4.48,15.93,89.391,0.77,3.68,4.73,0.17,,2.91,-11.560000000000002
2011-02-07,99.44,86.3,4.32,16.28,89.3556,0.78,3.68,4.71,0.17,,2.9000000000000004,-13.14
2011-02-08,99.25,85.85,4.24,15.81,89.1241,0.86,3.75,4.76,0.16,,2.89,-13.400000000000006
2011-02-09,100.16,85.59,4.22,15.87,89.4166,0.81,3.65,4.71,0.15,,2.84,-14.569999999999993
2011-02-10,100.74,85.44,4.11,16.09,89.6266,0.85,3.7,4.75,0.15,,2.85,-15.299999999999997
2011-02-11,99.93,84.39,3.96,15.69,89.8784,0.85,3.64,4.71,0.15,,2.79,-15.540000000000006
2011-02-14,103.12,83.66,3.89,15.95,89.8543,0.87,3.62,4.67,0.15,,2.75,-19.460000000000008
2011-02-15,102.48,83.13,3.92,16.37,89.8871,0.84,3.61,4.66,0.16,,2.77,-19.35000000000001
2011-02-16,102.78,83.8,3.93,16.72,89.7059,0.86,3.62,4.67,0.15,,2.7600000000000002,-18.980000000000004
2011-02-17,103.45,85.05,3.9,16.59,89.4102,0.8,3.58,4.66,0.15,,2.7800000000000002,-18.400000000000006
2011-02-18,102.2,85.03,3.84,16.43,89.1974,0.78,3.59,4.7,0.15,,2.8099999999999996,-17.17
2011-02-21,,,,,,,,,0.15,,,
2011-02-22,106.82,92.65,3.89,20.8,89.4617,0.74,3.46,4.6,0.15,,2.7199999999999998,-14.169999999999987
2011-02-23,109.77,96.04,3.83,22.13,89.4186,0.74,3.49,4.59,0.15,,2.75,-13.72999999999999
2011-02-24,113.91,95.83,3.83,21.32,89.2346,0.73,3.46,4.54,0.15,,2.73,-18.08
2011-02-25,111.47,96.52,3.81,19.22,89.1664,0.72,3.42,4.51,0.15,,2.7,-14.950000000000003
2011-02-28,112.27,97.1,3.93,18.35,88.9391,0.69,3.42,4.49,0.16,,2.73,-15.170000000000002
2011-03-01,113.34,99.63,3.93,21.01,88.831,0.66,3.41,4.48,0.15,,2.75,-13.710000000000008
2011-03-02,116.89,102.27,3.79,20.7,88.7317,0.69,3.46,4.54,0.16,,2.77,-14.620000000000005
2011-03-03,114.42,101.92,3.75,18.6,88.637,0.79,3.58,4.64,0.15,,2.79,-12.5
2011-03-04,115.71,104.34,3.7,19.06,88.4898,0.68,3.49,4.6,0.15,,2.81,-11.36999999999999
2011-03-07,116.58,105.37,3.73,20.66,88.5207,0.7,3.51,4.61,0.14,,2.8099999999999996,-11.209999999999994
2011-03-08,112.32,105.06,3.83,19.82,88.6454,0.73,3.56,4.66,0.14,,2.83,-7.259999999999991
2011-03-09,115.19,104.39,3.81,20.22,88.5328,0.7,3.48,4.6,0.14,,2.7800000000000002,-10.799999999999997
2011-03-10,114.07,102.73,3.87,21.88,88.8698,0.65,3.37,4.53,0.14,,2.72,-11.33999999999999
2011-03-11,114.07,101.14,3.78,20.08,88.691,0.64,3.4,4.54,0.13,,2.76,-12.929999999999993
2011-03-14,112.95,101.2,3.9,21.13,88.5191,0.61,3.36,4.52,0.14,,2.75,-11.75
2011-03-15,111.11,97.23,3.81,24.32,88.7845,0.63,3.33,4.47,0.14,,2.7,-13.879999999999995
2011-03-16,110.96,97.99,3.86,29.4,88.9785,0.58,3.22,4.38,0.14,,2.64,-12.969999999999999
2011-03-17,114.18,101.47,3.85,26.37,88.6549,0.6,3.25,4.42,0.14,,2.65,-12.710000000000008
2011-03-18,114.13,101.06,3.98,24.44,88.5221,0.61,3.28,4.43,0.15,,2.67,-13.069999999999993
2011-03-21,114.92,102.36,3.99,20.61,88.2032,0.67,3.34,4.45,0.14,,2.67,-12.560000000000002
2011-03-22,115.63,104.53,4.05,20.21,88.0665,0.68,3.34,4.44,0.14,,2.6599999999999997,-11.099999999999994
2011-03-23,115.65,105.21,4.18,19.17,88.3328,0.69,3.36,4.44,0.14,,2.67,-10.440000000000012
2011-03-24,115.41,105.04,4.27,18.0,88.0592,0.72,3.42,4.48,0.13,,2.7,-10.36999999999999
2011-03-25,115.45,104.89,4.13,17.91,88.1716,0.79,3.46,4.51,0.13,,2.67,-10.560000000000002
2011-03-28,115.95,103.54,4.35,19.44,88.3058,0.81,3.47,4.51,0.13,,2.66,-12.409999999999997
2011-03-29,115.58,104.34,4.27,18.16,88.3991,0.81,3.5,4.54,0.13,,2.69,-11.239999999999995
2011-03-30,115.35,103.8,4.25,17.71,88.2298,0.8,3.47,4.52,0.13,,2.67,-11.549999999999997
2011-03-31,116.94,106.19,4.32,17.74,88.0299,0.8,3.47,4.51,0.1,,2.67,-10.75
2011-04-01,118.63,107.55,4.32,17.4,87.7993,0.8,3.46,4.48,0.11,,2.66,-11.079999999999998
2011-04-04,120.07,108.14,4.21,17.5,87.8406,0.77,3.45,4.49,0.09,,2.68,-11.929999999999993
2011-04-05,122.87,107.82,4.22,17.25,87.7483,0.84,3.5,4.51,0.09,,2.66,-15.050000000000011
2011-04-06,123.01,108.38,4.17,16.9,87.4913,0.85,3.56,4.58,0.1,,2.71,-14.63000000000001
2011-04-07,122.9,109.82,4.12,17.11,87.532,0.81,3.58,4.63,0.1,,2.77,-13.080000000000013
2011-04-08,126.3,112.27,4.05,17.87,87.1493,0.83,3.59,4.63,0.09,,2.76,-14.030000000000001
2011-04-11,126.46,109.5,4.05,16.59,87.094,0.85,3.59,4.64,0.09,,2.7399999999999998,-16.959999999999994
2011-04-12,121.33,105.75,4.08,17.09,87.2943,0.77,3.52,4.58,0.08,,2.75,-15.579999999999998
2011-04-13,122.7,106.6,4.14,16.92,87.2093,0.75,3.49,4.55,0.08,,2.74,-16.10000000000001
2011-04-14,122.74,107.73,4.12,16.27,87.0802,0.77,3.51,4.53,0.09,,2.7399999999999998,-15.009999999999991
2011-04-15,124.63,109.17,4.21,15.32,87.005,0.71,3.43,4.47,0.12,,2.72,-15.459999999999994
2011-04-18,121.69,106.7,4.23,16.96,87.5081,0.69,3.4,4.45,0.1,,2.71,-14.989999999999995
2011-04-19,121.35,107.18,4.19,15.83,87.0791,0.68,3.39,4.43,0.11,,2.71,-14.169999999999987
2011-04-20,124.26,110.84,4.33,15.07,86.5642,0.69,3.43,4.47,0.1,,2.74,-13.420000000000002
2011-04-21,123.64,111.72,4.33,14.69,86.2256,0.68,3.42,4.47,0.1,,2.7399999999999998,-11.920000000000002
2011-04-22,,,,,86.3742,,,,0.1,,,
2011-04-25,,111.68,4.37,15.77,86.4026,0.67,3.39,4.46,0.1,,2.72,
2011-04-26,124.55,111.72,4.32,15.62,86.2576,0.65,3.34,4.39,0.09,,2.69,-12.829999999999998
2011-04-27,124.94,112.31,4.35,15.35,86.2519,0.65,3.39,4.45,0.09,,2.74,-12.629999999999995
2011-04-28,126.59,112.38,4.38,14.62,85.8419,0.62,3.34,4.42,0.09,,2.7199999999999998,-14.210000000000008
2011-04-29,,113.39,4.51,14.75,85.5999,0.61,3.32,4.4,0.09,,2.71,
2011-05-02,126.64,113.03,4.6,15.99,85.5199,0.61,3.31,4.38,0.09,,2.7,-13.61
2011-05-03,124.01,110.6,4.6,16.7,85.6352,0.61,3.28,4.36,0.09,,2.67,-13.41000000000001
2011-05-04,121.55,108.79,4.59,17.08,85.8917,0.6,3.25,4.33,0.09,,2.65,-12.759999999999991
2011-05-05,111.93,99.89,4.49,18.2,86.508,0.58,3.18,4.26,0.09,,2.6,-12.040000000000006
2011-05-06,113.69,96.87,4.24,18.4,86.4575,0.57,3.19,4.29,0.09,,2.62,-16.819999999999993
2011-05-09,113.21,100.32,4.28,17.16,86.8346,0.57,3.17,4.3,0.09,,2.6,-12.89
2011-05-10,117.82,103.39,4.19,15.91,86.6518,0.59,3.23,4.34,0.09,,2.64,-14.429999999999993
2011-05-11,115.66,97.88,4.23,16.95,86.7195,0.56,3.19,4.31,0.09,,2.63,-17.78
2011-05-12,112.87,98.53,4.1,16.03,87.0767,0.57,3.22,4.37,0.09,,2.6500000000000004,-14.340000000000003
2011-05-13,113.08,99.21,4.09,17.07,87.4176,0.57,3.18,4.32,0.09,,2.6100000000000003,-13.870000000000005
2011-05-16,113.72,96.91,4.21,18.24,87.3311,0.54,3.15,4.28,0.1,,2.61,-16.810000000000002
2011-05-17,109.39,96.4,4.25,17.55,87.6307,0.55,3.12,4.23,0.09,,2.5700000000000003,-12.989999999999995
2011-05-18,112.54,99.52,4.15,16.23,87.295,0.58,3.18,4.29,0.1,,2.6,-13.02000000000001
2011-05-19,113.2,97.99,4.1,15.52,87.2638,0.55,3.17,4.3,0.09,,2.62,-15.210000000000008
2011-05-20,111.25,99.15,4.05,17.43,87.3044,0.55,3.15,4.3,0.1,,2.5999999999999996,-12.099999999999994
2011-05-23,110.13,97.06,4.27,18.27,87.8941,0.55,3.13,4.27,0.1,,2.58,-13.069999999999993
2011-05-24,112.52,99.13,4.37,17.82,87.662,0.56,3.12,4.26,0.1,,2.56,-13.39
2011-05-25,114.47,100.78,4.36,17.07,87.6136,0.54,3.13,4.28,0.09,,2.59,-13.689999999999998
2011-05-26,115.06,100.18,4.37,16.09,87.5588,0.48,3.07,4.23,0.09,,2.59,-14.879999999999995
2011-05-27,114.85,100.58,4.36,15.98,86.9525,0.48,3.07,4.24,0.1,,2.59,-14.269999999999996
2011-05-30,,,,,,,,,0.1,,,
2011-05-31,117.18,102.7,4.63,15.45,86.656,0.45,3.05,4.22,0.1,,2.5999999999999996,-14.480000000000004
2011-06-01,116.15,100.3,4.62,18.3,86.5964,0.44,2.96,4.15,0.1,,2.52,-15.850000000000009
2011-06-02,114.3,100.41,4.64,18.09,86.8435,0.45,3.04,4.25,0.1,,2.59,-13.89
2011-06-03,115.09,100.28,4.72,17.95,86.4234,0.42,2.99,4.22,0.11,,2.5700000000000003,-14.810000000000002
2011-06-06,115.4,99.07,4.83,18.49,86.4669,0.43,3.01,4.25,0.1,,2.5799999999999996,-16.330000000000013
2011-06-07,116.14,99.18,4.83,18.07,86.3627,0.39,3.01,4.27,0.09,,2.6199999999999997,-16.959999999999994
2011-06-08,118.43,100.77,4.83,18.79,86.5714,0.39,2.98,4.2,0.09,,2.59,-17.66000000000001
2011-06-09,119.95,101.95,4.92,17.77,86.5913,0.43,3.01,4.22,0.09,,2.5799999999999996,-18.0
2011-06-10,118.71,99.3,4.72,18.86,87.042,0.41,2.99,4.18,0.09,,2.58,-19.409999999999997
2011-06-13,120.49,97.2,4.75,19.61,87.0579,0.4,3.0,4.2,0.1,,2.6,-23.289999999999992
2011-06-14,120.35,99.37,4.59,18.26,86.6771,0.45,3.11,4.3,0.1,,2.6599999999999997,-20.97999999999999
2011-06-15,114.67,94.83,4.53,21.32,87.3342,0.38,2.98,4.19,0.1,,2.6,-19.840000000000003
2011-06-16,114.69,94.95,4.54,22.73,87.6917,0.38,2.93,4.16,0.1,,2.5500000000000003,-19.739999999999995
2011-06-17,113.74,93.02,4.39,21.85,87.2179,0.38,2.94,4.19,0.1,,2.56,-20.72
2011-06-20,112.21,93.23,4.33,19.99,87.1908,0.38,2.97,4.19,0.09,,2.5900000000000003,-18.97999999999999
2011-06-21,112.02,93.7,4.37,18.86,86.857,0.4,2.99,4.21,0.09,,2.5900000000000003,-18.319999999999993
2011-06-22,113.59,94.96,4.42,18.52,86.8067,0.39,3.01,4.22,0.09,,2.6199999999999997,-18.63000000000001
2011-06-23,108.27,90.7,4.31,19.29,87.455,0.35,2.93,4.17,0.08,,2.58,-17.569999999999993
2011-06-24,104.79,90.89,4.2,21.1,87.5014,0.35,2.88,4.17,0.08,,2.53,-13.900000000000006
2011-06-27,104.57,90.65,4.25,20.56,87.5225,0.41,2.95,4.28,0.08,,2.54,-13.919999999999987
2011-06-28,107.57,92.9,4.34,19.17,87.2178,0.48,3.05,4.33,0.08,,2.57,-14.669999999999987
2011-06-29,111.49,94.85,4.4,17.27,86.8014,0.47,3.14,4.39,0.07,,2.67,-16.64
2011-06-30,111.71,95.3,4.28,16.52,86.4786,0.45,3.18,4.38,0.07,,2.73,-16.409999999999997
2011-07-01,109.82,94.81,4.33,15.87,86.3613,0.5,3.22,4.4,0.08,,2.72,-15.009999999999991
2011-07-04,,,,,,,,,0.08,,,
2011-07-05,113.21,96.92,4.4,16.06,86.4253,0.44,3.16,4.39,0.08,,2.72,-16.289999999999992
2011-07-06,113.55,96.67,4.34,16.34,86.6825,0.43,3.12,4.35,0.07,,2.69,-16.879999999999995
2011-07-07,117.4,98.7,4.25,15.95,86.4825,0.49,3.17,4.37,0.07,,2.6799999999999997,-18.700000000000003
2011-07-08,117.4,96.2,4.19,15.95,86.615,0.4,3.03,4.27,0.07,,2.63,-21.200000000000003
2011-07-11,117.35,95.16,4.35,18.39,87.1013,0.37,2.94,4.2,0.07,,2.57,-22.189999999999998
2011-07-12,117.36,97.41,4.38,19.87,87.1701,0.37,2.92,4.19,0.06,,2.55,-19.950000000000003
2011-07-13,118.46,98.04,4.43,19.91,86.5697,0.37,2.92,4.17,0.06,,2.55,-20.419999999999987
2011-07-14,117.38,95.75,4.42,20.8,86.5234,0.38,2.98,4.25,0.06,,2.6,-21.629999999999995
2011-07-15,118.06,97.24,4.49,19.53,86.5169,0.37,2.94,4.26,0.06,,2.57,-20.820000000000007
2011-07-18,117.05,95.94,4.6,20.95,86.9549,0.37,2.94,4.29,0.06,,2.57,-21.11
2011-07-19,118.18,97.49,4.6,19.21,86.4386,0.39,2.91,4.19,0.06,,2.52,-20.690000000000012
2011-07-20,118.52,98.11,4.64,19.09,86.2794,0.4,2.96,4.25,0.06,,2.56,-20.409999999999997
2011-07-21,118.25,98.96,4.58,17.56,85.8378,0.4,3.03,4.31,0.06,,2.63,-19.290000000000006
2011-07-22,118.99,99.53,4.46,17.52,85.8623,0.4,2.99,4.26,0.06,,2.5900000000000003,-19.459999999999994
2011-07-25,118.27,98.97,4.45,19.35,85.8006,0.42,3.03,4.31,0.06,,2.61,-19.299999999999997
2011-07-26,118.14,99.61,4.43,20.23,85.4692,0.41,2.99,4.28,0.06,,2.58,-18.53
2011-07-27,117.99,97.4,4.46,22.98,85.7126,0.44,3.01,4.29,0.07,,2.57,-20.58999999999999
2011-07-28,118.16,97.48,4.41,23.74,85.8245,0.42,2.98,4.26,0.08,,2.56,-20.679999999999993
2011-07-29,115.93,95.68,4.26,25.25,85.7282,0.36,2.82,4.12,0.11,,2.46,-20.25
2011-08-01,116.37,94.98,4.29,23.66,86.0391,0.38,2.77,4.07,0.17,,2.39,-21.39
2011-08-02,116.02,93.78,4.3,24.79,86.0533,0.33,2.66,3.93,0.16,,2.33,-22.239999999999995
2011-08-03,113.74,91.87,4.26,23.38,86.0706,0.33,2.64,3.89,0.12,,2.31,-21.86999999999999
2011-08-04,110.22,86.75,4.2,31.66,86.9299,0.27,2.47,3.7,0.09,,2.2,-23.47
2011-08-05,106.92,86.89,4.0,32.0,87.1084,0.28,2.58,3.82,0.08,,2.3,-20.03
2011-08-08,103.06,81.27,4.0,48.0,87.1873,0.27,2.4,3.68,0.11,,2.13,-21.790000000000006
2011-08-09,103.63,79.32,4.06,35.06,87.3919,0.19,2.2,3.56,0.1,,2.0100000000000002,-24.310000000000002
2011-08-10,103.84,83.05,4.09,42.99,87.3792,0.19,2.17,3.54,0.1,,1.98,-20.790000000000006
2011-08-11,107.82,85.48,4.06,39.0,87.3215,0.19,2.34,3.82,0.09,,2.15,-22.33999999999999
2011-08-12,108.17,85.19,4.17,36.36,87.177,0.2,2.24,3.72,0.1,,2.04,-22.980000000000004
2011-08-15,108.89,87.88,4.05,31.87,86.7515,0.19,2.29,3.75,0.1,,2.1,-21.010000000000005
2011-08-16,109.69,86.65,4.03,32.85,86.7115,0.2,2.23,3.67,0.09,,2.03,-23.039999999999992
2011-08-17,111.37,87.58,3.98,31.58,86.5518,0.19,2.17,3.57,0.09,,1.98,-23.790000000000006
2011-08-18,108.36,82.38,3.98,42.67,87.1271,0.2,2.08,3.45,0.09,,1.8800000000000001,-25.980000000000004
2011-08-19,109.37,82.33,3.99,43.05,86.8286,0.2,2.07,3.39,0.09,,1.8699999999999999,-27.040000000000006
2011-08-22,108.83,84.42,3.97,42.44,87.0753,0.22,2.1,3.42,0.09,,1.8800000000000001,-24.409999999999997
2011-08-23,110.35,85.35,4.01,36.27,86.9001,0.22,2.15,3.47,0.08,,1.93,-25.0
2011-08-24,111.91,84.99,4.1,35.9,87.1316,0.23,2.29,3.63,0.08,,2.06,-26.92
2011-08-25,111.91,85.15,4.01,39.76,87.2306,0.22,2.23,3.6,0.08,,2.01,-26.75999999999999
2011-08-26,112.29,85.37,3.96,35.59,87.0751,0.2,2.19,3.54,0.09,,1.99,-26.92
2011-08-29,,87.27,3.93,32.28,86.8433,0.2,2.28,3.63,0.09,,2.0799999999999996,
2011-08-30,115.59,88.9,3.85,32.89,87.001,0.2,2.19,3.53,0.08,,1.99,-26.689999999999998
2011-08-31,116.48,88.81,3.97,31.62,86.7739,0.2,2.23,3.6,0.08,,2.03,-27.67
2011-09-01,116.43,88.93,4.18,31.82,86.8512,0.19,2.15,3.51,0.08,,1.96,-27.5
2011-09-02,115.92,86.45,4.12,33.92,87.1797,0.2,2.02,3.32,0.08,,1.82,-29.47
2011-09-05,,,,,,,,,0.08,,,
2011-09-06,113.29,85.99,3.93,37.0,88.1645,0.21,1.98,3.26,0.09,,1.77,-27.30000000000001
2011-09-07,117.5,89.34,3.96,33.38,87.9699,0.21,2.05,3.36,0.09,,1.8399999999999999,-28.159999999999997
2011-09-08,117.99,89.05,3.99,34.32,88.1162,0.19,2.0,3.32,0.09,,1.81,-28.939999999999998
2011-09-09,115.1,87.24,3.96,38.52,88.9514,0.17,1.93,3.26,0.09,,1.76,-27.86
2011-09-12,114.75,88.19,3.92,38.59,89.2192,0.21,1.94,3.24,0.09,,1.73,-26.560000000000002
2011-09-13,114.08,90.21,3.96,36.91,89.2653,0.21,2.0,3.32,0.09,,1.79,-23.870000000000005
2011-09-14,113.1,88.91,4.01,34.6,89.419,0.19,2.03,3.32,0.08,,1.8399999999999999,-24.189999999999998
2011-09-15,116.71,89.4,4.04,31.97,89.0647,0.21,2.09,3.36,0.09,,1.88,-27.309999999999988
2011-09-16,116.26,87.96,3.84,30.98,89.1108,0.18,2.08,3.34,0.09,,1.9000000000000001,-28.30000000000001
2011-09-19,112.89,85.7,3.78,32.73,89.9336,0.16,1.97,3.22,0.09,,1.81,-27.189999999999998
2011-09-20,114.39,86.92,3.84,32.86,89.8777,0.18,1.95,3.2,0.09,,1.77,-27.47
2011-09-21,114.26,85.77,3.78,37.32,90.3453,0.21,1.88,3.03,0.08,,1.67,-28.49000000000001
2011-09-22,109.21,80.29,3.72,41.35,92.075,0.2,1.72,2.78,0.08,,1.52,-28.919999999999987
2011-09-23,109.17,79.58,3.74,41.25,91.6904,0.23,1.84,2.89,0.08,,1.61,-29.590000000000003
2011-09-26,107.9,79.97,3.8,39.02,91.7724,0.25,1.91,2.99,0.08,,1.66,-27.930000000000007
2011-09-27,109.54,84.18,3.92,37.71,90.8985,0.25,2.0,3.08,0.08,,1.75,-25.36
2011-09-28,108.52,80.94,3.88,41.08,91.0227,0.27,2.03,3.1,0.08,,1.7599999999999998,-27.58
2011-09-29,107.08,81.87,3.77,38.84,91.3033,0.27,1.99,3.03,0.08,,1.72,-25.209999999999994
2011-09-30,105.42,78.93,3.68,42.96,91.9998,0.25,1.92,2.9,0.06,,1.67,-26.489999999999995
2011-10-03,103.61,77.34,3.57,45.45,92.5128,0.24,1.8,2.76,0.08,,1.56,-26.269999999999996
2011-10-04,101.84,75.4,3.56,40.82,92.9508,0.25,1.81,2.77,0.07,,1.56,-26.439999999999998
2011-10-05,103.77,79.41,3.63,37.81,92.3008,0.25,1.92,2.87,0.07,,1.67,-24.36
2011-10-06,104.38,82.32,3.49,36.27,91.9661,0.29,2.01,2.96,0.07,,1.7199999999999998,-22.060000000000002
2011-10-07,106.56,82.7,3.4,36.2,91.2469,0.3,2.1,3.02,0.07,,1.8,-23.86
2011-10-10,109.49,85.14,3.41,33.02,,,,,0.07,,,-24.349999999999994
2011-10-11,109.22,85.54,3.52,32.86,90.9162,0.32,2.18,3.11,0.07,,1.86,-23.679999999999993
2011-10-12,112.44,85.3,3.54,31.26,90.3378,0.29,2.24,3.19,0.07,,1.9500000000000002,-27.14
2011-10-13,112.45,83.96,3.42,30.7,90.6603,0.29,2.19,3.15,0.07,,1.9,-28.49000000000001
2011-10-14,114.33,86.8,3.49,28.24,90.2116,0.28,2.26,3.22,0.07,,1.9799999999999998,-27.53
2011-10-17,112.92,86.38,3.72,33.39,90.266,0.28,2.18,3.13,0.07,,1.9000000000000001,-26.540000000000006
2011-10-18,112.08,88.34,3.63,31.56,90.5907,0.28,2.19,3.17,0.07,,1.91,-23.739999999999995
2011-10-19,111.76,86.11,3.59,34.44,90.3317,0.28,2.18,3.17,0.07,,1.9000000000000001,-25.650000000000006
2011-10-20,109.0,86.07,3.61,34.78,91.1026,0.28,2.2,3.19,0.07,,1.9200000000000002,-22.930000000000007
2011-10-21,111.6,87.19,3.54,31.32,90.279,0.3,2.23,3.26,0.07,,1.93,-24.409999999999997
2011-10-24,111.67,91.12,3.61,29.26,89.8558,0.3,2.25,3.27,0.07,,1.95,-20.549999999999997
2011-10-25,112.11,92.98,3.62,32.22,89.9525,0.26,2.14,3.13,0.07,,1.8800000000000001,-19.129999999999995
2011-10-26,110.43,90.2,3.65,29.86,90.0836,0.28,2.23,3.22,0.08,,1.95,-20.230000000000004
2011-10-27,112.45,93.96,3.59,25.46,88.7882,0.31,2.42,3.45,0.07,,2.11,-18.49000000000001
2011-10-28,110.01,93.32,3.63,24.53,88.6382,0.28,2.34,3.36,0.07,,2.0599999999999996,-16.690000000000012
2011-10-31,108.43,93.19,3.66,29.96,89.2053,0.25,2.17,3.16,0.09,,1.92,-15.240000000000009
2011-11-01,106.97,92.19,3.49,34.77,90.7296,0.23,2.01,2.99,0.08,,1.7799999999999998,-14.780000000000001
2011-11-02,110.82,92.51,3.39,32.74,90.244,0.23,2.03,3.03,0.08,,1.7999999999999998,-18.309999999999988
2011-11-03,110.76,94.07,3.39,30.5,90.2961,0.24,2.09,3.1,0.09,,1.8499999999999999,-16.690000000000012
2011-11-04,112.22,94.26,3.44,30.16,90.3154,0.22,2.06,3.09,0.08,,1.84,-17.959999999999994
2011-11-07,114.75,95.52,3.35,29.85,90.3832,0.25,2.04,3.05,0.08,,1.79,-19.230000000000004
2011-11-08,115.61,96.8,3.42,27.48,90.172,0.25,2.1,3.13,0.08,,1.85,-18.810000000000002
2011-11-09,115.29,95.74,3.55,36.16,90.6991,0.24,2.0,3.03,0.08,,1.76,-19.55000000000001
2011-11-10,113.32,97.78,3.48,32.81,90.8588,0.24,2.04,3.12,0.08,,1.8,-15.539999999999992
2011-11-11,114.43,98.99,3.29,30.04,,,,,0.08,,,-15.440000000000012
2011-11-14,112.57,98.14,3.17,31.13,90.7215,0.24,2.04,3.09,0.08,,1.8,-14.429999999999993
2011-11-15,111.9,99.37,3.12,31.22,91.1081,0.26,2.06,3.1,0.09,,1.8,-12.530000000000001
2011-11-16,111.91,102.59,3.11,33.51,91.1237,0.26,2.01,3.05,0.08,,1.7499999999999998,-9.319999999999993
2011-11-17,109.25,98.82,3.11,34.51,91.1822,0.27,1.96,2.98,0.08,,1.69,-10.430000000000007
2011-11-18,107.82,97.67,3.01,32.0,91.3676,0.29,2.01,2.99,0.08,,1.7199999999999998,-10.149999999999991
2011-11-21,105.98,96.73,2.94,32.91,91.9978,0.27,1.97,2.96,0.08,,1.7,-9.25
2011-11-22,107.77,97.76,3.06,31.97,92.0193,0.26,1.94,2.91,0.08,,1.68,-10.009999999999991
2011-11-23,106.83,96.16,2.84,33.98,92.7463,0.26,1.89,2.82,0.09,,1.63,-10.670000000000002
2011-11-24,,,,,,,,,0.09,,,
2011-11-25,106.08,96.91,2.84,34.47,93.1455,0.28,1.97,2.92,0.07,,1.69,-9.170000000000002
2011-11-28,109.38,98.21,3.09,32.13,92.4983,0.26,1.97,2.93,0.08,,1.71,-11.170000000000002
2011-11-29,111.25,99.79,3.39,30.64,92.2163,0.27,2.0,2.96,0.08,,1.73,-11.459999999999994
2011-11-30,111.22,100.36,3.53,27.8,91.4728,0.25,2.08,3.06,0.1,,1.83,-10.86
2011-12-01,108.83,100.2,3.49,27.41,91.227,0.27,2.11,3.12,0.08,,1.8399999999999999,-8.629999999999995
2011-12-02,109.59,100.97,3.35,27.52,91.3532,0.25,2.05,3.03,0.08,,1.7999999999999998,-8.620000000000005
2011-12-05,110.18,100.94,3.38,27.84,91.1087,0.27,2.04,3.02,0.08,,1.77,-9.240000000000009
2011-12-06,110.16,101.25,3.43,28.13,91.2817,0.25,2.08,3.09,0.08,,1.83,-8.909999999999997
2011-12-07,110.07,100.45,3.45,28.67,91.2331,0.24,2.02,3.04,0.08,,1.78,-9.61999999999999
2011-12-08,108.23,98.35,3.42,30.59,91.668,0.22,1.99,3.0,0.07,,1.77,-9.88000000000001
2011-12-09,107.91,99.4,3.29,26.38,91.6122,0.22,2.07,3.1,0.07,,1.8499999999999999,-8.509999999999991
2011-12-12,107.82,97.77,3.13,25.67,92.3375,0.24,2.03,3.06,0.07,,1.7899999999999998,-10.049999999999997
2011-12-13,109.25,100.24,3.12,25.41,92.5456,0.24,1.96,2.98,0.07,,1.72,-9.010000000000005
2011-12-14,105.72,94.92,3.08,26.04,93.2176,0.25,1.92,2.91,0.07,,1.67,-10.799999999999997
2011-12-15,104.52,93.84,3.05,25.11,92.8858,0.26,1.92,2.92,0.07,,1.66,-10.679999999999993
2011-12-16,104.0,93.55,3.01,24.29,92.8252,0.24,1.86,2.86,0.07,,1.62,-10.450000000000003
2011-12-19,104.55,93.86,3.03,24.92,92.8685,0.24,1.82,2.79,0.07,,1.58,-10.689999999999998
2011-12-20,107.8,97.16,3.06,23.22,92.432,0.26,1.94,2.93,0.07,,1.68,-10.64
2011-12-21,108.0,98.54,3.05,21.43,92.5262,0.28,1.98,3.0,0.07,,1.7,-9.459999999999994
2011-12-22,108.98,99.42,3.08,21.16,92.3883,0.28,1.97,2.99,0.07,,1.69,-9.560000000000002
2011-12-23,109.28,99.72,2.97,20.73,92.3897,0.28,2.03,3.05,0.08,,1.7499999999999998,-9.560000000000002
2011-12-26,,,,,,,,,0.08,,,
2011-12-27,,101.29,3.09,21.91,92.4137,0.3,2.02,3.04,0.07,,1.72,
2011-12-28,107.54,99.44,3.07,23.52,92.8374,0.28,1.93,2.91,0.07,,1.65,-8.100000000000009
2011-12-29,106.89,99.68,3.03,22.65,92.7398,0.28,1.91,2.9,0.07,,1.63,-7.209999999999994
2011-12-30,108.09,98.83,2.98,23.4,92.4262,0.25,1.89,2.89,0.04,,1.64,-9.260000000000005
2012-01-02,,,,,,,,,0.04,,,
2012-01-03,111.12,102.96,2.97,22.97,91.7551,0.27,1.97,2.98,0.07,,1.7,-8.16000000000001
2012-01-04,113.37,103.22,2.96,22.22,92.0345,0.25,2.0,3.03,0.07,,1.75,-10.150000000000006
2012-01-05,113.59,101.81,2.91,21.48,92.5773,0.27,2.02,3.06,0.07,,1.75,-11.780000000000001
2012-01-06,111.96,101.56,2.85,20.63,92.7183,0.25,1.98,3.02,0.07,,1.73,-10.399999999999991
2012-01-09,111.07,101.31,2.89,21.07,92.7418,0.26,1.98,3.02,0.08,,1.72,-9.759999999999991
2012-01-10,113.3,102.24,2.97,20.69,92.2461,0.24,2.0,3.04,0.08,,1.76,-11.060000000000002
2012-01-11,111.66,100.89,2.81,21.05,92.554,0.24,1.93,2.96,0.08,,1.69,-10.769999999999996
2012-01-12,112.97,99.03,2.7,20.47,92.2274,0.22,1.94,2.97,0.08,,1.72,-13.939999999999998
2012-01-13,109.88,98.69,2.67,20.91,92.5385,0.24,1.89,2.91,0.09,,1.65,-11.189999999999998
2012-01-16,,,,,,,,,0.09,,,
2012-01-17,110.55,100.7,2.51,22.2,92.0142,0.21,1.87,2.89,0.09,,1.6600000000000001,-9.849999999999994
2012-01-18,109.81,100.61,2.49,20.89,91.6943,0.24,1.92,2.96,0.09,,1.68,-9.200000000000003
2012-01-19,109.54,100.32,2.36,19.87,91.3316,0.26,2.01,3.05,0.1,,1.7499999999999998,-9.220000000000013
2012-01-20,108.5,98.15,2.23,18.28,91.3661,0.26,2.05,3.1,0.09,,1.7899999999999998,-10.349999999999994
2012-01-23,109.46,99.47,2.39,18.67,90.986,0.26,2.09,3.15,0.09,,1.8299999999999998,-9.989999999999995
2012-01-24,108.38,98.84,2.6,18.91,91.181,0.24,2.08,3.15,0.09,,1.84,-9.539999999999992
2012-01-25,108.48,99.23,2.61,18.31,91.277,0.22,2.01,3.13,0.08,,1.7899999999999998,-9.25
2012-01-26,109.08,99.76,2.68,18.57,90.3962,0.22,1.96,3.1,0.08,,1.74,-9.319999999999993
2012-01-27,110.5,99.47,2.59,18.53,90.2559,0.22,1.93,3.07,0.09,,1.71,-11.030000000000001
2012-01-30,110.24,98.75,2.71,19.4,90.4762,0.22,1.87,2.99,0.09,,1.6500000000000001,-11.489999999999995
2012-01-31,110.26,98.46,2.51,19.44,90.5538,0.22,1.83,2.94,0.11,,1.61,-11.800000000000011
2012-02-01,111.96,97.63,2.32,18.55,90.0963,0.23,1.87,3.01,0.11,,1.6400000000000001,-14.329999999999998
2012-02-02,110.96,96.36,2.3,17.98,89.8765,0.23,1.86,3.01,0.11,,1.6300000000000001,-14.599999999999994
2012-02-03,112.56,97.8,2.4,17.1,89.8491,0.23,1.97,3.13,0.11,,1.74,-14.760000000000005
2012-02-06,115.47,96.89,2.46,17.76,89.7907,0.24,1.93,3.08,0.11,,1.69,-18.58
2012-02-07,116.86,98.55,2.6,17.65,89.5968,0.25,2.0,3.14,0.11,,1.75,-18.310000000000002
2012-02-08,117.18,98.8,2.48,18.16,89.6555,0.27,2.01,3.14,0.11,,1.7399999999999998,-18.38000000000001
2012-02-09,118.4,99.88,2.5,18.63,89.6246,0.27,2.04,3.2,0.11,,1.77,-18.52000000000001
2012-02-10,118.13,98.68,2.51,20.79,90.1024,0.27,1.96,3.11,0.12,,1.69,-19.44999999999999
2012-02-13,118.73,100.39,2.42,19.04,89.8895,0.29,1.99,3.14,0.12,,1.7,-18.340000000000003
2012-02-14,118.3,100.82,2.48,19.54,90.1919,0.29,1.92,3.06,0.12,,1.63,-17.480000000000004
2012-02-15,120.25,101.82,2.54,21.14,90.1932,0.29,1.93,3.09,0.12,,1.64,-18.430000000000007
2012-02-16,121.0,102.33,2.47,19.22,90.3109,0.29,1.99,3.14,0.11,,1.7,-18.67
2012-02-17,120.69,103.27,2.67,17.78,90.23,0.29,2.01,3.16,0.09,,1.7199999999999998,-17.42
2012-02-20,,,,,,,,,0.09,,,
2012-02-21,120.85,105.88,2.63,18.19,90.0117,0.31,2.05,3.2,0.1,,1.7399999999999998,-14.969999999999999
2012-02-22,123.07,105.99,2.6,18.19,90.2472,0.29,2.01,3.15,0.08,,1.7199999999999998,-17.08
2012-02-23,124.53,107.44,2.68,16.8,90.1108,0.31,1.99,3.13,0.08,,1.68,-17.090000000000003
2012-02-24,124.89,109.39,2.6,17.31,89.9104,0.31,1.98,3.1,0.09,,1.67,-15.5
2012-02-27,126.46,108.49,2.55,18.19,89.9635,0.3,1.92,3.04,0.1,,1.6199999999999999,-17.97
2012-02-28,124.02,106.59,2.44,17.96,89.8103,0.3,1.94,3.07,0.1,,1.64,-17.429999999999993
2012-02-29,122.23,107.08,2.44,18.43,89.7487,0.3,1.98,3.08,0.1,,1.68,-15.150000000000006
2012-03-01,125.76,108.76,2.45,17.26,89.7817,0.3,2.03,3.15,0.11,,1.7299999999999998,-17.0
2012-03-02,125.93,106.68,2.38,17.29,90.135,0.28,1.99,3.11,0.11,,1.71,-19.25
2012-03-05,126.68,106.7,2.31,18.05,90.2748,0.31,2.0,3.13,0.11,,1.69,-19.980000000000004
2012-03-06,125.03,104.71,2.3,20.87,90.8237,0.3,1.96,3.08,0.11,,1.66,-20.320000000000007
2012-03-07,125.37,106.16,2.24,19.07,90.6837,0.3,1.98,3.12,0.11,,1.68,-19.210000000000008
2012-03-08,127.96,106.65,2.24,17.95,90.2598,0.32,2.03,3.18,0.11,,1.7099999999999997,-21.309999999999988
2012-03-09,128.08,107.4,2.21,17.11,90.4341,0.33,2.04,3.19,0.12,,1.71,-20.680000000000007
2012-03-12,127.27,106.34,2.17,15.64,90.6643,0.33,2.04,3.17,0.12,,1.71,-20.929999999999993
2012-03-13,128.14,106.7,2.15,14.8,90.5363,0.35,2.14,3.26,0.12,,1.79,-21.439999999999984
2012-03-14,126.98,105.49,2.13,15.31,90.9325,0.4,2.29,3.43,0.13,,1.8900000000000001,-21.49000000000001
2012-03-15,123.63,105.19,2.07,15.42,90.7866,0.37,2.29,3.41,0.14,,1.92,-18.439999999999998
2012-03-16,125.09,107.03,2.01,14.47,90.5245,0.37,2.31,3.41,0.15,,1.94,-18.060000000000002
2012-03-19,125.76,108.09,2.14,15.04,90.292,0.39,2.39,3.48,0.15,,2.0,-17.67
2012-03-20,124.38,105.68,2.19,15.58,90.6065,0.41,2.38,3.46,0.15,,1.97,-18.69999999999999
2012-03-21,123.89,106.87,2.21,15.13,90.6761,0.39,2.31,3.38,0.15,,1.92,-17.019999999999996
2012-03-22,122.49,104.98,2.19,15.57,90.8225,0.37,2.29,3.37,0.14,,1.92,-17.50999999999999
2012-03-23,125.21,106.43,2.07,14.82,90.6156,0.37,2.25,3.31,0.14,,1.88,-18.779999999999987
2012-03-26,125.85,107.07,2.16,14.26,90.3266,0.36,2.26,3.33,0.14,,1.9,-18.78
2012-03-27,125.25,107.32,2.09,15.59,90.2796,0.33,2.2,3.29,0.14,,1.87,-17.930000000000007
2012-03-28,124.41,105.4,2.05,15.47,90.603,0.34,2.21,3.31,0.13,,1.8699999999999999,-19.00999999999999
2012-03-29,123.23,102.79,2.02,15.48,90.7285,0.33,2.18,3.27,0.13,,1.85,-20.439999999999998
2012-03-30,123.41,103.03,2.0,15.5,90.4593,0.33,2.23,3.35,0.09,,1.9,-20.379999999999995
2012-04-02,124.44,105.25,1.88,15.64,90.247,0.33,2.22,3.35,0.15,,1.8900000000000001,-19.189999999999998
2012-04-03,,104.02,1.94,15.66,90.1921,0.36,2.3,3.41,0.15,,1.94,
2012-04-04,123.04,101.53,2.06,16.44,90.8284,0.35,2.25,3.37,0.15,,1.9,-21.510000000000005
2012-04-05,123.58,103.29,1.98,16.7,90.8781,0.35,2.19,3.32,0.15,,1.8399999999999999,-20.289999999999992
2012-04-06,,,,,90.9375,0.32,2.07,3.21,0.12,,1.7499999999999998,
2012-04-09,,102.45,1.99,18.81,90.9624,0.32,2.06,3.18,0.16,,1.74,
2012-04-10,121.89,101.12,1.99,20.39,91.2728,0.28,2.01,3.13,0.15,,1.7299999999999998,-20.769999999999996
2012-04-11,120.41,102.66,1.91,20.02,91.1768,0.3,2.05,3.18,0.16,,1.7499999999999998,-17.75
2012-04-12,120.57,103.69,1.87,17.2,90.7694,0.29,2.08,3.22,0.15,,1.79,-16.879999999999995
2012-04-13,120.62,102.84,1.87,19.55,91.0558,0.27,2.02,3.14,0.15,,1.75,-17.78
2012-04-16,118.23,102.92,1.88,19.55,91.2355,0.27,2.0,3.12,0.15,,1.73,-15.310000000000002
2012-04-17,117.41,104.23,1.89,18.46,90.7661,0.27,2.03,3.15,0.16,,1.7599999999999998,-13.179999999999993
2012-04-18,115.18,102.65,1.87,18.64,90.9326,0.27,2.0,3.13,0.15,,1.73,-12.530000000000001
2012-04-19,117.0,102.38,1.85,18.36,91.0833,0.27,1.98,3.12,0.13,,1.71,-14.620000000000005
2012-04-20,118.08,103.58,1.82,17.44,90.8066,0.29,1.99,3.12,0.12,,1.7,-14.5
2012-04-23,116.66,102.68,1.89,18.97,91.079,0.27,1.96,3.08,0.13,,1.69,-13.97999999999999
2012-04-24,117.74,103.1,1.97,18.1,90.8153,0.27,2.0,3.12,0.14,,1.73,-14.64
2012-04-25,117.45,103.72,1.99,16.82,90.756,0.26,2.01,3.15,0.15,,1.7499999999999998,-13.730000000000004
2012-04-26,119.33,104.56,2.1,16.24,90.6428,0.26,1.98,3.13,0.14,,1.72,-14.769999999999996
2012-04-27,119.3,104.86,2.05,16.32,90.3269,0.26,1.96,3.12,0.13,,1.7,-14.439999999999998
2012-04-30,118.66,104.89,2.1,17.15,90.3634,0.27,1.95,3.12,0.16,,1.68,-13.769999999999996
2012-05-01,119.57,106.17,2.29,16.6,90.3227,0.27,1.98,3.16,0.16,,1.71,-13.399999999999991
2012-05-02,117.57,105.25,2.31,16.88,90.6144,0.27,1.96,3.11,0.15,,1.69,-12.319999999999993
2012-05-03,115.91,102.56,2.29,17.56,90.6839,0.28,1.96,3.12,0.15,,1.68,-13.349999999999994
2012-05-04,111.66,98.49,2.3,19.16,91.0497,0.27,1.91,3.07,0.16,,1.64,-13.170000000000002
2012-05-07,,97.86,2.3,18.94,91.0747,0.27,1.92,3.07,0.16,,1.65,
2012-05-08,110.48,97.13,2.27,19.05,91.4107,0.27,1.88,3.03,0.16,,1.6099999999999999,-13.350000000000009
2012-05-09,111.89,96.8,2.36,20.08,91.7632,0.27,1.87,3.03,0.15,,1.6,-15.090000000000003
2012-05-10,112.24,97.1,2.36,18.83,91.7077,0.27,1.89,3.07,0.15,,1.6199999999999999,-15.14
2012-05-11,112.5,96.03,2.37,19.89,91.7306,0.27,1.84,3.02,0.15,,1.57,-16.47
2012-05-14,110.79,94.75,2.41,21.87,92.2491,0.29,1.78,2.95,0.16,,1.49,-16.040000000000006
2012-05-15,111.4,93.97,2.38,21.97,92.5235,0.29,1.76,2.91,0.16,,1.47,-17.430000000000007
2012-05-16,109.8,92.78,2.5,22.27,92.903,0.3,1.76,2.9,0.16,,1.46,-17.019999999999996
2012-05-17,109.31,92.53,2.6,24.49,92.9632,0.32,1.7,2.8,0.16,,1.38,-16.78
2012-05-18,108.03,91.51,2.56,25.1,93.1395,0.32,1.71,2.8,0.16,,1.39,-16.519999999999996
2012-05-21,109.02,92.57,2.6,22.01,93.0945,0.3,1.75,2.8,0.16,,1.45,-16.450000000000003
2012-05-22,109.76,91.44,2.55,22.48,93.1113,0.3,1.79,2.88,0.16,,1.49,-18.320000000000007
2012-05-23,106.88,89.4,2.6,22.33,93.8855,0.28,1.73,2.81,0.15,,1.45,-17.47999999999999
2012-05-24,107.2,90.36,2.66,21.54,93.8027,0.29,1.77,2.86,0.15,,1.48,-16.840000000000003
2012-05-25,107.86,90.64,2.56,21.76,93.9488,0.3,1.75,2.85,0.15,,1.45,-17.22
2012-05-28,,,,,,,,,0.15,,,
2012-05-29,107.55,90.75,2.5,21.03,93.875,0.3,1.74,2.85,0.16,,1.44,-16.799999999999997
2012-05-30,103.85,87.79,2.39,24.14,94.302,0.27,1.63,2.72,0.16,,1.3599999999999999,-16.059999999999988
2012-05-31,103.86,86.52,2.34,24.06,94.6856,0.27,1.59,2.67,0.16,,1.32,-17.340000000000003
2012-06-01,98.63,83.17,2.24,26.66,94.6979,0.25,1.47,2.53,0.16,,1.22,-15.459999999999994
2012-06-04,97.74,83.95,2.32,26.12,94.5184,0.25,1.53,2.56,0.17,,1.28,-13.789999999999992
2012-06-05,98.65,84.31,2.39,24.68,94.6184,0.25,1.57,2.63,0.17,,1.32,-14.340000000000003
2012-06-06,101.14,85.05,2.41,22.16,94.0362,0.26,1.66,2.73,0.16,,1.4,-16.090000000000003
2012-06-07,100.05,84.78,2.33,21.72,93.774,0.27,1.66,2.75,0.16,,1.39,-15.269999999999996
2012-06-08,97.57,84.08,2.22,21.23,94.2024,0.28,1.65,2.77,0.17,,1.3699999999999999,-13.489999999999995
2012-06-11,98.6,82.58,2.22,23.56,94.0369,0.27,1.6,2.71,0.17,,1.33,-16.019999999999996
2012-06-12,96.59,83.35,2.17,22.09,94.0693,0.3,1.67,2.77,0.16,,1.3699999999999999,-13.240000000000009
2012-06-13,97.29,82.56,2.18,24.27,93.8309,0.3,1.61,2.7,0.17,,1.31,-14.730000000000004
2012-06-14,96.46,83.83,2.2,21.68,93.8152,0.3,1.64,2.73,0.17,,1.3399999999999999,-12.629999999999995
2012-06-15,97.13,84.03,2.44,21.11,93.5203,0.29,1.6,2.7,0.18,,1.31,-13.099999999999994
2012-06-18,95.21,83.26,2.45,18.32,93.6431,0.29,1.59,2.67,0.17,,1.3,-11.949999999999989
2012-06-19,95.14,83.99,2.59,18.38,93.0524,0.3,1.64,2.73,0.17,,1.3399999999999999,-11.150000000000006
2012-06-20,93.5,81.06,2.6,17.24,93.1602,0.32,1.65,2.72,0.16,,1.3299999999999998,-12.439999999999998
2012-06-21,89.22,77.91,2.48,20.08,93.6378,0.32,1.63,2.68,0.17,,1.3099999999999998,-11.310000000000002
2012-06-22,89.22,79.33,2.5,18.11,93.9205,0.31,1.69,2.75,0.17,,1.38,-9.89
2012-06-25,88.69,78.76,2.7,20.38,94.1757,0.31,1.63,2.69,0.17,,1.3199999999999998,-9.929999999999993
2012-06-26,90.19,79.34,2.7,19.72,93.9859,0.31,1.66,2.71,0.16,,1.3499999999999999,-10.849999999999994
2012-06-27,92.06,80.27,2.87,19.45,93.8728,0.31,1.65,2.7,0.15,,1.3399999999999999,-11.790000000000006
2012-06-28,91.02,77.72,2.81,19.71,94.0203,0.31,1.6,2.67,0.15,,1.29,-13.299999999999997
2012-06-29,94.17,85.04,2.74,17.08,92.9096,0.33,1.67,2.76,0.09,,1.3399999999999999,-9.129999999999995
2012-07-02,95.28,83.72,2.73,16.8,92.951,0.3,1.61,2.69,0.18,,1.31,-11.560000000000002
2012-07-03,99.89,87.74,2.78,16.66,92.6508,0.3,1.65,2.74,0.17,,1.3499999999999999,-12.150000000000006
2012-07-04,,,,,,,,,0.17,,,
2012-07-05,101.54,87.11,2.9,17.5,93.2211,0.28,1.62,2.72,0.17,,1.34,-14.430000000000007
2012-07-06,98.5,84.37,2.94,17.1,93.7087,0.27,1.57,2.66,0.17,,1.3,-14.129999999999995
2012-07-09,99.94,85.93,2.79,17.98,93.6974,0.27,1.53,2.62,0.17,,1.26,-14.009999999999991
2012-07-10,99.15,83.92,2.87,18.72,93.5552,0.27,1.53,2.6,0.17,,1.26,-15.230000000000004
2012-07-11,99.23,85.88,2.72,17.95,93.5981,0.27,1.54,2.6,0.17,,1.27,-13.350000000000009
2012-07-12,99.18,86.02,2.83,18.33,93.9298,0.25,1.5,2.57,0.18,,1.25,-13.16000000000001
2012-07-13,101.91,87.15,2.88,16.74,93.5515,0.25,1.52,2.58,0.19,,1.27,-14.759999999999991
2012-07-16,102.1,88.41,2.92,17.11,93.3746,0.24,1.5,2.56,0.18,,1.26,-13.689999999999998
2012-07-17,104.21,89.07,2.83,16.48,93.3479,0.25,1.53,2.59,0.17,,1.28,-15.14
2012-07-18,105.92,89.88,2.84,16.16,93.0973,0.22,1.52,2.59,0.16,,1.3,-16.040000000000006
2012-07-19,107.79,92.78,2.99,15.45,93.0438,0.22,1.54,2.61,0.13,,1.32,-15.010000000000005
2012-07-20,106.98,91.56,3.03,16.27,93.3653,0.22,1.49,2.55,0.13,,1.27,-15.420000000000002
2012-07-23,103.91,87.77,3.05,18.62,93.9297,0.22,1.47,2.52,0.14,,1.25,-16.14
2012-07-24,103.57,88.28,3.16,20.47,94.2635,0.22,1.44,2.47,0.15,,1.22,-15.289999999999992
2012-07-25,102.35,88.8,3.19,19.34,94.0564,0.22,1.43,2.46,0.15,,1.21,-13.549999999999997
2012-07-26,104.77,89.4,3.13,17.53,93.3595,0.23,1.45,2.49,0.14,,1.22,-15.36999999999999
2012-07-27,106.3,90.13,3.1,16.7,92.9333,0.25,1.58,2.63,0.14,,1.33,-16.17
2012-07-30,106.54,89.8,3.14,18.03,93.0524,0.23,1.53,2.58,0.14,,1.3,-16.74000000000001
2012-07-31,105.93,88.08,3.2,18.93,92.8422,0.23,1.51,2.56,0.13,,1.28,-17.85000000000001
2012-08-01,106.78,88.99,3.2,18.96,92.8905,0.24,1.56,2.6,0.14,,1.32,-17.790000000000006
2012-08-02,107.55,87.22,3.16,17.57,93.4269,0.24,1.51,2.55,0.14,,1.27,-20.33
2012-08-03,109.57,91.4,2.91,15.64,92.6048,0.24,1.6,2.65,0.14,,1.36,-18.169999999999987
2012-08-06,110.01,92.3,2.9,15.95,92.4339,0.24,1.59,2.65,0.14,,1.35,-17.710000000000008
2012-08-07,112.39,93.68,2.99,15.99,92.5128,0.27,1.66,2.72,0.13,,1.39,-18.709999999999994
2012-08-08,113.42,93.39,2.97,15.32,92.5407,0.29,1.68,2.75,0.13,,1.39,-20.03
2012-08-09,113.52,93.39,2.89,15.28,92.6057,0.29,1.69,2.78,0.13,,1.4,-20.129999999999995
2012-08-10,113.13,92.94,2.84,14.74,92.5129,0.27,1.65,2.74,0.13,,1.38,-20.189999999999998
2012-08-13,114.48,92.76,2.77,13.7,92.5955,0.27,1.65,2.74,0.13,,1.38,-21.72
2012-08-14,113.9,93.4,2.79,14.85,92.6152,0.27,1.73,2.82,0.13,,1.46,-20.5
2012-08-15,115.51,94.35,2.82,14.63,92.6838,0.27,1.8,2.9,0.13,,1.53,-21.16000000000001
2012-08-16,116.12,95.66,2.78,14.29,92.5737,0.29,1.83,2.96,0.13,,1.54,-20.460000000000008
2012-08-17,115.2,96.0,2.7,13.45,92.711,0.29,1.81,2.93,0.13,,1.52,-19.200000000000003
2012-08-20,115.5,96.03,2.75,14.02,92.6263,0.29,1.82,2.93,0.13,,1.53,-19.47
2012-08-21,116.03,96.55,2.8,15.02,92.3053,0.31,1.8,2.9,0.13,,1.49,-19.480000000000004
2012-08-22,115.77,96.89,2.8,15.11,92.4362,0.26,1.71,2.82,0.13,,1.45,-18.879999999999995
2012-08-23,117.45,95.87,2.81,15.96,92.1057,0.26,1.68,2.79,0.13,,1.42,-21.58
2012-08-24,115.76,95.78,2.81,15.18,92.2785,0.28,1.68,2.79,0.13,,1.4,-19.980000000000004
2012-08-27,113.74,95.54,2.8,16.35,92.3135,0.28,1.65,2.76,0.13,,1.3699999999999999,-18.19999999999999
2012-08-28,112.62,96.3,2.71,16.49,92.2033,0.27,1.64,2.75,0.13,,1.3699999999999999,-16.320000000000007
2012-08-29,112.53,95.5,2.64,17.06,92.3823,0.27,1.66,2.77,0.13,,1.39,-17.03
2012-08-30,112.28,94.61,2.72,17.83,92.6239,0.27,1.63,2.75,0.14,,1.3599999999999999,-17.67
2012-08-31,113.93,96.47,2.72,17.47,92.1677,0.22,1.57,2.68,0.13,,1.35,-17.460000000000008
2012-09-03,,,,,,,,,0.13,,,
2012-09-04,114.98,95.34,2.81,17.98,92.1582,0.23,1.59,2.69,0.14,,1.36,-19.64
2012-09-05,113.32,95.37,2.87,17.74,92.1262,0.25,1.6,2.7,0.16,,1.35,-17.94999999999999
2012-09-06,114.5,95.58,2.85,15.6,91.8973,0.27,1.68,2.8,0.16,,1.41,-18.92
2012-09-07,113.64,96.41,2.73,14.38,91.3469,0.25,1.67,2.81,0.15,,1.42,-17.230000000000004
2012-09-10,113.84,96.52,2.66,16.28,91.3102,0.25,1.68,2.83,0.15,,1.43,-17.320000000000007
2012-09-11,114.86,97.03,2.82,16.41,91.0575,0.25,1.7,2.84,0.15,,1.45,-17.83
2012-09-12,114.86,97.02,2.96,15.8,91.0477,0.25,1.77,2.92,0.15,,1.52,-17.840000000000003
2012-09-13,116.0,98.3,3.01,14.05,90.9632,0.24,1.75,2.95,0.15,,1.51,-17.700000000000003
2012-09-14,117.48,98.94,2.94,14.51,90.1436,0.27,1.88,3.09,0.16,,1.6099999999999999,-18.540000000000006
2012-09-17,116.7,96.51,2.83,14.59,90.2837,0.25,1.85,3.03,0.16,,1.6,-20.189999999999998
2012-09-18,113.29,95.25,2.74,14.18,90.5029,0.25,1.82,3.0,0.16,,1.57,-18.040000000000006
2012-09-19,108.49,91.97,2.7,13.88,90.4646,0.27,1.79,2.97,0.15,,1.52,-16.519999999999996
2012-09-20,109.41,92.14,2.76,14.07,90.7631,0.27,1.8,2.96,0.16,,1.53,-17.269999999999996
2012-09-21,111.27,92.64,2.76,13.98,90.5342,0.27,1.77,2.95,0.15,,1.5,-18.629999999999995
2012-09-24,109.2,91.68,2.82,14.15,90.8263,0.27,1.74,2.91,0.16,,1.47,-17.519999999999996
2012-09-25,110.77,91.07,2.84,15.43,90.6074,0.27,1.7,2.86,0.15,,1.43,-19.700000000000003
2012-09-26,108.99,89.92,2.92,16.81,91.0028,0.26,1.64,2.79,0.15,,1.38,-19.069999999999993
2012-09-27,111.45,91.89,3.01,14.84,90.7538,0.25,1.66,2.83,0.14,,1.41,-19.560000000000002
2012-09-28,111.36,92.18,3.08,15.73,90.8342,0.23,1.65,2.82,0.09,,1.42,-19.179999999999993
2012-10-01,112.58,92.44,3.19,16.32,90.7011,0.25,1.64,2.81,0.15,,1.39,-20.14
2012-10-02,112.49,91.88,3.21,15.71,90.644,0.23,1.64,2.81,0.16,,1.41,-20.61
2012-10-03,109.32,88.19,3.21,15.43,90.8726,0.23,1.64,2.82,0.16,,1.41,-21.129999999999995
2012-10-04,110.48,91.69,3.23,14.55,90.4932,0.23,1.7,2.89,0.15,,1.47,-18.790000000000006
2012-10-05,112.17,89.87,3.26,14.33,90.2851,0.27,1.75,2.96,0.15,,1.48,-22.299999999999997
2012-10-08,112.6,89.43,3.18,15.11,,,,,0.15,,,-23.169999999999987
2012-10-09,114.32,92.42,3.18,16.37,90.8703,0.25,1.74,2.93,0.16,,1.49,-21.89999999999999
2012-10-10,116.11,91.24,3.26,16.29,90.883,0.27,1.72,2.89,0.16,,1.45,-24.870000000000005
2012-10-11,116.18,92.19,3.28,15.59,90.7437,0.28,1.7,2.86,0.16,,1.42,-23.99000000000001
2012-10-12,115.17,91.83,3.38,16.14,90.6833,0.27,1.69,2.83,0.16,,1.42,-23.340000000000003
2012-10-15,115.0,91.84,3.35,15.27,90.6409,0.27,1.7,2.85,0.16,,1.43,-23.159999999999997
2012-10-16,115.0,92.07,3.27,15.22,90.5583,0.27,1.75,2.91,0.16,,1.48,-22.930000000000007
2012-10-17,113.49,92.04,3.24,15.07,90.2309,0.3,1.83,2.98,0.15,,1.53,-21.44999999999999
2012-10-18,112.58,92.0,3.28,15.03,90.3804,0.29,1.86,3.02,0.15,,1.57,-20.58
2012-10-19,111.89,90.0,3.43,17.06,90.8107,0.3,1.79,2.94,0.16,,1.49,-21.89
2012-10-22,109.62,88.3,3.49,16.62,90.7911,0.32,1.83,2.95,0.15,,1.51,-21.320000000000007
2012-10-23,107.53,86.65,3.34,18.83,91.0945,0.29,1.79,2.91,0.15,,1.5,-20.879999999999995
2012-10-24,107.66,85.39,3.43,18.33,91.1275,0.29,1.8,2.93,0.17,,1.51,-22.269999999999996
2012-10-25,107.64,85.59,3.39,18.12,91.02,0.31,1.86,2.98,0.16,,1.55,-22.049999999999997
2012-10-26,108.9,85.84,3.38,17.81,91.1411,0.3,1.78,2.92,0.16,,1.48,-23.060000000000002
2012-10-29,109.33,85.52,3.4,,,0.3,1.74,2.87,0.17,,1.44,-23.810000000000002
2012-10-30,109.4,85.65,3.42,,,,,,0.17,,,-23.75
2012-10-31,109.89,86.23,3.5,18.6,91.1609,0.3,1.72,2.85,0.18,,1.42,-23.659999999999997
2012-11-01,108.84,87.05,3.5,16.69,91.1217,0.3,1.75,2.89,0.17,,1.45,-21.790000000000006
2012-11-02,106.79,84.9,3.4,17.59,91.281,0.28,1.75,2.91,0.16,,1.47,-21.89
2012-11-05,105.59,85.64,3.34,18.42,91.4778,0.28,1.72,2.88,0.17,,1.44,-19.950000000000003
2012-11-06,109.27,88.62,3.41,17.58,91.2908,0.3,1.78,2.92,0.16,,1.48,-20.64999999999999
2012-11-07,108.21,84.5,3.47,19.08,91.4514,0.27,1.68,2.83,0.16,,1.41,-23.709999999999994
2012-11-08,107.23,85.07,3.45,18.49,91.5375,0.27,1.62,2.77,0.16,,1.35,-22.16000000000001
2012-11-09,108.61,86.08,3.33,18.61,91.6871,0.27,1.61,2.75,0.16,,1.34,-22.53
2012-11-12,110.23,85.56,3.4,16.68,,,,,0.16,,,-24.67
2012-11-13,108.82,85.38,3.57,16.65,91.7356,0.27,1.59,2.72,0.16,,1.32,-23.439999999999998
2012-11-14,109.66,86.32,3.66,17.92,91.7942,0.25,1.59,2.73,0.16,,1.34,-23.340000000000003
2012-11-15,110.07,85.45,3.63,17.99,91.8837,0.24,1.58,2.72,0.16,,1.34,-24.61999999999999
2012-11-16,106.81,86.62,3.46,16.41,92.0095,0.24,1.58,2.73,0.16,,1.34,-20.189999999999998
2012-11-19,110.06,89.05,3.63,15.24,91.5653,0.25,1.61,2.76,0.16,,1.36,-21.010000000000005
2012-11-20,110.01,86.46,3.62,15.08,91.556,0.27,1.66,2.82,0.16,,1.39,-23.55000000000001
2012-11-21,110.81,87.08,3.59,15.31,91.6645,0.27,1.69,2.83,0.16,,1.42,-23.730000000000004
2012-11-22,,,,,,,,,0.16,,,
2012-11-23,110.14,87.01,3.59,15.14,91.2616,0.29,1.7,2.83,0.16,,1.41,-23.129999999999995
2012-11-26,110.18,87.28,3.75,15.5,91.2789,0.27,1.66,2.8,0.16,,1.39,-22.900000000000006
2012-11-27,109.33,86.81,3.77,15.92,91.2608,0.27,1.64,2.79,0.16,,1.3699999999999999,-22.519999999999996
2012-11-28,108.26,86.1,3.71,15.51,91.33,0.27,1.63,2.79,0.16,,1.3599999999999999,-22.16000000000001
2012-11-29,110.47,87.64,3.61,15.06,91.2104,0.25,1.62,2.79,0.16,,1.37,-22.83
2012-11-30,110.84,88.54,3.46,15.87,91.1038,0.25,1.62,2.81,0.16,,1.37,-22.299999999999997
2012-12-03,111.27,88.69,3.44,16.64,91.0084,0.25,1.63,2.8,0.16,,1.38,-22.58
2012-12-04,109.99,88.04,3.38,17.12,90.9748,0.25,1.62,2.78,0.17,,1.37,-21.94999999999999
2012-12-05,108.96,87.36,3.41,16.46,90.9423,0.25,1.6,2.78,0.16,,1.35,-21.599999999999994
2012-12-06,108.01,85.47,3.48,16.58,91.0629,0.25,1.59,2.76,0.16,,1.34,-22.540000000000006
2012-12-07,107.16,85.45,3.33,15.9,91.0437,0.25,1.64,2.81,0.16,,1.39,-21.709999999999994
2012-12-10,108.25,85.14,3.35,16.05,90.9631,0.24,1.63,2.8,0.16,,1.39,-23.11
2012-12-11,107.6,85.36,3.39,15.57,90.8403,0.24,1.66,2.83,0.17,,1.42,-22.239999999999995
2012-12-12,110.17,86.35,3.33,15.95,90.7708,0.25,1.72,2.9,0.17,,1.47,-23.820000000000007
2012-12-13,110.18,85.39,3.27,16.56,90.776,0.27,1.74,2.9,0.16,,1.47,-24.790000000000006
2012-12-14,109.28,86.32,3.15,17.0,90.7156,0.24,1.72,2.87,0.17,,1.48,-22.960000000000008
2012-12-17,109.35,86.71,3.2,16.34,90.6193,0.25,1.78,2.94,0.16,,1.53,-22.64
2012-12-18,109.96,87.46,3.29,15.57,90.5161,0.28,1.84,3.0,0.17,,1.56,-22.5
2012-12-19,109.95,89.09,3.25,17.36,90.4896,0.28,1.82,2.99,0.17,,1.54,-20.86
2012-12-20,110.57,89.76,3.35,17.67,90.6002,0.28,1.81,2.98,0.17,,1.53,-20.809999999999988
2012-12-21,109.13,88.2,3.42,17.84,90.9597,0.26,1.77,2.93,0.17,,1.51,-20.929999999999993
2012-12-24,108.44,88.29,3.3,17.84,91.0354,0.26,1.79,2.94,0.18,,1.53,-20.14999999999999
2012-12-25,,,,,,,,,0.18,,,
2012-12-26,110.72,90.71,3.35,19.48,91.0606,0.26,1.77,2.94,0.17,,1.51,-20.010000000000005
2012-12-27,110.04,90.91,3.31,19.47,91.1037,0.26,1.74,2.89,0.17,,1.48,-19.13000000000001
2012-12-28,110.05,90.66,3.4,22.72,91.0419,0.27,1.73,2.88,0.17,,1.46,-19.39
2012-12-31,110.8,91.83,3.43,18.02,91.0834,0.25,1.78,2.95,0.09,,1.53,-18.97
2013-01-01,,,,,,,,,0.09,,,
2013-01-02,112.98,93.14,3.3,14.68,90.6941,0.27,1.86,3.04,0.17,,1.59,-19.840000000000003
2013-01-03,113.03,92.97,3.19,14.56,90.8097,0.27,1.92,3.12,0.17,,1.65,-20.060000000000002
2013-01-04,112.58,93.12,3.2,13.83,91.1025,0.27,1.93,3.1,0.16,,1.66,-19.459999999999994
2013-01-07,112.49,93.2,3.3,13.79,90.9852,0.27,1.92,3.1,0.16,,1.65,-19.289999999999992
2013-01-08,113.03,93.21,3.21,13.62,91.057,0.25,1.89,3.06,0.15,,1.64,-19.820000000000007
2013-01-09,113.07,93.08,3.14,13.81,91.0088,0.24,1.88,3.06,0.14,,1.64,-19.989999999999995
2013-01-10,112.97,93.81,3.08,13.49,90.6425,0.26,1.91,3.08,0.14,,1.65,-19.159999999999997
2013-01-11,110.3,93.6,3.18,13.36,90.5352,0.26,1.89,3.05,0.14,,1.63,-16.700000000000003
2013-01-14,111.32,94.27,3.39,13.52,90.4935,0.26,1.89,3.05,0.14,,1.63,-17.049999999999997
2013-01-15,111.72,93.26,3.4,13.55,90.5191,0.26,1.86,3.02,0.15,,1.6,-18.459999999999994
2013-01-16,110.97,94.28,3.43,13.42,90.596,0.26,1.84,3.01,0.14,,1.58,-16.689999999999998
2013-01-17,111.01,95.49,3.44,13.57,90.5401,0.28,1.89,3.06,0.14,,1.6099999999999999,-15.52000000000001
2013-01-18,111.71,95.61,3.54,12.46,90.8697,0.26,1.87,3.03,0.14,,1.61,-16.099999999999994
2013-01-21,,,,,,,,,0.14,,,
2013-01-22,112.72,96.09,3.63,12.43,90.7892,0.26,1.86,3.02,0.14,,1.6,-16.629999999999995
2013-01-23,113.68,95.06,3.53,12.46,90.8376,0.26,1.86,3.02,0.13,,1.6,-18.620000000000005
2013-01-24,114.59,95.35,3.56,12.69,90.9112,0.23,1.88,3.04,0.15,,1.65,-19.24000000000001
2013-01-25,113.88,95.15,3.42,12.89,91.0868,0.28,1.98,3.14,0.14,,1.7,-18.72999999999999
2013-01-28,113.92,95.95,3.25,13.57,91.2354,0.29,2.0,3.15,0.14,,1.71,-17.97
2013-01-29,115.22,97.62,3.14,13.31,90.9406,0.3,2.03,3.18,0.12,,1.7299999999999998,-17.599999999999994
2013-01-30,115.42,97.98,3.24,14.32,90.8836,0.27,2.03,3.19,0.12,,1.7599999999999998,-17.439999999999998
2013-01-31,115.55,97.65,3.33,14.28,90.798,0.27,2.02,3.17,0.15,,1.75,-17.89999999999999
2013-02-01,115.55,97.46,3.34,12.9,90.6923,0.27,2.04,3.21,0.14,,1.77,-18.090000000000003
2013-02-04,116.06,96.21,3.27,14.67,90.9774,0.25,2.0,3.17,0.13,,1.75,-19.85000000000001
2013-02-05,117.03,96.68,3.34,13.72,90.881,0.27,2.04,3.21,0.13,,1.77,-20.349999999999994
2013-02-06,116.61,96.44,3.41,13.41,91.0176,0.27,2.0,3.18,0.13,,1.73,-20.17
2013-02-07,117.17,95.84,3.39,13.5,91.2912,0.25,1.99,3.17,0.13,,1.74,-21.33
2013-02-08,118.9,95.71,3.26,13.02,91.3056,0.25,1.99,3.17,0.14,,1.74,-23.190000000000012
2013-02-11,118.29,97.01,3.2,12.94,91.4451,0.27,1.99,3.16,0.14,,1.72,-21.28
2013-02-12,117.89,97.48,3.3,12.64,91.2779,0.29,2.02,3.19,0.13,,1.73,-20.409999999999997
2013-02-13,118.43,97.03,3.29,12.98,91.2709,0.29,2.05,3.23,0.14,,1.7599999999999998,-21.400000000000006
2013-02-14,118.48,97.3,3.3,12.66,91.366,0.27,2.0,3.17,0.14,,1.73,-21.180000000000007
2013-02-15,117.4,95.95,3.19,12.46,91.4551,0.29,2.01,3.18,0.16,,1.7199999999999998,-21.450000000000003
2013-02-18,,,,,,,,,0.16,,,
2013-02-19,117.04,96.69,3.23,12.31,91.5073,0.29,2.03,3.21,0.15,,1.7399999999999998,-20.35000000000001
2013-02-20,116.23,94.92,3.34,14.68,91.6689,0.27,2.02,3.2,0.15,,1.75,-21.310000000000002
2013-02-21,114.19,92.79,3.29,15.22,92.0394,0.26,1.99,3.17,0.16,,1.73,-21.39999999999999
2013-02-22,113.74,93.12,3.27,14.17,92.1197,0.27,1.97,3.15,0.16,,1.7,-20.61999999999999
2013-02-25,114.55,92.74,3.42,18.99,92.1975,0.25,1.88,3.08,0.15,,1.63,-21.810000000000002
2013-02-26,112.96,92.63,3.46,16.87,92.4247,0.25,1.88,3.08,0.14,,1.63,-20.33
2013-02-27,112.24,92.84,3.49,14.73,92.234,0.27,1.91,3.11,0.14,,1.64,-19.39999999999999
2013-02-28,112.2,92.03,3.48,15.51,92.295,0.25,1.89,3.1,0.14,,1.64,-20.17
2013-03-01,110.14,90.71,3.54,15.36,92.6177,0.25,1.86,3.06,0.14,,1.61,-19.430000000000007
2013-03-04,109.9,90.13,3.53,14.01,92.6316,0.24,1.88,3.08,0.16,,1.64,-19.77000000000001
2013-03-05,110.42,90.88,3.63,13.48,92.4965,0.25,1.9,3.1,0.15,,1.65,-19.540000000000006
2013-03-06,110.27,90.47,3.57,13.53,,0.25,1.95,3.15,0.15,,1.7,-19.799999999999997
2013-03-07,110.42,91.53,3.54,13.06,92.5462,0.25,2.0,3.2,0.16,,1.75,-18.89
2013-03-08,108.91,92.01,3.57,12.59,92.6252,0.27,2.06,3.25,0.15,,1.79,-16.89999999999999
2013-03-11,108.64,92.07,3.64,11.56,92.5351,0.27,2.07,3.26,0.16,,1.7999999999999998,-16.570000000000007
2013-03-12,108.48,92.44,3.71,12.27,92.3853,0.27,2.03,3.22,0.15,,1.7599999999999998,-16.040000000000006
2013-03-13,107.51,92.47,3.72,11.83,92.4709,0.27,2.04,3.22,0.14,,1.77,-15.040000000000006
2013-03-14,108.1,93.03,3.74,11.3,92.4695,0.27,2.04,3.25,0.15,,1.77,-15.069999999999993
2013-03-15,109.32,93.49,3.89,11.3,92.128,0.25,2.01,3.22,0.16,,1.7599999999999998,-15.829999999999998
2013-03-18,108.54,93.71,3.98,13.36,92.3377,0.26,1.96,3.18,0.16,,1.7,-14.830000000000013
2013-03-19,106.91,92.44,3.96,14.39,92.526,0.24,1.92,3.13,0.15,,1.68,-14.469999999999999
2013-03-20,108.27,93.21,3.97,12.67,92.4141,0.26,1.96,3.19,0.15,,1.7,-15.060000000000002
2013-03-21,106.41,92.46,4.01,13.99,92.3322,0.27,1.95,3.15,0.16,,1.68,-13.950000000000003
2013-03-22,106.51,93.41,4.01,13.57,92.2051,0.26,1.93,3.13,0.15,,1.67,-13.100000000000009
2013-03-25,106.66,94.55,4.08,13.74,92.3081,0.24,1.93,3.14,0.15,,1.69,-12.11
2013-03-26,107.1,95.99,3.99,12.77,92.232,0.25,1.92,3.13,0.14,,1.67,-11.11
2013-03-27,108.51,96.53,4.08,13.15,92.446,0.25,1.87,3.09,0.12,,1.62,-11.980000000000004
2013-03-28,108.46,97.24,4.03,12.7,92.2544,0.25,1.87,3.1,0.13,,1.62,-11.219999999999999
2013-03-29,,,,,92.302,,,,0.09,,,
2013-04-01,108.76,97.1,3.97,13.58,92.1687,0.23,1.86,3.08,0.16,,1.6300000000000001,-11.66000000000001
2013-04-02,109.66,97.23,4.07,12.78,92.1432,0.25,1.88,3.1,0.15,,1.63,-12.429999999999993
2013-04-03,107.82,95.02,4.0,14.21,92.104,0.24,1.83,3.05,0.14,,1.59,-12.799999999999997
2013-04-04,105.09,93.26,3.94,13.89,92.3896,0.22,1.78,2.99,0.14,,1.56,-11.829999999999998
2013-04-05,103.98,92.76,3.98,13.92,92.1043,0.24,1.72,2.87,0.15,,1.48,-11.219999999999999
2013-04-08,103.16,93.36,4.18,13.19,92.2317,0.24,1.76,2.91,0.15,,1.52,-9.799999999999997
2013-04-09,104.08,94.18,4.08,12.84,91.9669,0.24,1.78,2.94,0.15,,1.54,-9.899999999999991
2013-04-10,104.8,94.59,4.07,12.36,91.9598,0.24,1.84,3.01,0.15,,1.6,-10.209999999999994
2013-04-11,103.62,93.44,4.11,12.24,91.6972,0.24,1.82,3.01,0.15,,1.58,-10.180000000000007
2013-04-12,100.58,91.23,4.21,12.06,91.7967,0.22,1.75,2.92,0.15,,1.53,-9.349999999999994
2013-04-15,99.32,88.75,4.23,17.27,91.9457,0.22,1.72,2.88,0.15,,1.5,-10.569999999999993
2013-04-16,97.88,88.73,4.19,13.96,91.8451,0.24,1.75,2.91,0.15,,1.51,-9.149999999999991
2013-04-17,96.84,86.65,4.24,16.51,92.1372,0.24,1.73,2.89,0.15,,1.49,-10.189999999999998
2013-04-18,97.48,87.83,4.23,17.56,92.176,0.24,1.72,2.87,0.15,,1.48,-9.650000000000006
2013-04-19,98.94,88.04,4.38,14.97,92.2166,0.24,1.73,2.88,0.15,,1.49,-10.899999999999991
2013-04-22,99.07,88.81,4.33,14.39,92.3591,0.24,1.72,2.88,0.15,,1.48,-10.259999999999991
2013-04-23,99.25,89.21,4.27,13.48,92.3836,0.23,1.74,2.9,0.14,,1.51,-10.040000000000006
2013-04-24,100.71,91.07,4.25,13.61,92.4581,0.23,1.73,2.89,0.13,,1.5,-9.64
2013-04-25,101.62,93.27,4.19,13.62,92.0394,0.23,1.74,2.91,0.13,,1.51,-8.350000000000009
2013-04-26,102.39,92.63,4.16,13.61,91.9012,0.22,1.7,2.87,0.13,,1.48,-9.760000000000005
2013-04-29,102.88,94.09,4.28,13.71,91.6539,0.2,1.7,2.88,0.13,,1.5,-8.789999999999992
2013-04-30,101.53,93.22,4.3,13.52,91.3741,0.22,1.7,2.88,0.14,,1.48,-8.310000000000002
2013-05-01,98.34,90.74,4.31,14.49,91.4331,0.2,1.66,2.83,0.14,,1.46,-7.6000000000000085
2013-05-02,100.32,93.7,4.28,13.59,91.6174,0.2,1.66,2.82,0.15,,1.46,-6.61999999999999
2013-05-03,104.6,95.25,3.98,12.85,91.5087,0.22,1.78,2.96,0.14,,1.56,-9.349999999999994
2013-05-06,105.0,95.8,3.93,12.66,91.6387,0.22,1.8,2.98,0.14,,1.58,-9.200000000000003
2013-05-07,105.18,95.28,3.88,12.83,91.5201,0.22,1.82,3.0,0.12,,1.6,-9.900000000000006
2013-05-08,103.79,96.24,3.86,12.66,91.1848,0.22,1.81,2.99,0.12,,1.59,-7.550000000000011
2013-05-09,103.59,96.09,3.87,13.13,91.3036,0.22,1.81,3.01,0.12,,1.59,-7.5
2013-05-10,101.31,95.81,3.9,12.59,92.2527,0.26,1.9,3.1,0.12,,1.64,-5.5
2013-05-13,102.17,94.76,3.87,12.55,92.2711,0.24,1.92,3.13,0.12,,1.68,-7.409999999999997
2013-05-14,102.7,93.96,3.93,12.77,92.3697,0.26,1.96,3.17,0.11,,1.7,-8.740000000000009
2013-05-15,101.57,93.95,4.03,12.81,92.7691,0.26,1.94,3.16,0.12,,1.68,-7.61999999999999
2013-05-16,104.27,94.85,4.01,13.07,92.6602,0.23,1.87,3.09,0.11,,1.6400000000000001,-9.420000000000002
2013-05-17,103.83,95.72,3.89,12.45,93.1617,0.26,1.95,3.17,0.1,,1.69,-8.11
2013-05-20,104.55,96.29,4.1,13.02,93.0359,0.26,1.97,3.18,0.1,,1.71,-8.259999999999991
2013-05-21,103.1,95.55,4.13,13.37,92.9662,0.26,1.94,3.14,0.09,,1.68,-7.549999999999997
2013-05-22,102.14,93.98,4.16,13.82,93.3104,0.26,2.03,3.21,0.08,,1.7699999999999998,-8.159999999999997
2013-05-23,100.46,94.12,4.15,14.07,93.2113,0.26,2.02,3.2,0.08,,1.76,-6.339999999999989
2013-05-24,101.24,93.84,4.15,13.99,93.2768,0.26,2.01,3.18,0.09,,1.7499999999999998,-7.3999999999999915
2013-05-27,,,,,,,,,0.09,,,
2013-05-28,103.77,94.65,4.19,14.48,93.5853,0.29,2.15,3.31,0.09,,1.8599999999999999,-9.11999999999999
2013-05-29,102.14,93.13,4.15,14.83,93.531,0.3,2.13,3.27,0.08,,1.8299999999999998,-9.010000000000005
2013-05-30,101.79,93.57,4.12,14.53,93.4219,0.31,2.13,3.28,0.08,,1.8199999999999998,-8.220000000000013
2013-05-31,100.43,91.93,4.02,16.3,93.6076,0.3,2.16,3.3,0.09,,1.86,-8.5
2013-06-03,101.63,93.41,4.0,16.28,93.163,0.3,2.13,3.27,0.1,,1.8299999999999998,-8.219999999999999
2013-06-04,102.04,93.36,4.0,16.27,93.3067,0.32,2.14,3.3,0.11,,1.82,-8.680000000000007
2013-06-05,103.51,93.66,3.99,17.5,93.275,0.3,2.1,3.25,0.09,,1.8,-9.850000000000009
2013-06-06,103.37,94.71,3.93,16.63,92.809,0.3,2.08,3.23,0.1,,1.78,-8.66000000000001
2013-06-07,104.07,96.11,3.79,15.14,92.6056,0.32,2.17,3.33,0.09,,1.8499999999999999,-7.959999999999994
2013-06-10,103.87,95.82,3.85,15.44,92.973,0.32,2.22,3.36,0.09,,1.9000000000000001,-8.050000000000011
2013-06-11,101.5,95.5,3.77,17.07,92.7996,0.34,2.2,3.33,0.09,,1.86,-6.0
2013-06-12,103.11,95.98,3.74,18.59,92.4775,0.34,2.25,3.37,0.08,,1.91,-7.1299999999999955
2013-06-13,103.38,96.66,3.73,16.41,92.3449,0.32,2.19,3.33,0.09,,1.8699999999999999,-6.719999999999999
2013-06-14,105.1,97.83,3.76,17.15,92.1886,0.29,2.14,3.28,0.1,,1.85,-7.269999999999996
2013-06-17,105.8,97.86,3.78,16.8,92.3332,0.27,2.19,3.35,0.11,,1.92,-7.939999999999998
2013-06-18,105.21,98.46,3.9,16.61,92.5432,0.27,2.2,3.34,0.12,,1.9300000000000002,-6.75
2013-06-19,105.56,98.24,3.93,16.64,92.4755,0.31,2.33,3.41,0.1,,2.02,-7.320000000000007
2013-06-20,102.72,94.89,3.9,20.49,94.125,0.33,2.41,3.49,0.1,,2.08,-7.829999999999998
2013-06-21,100.36,93.81,3.85,18.9,94.4243,0.38,2.52,3.56,0.1,,2.14,-6.549999999999997
2013-06-24,99.8,95.07,3.81,20.11,94.5714,0.42,2.57,3.56,0.1,,2.15,-4.730000000000004
2013-06-25,101.51,95.25,3.77,18.47,94.3285,0.43,2.6,3.6,0.09,,2.17,-6.260000000000005
2013-06-26,100.62,95.47,3.72,17.21,94.3807,0.39,2.55,3.58,0.09,,2.1599999999999997,-5.150000000000006
2013-06-27,102.74,97.0,3.73,16.86,94.2429,0.36,2.49,3.54,0.09,,2.1300000000000003,-5.739999999999995
2013-06-28,102.49,96.36,3.57,16.86,94.3047,0.36,2.52,3.52,0.07,,2.16,-6.1299999999999955
2013-07-01,103.19,97.94,3.52,16.37,94.0998,0.34,2.5,3.48,0.1,,2.16,-5.25
2013-07-02,103.96,99.65,3.58,16.44,94.4051,0.34,2.48,3.47,0.1,,2.14,-4.309999999999988
2013-07-03,106.12,101.92,3.54,16.2,94.4767,0.36,2.52,3.49,0.1,,2.16,-4.200000000000003
2013-07-04,,,,,,,,,0.1,,,
2013-07-05,107.46,103.09,3.52,14.89,95.0639,0.4,2.73,3.68,0.1,,2.33,-4.36999999999999
2013-07-08,107.75,103.03,3.65,14.78,94.9954,0.37,2.65,3.63,0.1,,2.28,-4.719999999999999
2013-07-09,107.9,103.46,3.69,14.35,94.9467,0.37,2.65,3.64,0.1,,2.28,-4.440000000000012
2013-07-10,108.43,106.41,3.69,14.21,94.7595,0.38,2.7,3.68,0.09,,2.3200000000000003,-2.0200000000000102
2013-07-11,108.18,104.77,3.64,14.01,93.949,0.34,2.6,3.64,0.09,,2.2600000000000002,-3.410000000000011
2013-07-12,109.03,105.85,3.61,13.84,94.0029,0.37,2.61,3.64,0.09,,2.2399999999999998,-3.180000000000007
2013-07-15,109.05,106.2,3.67,13.79,93.9729,0.34,2.57,3.61,0.09,,2.23,-2.8499999999999943
2013-07-16,109.29,105.88,3.69,14.42,93.5232,0.34,2.55,3.58,0.09,,2.21,-3.410000000000011
2013-07-17,109.67,106.39,3.67,13.78,93.5498,0.32,2.52,3.57,0.09,,2.2,-3.280000000000001
2013-07-18,109.71,107.94,3.66,13.77,93.681,0.32,2.56,3.63,0.09,,2.24,-1.769999999999996
2013-07-19,109.34,108.0,3.78,12.54,93.4759,0.32,2.5,3.56,0.09,,2.18,-1.3400000000000034
2013-07-22,108.82,106.61,3.71,12.29,93.2253,0.32,2.5,3.55,0.09,,2.18,-2.2099999999999937
2013-07-23,109.27,107.13,3.68,12.66,93.1631,0.33,2.53,3.58,0.09,,2.1999999999999997,-2.1400000000000006
2013-07-24,108.23,105.41,3.7,13.18,93.3124,0.34,2.61,3.65,0.09,,2.27,-2.8200000000000074
2013-07-25,108.1,105.47,3.68,12.97,93.2862,0.32,2.61,3.65,0.09,,2.29,-2.6299999999999955
2013-07-26,107.57,104.76,3.59,12.72,93.1695,0.31,2.58,3.61,0.09,,2.27,-2.809999999999988
2013-07-29,108.1,104.61,3.49,13.39,93.1663,0.33,2.61,3.66,0.08,,2.28,-3.489999999999995
2013-07-30,107.47,103.14,3.48,13.39,93.3976,0.33,2.63,3.67,0.09,,2.3,-4.329999999999998
2013-07-31,107.89,105.1,3.46,13.45,93.5703,0.31,2.6,3.64,0.09,,2.29,-2.7900000000000063
2013-08-01,109.94,107.93,3.44,12.94,93.7972,0.35,2.74,3.77,0.08,,2.39,-2.009999999999991
2013-08-02,109.63,106.94,3.39,11.98,93.5789,0.3,2.63,3.69,0.09,,2.33,-2.6899999999999977
2013-08-05,109.81,106.61,3.33,11.84,93.507,0.32,2.67,3.73,0.08,,2.35,-3.200000000000003
2013-08-06,108.77,105.32,3.35,12.72,93.3199,0.32,2.67,3.73,0.09,,2.35,-3.450000000000003
2013-08-07,108.39,104.41,3.32,12.98,93.2652,0.32,2.61,3.68,0.09,,2.29,-3.980000000000004
2013-08-08,107.32,103.45,3.27,12.73,92.8483,0.3,2.58,3.65,0.09,,2.2800000000000002,-3.8699999999999903
2013-08-09,108.49,106.04,3.32,13.41,92.8394,0.32,2.57,3.63,0.08,,2.25,-2.4499999999999886
2013-08-12,109.28,106.19,3.34,12.81,92.9178,0.32,2.61,3.67,0.08,,2.29,-3.0900000000000034
2013-08-13,110.69,106.78,3.34,12.31,93.476,0.34,2.71,3.75,0.08,,2.37,-3.9099999999999966
2013-08-14,110.26,106.89,3.36,13.04,93.382,0.34,2.71,3.75,0.09,,2.37,-3.3700000000000045
2013-08-15,111.58,107.43,3.34,14.73,93.5059,0.36,2.77,3.81,0.08,,2.41,-4.1499999999999915
2013-08-16,111.82,107.58,3.35,14.37,93.4255,0.36,2.84,3.86,0.09,,2.48,-4.239999999999995
2013-08-19,111.41,107.14,3.46,15.1,93.6623,0.36,2.88,3.89,0.09,,2.52,-4.269999999999996
2013-08-20,110.74,104.9,3.48,14.91,93.5536,0.36,2.82,3.86,0.09,,2.46,-5.839999999999989
2013-08-21,110.82,103.93,3.51,15.94,94.0362,0.38,2.87,3.9,0.08,,2.49,-6.889999999999986
2013-08-22,110.51,104.93,3.52,14.76,94.2804,0.42,2.9,3.88,0.09,,2.48,-5.579999999999998
2013-08-23,112.12,106.48,3.5,13.98,93.9466,0.4,2.82,3.8,0.08,,2.42,-5.640000000000001
2013-08-26,112.23,105.88,3.55,14.99,94.1853,0.41,2.79,3.77,0.08,,2.38,-6.3500000000000085
2013-08-27,115.21,109.11,3.5,16.77,94.3934,0.38,2.72,3.7,0.07,,2.3400000000000003,-6.099999999999994
2013-08-28,116.27,110.17,3.54,16.49,94.4127,0.4,2.78,3.75,0.07,,2.38,-6.099999999999994
2013-08-29,116.91,108.51,3.58,16.81,94.6398,0.39,2.75,3.7,0.08,,2.36,-8.399999999999991
2013-08-30,115.97,107.98,3.57,17.01,94.7541,0.39,2.78,3.7,0.07,,2.3899999999999997,-7.989999999999995
2013-09-02,,,,,,,,,0.07,,,
2013-09-03,115.49,108.67,3.64,16.61,94.9574,0.43,2.86,3.79,0.09,,2.4299999999999997,-6.819999999999993
2013-09-04,115.65,107.29,3.68,15.88,94.5739,0.46,2.9,3.8,0.08,,2.44,-8.36
2013-09-05,115.81,108.5,3.7,15.77,94.8891,0.52,2.98,3.88,0.08,,2.46,-7.310000000000002
2013-09-06,117.15,110.62,3.55,15.85,94.2487,0.46,2.94,3.87,0.08,,2.48,-6.530000000000001
2013-09-09,115.2,109.62,3.62,15.63,94.0009,0.45,2.9,3.84,0.08,,2.4499999999999997,-5.579999999999998
2013-09-10,112.1,107.48,3.65,14.53,93.938,0.5,2.96,3.88,0.08,,2.46,-4.61999999999999
2013-09-11,112.37,107.65,3.6,13.82,93.7112,0.47,2.93,3.85,0.08,,2.46,-4.719999999999999
2013-09-12,113.11,108.72,3.57,14.29,93.5903,0.45,2.92,3.85,0.08,,2.4699999999999998,-4.390000000000001
2013-09-13,113.31,108.31,3.6,14.16,93.6666,0.45,2.9,3.84,0.08,,2.4499999999999997,-5.0
2013-09-16,110.86,106.54,3.64,14.38,93.2875,0.41,2.88,3.87,0.08,,2.4699999999999998,-4.319999999999993
2013-09-17,109.05,105.36,3.77,14.53,93.2231,0.39,2.86,3.84,0.08,,2.4699999999999998,-3.6899999999999977
2013-09-18,109.09,108.23,3.72,13.59,93.2569,0.34,2.69,3.75,0.08,,2.35,-0.8599999999999994
2013-09-19,110.66,106.26,3.73,13.16,92.4082,0.34,2.76,3.8,0.09,,2.42,-4.3999999999999915
2013-09-20,110.22,104.7,3.68,13.12,92.6049,0.34,2.75,3.77,0.08,,2.41,-5.519999999999996
2013-09-23,108.56,103.62,3.66,14.31,92.613,0.35,2.72,3.73,0.09,,2.37,-4.939999999999998
2013-09-24,107.68,103.22,3.59,14.08,92.7691,0.35,2.67,3.67,0.09,,2.32,-4.460000000000008
2013-09-25,109.46,102.68,3.52,14.01,92.7675,0.36,2.63,3.65,0.08,,2.27,-6.779999999999987
2013-09-26,108.86,103.1,3.49,14.06,93.0096,0.34,2.66,3.69,0.08,,2.3200000000000003,-5.760000000000005
2013-09-27,109.45,102.86,3.51,15.46,92.9747,0.34,2.64,3.68,0.08,,2.3000000000000003,-6.590000000000003
2013-09-30,107.85,102.36,3.48,16.6,92.9207,0.33,2.64,3.69,0.06,,2.31,-5.489999999999995
2013-10-01,107.32,102.09,3.56,15.54,92.9515,0.33,2.66,3.72,0.08,,2.33,-5.22999999999999
2013-10-02,109.09,104.15,3.63,16.6,92.772,0.31,2.63,3.7,0.07,,2.32,-4.939999999999998
2013-10-03,109.49,103.29,3.58,17.67,92.7461,0.33,2.62,3.71,0.08,,2.29,-6.199999999999989
2013-10-04,109.42,103.83,3.57,16.74,92.6469,0.33,2.66,3.73,0.08,,2.33,-5.590000000000003
2013-10-07,109.66,103.07,3.62,19.41,92.6725,0.37,2.65,3.7,0.08,,2.28,-6.590000000000003
2013-10-08,110.56,103.54,3.72,20.34,92.7558,0.4,2.66,3.7,0.08,,2.2600000000000002,-7.019999999999996
2013-10-09,109.02,101.63,3.7,19.6,93.0829,0.37,2.68,3.73,0.09,,2.31,-7.390000000000001
2013-10-10,111.63,103.08,3.74,16.48,92.8579,0.35,2.71,3.75,0.09,,2.36,-8.549999999999997
2013-10-11,110.65,102.17,3.74,15.72,92.854,0.35,2.7,3.74,0.1,,2.35,-8.480000000000004
2013-10-14,110.13,102.46,3.82,16.07,,,,,0.1,,,-7.670000000000002
2013-10-15,110.67,101.15,3.83,18.66,92.7642,0.37,2.75,3.78,0.1,,2.38,-9.519999999999996
2013-10-16,110.79,102.34,3.84,14.71,92.6819,0.34,2.69,3.72,0.11,,2.35,-8.450000000000003
2013-10-17,109.55,100.72,3.75,13.48,92.0246,0.33,2.61,3.66,0.1,,2.28,-8.829999999999998
2013-10-18,109.4,100.87,3.72,13.04,91.9989,0.33,2.6,3.65,0.1,,2.27,-8.530000000000001
2013-10-21,109.47,99.28,3.77,13.16,92.2498,0.33,2.63,3.68,0.09,,2.3,-10.189999999999998
2013-10-22,109.57,97.63,3.7,13.33,91.9563,0.31,2.54,3.61,0.08,,2.23,-11.939999999999998
2013-10-23,107.74,96.9,3.66,13.42,92.0947,0.31,2.51,3.59,0.08,,2.1999999999999997,-10.83999999999999
2013-10-24,106.63,96.65,3.65,13.2,92.1867,0.33,2.53,3.61,0.08,,2.1999999999999997,-9.97999999999999
2013-10-25,105.7,97.4,3.69,13.09,92.1623,0.32,2.53,3.6,0.08,,2.21,-8.299999999999997
2013-10-28,108.29,98.74,3.61,13.31,92.1872,0.32,2.54,3.61,0.08,,2.22,-9.550000000000011
2013-10-29,108.04,98.29,3.57,13.41,92.301,0.31,2.53,3.62,0.08,,2.2199999999999998,-9.75
2013-10-30,108.41,96.81,3.55,13.65,92.3057,0.33,2.55,3.63,0.08,,2.2199999999999998,-11.599999999999994
2013-10-31,107.53,96.29,3.57,13.75,92.731,0.31,2.57,3.63,0.07,,2.26,-11.239999999999995
2013-11-01,105.78,94.56,3.45,13.28,93.155,0.33,2.65,3.69,0.08,,2.32,-11.219999999999999
2013-11-04,104.85,94.58,3.38,12.93,92.9359,0.32,2.63,3.7,0.08,,2.31,-10.269999999999996
2013-11-05,105.01,93.4,3.37,13.27,93.2112,0.32,2.69,3.76,0.08,,2.37,-11.61
2013-11-06,105.46,94.74,3.46,12.67,93.0943,0.3,2.67,3.77,0.08,,2.37,-10.719999999999999
2013-11-07,103.08,94.25,3.59,13.91,93.4003,0.29,2.63,3.71,0.08,,2.34,-8.829999999999998
2013-11-08,104.29,94.56,3.54,12.9,93.6619,0.32,2.77,3.84,0.08,,2.45,-9.730000000000004
2013-11-11,105.76,95.13,3.62,12.53,,,,,0.08,,,-10.63000000000001
2013-11-12,106.29,93.12,3.69,12.82,93.7651,0.34,2.8,3.86,0.08,,2.46,-13.170000000000002
2013-11-13,106.9,93.91,3.69,12.52,93.4848,0.32,2.75,3.83,0.08,,2.43,-12.990000000000009
2013-11-14,108.29,93.76,3.52,12.37,93.4328,0.29,2.69,3.79,0.09,,2.4,-14.530000000000001
2013-11-15,108.25,93.8,3.56,12.19,93.2854,0.31,2.71,3.8,0.09,,2.4,-14.450000000000003
2013-11-18,108.8,93.03,3.71,13.1,92.9824,0.31,2.67,3.76,0.09,,2.36,-15.769999999999996
2013-11-19,108.29,93.35,3.63,13.39,93.0649,0.29,2.71,3.8,0.09,,2.42,-14.940000000000012
2013-11-20,108.27,93.34,3.63,13.4,93.2501,0.28,2.8,3.9,0.09,,2.5199999999999996,-14.929999999999993
2013-11-21,109.9,95.35,3.68,12.66,93.5638,0.29,2.79,3.89,0.09,,2.5,-14.550000000000011
2013-11-22,111.36,94.53,3.78,12.26,93.4198,0.31,2.75,3.84,0.09,,2.44,-16.83
2013-11-25,110.83,93.86,3.85,12.79,93.5539,0.3,2.74,3.83,0.09,,2.4400000000000004,-16.97
2013-11-26,112.04,93.41,3.87,12.81,93.5226,0.29,2.71,3.8,0.09,,2.42,-18.63000000000001
2013-11-27,111.32,92.05,3.87,12.98,93.6864,0.28,2.74,3.81,0.09,,2.46,-19.269999999999996
2013-11-28,,,,,,,,,0.09,,,
2013-11-29,111.07,92.55,3.87,13.7,93.6291,0.28,2.75,3.82,0.07,,2.4699999999999998,-18.519999999999996
2013-12-02,111.49,93.61,3.85,14.23,93.8856,0.3,2.81,3.86,0.09,,2.5100000000000002,-17.879999999999995
2013-12-03,113.06,95.83,3.84,14.55,93.8251,0.28,2.79,3.84,0.09,,2.51,-17.230000000000004
2013-12-04,113.27,96.97,3.89,14.7,93.8997,0.3,2.84,3.9,0.09,,2.54,-16.299999999999997
2013-12-05,112.07,97.14,3.97,15.08,93.4954,0.3,2.88,3.92,0.09,,2.58,-14.929999999999993
2013-12-06,111.5,97.48,4.15,13.79,93.4045,0.3,2.88,3.9,0.09,,2.58,-14.019999999999996
2013-12-09,110.07,97.1,4.24,13.49,93.1444,0.3,2.86,3.88,0.09,,2.56,-12.969999999999999
2013-12-10,108.91,98.32,4.24,13.91,,0.3,2.81,3.83,0.09,,2.5100000000000002,-10.590000000000003
2013-12-11,109.47,97.25,4.24,15.42,93.0842,0.31,2.86,3.87,0.08,,2.55,-12.219999999999999
2013-12-12,108.99,97.21,4.4,15.54,93.4292,0.34,2.89,3.91,0.09,,2.5500000000000003,-11.780000000000001
2013-12-13,108.08,96.27,4.44,15.76,93.3568,0.34,2.88,3.88,0.08,,2.54,-11.810000000000002
2013-12-16,110.3,97.18,4.21,16.03,93.2175,0.34,2.89,3.9,0.09,,2.5500000000000003,-13.11999999999999
2013-12-17,108.91,96.99,4.2,16.21,93.302,0.34,2.85,3.88,0.09,,2.5100000000000002,-11.920000000000002
2013-12-18,109.56,97.59,4.25,13.8,93.4207,0.32,2.89,3.9,0.09,,2.5700000000000003,-11.969999999999999
2013-12-19,110.78,98.4,4.25,14.15,93.7368,0.35,2.94,3.91,0.09,,2.59,-12.379999999999995
2013-12-20,112.15,99.11,4.35,13.79,93.7211,0.37,2.89,3.82,0.09,,2.52,-13.040000000000006
2013-12-23,111.58,98.62,4.52,13.04,93.572,0.38,2.94,3.85,0.09,,2.56,-12.959999999999994
2013-12-24,111.57,98.87,4.52,12.48,93.6734,0.38,2.99,3.9,0.08,,2.6100000000000003,-12.699999999999989
2013-12-25,,,,,,,,,0.08,,,
2013-12-26,111.65,99.18,4.4,12.33,93.766,0.42,3.0,3.92,0.08,,2.58,-12.469999999999999
2013-12-27,112.06,99.94,4.34,12.46,93.7018,0.4,3.02,3.94,0.08,,2.62,-12.120000000000005
2013-12-30,110.47,98.9,4.41,13.56,93.4866,0.39,2.99,3.9,0.08,,2.6,-11.569999999999993
2013-12-31,109.95,98.17,4.31,13.72,93.5576,0.38,3.04,3.96,0.07,,2.66,-11.780000000000001
2014-01-01,,,,,,,,,0.07,,,
2014-01-02,107.94,95.14,4.32,14.23,93.8192,0.39,3.0,3.92,0.08,,2.61,-12.799999999999997
2014-01-03,106.57,93.66,4.39,13.76,93.853,0.41,3.01,3.93,0.08,,2.5999999999999996,-12.909999999999997
2014-01-06,106.71,93.12,4.5,13.55,93.9109,0.4,2.98,3.9,0.08,,2.58,-13.58999999999999
2014-01-07,107.01,93.31,4.58,12.92,94.0398,0.4,2.96,3.88,0.07,,2.56,-13.700000000000003
2014-01-08,107.42,91.9,4.36,12.87,94.2181,0.43,3.01,3.9,0.07,,2.5799999999999996,-15.519999999999996
2014-01-09,107.49,91.36,4.15,12.89,94.3299,0.44,2.97,3.88,0.07,,2.5300000000000002,-16.129999999999995
2014-01-10,106.44,92.39,3.95,12.14,94.0045,0.39,2.88,3.8,0.07,,2.4899999999999998,-14.049999999999997
2014-01-13,108.02,91.45,4.19,13.28,93.899,0.39,2.84,3.77,0.07,,2.4499999999999997,-16.569999999999993
2014-01-14,107.12,92.15,4.36,12.28,94.0303,0.39,2.88,3.8,0.07,,2.4899999999999998,-14.969999999999999
2014-01-15,108.09,93.78,4.45,12.28,94.341,0.41,2.9,3.81,0.07,,2.4899999999999998,-14.310000000000002
2014-01-16,107.46,93.54,4.55,12.53,94.5507,0.41,2.86,3.77,0.07,,2.4499999999999997,-13.919999999999987
2014-01-17,108.45,93.96,4.39,12.44,94.5846,0.4,2.84,3.75,0.07,,2.44,-14.490000000000009
2014-01-20,108.01,,,,,,,,0.07,,,
2014-01-21,109.17,94.51,4.61,12.87,94.679,0.4,2.85,3.74,0.07,,2.45,-14.659999999999997
2014-01-22,109.69,96.35,4.92,12.84,94.8479,0.44,2.87,3.75,0.07,,2.43,-13.340000000000003
2014-01-23,109.69,97.23,5.64,13.77,94.8415,0.39,2.79,3.68,0.07,,2.4,-12.459999999999994
2014-01-24,109.14,96.66,5.17,18.14,94.8555,0.37,2.75,3.64,0.07,,2.38,-12.480000000000004
2014-01-27,108.72,95.82,5.66,17.42,94.9059,0.37,2.78,3.67,0.07,,2.4099999999999997,-12.900000000000006
2014-01-28,109.1,97.49,5.25,15.8,94.88,0.38,2.77,3.68,0.07,,2.39,-11.61
2014-01-29,108.83,97.34,5.23,17.35,94.8621,0.36,2.69,3.62,0.07,,2.33,-11.489999999999995
2014-01-30,109.36,98.25,5.27,17.29,95.1294,0.36,2.72,3.65,0.07,,2.3600000000000003,-11.11
2014-01-31,108.16,97.55,5.04,18.41,95.1774,0.34,2.67,3.61,0.07,,2.33,-10.61
2014-02-03,106.55,96.44,5.04,21.44,95.2469,0.3,2.61,3.55,0.07,,2.31,-10.11
2014-02-04,107.04,97.24,5.78,19.11,95.0438,0.31,2.64,3.59,0.07,,2.33,-9.800000000000011
2014-02-05,106.81,97.4,8.12,19.95,95.0285,0.32,2.7,3.66,0.07,,2.3800000000000003,-9.409999999999997
2014-02-06,108.15,97.84,6.9,17.23,94.7177,0.33,2.73,3.67,0.07,,2.4,-10.310000000000002
2014-02-07,110.12,99.98,5.92,15.29,94.7457,0.3,2.71,3.67,0.06,,2.41,-10.14
2014-02-10,110.18,100.12,8.15,15.26,94.7189,0.32,2.7,3.66,0.07,,2.3800000000000003,-10.060000000000002
2014-02-11,109.21,99.96,7.75,14.51,94.6377,0.35,2.75,3.69,0.06,,2.4,-9.25
2014-02-12,108.62,100.38,5.96,14.3,94.6209,0.35,2.8,3.72,0.07,,2.4499999999999997,-8.240000000000009
2014-02-13,108.98,100.27,5.34,14.14,,0.32,2.73,3.7,0.06,,2.41,-8.710000000000008
2014-02-14,108.63,100.31,5.54,13.57,94.2711,0.32,2.75,3.69,0.06,,2.43,-8.319999999999993
2014-02-17,,,,,,,,,0.06,,,
2014-02-18,110.14,102.54,5.8,13.87,94.1934,0.31,2.71,3.68,0.07,,2.4,-7.599999999999994
2014-02-19,110.37,103.46,6.0,15.5,94.38,0.33,2.73,3.71,0.07,,2.4,-6.910000000000011
2014-02-20,109.42,103.2,5.96,14.79,94.6571,0.34,2.76,3.73,0.07,,2.42,-6.219999999999999
2014-02-21,109.03,102.53,6.24,14.68,,0.33,2.73,3.69,0.07,,2.4,-6.5
2014-02-24,109.76,103.17,6.08,14.23,94.4042,0.35,2.75,3.7,0.07,,2.4,-6.590000000000003
2014-02-25,109.19,102.2,5.21,13.67,94.4735,0.34,2.7,3.66,0.07,,2.3600000000000003,-6.989999999999995
2014-02-26,109.39,102.93,4.81,14.35,94.7754,0.33,2.67,3.63,0.07,,2.34,-6.459999999999994
2014-02-27,108.54,102.68,4.61,14.04,94.6722,0.33,2.65,3.6,0.07,,2.32,-5.859999999999999
2014-02-28,108.98,102.88,4.8,14.0,94.3879,0.33,2.66,3.59,0.06,,2.33,-6.1000000000000085
2014-03-03,111.26,105.34,7.09,16.0,,0.32,2.6,3.55,0.07,,2.2800000000000002,-5.920000000000002
2014-03-04,109.17,103.64,7.98,14.1,94.6568,0.33,2.7,3.64,0.07,,2.37,-5.530000000000001
2014-03-05,108.15,101.75,6.46,13.89,94.4679,0.33,2.7,3.64,0.08,,2.37,-6.400000000000006
2014-03-06,107.99,101.82,4.89,14.21,93.9858,0.37,2.74,3.68,0.08,,2.37,-6.170000000000002
2014-03-07,109.14,102.82,4.78,14.11,94.2532,0.38,2.8,3.72,0.08,,2.42,-6.320000000000007
2014-03-10,108.27,101.39,4.67,14.2,94.3731,0.37,2.79,3.73,0.08,,2.42,-6.8799999999999955
2014-03-11,108.35,100.29,4.67,14.8,94.387,0.37,2.77,3.7,0.08,,2.4,-8.059999999999988
2014-03-12,107.88,98.29,4.72,14.47,94.462,0.37,2.73,3.66,0.08,,2.36,-9.58999999999999
2014-03-13,107.48,98.57,4.41,16.22,94.1872,0.34,2.66,3.6,0.08,,2.3200000000000003,-8.91000000000001
2014-03-14,108.08,99.23,4.4,17.82,94.243,0.36,2.65,3.59,0.08,,2.29,-8.849999999999994
2014-03-17,106.99,98.43,4.57,15.64,,0.38,2.7,3.63,0.08,,2.3200000000000003,-8.559999999999988
2014-03-18,106.79,100.08,4.42,14.52,94.2631,0.36,2.68,3.62,0.08,,2.3200000000000003,-6.710000000000008
2014-03-19,105.95,100.71,4.43,15.12,94.3752,0.47,2.78,3.66,0.08,,2.3099999999999996,-5.240000000000009
2014-03-20,105.73,99.68,4.39,14.52,94.9986,0.45,2.79,3.67,0.08,,2.34,-6.049999999999997
2014-03-21,107.2,99.97,4.33,15.0,94.8547,0.45,2.75,3.61,0.08,,2.3,-7.230000000000004
2014-03-24,106.59,100.05,4.42,15.09,94.759,0.47,2.74,3.57,0.09,,2.2700000000000005,-6.540000000000006
2014-03-25,107.01,99.66,4.53,14.02,94.6379,0.47,2.75,3.59,0.09,,2.2800000000000002,-7.3500000000000085
2014-03-26,105.9,100.61,4.44,14.93,94.5281,0.45,2.71,3.55,0.08,,2.26,-5.290000000000006
2014-03-27,106.58,101.25,4.39,14.62,94.3315,0.45,2.69,3.52,0.08,,2.2399999999999998,-5.329999999999998
2014-03-28,106.64,101.73,4.5,14.41,94.3683,0.45,2.73,3.55,0.08,,2.28,-4.909999999999997
2014-03-31,105.95,101.57,4.48,13.88,94.2432,0.44,2.73,3.56,0.06,,2.29,-4.38000000000001
2014-04-01,105.7,99.69,4.39,13.1,94.1244,0.44,2.77,3.6,0.08,,2.33,-6.010000000000005
2014-04-02,103.37,99.6,4.39,13.09,94.3103,0.47,2.82,3.65,0.09,,2.3499999999999996,-3.7700000000000102
2014-04-03,104.88,100.29,4.51,13.37,94.512,0.46,2.8,3.62,0.08,,2.34,-4.589999999999989
2014-04-04,106.41,101.16,4.49,13.96,94.2191,0.43,2.74,3.59,0.08,,2.31,-5.25
2014-04-07,104.89,100.43,4.58,15.57,94.0881,0.41,2.71,3.56,0.09,,2.3,-4.459999999999994
2014-04-08,105.83,102.57,4.57,14.89,93.6579,0.4,2.69,3.54,0.08,,2.29,-3.260000000000005
2014-04-09,107.39,103.55,4.67,13.82,93.6716,0.37,2.71,3.57,0.08,,2.34,-3.8400000000000034
2014-04-10,107.1,103.37,4.67,15.89,93.5123,0.37,2.65,3.52,0.08,,2.28,-3.7299999999999898
2014-04-11,107.34,103.68,4.67,17.03,93.6395,0.37,2.63,3.48,0.09,,2.26,-3.6599999999999966
2014-04-14,107.68,104.05,4.64,16.11,93.8046,0.37,2.65,3.48,0.09,,2.28,-3.6300000000000097
2014-04-15,109.1,103.7,4.69,15.61,93.9486,0.39,2.64,3.46,0.1,,2.25,-5.3999999999999915
2014-04-16,109.71,103.71,4.64,14.18,93.9461,0.39,2.65,3.45,0.09,,2.26,-6.0
2014-04-17,109.79,104.33,4.64,13.36,93.8936,0.43,2.73,3.52,0.09,,2.3,-5.460000000000008
2014-04-18,,,,,93.9629,,,,0.1,,,
2014-04-21,109.69,104.35,4.76,13.25,94.0337,0.42,2.73,3.52,0.1,,2.31,-5.340000000000003
2014-04-22,108.54,101.69,4.76,13.19,94.0802,0.45,2.73,3.5,0.1,,2.28,-6.8500000000000085
2014-04-23,108.48,101.47,4.81,13.27,94.149,0.43,2.7,3.47,0.1,,2.27,-7.010000000000005
2014-04-24,109.79,102.2,4.81,13.32,94.1294,0.43,2.7,3.46,0.1,,2.27,-7.590000000000003
2014-04-25,109.53,100.85,4.83,14.06,94.1623,0.43,2.68,3.45,0.09,,2.25,-8.680000000000007
2014-04-28,109.12,101.13,4.72,13.97,94.1374,0.44,2.7,3.47,0.09,,2.2600000000000002,-7.990000000000009
2014-04-29,109.89,101.56,4.78,13.71,94.0295,0.44,2.71,3.49,0.1,,2.27,-8.329999999999998
2014-04-30,108.63,100.07,4.79,13.41,93.8896,0.42,2.67,3.47,0.09,,2.25,-8.560000000000002
2014-05-01,108.63,99.69,4.79,13.25,93.8707,0.41,2.63,3.41,0.09,,2.2199999999999998,-8.939999999999998
2014-05-02,109.48,100.09,4.73,12.91,93.8182,0.42,2.6,3.37,0.09,,2.18,-9.39
2014-05-05,109.48,99.74,4.73,13.29,93.7334,0.43,2.63,3.41,0.09,,2.1999999999999997,-9.740000000000009
2014-05-06,108.3,99.81,4.8,13.8,93.4324,0.43,2.61,3.38,0.09,,2.1799999999999997,-8.489999999999995
2014-05-07,108.17,101.06,4.82,13.4,93.4337,0.41,2.62,3.4,0.08,,2.21,-7.109999999999999
2014-05-08,108.19,100.52,4.77,13.43,93.3686,0.4,2.61,3.45,0.08,,2.21,-7.670000000000002
2014-05-09,108.26,100.32,4.59,12.92,93.6614,0.4,2.62,3.47,0.08,,2.22,-7.940000000000012
2014-05-12,108.37,100.89,4.52,12.23,93.6537,0.41,2.66,3.49,0.08,,2.25,-7.480000000000004
2014-05-13,108.78,102.01,4.47,12.13,93.6755,0.39,2.61,3.45,0.09,,2.2199999999999998,-6.769999999999996
2014-05-14,109.87,102.63,4.47,12.17,93.5968,0.39,2.54,3.37,0.08,,2.15,-7.240000000000009
2014-05-15,109.74,101.74,4.42,13.17,93.7065,0.38,2.5,3.33,0.09,,2.12,-8.0
2014-05-16,110.9,102.31,4.42,12.44,93.6073,0.38,2.52,3.34,0.09,,2.14,-8.590000000000003
2014-05-19,110.84,102.95,4.54,12.42,93.502,0.36,2.54,3.39,0.09,,2.18,-7.890000000000001
2014-05-20,110.35,102.8,4.53,12.96,93.6699,0.35,2.52,3.38,0.09,,2.17,-7.549999999999997
2014-05-21,111.32,104.31,4.57,11.91,93.7629,0.37,2.54,3.42,0.09,,2.17,-7.009999999999991
2014-05-22,110.89,104.03,4.57,12.03,93.6944,0.37,2.56,3.43,0.09,,2.19,-6.859999999999999
2014-05-23,110.19,105.01,4.4,11.36,93.7042,0.37,2.54,3.4,0.09,,2.17,-5.179999999999993
2014-05-26,110.01,,,,,,,,0.09,,,
2014-05-27,109.81,104.78,4.4,11.51,93.8418,0.39,2.52,3.37,0.09,,2.13,-5.030000000000001
2014-05-28,109.09,103.37,4.56,11.68,93.8793,0.37,2.44,3.29,0.09,,2.07,-5.719999999999999
2014-05-29,109.98,104.26,4.63,11.57,93.6973,0.37,2.45,3.31,0.09,,2.08,-5.719999999999999
2014-05-30,109.21,103.4,4.49,11.4,93.7606,0.37,2.48,3.33,0.08,,2.11,-5.809999999999988
2014-06-02,109.34,103.07,4.49,11.58,94.0006,0.39,2.54,3.38,0.09,,2.15,-6.27000000000001
2014-06-03,108.87,103.34,4.62,11.87,94.0536,0.41,2.6,3.43,0.1,,2.19,-5.530000000000001
2014-06-04,109.07,103.27,4.62,12.08,94.1239,0.41,2.61,3.45,0.09,,2.1999999999999997,-5.799999999999997
2014-06-05,108.43,103.17,4.66,11.68,93.9732,0.4,2.59,3.44,0.09,,2.19,-5.260000000000005
2014-06-06,109.21,103.32,4.66,10.73,93.9069,0.41,2.6,3.44,0.09,,2.19,-5.890000000000001
2014-06-09,110.55,105.09,4.67,11.15,93.9628,0.43,2.62,3.45,0.09,,2.19,-5.459999999999994
2014-06-10,109.18,105.02,4.67,10.99,94.0638,0.45,2.64,3.47,0.09,,2.19,-4.160000000000011
2014-06-11,109.83,105.04,4.51,11.6,93.9744,0.44,2.65,3.47,0.09,,2.21,-4.789999999999992
2014-06-12,112.18,107.2,4.51,12.56,93.8155,0.42,2.58,3.41,0.09,,2.16,-4.980000000000004
2014-06-13,113.15,107.49,4.7,12.18,93.9168,0.45,2.6,3.41,0.1,,2.15,-5.660000000000011
2014-06-16,113.42,107.52,4.71,12.65,93.8639,0.49,2.61,3.4,0.1,,2.12,-5.900000000000006
2014-06-17,114.02,106.95,4.68,12.06,94.0829,0.51,2.66,3.44,0.1,,2.1500000000000004,-7.069999999999993
2014-06-18,114.25,106.64,4.68,10.61,94.0525,0.48,2.61,3.43,0.1,,2.13,-7.609999999999999
2014-06-19,115.19,107.08,4.67,10.62,93.752,0.48,2.64,3.47,0.1,,2.16,-8.11
2014-06-20,114.55,107.95,4.53,10.85,93.7591,0.5,2.63,3.44,0.1,,2.13,-6.599999999999994
2014-06-23,113.62,106.83,4.53,10.98,93.628,0.48,2.63,3.45,0.1,,2.15,-6.790000000000006
2014-06-24,113.74,106.64,4.49,12.13,93.7093,0.49,2.59,3.41,0.1,,2.0999999999999996,-7.099999999999994
2014-06-25,112.84,107.04,4.58,11.59,93.5851,0.48,2.57,3.38,0.1,,2.09,-5.799999999999997
2014-06-26,112.61,106.49,4.58,11.63,93.5471,0.46,2.53,3.35,0.1,,2.07,-6.1200000000000045
2014-06-27,112.62,106.46,4.39,11.26,93.3983,0.45,2.54,3.36,0.1,,2.09,-6.160000000000011
2014-06-30,111.03,106.07,4.39,11.57,93.2058,0.47,2.53,3.34,0.09,,2.0599999999999996,-4.960000000000008
2014-07-01,110.84,106.06,4.47,11.15,93.1365,0.47,2.58,3.4,0.1,,2.1100000000000003,-4.780000000000001
2014-07-02,110.18,105.18,4.47,10.82,93.2478,0.49,2.64,3.46,0.1,,2.1500000000000004,-5.0
2014-07-03,108.98,104.76,4.31,10.32,93.3149,0.52,2.65,3.47,0.09,,2.13,-4.219999999999999
2014-07-04,,,,,,,,,0.09,,,
2014-07-07,108.7,104.19,4.31,11.33,93.3803,0.52,2.63,3.44,0.1,,2.11,-4.510000000000005
2014-07-08,107.65,104.06,4.18,11.98,93.323,0.51,2.58,3.38,0.09,,2.0700000000000003,-3.5900000000000034
2014-07-09,106.84,102.93,4.17,11.65,93.228,0.51,2.57,3.37,0.09,,2.0599999999999996,-3.9099999999999966
2014-07-10,106.2,103.61,4.15,12.59,93.3152,0.46,2.55,3.38,0.09,,2.09,-2.5900000000000034
2014-07-11,105.77,101.48,4.13,12.08,93.4171,0.48,2.53,3.34,0.09,,2.05,-4.289999999999992
2014-07-14,104.73,101.73,4.13,11.82,93.4101,0.48,2.55,3.36,0.09,,2.07,-3.0
2014-07-15,104.73,100.56,4.13,11.96,93.5796,0.49,2.56,3.37,0.09,,2.0700000000000003,-4.170000000000002
2014-07-16,105.41,101.88,4.16,11.0,93.5991,0.5,2.55,3.35,0.09,,2.05,-3.530000000000001
2014-07-17,106.04,103.84,4.04,14.54,93.6586,0.47,2.47,3.27,0.09,,2.0,-2.200000000000003
2014-07-18,106.03,103.83,4.08,12.06,93.6608,0.51,2.5,3.29,0.09,,1.99,-2.200000000000003
2014-07-21,105.71,105.34,3.87,12.81,93.6069,0.51,2.49,3.26,0.1,,1.9800000000000002,-0.36999999999999034
2014-07-22,106.48,104.59,3.81,12.24,93.6306,0.49,2.48,3.25,0.09,,1.99,-1.8900000000000006
2014-07-23,106.85,103.81,3.83,11.52,93.5951,0.5,2.48,3.26,0.09,,1.98,-3.039999999999992
2014-07-24,105.78,102.76,3.83,11.84,93.6836,0.53,2.52,3.3,0.09,,1.99,-3.019999999999996
2014-07-25,106.89,105.23,3.86,12.69,93.8294,0.53,2.48,3.24,0.09,,1.95,-1.6599999999999966
2014-07-28,106.7,105.68,3.84,12.56,93.83,0.54,2.5,3.26,0.09,,1.96,-1.019999999999996
2014-07-29,106.98,104.91,3.79,13.28,94.0443,0.54,2.47,3.22,0.09,,1.9300000000000002,-2.0700000000000074
2014-07-30,106.47,104.29,3.78,13.33,94.3473,0.56,2.57,3.31,0.09,,2.01,-2.1799999999999926
2014-07-31,104.94,98.23,3.78,16.95,94.4467,0.53,2.58,3.32,0.08,,2.05,-6.709999999999994
2014-08-01,103.45,97.86,3.77,17.03,94.4754,0.47,2.52,3.29,0.09,,2.05,-5.590000000000003
2014-08-04,103.63,98.26,3.87,15.12,94.448,0.47,2.51,3.3,0.09,,2.04,-5.36999999999999
2014-08-05,102.82,97.34,3.87,16.87,94.6754,0.47,2.49,3.28,0.09,,2.0200000000000005,-5.47999999999999
2014-08-06,104.17,96.93,3.92,16.37,94.6092,0.48,2.49,3.27,0.09,,2.0100000000000002,-7.239999999999995
2014-08-07,104.02,97.34,3.99,16.66,94.6364,0.44,2.43,3.23,0.09,,1.9900000000000002,-6.679999999999993
2014-08-08,103.36,97.61,3.94,15.77,94.6027,0.45,2.44,3.23,0.09,,1.99,-5.75
2014-08-11,103.47,98.09,4.0,14.23,94.4767,0.47,2.44,3.24,0.09,,1.97,-5.3799999999999955
2014-08-12,101.68,97.36,3.94,14.13,94.5211,0.45,2.46,3.27,0.09,,2.01,-4.320000000000007
2014-08-13,102.27,97.57,3.9,12.9,94.4681,0.43,2.43,3.24,0.09,,2.0,-4.700000000000003
2014-08-14,101.15,95.54,3.85,12.42,94.3508,0.42,2.4,3.2,0.09,,1.98,-5.609999999999999
2014-08-15,101.13,97.3,3.8,13.15,94.2941,0.42,2.34,3.13,0.09,,1.92,-3.8299999999999983
2014-08-18,99.37,96.44,3.78,12.32,94.2519,0.44,2.39,3.2,0.09,,1.9500000000000002,-2.930000000000007
2014-08-19,99.74,94.35,3.84,12.21,94.4356,0.46,2.4,3.21,0.09,,1.94,-5.390000000000001
2014-08-20,99.92,96.4,3.88,11.78,94.5937,0.49,2.43,3.22,0.09,,1.9400000000000002,-3.519999999999996
2014-08-21,100.28,93.97,3.88,11.76,94.673,0.49,2.41,3.19,0.09,,1.9200000000000002,-6.310000000000002
2014-08-22,100.09,93.61,3.88,11.47,94.8012,0.53,2.4,3.16,0.09,,1.8699999999999999,-6.480000000000004
2014-08-25,100.49,95.39,3.94,11.7,94.9159,0.53,2.39,3.13,0.09,,1.86,-5.099999999999994
2014-08-26,100.5,95.78,3.99,11.63,94.8617,0.52,2.39,3.15,0.09,,1.87,-4.719999999999999
2014-08-27,100.4,95.82,4.02,11.78,94.6863,0.51,2.37,3.11,0.09,,1.86,-4.5800000000000125
2014-08-28,100.71,96.44,4.06,12.05,94.6947,0.5,2.34,3.08,0.09,,1.8399999999999999,-4.269999999999996
2014-08-29,101.12,97.86,4.04,11.98,94.7251,0.48,2.35,3.09,0.07,,1.87,-3.260000000000005
2014-09-01,,,,,,,,,0.07,,,
2014-09-02,100.21,92.92,4.01,12.25,95.063,0.53,2.42,3.17,0.09,,1.89,-7.289999999999992
2014-09-03,100.88,95.5,3.94,12.36,94.8709,0.52,2.41,3.15,0.09,,1.8900000000000001,-5.3799999999999955
2014-09-04,101.21,94.51,3.91,12.64,95.2641,0.54,2.45,3.21,0.09,,1.9100000000000001,-6.699999999999989
2014-09-05,99.51,93.32,3.86,12.09,95.2203,0.52,2.46,3.23,0.09,,1.94,-6.190000000000012
2014-09-08,99.53,92.64,3.86,12.66,95.4167,0.54,2.48,3.23,0.09,,1.94,-6.890000000000001
2014-09-09,98.08,92.73,3.93,13.5,95.8811,0.56,2.5,3.23,0.09,,1.94,-5.349999999999994
2014-09-10,96.26,91.71,3.98,12.88,95.8641,0.58,2.54,3.26,0.09,,1.96,-4.550000000000011
2014-09-11,96.42,92.89,3.94,12.8,95.9184,0.58,2.54,3.27,0.09,,1.96,-3.530000000000001
2014-09-12,96.31,92.18,3.82,13.31,96.0748,0.58,2.62,3.35,0.09,,2.04,-4.1299999999999955
2014-09-15,96.43,92.86,3.92,14.12,96.1195,0.58,2.6,3.34,0.09,,2.02,-3.5700000000000074
2014-09-16,97.39,94.91,3.85,12.73,95.8483,0.55,2.6,3.36,0.09,,2.05,-2.480000000000004
2014-09-17,97.7,94.33,3.97,12.65,95.9106,0.59,2.62,3.37,0.09,,2.0300000000000002,-3.3700000000000045
2014-09-18,96.82,93.07,3.99,12.03,96.1284,0.59,2.63,3.36,0.09,,2.04,-3.75
2014-09-19,96.75,92.43,3.99,12.11,96.3417,0.59,2.59,3.29,0.09,,2.0,-4.319999999999993
2014-09-22,95.37,91.46,3.88,13.69,96.4625,0.58,2.57,3.28,0.09,,1.9899999999999998,-3.910000000000011
2014-09-23,94.87,91.55,3.9,14.93,96.5112,0.57,2.54,3.25,0.09,,1.9700000000000002,-3.3200000000000074
2014-09-24,94.53,93.6,3.84,13.27,96.6574,0.59,2.57,3.28,0.09,,1.98,-0.9300000000000068
2014-09-25,95.2,93.59,3.89,15.64,96.8988,0.56,2.52,3.22,0.09,,1.96,-1.6099999999999994
2014-09-26,95.08,95.55,3.89,14.85,97.208,0.59,2.54,3.22,0.09,,1.9500000000000002,0.46999999999999886
2014-09-29,95.7,94.53,3.89,15.98,97.3523,0.58,2.5,3.18,0.08,,1.92,-1.1700000000000017
2014-09-30,94.67,91.17,4.14,16.31,97.5261,0.58,2.52,3.21,0.07,,1.94,-3.5
2014-10-01,94.57,90.74,4.14,16.71,97.5387,0.53,2.42,3.12,0.09,,1.89,-3.8299999999999983
2014-10-02,91.29,91.02,4.0,16.16,97.3062,0.53,2.44,3.15,0.09,,1.91,-0.27000000000001023
2014-10-03,90.8,89.76,3.94,14.55,97.9846,0.57,2.45,3.13,0.09,,1.8800000000000003,-1.039999999999992
2014-10-06,90.65,90.33,3.89,15.46,97.5513,0.54,2.43,3.12,0.09,,1.8900000000000001,-0.3200000000000074
2014-10-07,90.9,88.89,3.88,17.2,97.4459,0.52,2.36,3.06,0.09,,1.8399999999999999,-2.010000000000005
2014-10-08,90.25,87.29,3.88,15.11,97.4945,0.46,2.35,3.07,0.09,,1.8900000000000001,-2.9599999999999937
2014-10-09,90.47,85.76,3.87,18.76,97.1711,0.46,2.34,3.07,0.08,,1.88,-4.709999999999994
2014-10-10,88.66,85.87,3.86,21.24,97.4144,0.45,2.31,3.03,0.09,,1.86,-2.789999999999992
2014-10-13,87.82,85.73,3.87,24.64,,,,,0.09,,,-2.089999999999989
2014-10-14,86.36,81.72,3.91,22.79,97.3943,0.39,2.21,2.95,0.09,,1.8199999999999998,-4.640000000000001
2014-10-15,84.02,81.82,3.81,26.25,97.3532,0.34,2.15,2.92,0.09,,1.8099999999999998,-2.200000000000003
2014-10-16,84.02,82.33,3.8,25.2,97.2869,0.35,2.17,2.94,0.09,,1.8199999999999998,-1.6899999999999977
2014-10-17,85.27,82.8,3.73,21.99,97.3067,0.39,2.22,2.98,0.09,,1.83,-2.469999999999999
2014-10-20,84.42,82.76,3.69,18.57,97.2874,0.37,2.2,2.96,0.09,,1.83,-1.6599999999999966
2014-10-21,85.17,83.25,3.62,16.08,97.2488,0.38,2.23,3.0,0.09,,1.85,-1.9200000000000017
2014-10-22,86.38,80.52,3.69,17.87,97.459,0.41,2.25,3.01,0.09,,1.84,-5.859999999999999
2014-10-23,85.94,82.81,3.6,16.53,97.6047,0.41,2.29,3.05,0.09,,1.8800000000000001,-3.1299999999999955
2014-10-24,86.0,81.27,3.53,16.11,97.4772,0.41,2.29,3.05,0.09,,1.8800000000000001,-4.730000000000004
2014-10-27,85.64,81.26,3.56,16.04,97.5423,0.41,2.27,3.04,0.09,,1.86,-4.3799999999999955
2014-10-28,85.57,81.36,3.53,14.39,97.2173,0.42,2.3,3.06,0.09,,1.88,-4.209999999999994
2014-10-29,86.91,82.25,3.6,15.15,97.0145,0.48,2.34,3.06,0.09,,1.8599999999999999,-4.659999999999997
2014-10-30,85.5,81.06,3.76,14.52,97.456,0.48,2.32,3.04,0.09,,1.8399999999999999,-4.439999999999998
2014-10-31,84.17,80.53,3.82,14.03,98.1163,0.5,2.35,3.07,0.07,,1.85,-3.6400000000000006
2014-11-03,84.9,78.77,3.82,14.73,98.5336,0.52,2.36,3.07,0.09,,1.8399999999999999,-6.13000000000001
2014-11-04,82.12,77.15,3.67,14.89,98.5576,0.52,2.35,3.05,0.1,,1.83,-4.969999999999999
2014-11-05,82.88,78.71,3.83,14.17,98.8086,0.52,2.36,3.06,0.09,,1.8399999999999999,-4.170000000000002
2014-11-06,82.08,77.87,3.92,13.67,99.1325,0.54,2.39,3.09,0.09,,1.85,-4.209999999999994
2014-11-07,83.2,78.71,3.92,13.12,99.0236,0.51,2.32,3.04,0.09,,1.8099999999999998,-4.490000000000009
2014-11-10,82.9,77.43,4.18,12.67,98.9305,0.55,2.38,3.09,0.09,,1.8299999999999998,-5.469999999999999
2014-11-11,80.94,77.85,4.18,12.92,,,,,0.09,,,-3.0900000000000034
2014-11-12,80.42,77.16,4.2,13.02,98.8897,0.55,2.37,3.09,0.09,,1.82,-3.260000000000005
2014-11-13,77.74,74.13,4.2,13.79,99.1045,0.53,2.35,3.08,0.09,,1.82,-3.6099999999999994
2014-11-14,77.51,75.91,4.05,13.31,99.0917,0.54,2.32,3.04,0.09,,1.7799999999999998,-1.6000000000000085
2014-11-17,76.86,75.64,4.26,13.99,99.2188,0.54,2.34,3.06,0.1,,1.7999999999999998,-1.2199999999999989
2014-11-18,77.23,74.55,4.33,13.86,99.0185,0.53,2.32,3.05,0.11,,1.7899999999999998,-2.680000000000007
2014-11-19,77.21,74.55,4.41,13.96,99.2424,0.54,2.36,3.08,0.1,,1.8199999999999998,-2.6599999999999966
2014-11-20,77.61,75.63,4.41,13.58,99.2554,0.53,2.34,3.05,0.1,,1.8099999999999998,-1.980000000000004
2014-11-21,79.2,76.52,4.32,12.9,99.2894,0.53,2.31,3.02,0.1,,1.78,-2.680000000000007
2014-11-24,79.62,75.74,4.09,12.62,99.4227,0.53,2.3,3.01,0.1,,1.7699999999999998,-3.8800000000000097
2014-11-25,77.62,74.04,4.09,12.25,99.2837,0.51,2.27,2.97,0.1,,1.76,-3.5799999999999983
2014-11-26,77.39,73.7,4.15,12.07,99.1893,0.53,2.24,2.95,0.1,,1.7100000000000002,-3.6899999999999977
2014-11-27,,,,,,,,,0.1,,,
2014-11-28,71.89,65.94,4.3,13.33,100.0719,0.47,2.18,2.89,0.08,,1.7100000000000002,-5.950000000000003
2014-12-01,70.87,68.98,4.3,14.29,99.8964,0.49,2.22,2.95,0.13,,1.7300000000000002,-1.8900000000000006
2014-12-02,71.13,66.99,3.77,12.85,100.4478,0.55,2.28,3.0,0.12,,1.7299999999999998,-4.140000000000001
2014-12-03,70.13,67.3,3.63,12.47,100.5696,0.57,2.29,2.99,0.12,,1.7200000000000002,-2.8299999999999983
2014-12-04,68.48,66.73,3.63,12.38,100.3931,0.55,2.25,2.94,0.12,,1.7,-1.75
2014-12-05,68.0,65.89,3.42,11.82,101.0989,0.65,2.31,2.97,0.12,,1.6600000000000001,-2.1099999999999994
2014-12-08,65.64,63.13,3.42,14.21,101.31,0.64,2.26,2.9,0.12,,1.6199999999999997,-2.509999999999998
2014-12-09,66.11,63.74,3.63,14.89,100.8095,0.64,2.22,2.87,0.12,,1.58,-2.3699999999999974
2014-12-10,63.32,60.99,3.65,18.53,101.0212,0.59,2.18,2.83,0.12,,1.5900000000000003,-2.3299999999999983
2014-12-11,63.65,60.01,3.68,20.08,101.4448,0.62,2.19,2.84,0.12,,1.5699999999999998,-3.6400000000000006
2014-12-12,61.67,57.81,3.91,21.08,101.3735,0.56,2.1,2.75,0.12,,1.54,-3.8599999999999994
2014-12-15,61.09,55.96,3.72,20.42,101.674,0.6,2.12,2.74,0.11,,1.52,-5.130000000000003
2014-12-16,60.26,55.97,3.58,23.57,101.526,0.58,2.07,2.69,0.12,,1.4899999999999998,-4.289999999999999
2014-12-17,59.84,56.43,3.72,19.44,101.5527,0.62,2.14,2.74,0.13,,1.52,-3.4100000000000037
2014-12-18,58.81,54.18,3.71,16.81,101.7531,0.67,2.22,2.82,0.13,,1.5500000000000003,-4.630000000000003
2014-12-19,58.87,56.91,3.71,16.49,102.0483,0.67,2.17,2.77,0.13,,1.5,-1.9600000000000009
2014-12-22,58.31,55.25,3.05,15.25,101.9942,0.71,2.17,2.75,0.13,,1.46,-3.0600000000000023
2014-12-23,59.07,56.78,2.99,14.8,102.348,0.73,2.26,2.85,0.13,,1.5299999999999998,-2.289999999999999
2014-12-24,58.67,55.7,2.99,14.37,102.3028,0.73,2.27,2.83,0.13,,1.54,-2.969999999999999
2014-12-25,,,,,,,,,0.13,,,
2014-12-26,58.72,54.59,2.74,14.5,,0.73,2.25,2.81,0.13,,1.52,-4.1299999999999955
2014-12-29,57.86,53.46,3.07,15.06,102.3767,0.72,2.22,2.78,0.13,,1.5000000000000002,-4.399999999999999
2014-12-30,55.6,54.14,3.14,15.92,102.1019,0.69,2.2,2.76,0.13,,1.5100000000000002,-1.4600000000000009
2014-12-31,55.27,53.45,3.14,19.2,102.2843,0.67,2.17,2.75,0.06,,1.5,-1.8200000000000003
2015-01-01,,,,,,,,,0.06,,,
2015-01-02,55.38,52.72,3.01,17.79,102.9027,0.66,2.12,2.69,0.12,,1.46,-2.6600000000000037
2015-01-05,51.08,50.05,3.22,19.92,103.4976,0.68,2.04,2.6,0.12,,1.3599999999999999,-1.0300000000000011
2015-01-06,50.12,47.98,2.98,21.12,103.2938,0.65,1.97,2.52,0.12,,1.3199999999999998,-2.1400000000000006
2015-01-07,49.06,48.69,3.08,19.31,103.6316,0.62,1.96,2.52,0.12,,1.3399999999999999,-0.37000000000000455
2015-01-08,49.43,48.8,2.92,17.01,103.2799,0.62,2.03,2.59,0.12,,1.4099999999999997,-0.6300000000000026
2015-01-09,47.64,48.35,2.96,17.55,103.1213,0.59,1.98,2.55,0.12,,1.3900000000000001,0.7100000000000009
2015-01-12,46.9,46.06,2.9,19.6,103.2372,0.56,1.92,2.49,0.12,,1.3599999999999999,-0.8399999999999963
2015-01-13,45.13,45.92,2.92,20.56,103.27,0.54,1.91,2.49,0.12,,1.3699999999999999,0.7899999999999991
2015-01-14,45.82,48.49,3.15,21.48,103.0903,0.51,1.86,2.47,0.12,,1.35,2.6700000000000017
2015-01-15,47.66,46.37,3.32,22.39,103.0829,0.44,1.77,2.4,0.12,,1.33,-1.2899999999999991
2015-01-16,47.38,48.49,3.11,20.95,103.2189,0.49,1.83,2.44,0.13,,1.34,1.1099999999999994
2015-01-19,,,,,,,,,0.13,,,
2015-01-20,46.49,46.79,2.94,19.89,103.5233,0.53,1.82,2.39,0.12,,1.29,0.29999999999999716
2015-01-21,46.5,47.85,2.94,18.85,103.7858,0.53,1.87,2.44,0.12,,1.34,1.3500000000000014
2015-01-22,46.09,45.93,2.95,16.4,103.9271,0.53,1.9,2.46,0.12,,1.3699999999999999,-0.1600000000000037
2015-01-23,46.69,45.26,2.96,16.66,104.3676,0.52,1.81,2.38,0.12,,1.29,-1.4299999999999997
2015-01-26,46.07,44.8,2.92,15.52,104.4818,0.54,1.83,2.4,0.12,,1.29,-1.2700000000000031
2015-01-27,46.55,45.84,2.96,17.22,104.1646,0.54,1.83,2.4,0.11,,1.29,-0.7099999999999937
2015-01-28,47.07,44.08,2.89,20.44,104.4737,0.5,1.73,2.29,0.12,,1.23,-2.990000000000002
2015-01-29,46.61,44.12,2.88,18.76,105.2763,0.51,1.77,2.33,0.11,,1.26,-2.490000000000002
2015-01-30,47.52,47.79,2.88,20.97,105.5884,0.47,1.68,2.25,0.06,,1.21,0.269999999999996
2015-02-02,51.74,49.25,2.88,19.43,105.2058,0.49,1.68,2.25,0.12,,1.19,-2.490000000000002
2015-02-03,54.41,53.04,2.67,17.33,104.6063,0.52,1.79,2.37,0.12,,1.27,-1.3699999999999974
2015-02-04,55.07,48.45,2.73,18.33,104.785,0.52,1.81,2.39,0.11,,1.29,-6.619999999999997
2015-02-05,55.98,50.48,2.66,16.85,104.4915,0.52,1.83,2.42,0.12,,1.31,-5.5
2015-02-06,55.88,51.66,2.66,17.29,105.1283,0.65,1.95,2.51,0.11,,1.2999999999999998,-4.220000000000006
2015-02-09,57.0,52.99,2.62,18.55,104.9889,0.65,1.96,2.52,0.12,,1.31,-4.009999999999998
2015-02-10,55.79,50.06,2.67,17.23,105.2897,0.67,2.01,2.58,0.12,,1.3399999999999999,-5.729999999999997
2015-02-11,53.48,48.8,2.86,16.96,105.7901,0.67,2.0,2.57,0.12,,1.33,-4.68
2015-02-12,56.23,51.17,2.86,15.34,104.9385,0.61,1.99,2.58,0.12,,1.38,-5.059999999999995
2015-02-13,60.33,52.66,2.75,14.69,104.8452,0.66,2.02,2.63,0.12,,1.3599999999999999,-7.670000000000002
2015-02-16,61.57,,,,,,,,0.12,,,
2015-02-17,60.78,53.56,2.75,15.8,,0.7,2.14,2.73,0.12,,1.4400000000000002,-7.219999999999999
2015-02-18,60.72,52.13,2.92,15.45,105.2514,0.62,2.07,2.7,0.12,,1.4499999999999997,-8.589999999999996
2015-02-19,58.78,51.12,2.92,15.29,105.1407,0.67,2.11,2.73,0.12,,1.44,-7.660000000000004
2015-02-20,60.99,49.95,3.02,14.3,105.3387,0.67,2.13,2.73,0.12,,1.46,-11.04
2015-02-23,59.78,49.56,3.22,14.56,105.5359,0.64,2.06,2.66,0.11,,1.42,-10.219999999999999
2015-02-24,60.33,48.48,3.22,13.69,105.5472,0.6,1.99,2.6,0.11,,1.3900000000000001,-11.850000000000001
2015-02-25,59.77,50.25,3.21,13.84,105.0503,0.61,1.96,2.56,0.11,,1.35,-9.520000000000003
2015-02-26,61.39,47.65,3.21,13.91,105.5021,0.66,2.03,2.63,0.11,,1.3699999999999997,-13.740000000000002
2015-02-27,61.89,49.84,2.79,13.34,105.5981,0.63,2.0,2.6,0.06,,1.37,-12.049999999999997
2015-03-02,60.75,49.59,2.79,13.04,105.8151,0.66,2.08,2.68,0.12,,1.42,-11.159999999999997
2015-03-03,61.18,50.43,3.0,13.86,105.5562,0.68,2.12,2.71,0.12,,1.44,-10.75
2015-03-04,59.18,51.53,3.27,14.23,106.1333,0.66,2.12,2.72,0.11,,1.46,-7.649999999999999
2015-03-05,60.33,50.76,3.27,14.04,,0.65,2.11,2.71,0.11,,1.46,-9.57
2015-03-06,59.15,49.61,2.89,15.2,107.4337,0.73,2.24,2.83,0.12,,1.5100000000000002,-9.54
2015-03-09,58.67,49.95,2.75,15.06,107.5199,0.7,2.2,2.8,0.12,,1.5000000000000002,-8.719999999999999
2015-03-10,55.95,48.42,2.76,16.69,108.1165,0.7,2.14,2.73,0.12,,1.4400000000000002,-7.530000000000001
2015-03-11,56.46,48.06,2.76,16.87,108.5235,0.7,2.11,2.69,0.11,,1.41,-8.399999999999999
2015-03-12,56.66,47.12,2.82,15.42,108.1741,0.67,2.1,2.69,0.11,,1.4300000000000002,-9.54
2015-03-13,54.8,44.88,2.72,16.0,108.9174,0.68,2.13,2.7,0.11,,1.4499999999999997,-9.919999999999995
2015-03-16,52.0,43.93,2.68,15.61,108.6422,0.66,2.1,2.67,0.12,,1.44,-8.07
2015-03-17,52.17,43.39,2.82,15.66,108.5805,0.7,2.06,2.61,0.12,,1.36,-8.780000000000001
2015-03-18,52.59,44.63,2.8,13.97,108.408,0.57,1.93,2.51,0.11,,1.3599999999999999,-7.960000000000001
2015-03-19,52.96,44.02,2.86,14.07,108.1826,0.63,1.98,2.54,0.12,,1.35,-8.939999999999998
2015-03-20,53.88,46.0,2.86,13.02,107.1671,0.6,1.93,2.5,0.12,,1.33,-7.880000000000003
2015-03-23,53.82,47.4,2.72,13.41,106.5022,0.6,1.92,2.51,0.12,,1.3199999999999998,-6.420000000000002
2015-03-24,53.61,47.03,2.79,13.62,106.4401,0.58,1.88,2.46,0.11,,1.2999999999999998,-6.579999999999998
2015-03-25,54.18,48.75,2.77,15.44,106.2636,0.59,1.93,2.5,0.12,,1.3399999999999999,-5.43
2015-03-26,57.02,51.41,2.77,15.8,106.5582,0.61,2.01,2.6,0.11,,1.4,-5.6100000000000065
2015-03-27,56.44,48.83,2.89,15.07,106.8916,0.58,1.95,2.53,0.12,,1.37,-7.609999999999999
2015-03-30,53.99,48.66,2.64,14.51,107.3941,0.58,1.96,2.55,0.12,,1.38,-5.330000000000005
2015-03-31,53.69,47.72,2.65,15.29,107.4396,0.56,1.94,2.54,0.06,,1.38,-5.969999999999999
2015-04-01,55.73,50.12,2.62,15.11,107.06,0.55,1.87,2.47,0.12,,1.32,-5.609999999999999
2015-04-02,55.73,49.13,2.63,14.67,106.6738,0.55,1.92,2.53,0.12,,1.3699999999999999,-6.599999999999994
2015-04-03,,,,,105.8861,0.49,1.85,2.49,0.12,,1.36,
2015-04-06,55.73,52.08,2.63,14.74,105.7876,0.51,1.92,2.57,0.13,,1.41,-3.6499999999999986
2015-04-07,57.55,53.95,2.71,14.78,106.4488,0.52,1.89,2.52,0.12,,1.3699999999999999,-3.5999999999999943
2015-04-08,56.42,50.44,2.71,13.98,106.4231,0.54,1.92,2.53,0.12,,1.38,-5.980000000000004
2015-04-09,56.04,50.79,2.72,13.09,107.0335,0.56,1.97,2.61,0.12,,1.41,-5.25
2015-04-10,56.82,51.63,2.58,12.58,107.4526,0.57,1.96,2.58,0.12,,1.3900000000000001,-5.189999999999998
2015-04-13,57.14,51.95,2.58,13.94,107.7508,0.54,1.94,2.58,0.13,,1.4,-5.189999999999998
2015-04-14,57.69,53.3,2.58,13.67,107.0547,0.53,1.9,2.54,0.13,,1.3699999999999999,-4.390000000000001
2015-04-15,59.32,56.25,2.62,12.84,107.1855,0.51,1.91,2.55,0.13,,1.4,-3.0700000000000003
2015-04-16,60.13,56.69,2.61,12.6,106.2761,0.5,1.9,2.56,0.13,,1.4,-3.440000000000005
2015-04-17,61.31,55.71,2.67,13.89,106.329,0.51,1.87,2.51,0.13,,1.36,-5.600000000000001
2015-04-20,61.2,56.37,2.57,13.3,106.4902,0.55,1.9,2.56,0.13,,1.3499999999999999,-4.830000000000005
2015-04-21,60.12,55.58,2.59,13.25,106.5582,0.55,1.92,2.58,0.13,,1.3699999999999999,-4.539999999999999
2015-04-22,60.12,56.17,2.63,12.71,106.5815,0.57,1.99,2.66,0.13,,1.42,-3.9499999999999957
2015-04-23,62.66,56.59,2.59,12.48,106.1658,0.55,1.96,2.63,0.13,,1.41,-6.069999999999993
2015-04-24,62.96,55.98,2.59,12.29,105.905,0.54,1.93,2.62,0.13,,1.39,-6.980000000000004
2015-04-27,62.86,55.56,2.5,13.12,105.6891,0.54,1.94,2.61,0.13,,1.4,-7.299999999999997
2015-04-28,62.61,57.05,2.55,12.41,105.1234,0.56,2.0,2.68,0.13,,1.44,-5.560000000000002
2015-04-29,63.97,58.55,2.55,13.39,104.5634,0.56,2.06,2.76,0.13,,1.5,-5.420000000000002
2015-04-30,63.9,59.62,2.56,14.55,105.312,0.58,2.05,2.75,0.08,,1.4699999999999998,-4.280000000000001
2015-05-01,64.13,59.1,2.68,12.7,105.6382,0.6,2.12,2.82,0.13,,1.52,-5.029999999999994
2015-05-04,64.62,58.92,2.72,12.85,105.6679,0.6,2.16,2.88,0.13,,1.56,-5.700000000000003
2015-05-05,65.44,60.38,2.76,14.31,105.2396,0.62,2.19,2.9,0.13,,1.5699999999999998,-5.059999999999995
2015-05-06,66.22,60.93,2.76,15.15,104.6935,0.65,2.25,2.98,0.13,,1.6,-5.289999999999999
2015-05-07,64.93,58.99,2.74,15.13,105.1941,0.63,2.18,2.9,0.13,,1.5500000000000003,-5.940000000000005
2015-05-08,63.82,59.41,2.78,12.86,104.8424,0.59,2.16,2.9,0.13,,1.5700000000000003,-4.410000000000004
2015-05-11,62.82,59.23,2.85,13.85,105.3075,0.62,2.28,3.03,0.13,,1.6599999999999997,-3.5900000000000034
2015-05-12,65.09,60.72,2.85,13.86,104.8924,0.61,2.28,3.02,0.13,,1.67,-4.3700000000000045
2015-05-13,66.33,60.5,2.85,13.76,104.3608,0.59,2.27,3.07,0.13,,1.6800000000000002,-5.829999999999998
2015-05-14,65.58,59.89,2.87,12.74,104.2359,0.56,2.23,3.03,0.13,,1.67,-5.689999999999998
2015-05-15,64.69,59.73,2.96,12.38,104.0202,0.55,2.14,2.93,0.13,,1.59,-4.960000000000001
2015-05-18,65.15,59.44,3.01,12.73,104.6068,0.58,2.23,3.02,0.13,,1.65,-5.710000000000008
2015-05-19,63.48,57.3,3.01,12.85,105.3448,0.63,2.27,3.05,0.12,,1.6400000000000001,-6.18
2015-05-20,63.52,58.96,3.04,12.88,105.5605,0.6,2.26,3.06,0.12,,1.6599999999999997,-4.560000000000002
2015-05-21,64.7,60.18,2.96,12.11,105.3808,0.6,2.19,2.98,0.12,,1.5899999999999999,-4.520000000000003
2015-05-22,64.7,58.88,2.96,12.13,105.8487,0.64,2.21,2.99,0.13,,1.5699999999999998,-5.82
2015-05-25,,,,,,,,,0.13,,,
2015-05-26,61.65,57.29,2.82,14.06,106.7294,0.64,2.14,2.89,0.12,,1.5,-4.359999999999999
2015-05-27,61.35,57.51,2.82,13.27,106.908,0.64,2.14,2.88,0.12,,1.5,-3.8400000000000034
2015-05-28,60.12,57.69,2.78,13.31,106.92,0.62,2.13,2.89,0.12,,1.5099999999999998,-2.4299999999999997
2015-05-29,63.16,60.25,2.78,13.84,106.7388,0.61,2.12,2.88,0.08,,1.5100000000000002,-2.9099999999999966
2015-06-01,62.87,60.24,2.78,13.97,107.2238,0.64,2.19,2.94,0.12,,1.5499999999999998,-2.6299999999999955
2015-06-02,63.14,61.3,2.63,14.24,106.4507,0.64,2.27,3.02,0.12,,1.63,-1.8400000000000034
2015-06-03,62.78,59.67,2.65,13.66,106.1443,0.69,2.38,3.11,0.13,,1.69,-3.1099999999999994
2015-06-04,60.34,58.0,2.6,14.71,106.4725,0.66,2.31,3.03,0.13,,1.65,-2.3400000000000034
2015-06-05,60.36,59.11,2.6,14.21,107.1336,0.73,2.41,3.11,0.13,,1.6800000000000002,-1.25
2015-06-08,61.33,58.15,2.6,15.29,106.7693,0.7,2.39,3.11,0.13,,1.6900000000000002,-3.1799999999999997
2015-06-09,63.23,60.15,2.72,14.47,106.2238,0.72,2.42,3.15,0.13,,1.7,-3.0799999999999983
2015-06-10,64.68,61.36,2.81,13.22,105.8037,0.75,2.5,3.22,0.13,,1.75,-3.3200000000000074
2015-06-11,63.76,60.74,2.88,12.85,106.0934,0.73,2.39,3.11,0.13,,1.6600000000000001,-3.019999999999996
2015-06-12,63.19,59.96,2.88,13.78,105.9015,0.74,2.39,3.1,0.13,,1.6500000000000001,-3.229999999999997
2015-06-15,60.99,59.53,2.89,15.39,105.9989,0.72,2.36,3.09,0.13,,1.64,-1.4600000000000009
2015-06-16,60.75,60.01,2.94,14.81,106.0473,0.71,2.32,3.06,0.14,,1.6099999999999999,-0.740000000000002
2015-06-17,60.75,59.89,2.93,14.5,106.058,0.67,2.32,3.09,0.14,,1.65,-0.8599999999999994
2015-06-18,61.37,60.41,2.93,13.19,105.102,0.66,2.35,3.14,0.14,,1.69,-0.9600000000000009
2015-06-19,59.41,59.62,2.81,13.96,105.4496,0.65,2.26,3.05,0.13,,1.6099999999999999,0.21000000000000085
2015-06-22,60.54,60.01,2.79,12.74,105.3846,0.68,2.37,3.16,0.13,,1.69,-0.5300000000000011
2015-06-23,61.67,61.05,2.83,12.11,105.9678,0.7,2.42,3.2,0.13,,1.72,-0.6200000000000045
2015-06-24,61.63,60.01,2.83,13.26,106.2522,0.68,2.38,3.16,0.13,,1.6999999999999997,-1.6200000000000045
2015-06-25,60.24,59.59,2.8,14.01,106.1515,0.68,2.4,3.16,0.13,,1.7199999999999998,-0.6499999999999986
2015-06-26,60.14,59.41,2.77,14.02,106.4116,0.72,2.49,3.25,0.13,,1.7700000000000002,-0.730000000000004
2015-06-29,59.03,58.34,2.77,18.85,106.3785,0.64,2.33,3.09,0.14,,1.69,-0.6899999999999977
2015-06-30,60.31,59.48,2.8,18.23,106.5191,0.64,2.35,3.11,0.08,,1.71,-0.8300000000000054
2015-07-01,61.65,56.94,2.78,16.09,107.0101,0.69,2.43,3.2,0.13,,1.7400000000000002,-4.710000000000001
2015-07-02,61.73,56.93,2.79,16.79,106.9106,0.64,2.4,3.19,0.13,,1.7599999999999998,-4.799999999999997
2015-07-03,59.06,,2.79,,,,,,0.13,,,
2015-07-06,57.19,52.48,2.79,17.01,107.1343,0.6,2.3,3.08,0.13,,1.6999999999999997,-4.710000000000001
2015-07-07,54.72,52.33,2.77,16.09,107.785,0.58,2.27,3.04,0.13,,1.69,-2.3900000000000006
2015-07-08,55.7,51.61,2.77,19.66,107.4734,0.55,2.22,2.99,0.13,,1.6700000000000002,-4.090000000000003
2015-07-09,57.83,52.76,2.7,19.97,107.5595,0.6,2.32,3.11,0.13,,1.7199999999999998,-5.07
2015-07-10,57.72,52.74,2.7,16.83,107.213,0.65,2.42,3.2,0.13,,1.77,-4.979999999999997
2015-07-13,57.63,52.19,2.88,13.9,107.5849,0.69,2.44,3.21,0.13,,1.75,-5.440000000000005
2015-07-14,57.2,53.05,2.88,13.37,107.4843,0.66,2.41,3.2,0.13,,1.75,-4.150000000000006
2015-07-15,57.34,51.4,2.93,13.23,108.0149,0.64,2.36,3.13,0.13,,1.7199999999999998,-5.940000000000005
2015-07-16,57.31,50.9,2.9,12.11,108.1726,0.67,2.36,3.11,0.14,,1.69,-6.410000000000004
2015-07-17,56.38,50.88,2.88,11.95,108.5374,0.68,2.34,3.08,0.13,,1.6599999999999997,-5.5
2015-07-20,56.42,50.11,2.88,12.25,108.6944,0.71,2.38,3.1,0.14,,1.67,-6.310000000000002
2015-07-21,55.94,50.59,2.84,12.22,108.3893,0.71,2.35,3.08,0.13,,1.6400000000000001,-5.349999999999994
2015-07-22,56.36,49.27,2.84,12.12,108.7817,0.75,2.33,3.04,0.13,,1.58,-7.089999999999996
2015-07-23,55.76,48.11,2.92,12.64,108.7565,0.71,2.28,2.98,0.13,,1.5699999999999998,-7.649999999999999
2015-07-24,54.29,47.98,2.92,13.74,109.0174,0.7,2.27,2.96,0.13,,1.57,-6.310000000000002
2015-07-27,54.07,47.17,2.92,15.6,108.6924,0.68,2.23,2.93,0.14,,1.5499999999999998,-6.899999999999999
2015-07-28,54.3,47.97,2.89,13.44,108.6881,0.69,2.26,2.96,0.14,,1.5699999999999998,-6.329999999999998
2015-07-29,54.73,48.77,2.91,12.5,108.604,0.7,2.29,2.99,0.14,,1.59,-5.959999999999994
2015-07-30,54.29,48.53,2.87,12.13,109.4328,0.72,2.28,2.96,0.14,,1.5599999999999998,-5.759999999999998
2015-07-31,53.29,47.11,2.76,12.12,108.7819,0.67,2.2,2.92,0.08,,1.5300000000000002,-6.18
2015-08-03,49.49,45.25,2.76,12.56,109.214,0.68,2.16,2.86,0.14,,1.48,-4.240000000000002
2015-08-04,49.08,45.75,2.83,13.0,109.2244,0.74,2.23,2.9,0.14,,1.49,-3.3299999999999983
2015-08-05,49.04,45.13,2.85,12.51,109.842,0.73,2.28,2.94,0.14,,1.5499999999999998,-3.9099999999999966
2015-08-06,47.8,44.69,2.76,13.77,109.722,0.71,2.23,2.9,0.14,,1.52,-3.1099999999999994
2015-08-07,47.54,43.87,2.76,13.39,109.4376,0.73,2.18,2.83,0.14,,1.4500000000000002,-3.6700000000000017
2015-08-10,48.3,44.94,2.85,12.23,109.1931,0.73,2.24,2.89,0.14,,1.5100000000000002,-3.3599999999999994
2015-08-11,47.33,43.11,2.84,13.71,109.9464,0.68,2.15,2.81,0.15,,1.4699999999999998,-4.219999999999999
2015-08-12,48.29,43.22,2.93,13.61,109.4655,0.67,2.14,2.84,0.15,,1.4700000000000002,-5.07
2015-08-13,48.01,42.27,2.93,13.49,109.9025,0.72,2.19,2.86,0.15,,1.47,-5.739999999999995
2015-08-14,47.79,42.45,2.83,12.83,109.9174,0.73,2.2,2.84,0.14,,1.4700000000000002,-5.339999999999996
2015-08-17,47.77,41.93,2.79,13.02,110.1435,0.72,2.16,2.81,0.15,,1.4400000000000002,-5.840000000000003
2015-08-18,47.0,42.58,2.71,13.79,110.2504,0.74,2.2,2.87,0.15,,1.4600000000000002,-4.420000000000002
2015-08-19,45.75,40.75,2.77,15.25,110.4333,0.67,2.12,2.81,0.15,,1.4500000000000002,-5.0
2015-08-20,45.63,41.0,2.77,19.14,110.1077,0.69,2.09,2.76,0.15,,1.4,-4.630000000000003
2015-08-21,43.84,40.45,2.7,28.03,110.1443,0.64,2.05,2.74,0.15,,1.4099999999999997,-3.3900000000000006
2015-08-24,41.59,38.22,2.65,40.74,109.9306,0.59,2.01,2.73,0.15,,1.42,-3.3700000000000045
2015-08-25,41.86,39.15,2.71,36.02,110.3394,0.67,2.12,2.84,0.15,,1.4500000000000002,-2.710000000000001
2015-08-26,41.76,38.5,2.73,30.32,110.5807,0.67,2.18,2.94,0.14,,1.5100000000000002,-3.259999999999998
2015-08-27,44.46,42.47,2.69,26.1,110.4834,0.68,2.18,2.93,0.14,,1.5,-1.990000000000002
2015-08-28,47.97,45.29,2.69,26.05,110.6714,0.72,2.19,2.92,0.14,,1.47,-2.6799999999999997
2015-08-31,,49.2,2.7,28.43,110.5621,0.74,2.21,2.95,0.08,,1.47,
2015-09-01,48.8,45.38,2.7,31.4,110.4506,0.7,2.17,2.93,0.14,,1.47,-3.4199999999999946
2015-09-02,47.67,46.3,2.7,26.09,110.7979,0.72,2.2,2.97,0.14,,1.4800000000000002,-1.3700000000000045
2015-09-03,50.41,46.75,2.67,25.61,110.8566,0.71,2.18,2.95,0.14,,1.4700000000000002,-3.6599999999999966
2015-09-04,48.59,46.02,2.67,27.8,111.1018,0.71,2.13,2.89,0.14,,1.42,-2.5700000000000003
2015-09-07,46.42,,2.67,,,,,,0.14,,,
2015-09-08,48.88,45.92,2.74,24.9,110.7942,0.74,2.2,2.97,0.14,,1.4600000000000002,-2.960000000000001
2015-09-09,48.04,44.13,2.74,26.23,110.9225,0.75,2.21,2.96,0.14,,1.46,-3.9099999999999966
2015-09-10,47.77,45.85,2.71,24.37,110.6331,0.75,2.23,2.98,0.14,,1.48,-1.9200000000000017
2015-09-11,46.87,44.75,2.67,23.2,110.6109,0.71,2.2,2.95,0.14,,1.4900000000000002,-2.1199999999999974
2015-09-14,45.87,44.07,2.7,24.25,110.5005,0.73,2.18,2.95,0.14,,1.4500000000000002,-1.7999999999999972
2015-09-15,45.91,44.58,2.74,22.54,110.6394,0.82,2.28,3.06,0.14,,1.46,-1.3299999999999983
2015-09-16,49.35,47.12,2.69,21.35,110.1021,0.82,2.3,3.08,0.14,,1.48,-2.230000000000004
2015-09-17,48.27,46.93,2.69,21.14,110.1212,0.7,2.21,3.02,0.14,,1.51,-1.3400000000000034
2015-09-18,47.28,44.71,2.69,22.28,109.8165,0.69,2.13,2.93,0.14,,1.44,-2.5700000000000003
2015-09-21,47.64,46.67,2.61,20.14,110.6414,0.72,2.2,3.02,0.14,,1.4800000000000002,-0.9699999999999989
2015-09-22,46.69,46.17,2.61,22.44,111.1967,0.69,2.14,2.94,0.14,,1.4500000000000002,-0.519999999999996
2015-09-23,48.0,44.53,2.62,22.13,111.6287,0.7,2.16,2.95,0.14,,1.4600000000000002,-3.469999999999999
2015-09-24,47.06,44.94,2.62,23.47,111.4454,0.67,2.13,2.91,0.14,,1.46,-2.1200000000000045
2015-09-25,47.28,45.55,2.6,23.62,111.3725,0.7,2.17,2.96,0.13,,1.47,-1.730000000000004
2015-09-28,46.04,44.4,2.66,27.63,111.3914,0.67,2.1,2.87,0.13,,1.4300000000000002,-1.6400000000000006
2015-09-29,47.58,45.24,2.57,26.83,111.5219,0.64,2.05,2.85,0.13,,1.4099999999999997,-2.3399999999999963
2015-09-30,47.29,45.06,2.47,24.5,111.3311,0.64,2.06,2.87,0.07,,1.42,-2.229999999999997
2015-10-01,47.48,44.75,2.37,22.55,111.0439,0.64,2.05,2.85,0.13,,1.4099999999999997,-2.729999999999997
2015-10-02,46.55,45.54,2.37,20.94,110.7006,0.58,1.99,2.82,0.13,,1.4100000000000001,-1.009999999999998
2015-10-05,49.45,46.28,2.34,19.54,110.4445,0.61,2.07,2.9,0.13,,1.46,-3.1700000000000017
2015-10-06,51.34,48.53,2.35,19.4,110.1371,0.61,2.05,2.88,0.13,,1.44,-2.8100000000000023
2015-10-07,51.66,47.86,2.35,18.4,109.8162,0.65,2.08,2.89,0.13,,1.4300000000000002,-3.799999999999997
2015-10-08,52.13,49.46,2.35,17.42,109.6452,0.65,2.12,2.96,0.13,,1.4700000000000002,-2.6700000000000017
2015-10-09,52.08,49.67,2.49,17.08,109.0782,0.65,2.12,2.94,0.13,,1.4700000000000002,-2.4099999999999966
2015-10-12,50.95,47.09,2.48,16.17,,,,,0.13,,,-3.8599999999999994
2015-10-13,48.94,46.7,2.47,17.67,109.4119,0.64,2.06,2.89,0.13,,1.42,-2.239999999999995
2015-10-14,48.25,46.63,2.47,18.03,109.1244,0.57,1.99,2.84,0.13,,1.42,-1.6199999999999974
2015-10-15,47.87,46.38,2.54,16.05,108.6671,0.61,2.04,2.87,0.13,,1.4300000000000002,-1.4899999999999949
2015-10-16,48.96,47.3,2.42,15.05,108.9956,0.61,2.04,2.87,0.13,,1.4300000000000002,-1.6600000000000037
2015-10-19,47.51,45.91,2.43,14.98,109.3858,0.61,2.04,2.89,0.13,,1.4300000000000002,-1.6000000000000014
2015-10-20,46.93,45.84,2.46,15.75,109.3368,0.66,2.08,2.92,0.13,,1.42,-1.0899999999999963
2015-10-21,46.72,45.22,2.37,16.7,109.7746,0.64,2.04,2.87,0.13,,1.4,-1.5
2015-10-22,46.59,44.9,2.37,14.45,110.0342,0.61,2.04,2.87,0.12,,1.4300000000000002,-1.6900000000000048
2015-10-23,46.3,43.91,2.28,14.46,110.4329,0.66,2.09,2.9,0.12,,1.4299999999999997,-2.3900000000000006
2015-10-26,46.57,43.19,2.18,15.29,110.2089,0.66,2.07,2.87,0.12,,1.4099999999999997,-3.3800000000000026
2015-10-27,45.54,43.21,2.14,15.43,110.4875,0.65,2.05,2.86,0.12,,1.4,-2.3299999999999983
2015-10-28,47.6,45.93,2.14,14.33,110.2334,0.73,2.1,2.87,0.12,,1.37,-1.6700000000000017
2015-10-29,48.04,46.02,2.15,14.61,110.8083,0.75,2.19,2.96,0.12,,1.44,-2.019999999999996
2015-10-30,48.0,46.6,1.98,15.07,110.2079,0.75,2.16,2.93,0.07,,1.4100000000000001,-1.3999999999999986
2015-11-02,47.91,46.12,1.92,14.15,110.2188,0.77,2.2,2.95,0.12,,1.4300000000000002,-1.7899999999999991
2015-11-03,48.0,47.88,1.92,14.54,110.244,0.8,2.23,3.0,0.12,,1.43,-0.11999999999999744
2015-11-04,46.96,46.32,2.04,15.51,110.7139,0.84,2.25,3.0,0.12,,1.4100000000000001,-0.6400000000000006
2015-11-05,47.19,45.27,2.04,15.05,110.8302,0.85,2.26,3.01,0.12,,1.4099999999999997,-1.9199999999999946
2015-11-06,46.09,44.32,2.19,14.33,111.7603,0.9,2.34,3.09,0.12,,1.44,-1.7700000000000031
2015-11-09,45.38,43.87,2.19,16.52,111.9112,0.89,2.36,3.12,0.12,,1.4699999999999998,-1.5100000000000051
2015-11-10,46.44,44.23,2.14,15.29,111.9919,0.87,2.32,3.1,0.12,,1.4499999999999997,-2.210000000000001
2015-11-11,44.98,42.95,2.13,16.06,,,,,0.12,,,-2.029999999999994
2015-11-12,44.98,41.74,2.05,18.37,111.7965,0.89,2.32,3.09,0.12,,1.4299999999999997,-3.239999999999995
2015-11-13,41.98,40.69,2.02,20.08,112.0264,0.86,2.28,3.06,0.12,,1.42,-1.2899999999999991
2015-11-16,40.28,41.68,2.02,18.16,112.2199,0.88,2.27,3.07,0.13,,1.3900000000000001,1.3999999999999986
2015-11-17,41.28,40.73,2.05,18.84,112.3141,0.86,2.25,3.04,0.13,,1.3900000000000001,-0.5500000000000043
2015-11-18,41.45,40.75,2.1,16.85,112.3663,0.9,2.27,3.04,0.12,,1.37,-0.7000000000000028
2015-11-19,42.22,40.55,2.1,16.99,111.5749,0.91,2.24,3.0,0.12,,1.33,-1.6700000000000017
2015-11-20,42.49,39.39,2.18,15.47,111.7799,0.93,2.26,3.02,0.12,,1.3299999999999996,-3.1000000000000014
2015-11-23,43.7,39.27,2.18,15.62,112.1125,0.94,2.25,3.0,0.12,,1.31,-4.43
2015-11-24,44.38,40.89,2.14,15.93,111.7638,0.93,2.24,3.0,0.12,,1.31,-3.490000000000002
2015-11-25,43.56,41.22,2.14,15.19,111.8936,0.93,2.23,3.0,0.12,,1.2999999999999998,-2.3400000000000034
2015-11-26,43.55,,2.14,,,,,,0.12,,,
2015-11-27,43.07,40.57,2.14,15.12,112.2824,0.92,2.22,3.0,0.12,,1.3000000000000003,-2.5
2015-11-30,43.73,40.43,2.11,16.13,112.34,0.94,2.21,2.98,0.08,,1.27,-3.299999999999997
2015-12-01,42.97,40.58,2.11,14.67,112.1134,0.91,2.15,2.91,0.13,,1.2399999999999998,-2.3900000000000006
2015-12-02,41.92,39.93,2.19,15.91,112.3715,0.94,2.18,2.91,0.13,,1.2400000000000002,-1.990000000000002
2015-12-03,42.0,41.08,2.14,18.11,111.6407,0.96,2.33,3.07,0.13,,1.37,-0.9200000000000017
2015-12-04,41.44,40.0,2.1,14.81,111.5463,0.96,2.28,3.01,0.13,,1.3199999999999998,-1.4399999999999977
2015-12-07,39.69,37.64,2.06,15.84,112.3056,0.94,2.23,2.95,0.13,,1.29,-2.049999999999997
2015-12-08,39.44,37.46,2.01,17.6,112.5485,0.94,2.24,2.97,0.13,,1.3000000000000003,-1.9799999999999969
2015-12-09,39.04,37.16,2.0,19.61,112.1918,0.93,2.22,2.97,0.14,,1.29,-1.8800000000000026
2015-12-10,38.65,36.76,1.95,19.34,112.2672,0.95,2.24,2.98,0.14,,1.2900000000000003,-1.8900000000000006
2015-12-11,36.99,35.65,1.79,24.39,112.7147,0.88,2.13,2.87,0.14,,1.25,-1.3400000000000034
2015-12-14,36.51,36.31,1.7,22.73,112.7521,0.97,2.23,2.96,0.15,,1.26,-0.19999999999999574
2015-12-15,37.66,37.32,1.66,20.95,112.8609,0.98,2.28,3.0,0.15,,1.2999999999999998,-0.3399999999999963
2015-12-16,36.96,35.55,1.7,17.86,112.9864,1.02,2.3,3.02,0.15,,1.2799999999999998,-1.4100000000000037
2015-12-17,36.29,34.98,1.79,18.94,113.8177,1.0,2.24,2.94,0.37,,1.2400000000000002,-1.3100000000000023
2015-12-18,36.76,34.72,1.74,20.7,113.2837,0.97,2.19,2.9,0.37,,1.22,-2.039999999999999
2015-12-21,35.34,34.55,1.76,18.7,113.4144,0.96,2.2,2.92,0.36,,1.2400000000000002,-0.7900000000000063
2015-12-22,35.26,36.12,1.73,16.6,113.211,0.99,2.24,2.96,0.36,,1.2500000000000002,0.8599999999999994
2015-12-23,35.79,36.76,1.63,15.57,113.1847,1.01,2.27,3.0,0.36,,1.26,0.9699999999999989
2015-12-24,37.22,37.62,1.63,15.74,113.0496,1.03,2.25,2.96,0.36,,1.22,0.3999999999999986
2015-12-25,,,1.63,,,,,,0.36,,,
2015-12-28,37.08,36.36,2.11,16.91,113.0461,1.05,2.24,2.95,0.36,,1.1900000000000002,-0.7199999999999989
2015-12-29,36.85,37.88,2.39,16.08,113.1664,1.09,2.32,3.04,0.36,,1.2299999999999998,1.0300000000000011
2015-12-30,35.65,36.59,2.28,17.29,113.4707,1.08,2.31,3.04,0.35,,1.23,0.9400000000000048
2015-12-31,36.61,37.13,2.28,18.21,113.3429,1.06,2.27,3.01,0.2,,1.21,0.5200000000000031
2016-01-01,,,2.28,,,,,,0.2,,,
2016-01-04,36.28,36.81,2.39,20.7,114.1595,1.02,2.24,2.98,0.36,,1.2200000000000002,0.5300000000000011
2016-01-05,35.56,35.97,2.33,19.34,114.2649,1.04,2.25,3.01,0.36,,1.21,0.4099999999999966
2016-01-06,33.89,33.97,2.37,20.59,114.6177,0.99,2.18,2.94,0.36,,1.1900000000000002,0.0799999999999983
2016-01-07,33.57,33.29,2.35,24.99,114.6516,0.96,2.16,2.92,0.36,,1.2000000000000002,-0.28000000000000114
2016-01-08,31.67,33.2,2.47,27.01,115.0095,0.94,2.13,2.91,0.36,,1.19,1.5300000000000011
2016-01-11,30.14,31.42,2.54,24.3,115.0139,0.94,2.17,2.96,0.36,,1.23,1.2800000000000011
2016-01-12,29.14,30.42,2.4,22.47,115.3128,0.93,2.12,2.89,0.36,,1.19,1.2800000000000011
2016-01-13,28.58,30.42,2.28,25.22,115.1425,0.91,2.08,2.85,0.36,,1.17,1.8400000000000034
2016-01-14,28.84,31.22,2.21,23.95,115.3846,0.9,2.1,2.9,0.36,,1.2000000000000002,2.379999999999999
2016-01-15,28.8,29.45,2.18,27.02,115.7404,0.85,2.03,2.81,0.36,,1.1799999999999997,0.6499999999999986
2016-01-18,27.36,,2.18,,,,,,0.36,,,
2016-01-19,27.36,28.47,2.23,26.05,115.8155,0.88,2.06,2.82,0.36,,1.1800000000000002,1.1099999999999994
2016-01-20,26.01,26.68,2.18,27.59,116.3498,0.85,2.01,2.77,0.37,,1.1599999999999997,0.6699999999999982
2016-01-21,27.59,29.55,2.22,26.69,115.9833,0.84,2.02,2.79,0.37,,1.1800000000000002,1.9600000000000009
2016-01-22,30.46,32.07,2.21,22.34,,0.88,2.07,2.83,0.38,,1.19,1.6099999999999994
2016-01-25,29.82,30.31,2.16,24.15,,0.88,2.03,2.8,0.38,,1.15,0.48999999999999844
2016-01-26,30.94,29.54,2.26,22.5,,0.85,2.01,2.79,0.38,,1.1599999999999997,-1.4000000000000021
2016-01-27,31.83,32.32,2.26,23.11,115.5087,0.84,2.02,2.8,0.38,,1.1800000000000002,0.490000000000002
2016-01-28,33.01,33.21,2.15,22.42,115.2224,0.83,2.0,2.79,0.38,,1.17,0.20000000000000284
2016-01-29,33.14,33.66,2.28,20.2,115.5731,0.76,1.94,2.75,0.29,,1.18,0.519999999999996
2016-02-01,32.45,31.62,2.28,19.98,115.3331,0.81,1.97,2.77,0.38,,1.16,-0.8300000000000018
2016-02-02,30.98,29.9,2.07,21.98,115.553,0.75,1.87,2.67,0.38,,1.12,-1.0800000000000018
2016-02-03,32.38,32.29,2.06,21.65,114.6144,0.72,1.88,2.7,0.38,,1.16,-0.09000000000000341
2016-02-04,32.76,31.63,2.07,21.84,113.6012,0.7,1.87,2.7,0.38,,1.1700000000000002,-1.129999999999999
2016-02-05,32.35,30.86,2.08,23.38,114.2935,0.74,1.86,2.68,0.38,,1.12,-1.490000000000002
2016-02-08,31.64,29.71,2.23,26.0,114.4351,0.66,1.75,2.56,0.38,,1.0899999999999999,-1.9299999999999997
2016-02-09,30.15,27.96,2.17,26.54,114.127,0.69,1.74,2.55,0.38,,1.05,-2.1899999999999977
2016-02-10,29.64,27.54,2.16,26.29,114.2877,0.71,1.71,2.53,0.38,,1.0,-2.1000000000000014
2016-02-11,28.82,26.19,2.15,28.14,114.1845,0.64,1.63,2.5,0.38,,0.9899999999999999,-2.629999999999999
2016-02-12,31.8,29.32,2.08,25.4,114.2992,0.71,1.74,2.6,0.38,,1.03,-2.4800000000000004
2016-02-15,,,2.08,,,,,,0.38,,,
2016-02-16,31.09,29.05,1.95,24.11,114.4905,0.74,1.78,2.64,0.38,,1.04,-2.039999999999999
2016-02-17,33.21,30.68,1.93,22.31,113.8634,0.74,1.81,2.68,0.37,,1.07,-2.530000000000001
2016-02-18,33.2,30.77,1.89,21.64,113.8897,0.71,1.75,2.62,0.38,,1.04,-2.4300000000000033
2016-02-19,31.66,29.59,1.83,20.53,113.9558,0.76,1.76,2.61,0.38,,1.0,-2.0700000000000003
2016-02-22,33.59,31.37,1.86,19.38,113.8232,0.78,1.77,2.62,0.38,,0.99,-2.2200000000000024
2016-02-23,31.9,31.84,1.85,20.98,114.177,0.76,1.74,2.6,0.38,,0.98,-0.05999999999999872
2016-02-24,31.5,30.35,1.85,20.72,114.1716,0.75,1.75,2.61,0.38,,1.0,-1.1499999999999986
2016-02-25,32.83,31.4,1.78,19.11,113.9222,0.72,1.71,2.58,0.37,,0.99,-1.4299999999999997
2016-02-26,35.76,31.65,1.78,19.81,114.3708,0.8,1.76,2.63,0.37,,0.96,-4.109999999999999
2016-02-29,35.92,32.74,1.62,20.55,114.2418,0.78,1.74,2.61,0.29,,0.96,-3.1799999999999997
2016-03-01,35.73,34.39,1.57,17.7,113.9265,0.85,1.83,2.7,0.36,,0.9800000000000001,-1.3399999999999963
2016-03-02,36.38,34.57,1.6,17.09,113.7965,0.85,1.84,2.69,0.37,,0.9900000000000001,-1.8100000000000023
2016-03-03,35.75,34.56,1.59,16.7,113.2482,0.85,1.83,2.65,0.37,,0.9800000000000001,-1.1899999999999977
2016-03-04,37.61,35.91,1.49,16.86,112.6387,0.88,1.88,2.7,0.36,,0.9999999999999999,-1.7000000000000028
2016-03-07,39.02,37.9,1.56,17.35,112.6219,0.91,1.91,2.71,0.36,,0.9999999999999999,-1.1200000000000045
2016-03-08,39.16,36.67,1.6,18.67,112.8465,0.88,1.83,2.63,0.36,,0.9500000000000001,-2.489999999999995
2016-03-09,40.26,37.62,1.61,18.34,112.4268,0.9,1.9,2.68,0.36,,0.9999999999999999,-2.6400000000000006
2016-03-10,38.63,37.77,1.72,18.05,112.4191,0.93,1.93,2.7,0.36,,0.9999999999999999,-0.8599999999999994
2016-03-11,39.41,38.51,1.74,16.5,111.741,0.97,1.98,2.75,0.36,,1.01,-0.8999999999999986
2016-03-14,38.06,37.2,1.68,16.92,112.1688,0.97,1.97,2.74,0.36,,1.0,-0.8599999999999994
2016-03-15,37.49,36.32,1.81,16.84,112.5545,0.98,1.97,2.73,0.37,,0.99,-1.1700000000000017
2016-03-16,38.38,38.43,1.77,14.99,112.7759,0.87,1.94,2.73,0.37,,1.0699999999999998,0.04999999999999716
2016-03-17,39.29,40.17,1.84,14.44,110.445,0.87,1.91,2.69,0.37,,1.04,0.8800000000000026
2016-03-18,39.26,39.47,1.84,14.02,110.4002,0.84,1.88,2.68,0.37,,1.04,0.21000000000000085
2016-03-21,39.91,39.91,1.79,13.79,110.737,0.87,1.92,2.72,0.37,,1.0499999999999998,0.0
2016-03-22,40.54,41.45,1.79,14.17,110.7877,0.91,1.94,2.72,0.37,,1.0299999999999998,0.9100000000000037
2016-03-23,38.84,38.28,1.79,14.94,111.5473,0.87,1.88,2.65,0.37,,1.0099999999999998,-0.5600000000000023
2016-03-24,38.33,38.14,1.78,14.74,111.816,0.89,1.91,2.67,0.37,,1.02,-0.18999999999999773
2016-03-25,,,1.78,,111.7698,,,,0.37,,,
2016-03-28,38.33,37.99,1.78,15.24,111.3578,0.89,1.89,2.66,0.37,,0.9999999999999999,-0.3399999999999963
2016-03-29,36.75,36.91,1.77,13.82,111.3736,0.78,1.81,2.6,0.37,,1.03,0.1599999999999966
2016-03-30,36.75,36.91,1.87,13.56,110.2301,0.76,1.83,2.65,0.37,,1.07,0.1599999999999966
2016-03-31,36.75,36.94,1.98,13.95,109.9191,0.73,1.78,2.61,0.25,,1.05,0.18999999999999773
2016-04-01,36.42,35.36,1.88,13.1,110.2977,0.76,1.79,2.62,0.37,,1.03,-1.0600000000000023
2016-04-04,36.05,34.3,1.96,14.12,110.3987,0.75,1.78,2.6,0.37,,1.03,-1.75
2016-04-05,35.88,34.52,1.96,15.42,110.9478,0.72,1.73,2.54,0.37,,1.01,-1.3599999999999994
2016-04-06,37.77,37.74,1.91,14.09,110.5347,0.73,1.76,2.58,0.37,,1.03,-0.030000000000001137
2016-04-07,37.15,37.3,1.96,16.16,110.8876,0.7,1.7,2.52,0.37,,1.0,0.14999999999999858
2016-04-08,40.71,39.74,1.99,15.36,110.4213,0.7,1.72,2.55,0.37,,1.02,-0.9699999999999989
2016-04-11,41.58,40.46,1.9,16.26,109.9758,0.7,1.73,2.56,0.37,,1.03,-1.1199999999999974
2016-04-12,43.02,42.12,1.97,14.85,109.816,0.74,1.79,2.61,0.37,,1.05,-0.9000000000000057
2016-04-13,42.81,41.7,2.01,13.84,110.1436,0.75,1.77,2.58,0.37,,1.02,-1.1099999999999994
2016-04-14,43.02,41.45,1.93,13.72,110.1691,0.77,1.8,2.61,0.37,,1.03,-1.5700000000000003
2016-04-15,41.32,40.4,1.71,13.62,110.1933,0.74,1.76,2.56,0.37,,1.02,-0.9200000000000017
2016-04-18,41.64,39.74,1.76,13.35,109.9892,0.75,1.78,2.58,0.37,,1.03,-1.8999999999999986
2016-04-19,43.02,40.88,1.94,13.24,109.2782,0.77,1.79,2.6,0.37,,1.02,-2.1400000000000006
2016-04-20,43.09,42.72,1.94,13.28,109.3926,0.8,1.85,2.66,0.37,,1.05,-0.37000000000000455
2016-04-21,43.48,43.18,1.96,13.95,109.8533,0.82,1.88,2.69,0.37,,1.06,-0.29999999999999716
2016-04-22,43.97,42.76,1.92,13.22,110.2331,0.84,1.89,2.7,0.37,,1.0499999999999998,-1.2100000000000009
2016-04-25,42.97,41.67,1.97,14.08,110.1865,0.85,1.91,2.72,0.37,,1.06,-1.2999999999999972
2016-04-26,43.94,42.52,1.97,13.96,109.7496,0.86,1.94,2.76,0.37,,1.08,-1.4199999999999946
2016-04-27,44.17,45.29,1.88,13.77,109.8483,0.83,1.87,2.71,0.37,,1.04,1.1199999999999974
2016-04-28,45.6,46.03,1.88,15.22,109.2148,0.78,1.84,2.68,0.37,,1.06,0.4299999999999997
2016-04-29,45.64,45.98,1.89,15.7,108.8274,0.77,1.83,2.66,0.3,,1.06,0.3399999999999963
2016-05-02,45.82,44.75,1.91,14.68,108.671,0.8,1.88,2.71,0.37,,1.0799999999999998,-1.0700000000000003
2016-05-03,43.09,43.65,1.94,15.6,109.3613,0.75,1.81,2.66,0.37,,1.06,0.5599999999999952
2016-05-04,43.08,43.77,2.03,16.05,109.9952,0.75,1.79,2.64,0.37,,1.04,0.6900000000000048
2016-05-05,44.39,44.33,2.05,15.91,110.2417,0.72,1.76,2.6,0.37,,1.04,-0.060000000000002274
2016-05-06,44.6,44.58,1.86,14.72,110.3801,0.74,1.79,2.62,0.37,,1.05,-0.020000000000003126
2016-05-09,42.43,43.45,2.01,14.57,110.9466,0.72,1.77,2.61,0.37,,1.05,1.0200000000000031
2016-05-10,44.01,44.68,2.01,13.63,110.8225,0.72,1.77,2.61,0.37,,1.05,0.6700000000000017
2016-05-11,46.08,46.21,2.01,14.69,110.2806,0.74,1.73,2.58,0.37,,0.99,0.13000000000000256
2016-05-12,46.43,46.64,2.01,14.41,110.6935,0.76,1.75,2.6,0.37,,0.99,0.21000000000000085
2016-05-13,47.05,46.22,1.96,15.04,111.2521,0.76,1.71,2.55,0.37,,0.95,-0.8299999999999983
2016-05-16,48.49,47.72,1.91,14.68,111.1217,0.79,1.75,2.59,0.37,,0.96,-0.7700000000000031
2016-05-17,48.71,48.29,1.97,15.57,111.0867,0.82,1.76,2.59,0.37,,0.9400000000000001,-0.4200000000000017
2016-05-18,48.93,48.12,1.91,15.95,111.4995,0.9,1.87,2.67,0.37,,0.9700000000000001,-0.8100000000000023
2016-05-19,47.01,48.16,1.83,16.33,112.2331,0.89,1.85,2.64,0.37,,0.9600000000000001,1.1499999999999986
2016-05-20,48.54,47.67,1.81,15.2,112.1822,0.89,1.85,2.63,0.37,,0.9600000000000001,-0.8699999999999974
2016-05-23,47.77,48.12,1.96,15.82,112.284,0.91,1.84,2.63,0.37,,0.93,0.3499999999999943
2016-05-24,48.42,48.04,1.91,14.42,112.2912,0.92,1.86,2.65,0.37,,0.9400000000000001,-0.38000000000000256
2016-05-25,48.87,49.1,1.77,13.9,112.2001,0.92,1.87,2.67,0.37,,0.9500000000000001,0.23000000000000398
2016-05-26,49.52,49.0,1.77,13.43,111.8979,0.87,1.83,2.64,0.37,,0.9600000000000001,-0.5200000000000031
2016-05-27,49.09,49.36,1.77,13.12,112.0822,0.9,1.85,2.65,0.37,,0.9500000000000001,0.269999999999996
2016-05-30,,,1.77,,,,,,0.37,,,
2016-05-31,49.26,49.1,2.12,14.19,112.4276,0.87,1.84,2.64,0.29,,0.9700000000000001,-0.1599999999999966
2016-06-01,48.81,49.07,2.25,14.2,112.462,0.91,1.85,2.63,0.37,,0.9400000000000001,0.259999999999998
2016-06-02,49.05,49.14,2.3,13.63,112.4564,0.89,1.81,2.58,0.37,,0.92,0.09000000000000341
2016-06-03,48.5,48.69,2.31,13.47,111.4451,0.78,1.71,2.52,0.37,,0.9299999999999999,0.18999999999999773
2016-06-06,48.94,49.71,2.32,13.65,111.2295,0.8,1.73,2.55,0.37,,0.9299999999999999,0.7700000000000031
2016-06-07,49.76,50.37,2.32,14.05,110.8378,0.78,1.72,2.54,0.37,,0.94,0.6099999999999994
2016-06-08,50.73,51.23,2.36,14.08,110.1916,0.78,1.71,2.51,0.37,,0.9299999999999999,0.5
2016-06-09,50.59,50.52,2.34,14.64,110.6168,0.77,1.68,2.48,0.37,,0.9099999999999999,-0.07000000000000028
2016-06-10,49.7,49.09,2.46,17.03,111.1027,0.73,1.64,2.44,0.37,,0.9099999999999999,-0.6099999999999994
2016-06-13,49.36,48.89,2.55,20.97,111.5036,0.73,1.62,2.43,0.37,,0.8900000000000001,-0.46999999999999886
2016-06-14,47.88,48.49,2.55,20.5,111.9826,0.74,1.62,2.43,0.37,,0.8800000000000001,0.6099999999999994
2016-06-15,47.47,47.92,2.62,20.14,111.7671,0.69,1.6,2.43,0.37,,0.9100000000000001,0.45000000000000284
2016-06-16,45.66,46.14,2.62,19.37,112.2347,0.7,1.57,2.39,0.38,,0.8700000000000001,0.480000000000004
2016-06-17,46.57,48.0,2.59,19.41,111.5332,0.7,1.62,2.43,0.38,,0.9200000000000002,1.4299999999999997
2016-06-20,48.68,49.4,2.74,18.37,110.8693,0.74,1.67,2.47,0.38,,0.9299999999999999,0.7199999999999989
2016-06-21,48.18,48.95,2.79,18.48,111.0077,0.76,1.71,2.5,0.38,,0.95,0.7700000000000031
2016-06-22,48.43,49.16,2.82,21.17,110.7681,0.75,1.69,2.5,0.38,,0.94,0.7299999999999969
2016-06-23,48.63,49.34,2.69,17.25,110.262,0.78,1.74,2.55,0.39,,0.96,0.7100000000000009
2016-06-24,46.69,46.7,2.71,25.76,112.1355,0.64,1.57,2.42,0.4,,0.93,0.010000000000005116
2016-06-27,45.07,45.8,2.79,23.85,113.1301,0.61,1.46,2.28,0.41,,0.85,0.7299999999999969
2016-06-28,46.29,47.93,2.89,18.75,112.7545,0.61,1.46,2.27,0.41,,0.85,1.6400000000000006
2016-06-29,48.4,49.85,2.94,16.64,111.8597,0.62,1.5,2.3,0.41,,0.88,1.4500000000000028
2016-06-30,48.05,48.27,2.94,15.63,112.1618,0.58,1.49,2.3,0.3,,0.91,0.22000000000000597
2016-07-01,47.65,49.02,2.89,14.77,111.6509,0.59,1.46,2.24,0.41,,0.87,1.3700000000000045
2016-07-04,48.02,,2.89,,,,,,0.41,,,
2016-07-05,45.64,46.73,2.82,15.58,112.4231,0.56,1.37,2.14,0.4,,0.81,1.0899999999999963
2016-07-06,45.7,47.37,2.82,14.96,112.5438,0.58,1.38,2.14,0.4,,0.7999999999999999,1.6699999999999946
2016-07-07,45.93,45.22,2.78,14.76,112.5775,0.58,1.4,2.14,0.4,,0.82,-0.7100000000000009
2016-07-08,44.53,45.37,2.8,13.2,112.3963,0.61,1.37,2.11,0.4,,0.7600000000000001,0.8399999999999963
2016-07-11,44.04,44.73,2.88,13.54,112.5254,0.66,1.43,2.14,0.4,,0.7699999999999999,0.6899999999999977
2016-07-12,46.72,46.82,2.88,13.55,112.1102,0.69,1.53,2.24,0.4,,0.8400000000000001,0.10000000000000142
2016-07-13,44.67,44.87,2.81,13.04,112.0266,0.68,1.48,2.18,0.4,,0.7999999999999999,0.19999999999999574
2016-07-14,46.01,45.64,2.79,12.82,111.7692,0.68,1.53,2.25,0.4,,0.85,-0.36999999999999744
2016-07-15,46.25,45.93,2.7,12.67,112.2833,0.71,1.6,2.3,0.4,,0.8900000000000001,-0.3200000000000003
2016-07-18,45.35,45.23,2.83,12.44,112.2463,0.68,1.59,2.3,0.4,,0.91,-0.12000000000000455
2016-07-19,45.7,44.64,2.83,11.97,112.638,0.7,1.56,2.27,0.4,,0.8600000000000001,-1.0600000000000023
2016-07-20,45.82,44.96,2.76,11.77,112.6743,0.73,1.59,2.3,0.4,,0.8600000000000001,-0.8599999999999994
2016-07-21,44.99,43.96,2.76,12.74,112.6239,0.7,1.57,2.29,0.4,,0.8700000000000001,-1.0300000000000011
2016-07-22,44.24,43.41,2.8,12.02,112.989,0.71,1.57,2.29,0.4,,0.8600000000000001,-0.8300000000000054
2016-07-25,43.76,42.4,2.8,12.87,113.1784,0.72,1.58,2.29,0.4,,0.8600000000000001,-1.3599999999999994
2016-07-26,43.56,42.16,2.84,13.05,113.0593,0.75,1.57,2.28,0.4,,0.8200000000000001,-1.4000000000000057
2016-07-27,42.78,41.9,2.84,12.83,113.217,0.73,1.52,2.23,0.4,,0.79,-0.8800000000000026
2016-07-28,41.87,41.13,2.79,12.72,112.7393,0.72,1.52,2.23,0.4,,0.8,-0.7399999999999949
2016-07-29,40.76,41.54,2.97,11.87,111.874,0.67,1.46,2.18,0.3,,0.7899999999999999,0.7800000000000011
2016-08-01,40.17,40.05,2.97,12.44,111.9757,0.67,1.51,2.24,0.4,,0.84,-0.12000000000000455
2016-08-02,40.0,39.5,2.79,13.37,111.7124,0.67,1.55,2.29,0.4,,0.88,-0.5
2016-08-03,40.45,40.8,2.89,12.86,111.9419,0.67,1.55,2.29,0.4,,0.88,0.3499999999999943
2016-08-04,41.33,41.92,2.89,12.42,111.9149,0.64,1.51,2.25,0.4,,0.87,0.5900000000000034
2016-08-05,42.47,41.83,2.88,11.39,112.3589,0.72,1.59,2.32,0.4,,0.8700000000000001,-0.6400000000000006
2016-08-08,43.24,43.06,2.85,11.5,112.1456,0.74,1.59,2.3,0.4,,0.8500000000000001,-0.17999999999999972
2016-08-09,43.37,42.78,2.85,11.66,111.722,0.71,1.55,2.25,0.4,,0.8400000000000001,-0.5899999999999963
2016-08-10,42.19,41.75,2.76,12.05,111.3238,0.69,1.5,2.23,0.4,,0.81,-0.4399999999999977
2016-08-11,44.23,43.51,2.7,11.68,111.1954,0.76,1.57,2.28,0.4,,0.81,-0.7199999999999989
2016-08-12,45.12,44.47,2.7,11.55,111.1787,0.71,1.51,2.23,0.4,,0.8,-0.6499999999999986
2016-08-15,47.31,45.72,2.75,11.81,110.9212,0.72,1.55,2.27,0.4,,0.8300000000000001,-1.5900000000000034
2016-08-16,48.27,46.57,2.75,12.64,110.4295,0.76,1.57,2.29,0.4,,0.81,-1.7000000000000028
2016-08-17,48.58,46.81,2.76,12.19,110.9459,0.74,1.56,2.27,0.4,,0.8200000000000001,-1.769999999999996
2016-08-18,49.46,48.2,2.75,11.43,110.3134,0.71,1.53,2.26,0.4,,0.8200000000000001,-1.259999999999998
2016-08-19,49.39,48.48,2.67,11.34,110.8163,0.76,1.58,2.29,0.4,,0.8200000000000001,-0.9100000000000037
2016-08-22,48.1,46.8,2.75,12.27,110.9997,0.76,1.55,2.24,0.4,,0.79,-1.3000000000000043
2016-08-23,48.7,47.54,2.75,12.38,110.9414,0.74,1.55,2.24,0.4,,0.81,-1.1600000000000037
2016-08-24,47.56,46.29,2.82,13.45,111.2958,0.76,1.56,2.24,0.4,,0.8,-1.2700000000000031
2016-08-25,49.25,46.97,2.89,13.63,111.1726,0.78,1.58,2.27,0.4,,0.8,-2.280000000000001
2016-08-26,49.66,47.64,2.91,13.65,111.2035,0.84,1.62,2.29,0.4,,0.7800000000000001,-2.019999999999996
2016-08-29,49.66,46.97,2.97,12.94,111.8775,0.81,1.57,2.22,0.4,,0.76,-2.6899999999999977
2016-08-30,47.94,46.32,2.95,13.12,112.2928,0.8,1.57,2.23,0.4,,0.77,-1.6199999999999974
2016-08-31,47.94,44.68,2.95,13.42,112.4036,0.8,1.58,2.23,0.3,,0.78,-3.259999999999998
2016-09-01,45.05,43.17,2.95,13.48,112.1733,0.78,1.57,2.23,0.4,,0.79,-1.8799999999999955
2016-09-02,45.96,44.39,2.88,11.98,112.0009,0.8,1.6,2.28,0.4,,0.8,-1.5700000000000003
2016-09-05,46.72,,2.88,,,,,,0.4,,,
2016-09-06,46.21,44.85,2.88,12.02,110.9613,0.74,1.55,2.24,0.4,,0.81,-1.3599999999999994
2016-09-07,47.0,45.47,2.77,11.94,110.9717,0.74,1.54,2.23,0.4,,0.8,-1.5300000000000011
2016-09-08,49.23,47.63,2.88,12.51,111.2609,0.78,1.61,2.32,0.4,,0.8300000000000001,-1.5999999999999943
2016-09-09,48.37,45.88,2.93,17.5,111.9879,0.79,1.67,2.39,0.4,,0.8799999999999999,-2.489999999999995
2016-09-12,47.82,46.28,3.04,15.16,112.1516,0.79,1.68,2.4,0.4,,0.8899999999999999,-1.5399999999999991
2016-09-13,46.48,44.91,3.04,17.85,112.5207,0.8,1.73,2.47,0.4,,0.9299999999999999,-1.5700000000000003
2016-09-14,45.65,43.62,3.07,18.14,112.4678,0.77,1.7,2.44,0.4,,0.9299999999999999,-2.030000000000001
2016-09-15,45.83,43.85,2.98,16.3,112.4753,0.74,1.71,2.48,0.4,,0.97,-1.9799999999999969
2016-09-16,45.26,43.04,2.97,15.37,113.1765,0.77,1.7,2.44,0.4,,0.9299999999999999,-2.219999999999999
2016-09-19,46.04,43.34,3.0,15.53,112.903,0.79,1.7,2.45,0.4,,0.9099999999999999,-2.6999999999999957
2016-09-20,45.24,43.85,3.12,15.92,113.1848,0.79,1.69,2.43,0.4,,0.8999999999999999,-1.3900000000000006
2016-09-21,45.99,45.33,3.19,13.3,112.9842,0.79,1.66,2.39,0.4,,0.8699999999999999,-0.6600000000000037
2016-09-22,47.21,46.1,3.18,12.02,112.2592,0.79,1.63,2.34,0.4,,0.8399999999999999,-1.1099999999999994
2016-09-23,46.71,44.36,3.06,12.29,112.7166,0.77,1.62,2.34,0.4,,0.8500000000000001,-2.3500000000000014
2016-09-26,46.61,45.6,3.06,14.5,112.7112,0.76,1.59,2.32,0.4,,0.8300000000000001,-1.009999999999998
2016-09-27,44.95,44.65,3.09,13.1,112.5515,0.75,1.56,2.28,0.4,,0.81,-0.30000000000000426
2016-09-28,45.49,47.07,3.07,12.39,112.6283,0.75,1.57,2.29,0.4,,0.8200000000000001,1.5799999999999983
2016-09-29,48.43,47.72,2.98,14.02,112.2879,0.73,1.56,2.28,0.4,,0.8300000000000001,-0.7100000000000009
2016-09-30,48.24,47.72,2.84,13.29,112.2795,0.77,1.6,2.32,0.29,,0.8300000000000001,-0.5200000000000031
2016-10-03,48.61,48.8,2.84,13.57,112.5077,0.8,1.63,2.34,0.4,,0.8299999999999998,0.18999999999999773
2016-10-04,48.81,48.67,2.83,13.63,112.6579,0.82,1.69,2.4,0.4,,0.87,-0.14000000000000057
2016-10-05,49.57,49.75,2.83,12.99,112.7946,0.85,1.72,2.44,0.4,,0.87,0.17999999999999972
2016-10-06,50.14,50.44,3.04,12.84,113.0066,0.86,1.75,2.46,0.4,,0.89,0.29999999999999716
2016-10-07,50.49,49.76,3.02,13.48,113.2915,0.83,1.73,2.46,0.4,,0.9,-0.730000000000004
2016-10-10,51.54,49.76,3.18,13.38,,,,,0.4,,,-1.7800000000000011
2016-10-11,50.48,50.72,3.17,15.36,113.4461,0.87,1.77,2.5,0.41,,0.9,0.240000000000002
2016-10-12,49.53,50.14,3.17,15.91,113.7442,0.87,1.79,2.51,0.41,,0.92,0.6099999999999994
2016-10-13,49.29,50.47,3.16,16.69,113.6238,0.85,1.75,2.48,0.41,,0.9,1.1799999999999997
2016-10-14,48.87,50.35,3.18,16.12,113.7119,0.84,1.8,2.55,0.41,,0.9600000000000001,1.480000000000004
2016-10-17,49.31,49.97,3.21,16.21,113.5488,0.81,1.77,2.52,0.41,,0.96,0.6599999999999966
2016-10-18,49.81,50.3,3.25,15.28,113.1393,0.82,1.75,2.51,0.41,,0.93,0.4899999999999949
2016-10-19,51.85,51.59,3.18,14.41,113.0547,0.81,1.76,2.51,0.41,,0.95,-0.259999999999998
2016-10-20,50.42,50.31,3.12,13.75,113.4033,0.84,1.76,2.5,0.41,,0.92,-0.10999999999999943
2016-10-21,50.28,50.61,2.92,13.34,113.9015,0.84,1.74,2.48,0.41,,0.9,0.3299999999999983
2016-10-24,49.8,50.18,2.78,13.02,113.8571,0.84,1.77,2.52,0.41,,0.93,0.38000000000000256
2016-10-25,49.08,49.45,2.69,13.46,113.6801,0.86,1.77,2.5,0.41,,0.91,0.37000000000000455
2016-10-26,48.98,48.75,2.69,14.24,113.8131,0.86,1.79,2.53,0.41,,0.93,-0.22999999999999687
2016-10-27,49.13,49.71,2.72,15.36,114.1998,0.87,1.85,2.6,0.41,,0.9800000000000001,0.5799999999999983
2016-10-28,47.78,48.72,2.72,16.19,114.0931,0.86,1.86,2.62,0.41,,1.0,0.9399999999999977
2016-10-31,46.2,46.83,2.85,17.06,114.0188,0.86,1.84,2.58,0.31,,0.9800000000000001,0.6299999999999955
2016-11-01,45.77,46.66,2.53,18.56,113.9915,0.83,1.83,2.58,0.41,,1.0,0.8899999999999935
2016-11-02,44.26,45.32,2.53,19.32,113.9206,0.81,1.81,2.56,0.41,,1.0,1.0600000000000023
2016-11-03,43.84,44.66,2.41,22.08,113.7664,0.81,1.82,2.6,0.41,,1.01,0.8199999999999932
2016-11-04,43.06,44.07,2.2,22.51,113.5828,0.8,1.79,2.56,0.41,,0.99,1.009999999999998
2016-11-07,42.83,44.88,2.37,18.71,113.5443,0.82,1.83,2.6,0.41,,1.0100000000000002,2.0500000000000043
2016-11-08,43.47,44.96,2.34,18.74,113.3017,0.87,1.88,2.63,0.41,,1.0099999999999998,1.490000000000002
2016-11-09,43.88,45.2,2.22,14.38,114.6956,0.9,2.07,2.88,0.41,,1.17,1.3200000000000003
2016-11-10,43.67,44.62,2.08,14.74,115.9375,0.92,2.15,2.94,0.41,,1.23,0.9499999999999957
2016-11-11,41.61,43.39,2.08,14.17,,,,,0.41,,,1.7800000000000011
2016-11-14,41.83,43.29,2.26,14.48,117.2245,1.0,2.23,2.99,0.41,,1.23,1.4600000000000009
2016-11-15,44.15,45.86,2.49,13.37,116.7724,1.02,2.23,2.97,0.41,,1.21,1.7100000000000009
2016-11-16,45.07,45.56,2.49,13.72,116.8062,1.0,2.22,2.92,0.41,,1.2200000000000002,0.490000000000002
2016-11-17,44.57,45.37,2.37,13.35,116.8952,1.04,2.29,3.01,0.41,,1.25,0.7999999999999972
2016-11-18,44.41,45.69,2.6,12.85,117.5936,1.07,2.34,3.01,0.41,,1.2699999999999998,1.2800000000000011
2016-11-21,45.96,47.48,2.81,12.42,117.4762,1.08,2.33,3.0,0.41,,1.25,1.519999999999996
2016-11-22,46.1,48.07,2.73,12.41,117.4508,1.07,2.31,3.0,0.41,,1.24,1.9699999999999989
2016-11-23,46.54,46.72,2.76,12.43,118.0356,1.12,2.36,3.02,0.41,,1.2399999999999998,0.17999999999999972
2016-11-24,47.54,,2.76,,,,,,0.41,,,
2016-11-25,46.32,46.72,2.76,12.34,118.02,1.12,2.36,3.01,0.41,,1.2399999999999998,0.3999999999999986
2016-11-28,46.64,45.66,2.96,13.15,117.7278,1.11,2.32,2.99,0.41,,1.2099999999999997,-0.980000000000004
2016-11-29,44.68,45.29,3.02,12.9,117.644,1.09,2.3,2.95,0.41,,1.2099999999999997,0.6099999999999994
2016-11-30,47.95,49.41,3.32,13.33,117.7636,1.11,2.37,3.02,0.31,,1.26,1.4599999999999937
2016-12-01,52.28,51.08,3.32,14.07,117.6642,1.14,2.45,3.1,0.41,,1.3100000000000003,-1.2000000000000028
2016-12-02,52.35,51.7,3.44,14.12,117.3116,1.11,2.4,3.08,0.41,,1.2899999999999998,-0.6499999999999986
2016-12-05,53.3,51.72,3.44,12.14,117.1008,1.13,2.39,3.05,0.41,,1.2600000000000002,-1.5799999999999983
2016-12-06,52.31,50.95,3.75,11.79,116.9225,1.12,2.39,3.08,0.41,,1.27,-1.3599999999999994
2016-12-07,51.9,49.85,3.8,12.22,116.672,1.1,2.34,3.02,0.41,,1.2399999999999998,-2.049999999999997
2016-12-08,51.6,50.84,3.68,12.64,117.0327,1.12,2.4,3.1,0.41,,1.2799999999999998,-0.759999999999998
2016-12-09,52.19,51.51,3.75,11.75,117.2834,1.15,2.47,3.16,0.41,,1.3200000000000003,-0.6799999999999997
2016-12-12,53.99,52.74,3.6,12.64,116.9161,1.15,2.49,3.16,0.41,,1.3400000000000003,-1.25
2016-12-13,53.28,52.99,3.65,12.72,116.8029,1.17,2.48,3.14,0.41,,1.31,-0.28999999999999915
2016-12-14,53.15,51.01,3.55,13.19,116.7332,1.27,2.54,3.14,0.41,,1.27,-2.1400000000000006
2016-12-15,51.72,50.9,3.56,12.79,118.8072,1.29,2.6,3.16,0.66,,1.31,-0.8200000000000003
2016-12-16,54.15,51.93,3.51,12.2,118.3584,1.28,2.6,3.19,0.66,,1.32,-2.219999999999999
2016-12-19,53.53,52.13,3.55,11.71,118.3875,1.24,2.54,3.12,0.66,,1.3,-1.3999999999999986
2016-12-20,54.56,52.22,3.39,11.45,118.63,1.25,2.57,3.15,0.66,,1.3199999999999998,-2.3400000000000034
2016-12-21,53.01,51.44,3.5,11.27,118.581,1.21,2.55,3.12,0.66,,1.3399999999999999,-1.5700000000000003
2016-12-22,54.04,51.98,3.5,11.43,118.8209,1.22,2.55,3.12,0.66,,1.3299999999999998,-2.0600000000000023
2016-12-23,53.93,52.01,3.6,11.44,118.7856,1.22,2.55,3.12,0.66,,1.3299999999999998,-1.9200000000000017
2016-12-26,,,3.6,,,,,,0.66,,,
2016-12-27,,52.82,3.7,11.99,118.9506,1.28,2.57,3.14,0.66,,1.2899999999999998,
2016-12-28,54.95,54.01,3.7,12.95,119.2305,1.26,2.51,3.09,0.66,,1.2499999999999998,-0.9400000000000048
2016-12-29,54.97,53.8,3.71,13.37,118.6637,1.22,2.49,3.08,0.66,,1.2700000000000002,-1.1700000000000017
2016-12-30,54.96,53.75,3.71,14.04,118.3466,1.2,2.45,3.06,0.55,,1.2500000000000002,-1.2100000000000009
2017-01-02,,,3.71,,,,,,0.55,,,
2017-01-03,55.05,52.36,3.41,12.85,119.0903,1.22,2.45,3.04,0.66,,1.2300000000000002,-2.6899999999999977
2017-01-04,54.57,53.26,3.42,11.85,118.8803,1.24,2.46,3.05,0.66,,1.22,-1.3100000000000023
2017-01-05,54.99,53.77,3.42,11.67,117.9999,1.17,2.37,2.96,0.66,,1.2000000000000002,-1.2199999999999989
2017-01-06,55.9,53.98,3.38,11.32,118.3495,1.22,2.42,3.0,0.66,,1.2,-1.9200000000000017
2017-01-09,54.39,51.95,3.14,11.56,118.4111,1.21,2.38,2.97,0.66,,1.17,-2.4399999999999977
2017-01-10,53.2,50.82,3.21,11.49,118.5386,1.19,2.38,2.97,0.66,,1.19,-2.3800000000000026
2017-01-11,53.61,52.19,3.27,11.26,119.0219,1.2,2.38,2.96,0.66,,1.18,-1.4200000000000017
2017-01-12,54.51,53.01,3.36,11.54,117.8001,1.18,2.36,3.01,0.66,,1.18,-1.5
2017-01-13,54.37,52.36,3.36,11.23,117.9884,1.21,2.4,2.99,0.66,,1.19,-2.009999999999998
2017-01-16,54.3,,3.36,,,,,,0.66,,,
2017-01-17,54.68,52.45,3.37,11.87,117.2656,1.17,2.33,2.93,0.66,,1.1600000000000001,-2.229999999999997
2017-01-18,53.77,51.12,3.26,12.48,117.7242,1.23,2.42,3.0,0.66,,1.19,-2.6500000000000057
2017-01-19,53.18,51.39,3.25,12.78,118.3182,1.25,2.47,3.04,0.66,,1.2200000000000002,-1.7899999999999991
2017-01-20,55.04,52.33,3.23,11.54,,1.2,2.48,3.05,0.66,,1.28,-2.710000000000001
2017-01-23,54.8,52.77,3.16,11.77,117.2479,1.16,2.41,2.99,0.66,,1.2500000000000002,-2.029999999999994
2017-01-24,54.7,52.38,3.16,11.07,117.0516,1.21,2.47,3.05,0.66,,1.2600000000000002,-2.3200000000000003
2017-01-25,54.34,52.14,3.26,10.81,116.9355,1.23,2.53,3.1,0.66,,1.2999999999999998,-2.200000000000003
2017-01-26,55.89,53.24,3.44,10.63,117.2766,1.21,2.51,3.08,0.66,,1.2999999999999998,-2.6499999999999986
2017-01-27,54.8,53.18,3.31,10.58,117.0735,1.22,2.49,3.06,0.66,,1.2700000000000002,-1.6199999999999974
2017-01-30,54.77,52.63,3.22,11.88,116.7325,1.22,2.49,3.08,0.66,,1.2700000000000002,-2.1400000000000006
2017-01-31,55.25,52.75,3.0,11.99,116.2241,1.19,2.45,3.05,0.56,,1.2600000000000002,-2.5
2017-02-01,55.79,53.9,3.15,11.81,116.3914,1.22,2.48,3.08,0.66,,1.26,-1.8900000000000006
2017-02-02,55.94,53.55,3.13,11.93,115.903,1.21,2.48,3.09,0.66,,1.27,-2.3900000000000006
2017-02-03,55.92,53.81,3.13,10.97,115.6259,1.21,2.49,3.11,0.66,,1.2800000000000002,-2.1099999999999994
2017-02-06,55.02,53.01,2.92,11.37,116.0504,1.16,2.42,3.05,0.66,,1.26,-2.010000000000005
2017-02-07,53.79,52.19,3.03,11.29,116.4082,1.16,2.4,3.02,0.66,,1.24,-1.6000000000000014
2017-02-08,54.42,52.37,3.05,11.45,116.1382,1.15,2.34,2.96,0.66,,1.19,-2.0500000000000043
2017-02-09,53.98,52.99,3.11,10.88,116.306,1.2,2.4,3.02,0.66,,1.2,-0.9899999999999949
2017-02-10,55.2,53.84,3.11,10.85,116.148,1.2,2.41,3.01,0.66,,1.2100000000000002,-1.3599999999999994
2017-02-13,54.15,52.96,2.93,11.07,116.3427,1.2,2.43,3.03,0.66,,1.2300000000000002,-1.1899999999999977
2017-02-14,54.96,53.21,2.85,10.74,116.3949,1.25,2.47,3.07,0.66,,1.2200000000000002,-1.75
2017-02-15,54.57,53.11,2.95,11.97,116.2162,1.27,2.51,3.09,0.66,,1.2399999999999998,-1.4600000000000009
2017-02-16,54.16,53.41,2.88,11.76,116.0067,1.22,2.45,3.05,0.66,,1.2300000000000002,-0.75
2017-02-17,54.48,53.41,2.75,11.49,116.4035,1.21,2.42,3.03,0.66,,1.21,-1.0700000000000003
2017-02-20,55.25,,2.75,,,,,,0.66,,,
2017-02-21,56.34,54.02,2.56,11.57,116.5921,1.22,2.43,3.04,0.66,,1.2100000000000002,-2.3200000000000003
2017-02-22,54.9,53.61,2.52,11.74,116.2136,1.22,2.42,3.04,0.66,,1.2,-1.2899999999999991
2017-02-23,55.82,54.48,2.63,11.71,115.6527,1.18,2.38,3.02,0.66,,1.2,-1.3400000000000034
2017-02-24,54.69,53.99,2.63,11.47,115.8143,1.12,2.31,2.95,0.66,,1.19,-0.6999999999999957
2017-02-27,54.65,54.04,2.44,12.09,115.6764,1.2,2.36,2.98,0.66,,1.16,-0.6099999999999994
2017-02-28,53.36,54.0,2.54,12.92,116.0032,1.22,2.36,2.97,0.57,,1.14,0.6400000000000006
2017-03-01,55.72,53.82,2.54,12.54,116.438,1.29,2.46,3.06,0.66,,1.17,-1.8999999999999986
2017-03-02,54.16,52.63,2.59,11.81,116.8429,1.32,2.49,3.09,0.66,,1.1700000000000002,-1.529999999999994
2017-03-03,54.12,53.33,2.5,10.96,116.6438,1.32,2.49,3.08,0.66,,1.1700000000000002,-0.7899999999999991
2017-03-06,54.73,53.19,2.68,11.24,116.4313,1.31,2.49,3.1,0.66,,1.1800000000000002,-1.5399999999999991
2017-03-07,54.61,52.68,2.68,11.45,116.4303,1.32,2.52,3.11,0.66,,1.2,-1.9299999999999997
2017-03-08,53.3,49.83,2.59,11.86,116.875,1.36,2.57,3.15,0.66,,1.2099999999999997,-3.469999999999999
2017-03-09,50.65,48.75,2.83,12.3,116.9959,1.37,2.6,3.19,0.66,,1.23,-1.8999999999999986
2017-03-10,50.63,48.05,2.98,11.66,116.616,1.36,2.58,3.16,0.66,,1.22,-2.5800000000000054
2017-03-13,50.1,47.95,3.04,11.35,116.4004,1.4,2.62,3.2,0.66,,1.2200000000000002,-2.1499999999999986
2017-03-14,49.6,47.24,3.02,12.3,116.5646,1.4,2.6,3.17,0.66,,1.2000000000000002,-2.3599999999999994
2017-03-15,50.63,48.34,3.02,11.63,116.3584,1.33,2.51,3.11,0.66,,1.1799999999999997,-2.289999999999999
2017-03-16,50.56,48.3,2.84,11.21,115.4456,1.35,2.53,3.14,0.91,,1.1799999999999997,-2.260000000000005
2017-03-17,50.58,48.34,2.85,11.28,115.2783,1.33,2.5,3.11,0.91,,1.17,-2.239999999999995
2017-03-20,50.67,47.79,2.93,11.34,115.0426,1.3,2.47,3.08,0.91,,1.1700000000000002,-2.8800000000000026
2017-03-21,50.14,47.02,3.09,12.47,114.8119,1.27,2.43,3.04,0.91,,1.1600000000000001,-3.1199999999999974
2017-03-22,49.56,47.29,3.02,12.81,114.7937,1.27,2.4,3.02,0.91,,1.13,-2.270000000000003
2017-03-23,50.17,47.0,2.93,13.12,114.7899,1.26,2.41,3.02,0.91,,1.1500000000000001,-3.1700000000000017
2017-03-24,49.97,47.3,2.97,12.96,114.6372,1.26,2.4,3.0,0.91,,1.14,-2.6700000000000017
2017-03-27,50.12,47.02,2.94,12.5,114.2347,1.27,2.38,2.98,0.91,,1.1099999999999999,-3.0999999999999943
2017-03-28,50.72,48.36,2.95,11.53,114.419,1.3,2.42,3.02,0.91,,1.1199999999999999,-2.3599999999999994
2017-03-29,51.36,49.47,3.03,11.42,114.7167,1.26,2.39,2.99,0.91,,1.1300000000000001,-1.8900000000000006
2017-03-30,52.25,50.3,3.08,11.54,114.5245,1.28,2.42,3.03,0.91,,1.14,-1.9500000000000028
2017-03-31,52.2,50.54,3.13,12.37,114.7938,1.27,2.4,3.02,0.82,,1.13,-1.6600000000000037
2017-04-03,52.04,50.25,3.13,12.38,114.8734,1.24,2.35,2.98,0.91,,1.11,-1.7899999999999991
2017-04-04,53.08,50.99,3.06,11.79,115.0038,1.25,2.36,2.99,0.91,,1.1099999999999999,-2.0899999999999963
2017-04-05,53.41,51.14,3.22,12.89,114.9494,1.24,2.34,2.98,0.91,,1.0999999999999999,-2.269999999999996
2017-04-06,53.62,51.69,3.23,12.39,115.0181,1.24,2.34,2.99,0.91,,1.0999999999999999,-1.9299999999999997
2017-04-07,54.24,52.25,3.23,12.87,115.0547,1.29,2.38,3.0,0.91,,1.0899999999999999,-1.990000000000002
2017-04-10,54.79,53.06,3.15,14.05,115.11,1.29,2.37,2.99,0.91,,1.08,-1.7299999999999969
2017-04-11,54.73,53.38,3.11,15.07,115.009,1.24,2.32,2.93,0.91,,1.0799999999999998,-1.3499999999999943
2017-04-12,54.75,53.12,2.97,15.77,114.9162,1.24,2.28,2.92,0.91,,1.0399999999999998,-1.6300000000000026
2017-04-13,55.05,53.19,3.0,15.96,114.5059,1.21,2.24,2.89,0.91,,1.0300000000000002,-1.8599999999999994
2017-04-14,,,3.0,,114.5368,,,,0.91,,,
2017-04-17,54.79,52.62,3.09,14.66,114.3283,1.21,2.26,2.92,0.91,,1.0499999999999998,-2.1700000000000017
2017-04-18,52.6,52.46,3.11,14.42,114.2575,1.18,2.18,2.84,0.91,,1.0000000000000002,-0.14000000000000057
2017-04-19,52.43,50.49,3.11,14.93,114.7923,1.19,2.21,2.87,0.91,,1.02,-1.9399999999999977
2017-04-20,50.66,50.26,3.13,14.15,114.6205,1.21,2.24,2.89,0.91,,1.0300000000000002,-0.3999999999999986
2017-04-21,49.93,49.64,3.06,14.63,114.8128,1.2,2.24,2.89,0.91,,1.0400000000000003,-0.28999999999999915
2017-04-24,49.45,48.9,3.06,10.84,114.3659,1.25,2.28,2.93,0.91,,1.0299999999999998,-0.5500000000000043
2017-04-25,49.37,49.22,2.99,10.76,114.5111,1.29,2.35,2.99,0.91,,1.06,-0.14999999999999858
2017-04-26,49.99,49.22,3.06,10.85,114.9479,1.28,2.32,2.97,0.91,,1.0399999999999998,-0.7700000000000031
2017-04-27,49.46,48.96,3.13,10.36,114.9946,1.25,2.3,2.96,0.91,,1.0499999999999998,-0.5
2017-04-28,49.46,49.31,3.2,10.82,114.7877,1.28,2.29,2.96,0.83,,1.01,-0.14999999999999858
2017-05-01,50.41,48.83,3.2,10.11,114.5921,1.28,2.33,3.0,0.91,,1.05,-1.5799999999999983
2017-05-02,49.31,47.65,3.13,10.59,114.6792,1.27,2.29,2.97,0.91,,1.02,-1.6600000000000037
2017-05-03,48.82,47.79,3.14,10.68,114.6637,1.3,2.33,2.97,0.91,,1.03,-1.0300000000000011
2017-05-04,47.53,45.55,3.11,10.46,114.9076,1.32,2.36,3.0,0.91,,1.0399999999999998,-1.980000000000004
2017-05-05,47.45,46.23,3.1,10.57,114.7725,1.32,2.36,2.99,0.91,,1.0399999999999998,-1.220000000000006
2017-05-08,46.61,46.46,3.06,9.77,115.0895,1.33,2.39,3.02,0.91,,1.06,-0.14999999999999858
2017-05-09,47.06,45.84,3.03,9.96,115.3933,1.37,2.42,3.04,0.91,,1.0499999999999998,-1.2199999999999989
2017-05-10,48.09,47.28,3.03,10.21,115.1145,1.35,2.41,3.03,0.91,,1.06,-0.8100000000000023
2017-05-11,49.18,47.81,3.23,10.6,115.0669,1.35,2.39,3.03,0.91,,1.04,-1.3699999999999974
2017-05-12,49.08,47.83,3.24,10.4,114.7479,1.29,2.33,2.98,0.91,,1.04,-1.25
2017-05-15,51.29,48.86,3.26,10.42,114.3504,1.31,2.34,3.0,0.91,,1.0299999999999998,-2.4299999999999997
2017-05-16,51.21,48.64,3.27,10.65,113.9923,1.29,2.33,2.99,0.91,,1.04,-2.5700000000000003
2017-05-17,51.76,49.04,3.27,15.59,113.7506,1.26,2.22,2.91,0.91,,0.9600000000000002,-2.719999999999999
2017-05-18,51.71,49.36,3.13,14.66,114.2683,1.27,2.23,2.9,0.91,,0.96,-2.3500000000000014
2017-05-19,52.78,50.32,3.11,12.04,113.7001,1.28,2.23,2.9,0.91,,0.95,-2.460000000000001
2017-05-22,53.35,50.81,3.24,10.93,113.5442,1.29,2.25,2.91,0.91,,0.96,-2.539999999999999
2017-05-23,53.19,51.12,3.22,10.72,113.6862,1.31,2.29,2.95,0.91,,0.98,-2.0700000000000003
2017-05-24,53.29,50.99,3.22,10.02,113.675,1.29,2.26,2.92,0.91,,0.9699999999999998,-2.299999999999997
2017-05-25,52.25,48.57,3.1,9.99,113.3719,1.3,2.25,2.92,0.91,,0.95,-3.6799999999999997
2017-05-26,50.84,49.58,3.1,9.81,113.4839,1.3,2.25,2.92,0.91,,0.95,-1.2600000000000051
2017-05-29,52.25,,3.1,,,,,,0.91,,,
2017-05-30,50.65,49.63,3.1,10.38,113.5552,1.28,2.21,2.88,0.91,,0.9299999999999999,-1.019999999999996
2017-05-31,49.4,48.29,3.05,10.41,113.2956,1.28,2.21,2.87,0.83,,0.9299999999999999,-1.1099999999999994
2017-06-01,50.41,48.32,3.05,9.89,113.3017,1.28,2.21,2.87,0.91,,0.9299999999999999,-2.0899999999999963
2017-06-02,48.46,47.68,2.85,9.75,113.1908,1.28,2.15,2.8,0.91,,0.8699999999999999,-0.7800000000000011
2017-06-05,48.25,47.4,2.92,10.07,112.9755,1.32,2.18,2.84,0.91,,0.8600000000000001,-0.8500000000000014
2017-06-06,48.11,48.13,2.92,10.45,112.7095,1.3,2.14,2.81,0.91,,0.8400000000000001,0.020000000000003126
2017-06-07,47.08,45.8,3.06,10.39,112.8191,1.32,2.18,2.84,0.91,,0.8600000000000001,-1.2800000000000011
2017-06-08,46.3,45.68,2.98,10.16,112.8351,1.33,2.19,2.85,0.91,,0.8599999999999999,-0.6199999999999974
2017-06-09,46.64,45.82,3.03,10.7,112.9562,1.35,2.21,2.86,0.91,,0.8599999999999999,-0.8200000000000003
2017-06-12,47.18,46.1,3.12,11.46,112.9837,1.35,2.21,2.86,0.91,,0.8599999999999999,-1.0799999999999983
2017-06-13,46.95,46.41,3.12,10.42,112.6271,1.38,2.21,2.87,0.91,,0.8300000000000001,-0.5400000000000063
2017-06-14,45.47,44.79,2.95,10.64,112.0734,1.35,2.15,2.79,0.91,,0.7999999999999998,-0.6799999999999997
2017-06-15,45.61,44.47,2.94,10.9,112.8708,1.35,2.16,2.78,1.16,,0.81,-1.1400000000000006
2017-06-16,45.7,44.73,3.01,10.38,112.6155,1.32,2.16,2.78,1.16,,0.8400000000000001,-0.970000000000006
2017-06-19,45.93,44.24,2.87,10.37,112.7576,1.36,2.19,2.79,1.16,,0.8299999999999998,-1.6899999999999977
2017-06-20,43.98,43.34,2.91,10.86,113.2698,1.36,2.16,2.74,1.16,,0.8,-0.6399999999999935
2017-06-21,44.62,42.48,2.91,10.75,113.3327,1.36,2.16,2.73,1.16,,0.8,-2.1400000000000006
2017-06-22,44.46,42.53,2.88,10.48,113.1654,1.34,2.15,2.72,1.16,,0.8099999999999998,-1.9299999999999997
2017-06-23,44.14,42.86,2.89,10.02,112.8665,1.34,2.15,2.71,1.16,,0.8099999999999998,-1.2800000000000011
2017-06-26,44.09,43.24,2.98,9.9,112.7633,1.36,2.14,2.7,1.16,,0.78,-0.8500000000000014
2017-06-27,46.17,44.25,2.99,11.06,112.55,1.38,2.21,2.75,1.16,,0.8300000000000001,-1.9200000000000017
2017-06-28,46.45,44.74,3.03,10.03,112.0747,1.34,2.22,2.77,1.16,,0.8800000000000001,-1.7100000000000009
2017-06-29,47.02,44.88,3.07,11.44,111.998,1.38,2.27,2.82,1.16,,0.8900000000000001,-2.1400000000000006
2017-06-30,47.08,46.02,2.98,11.18,111.9896,1.38,2.31,2.84,1.06,,0.9300000000000002,-1.0599999999999952
2017-07-03,49.13,,2.98,11.22,112.4268,1.41,2.35,2.86,1.16,,0.9400000000000002,
2017-07-04,49.15,,2.98,,,,,,1.16,,,
2017-07-05,47.58,45.11,2.98,11.07,112.6534,1.41,2.33,2.85,1.16,,0.9200000000000002,-2.469999999999999
2017-07-06,48.53,45.52,2.89,12.54,112.4199,1.4,2.37,2.9,1.16,,0.9700000000000002,-3.009999999999998
2017-07-07,46.47,44.25,2.91,11.19,112.3137,1.4,2.39,2.93,1.16,,0.9900000000000002,-2.219999999999999
2017-07-10,46.57,44.4,2.92,11.11,112.1587,1.4,2.38,2.93,1.16,,0.98,-2.1700000000000017
2017-07-11,46.68,45.06,2.98,10.89,112.1434,1.37,2.37,2.92,1.16,,1.0,-1.6199999999999974
2017-07-12,46.73,45.48,3.01,10.3,111.5904,1.35,2.33,2.89,1.16,,0.98,-1.25
2017-07-13,47.65,46.06,2.96,9.9,111.5365,1.37,2.35,2.92,1.16,,0.98,-1.5899999999999963
2017-07-14,47.89,46.53,2.94,9.51,110.9075,1.35,2.33,2.91,1.16,,0.98,-1.3599999999999994
2017-07-17,47.66,46.02,3.04,9.82,110.9304,1.36,2.31,2.89,1.16,,0.95,-1.6399999999999935
2017-07-18,47.92,46.4,3.11,9.89,110.4356,1.36,2.27,2.85,1.16,,0.9099999999999999,-1.5200000000000031
2017-07-19,48.34,47.1,3.11,9.79,110.4339,1.37,2.27,2.85,1.16,,0.8999999999999999,-1.240000000000002
2017-07-20,48.54,46.73,3.12,9.58,110.2512,1.37,2.27,2.83,1.16,,0.8999999999999999,-1.8100000000000023
2017-07-21,47.47,45.78,3.06,9.36,110.191,1.36,2.24,2.81,1.16,,0.8800000000000001,-1.6899999999999977
2017-07-24,47.81,46.21,2.99,9.43,110.2004,1.37,2.26,2.83,1.16,,0.8899999999999997,-1.6000000000000014
2017-07-25,49.19,47.77,2.99,9.43,110.2835,1.4,2.33,2.91,1.16,,0.9300000000000002,-1.4199999999999946
2017-07-26,50.08,48.58,2.92,9.6,110.3811,1.36,2.29,2.89,1.16,,0.9299999999999999,-1.5
2017-07-27,50.67,49.05,2.95,10.11,110.216,1.36,2.32,2.93,1.16,,0.9599999999999997,-1.6200000000000045
2017-07-28,52.0,49.72,2.96,10.29,109.92,1.34,2.3,2.89,1.16,,0.9599999999999997,-2.280000000000001
2017-07-31,51.99,50.21,2.87,10.26,109.8177,1.34,2.3,2.89,1.07,,0.9599999999999997,-1.7800000000000011
2017-08-01,50.77,49.19,2.8,10.09,109.8495,1.34,2.26,2.86,1.16,,0.9199999999999997,-1.5800000000000054
2017-08-02,52.09,49.6,2.8,10.28,109.7503,1.36,2.27,2.85,1.16,,0.9099999999999999,-2.490000000000002
2017-08-03,52.88,49.03,2.76,10.44,109.8332,1.34,2.24,2.81,1.16,,0.9000000000000001,-3.8500000000000014
2017-08-04,52.48,49.57,2.76,10.03,110.2808,1.36,2.27,2.84,1.16,,0.9099999999999999,-2.9099999999999966
2017-08-07,51.42,49.37,2.8,9.93,110.373,1.36,2.26,2.84,1.16,,0.8999999999999997,-2.0500000000000043
2017-08-08,52.18,49.07,2.81,10.96,110.396,1.36,2.29,2.86,1.16,,0.9299999999999999,-3.1099999999999994
2017-08-09,52.16,49.59,2.81,11.11,110.3671,1.33,2.24,2.82,1.16,,0.9100000000000001,-2.569999999999993
2017-08-10,52.59,48.54,2.89,16.04,110.1886,1.33,2.2,2.79,1.16,,0.8700000000000001,-4.050000000000004
2017-08-11,51.47,48.81,2.96,15.51,110.0422,1.3,2.19,2.79,1.16,,0.8899999999999999,-2.6599999999999966
2017-08-14,51.29,47.59,3.02,12.33,110.095,1.33,2.22,2.81,1.16,,0.8900000000000001,-3.6999999999999957
2017-08-15,49.9,47.57,2.96,12.04,110.4846,1.35,2.27,2.84,1.16,,0.9199999999999999,-2.3299999999999983
2017-08-16,50.39,46.8,2.94,11.74,110.4394,1.33,2.23,2.81,1.16,,0.8999999999999999,-3.5900000000000034
2017-08-17,50.37,47.07,2.91,15.55,110.1673,1.32,2.19,2.78,1.16,,0.8699999999999999,-3.299999999999997
2017-08-18,50.96,48.59,2.9,14.26,110.041,1.33,2.19,2.78,1.16,,0.8599999999999999,-2.3699999999999974
2017-08-21,51.94,47.39,3.0,13.19,109.7349,1.32,2.18,2.77,1.16,,0.8600000000000001,-4.549999999999997
2017-08-22,52.29,47.65,3.0,11.35,109.8386,1.33,2.22,2.79,1.16,,0.8900000000000001,-4.640000000000001
2017-08-23,52.31,48.45,2.94,12.25,109.8095,1.32,2.17,2.75,1.16,,0.8499999999999999,-3.8599999999999994
2017-08-24,51.73,47.24,2.97,12.23,109.7524,1.33,2.19,2.77,1.16,,0.8599999999999999,-4.489999999999995
2017-08-25,51.87,47.65,2.93,11.28,109.3415,1.35,2.17,2.75,1.16,,0.8199999999999998,-4.219999999999999
2017-08-28,51.87,46.4,2.95,11.32,109.1815,1.33,2.16,2.76,1.16,,0.8300000000000001,-5.469999999999999
2017-08-29,51.64,46.46,2.95,11.7,109.0946,1.33,2.13,2.74,1.16,,0.7999999999999998,-5.18
2017-08-30,51.91,45.96,2.95,11.22,109.4052,1.33,2.15,2.75,1.16,,0.8199999999999998,-5.949999999999996
2017-08-31,52.69,47.26,2.92,10.59,109.3686,1.33,2.12,2.73,1.07,,0.79,-5.43
2017-09-01,53.15,47.32,2.88,10.13,109.0504,1.35,2.16,2.77,1.16,,0.81,-5.829999999999998
2017-09-04,52.6,,2.88,,,,,,1.16,,,
2017-09-05,53.63,48.63,2.88,12.23,108.8664,1.3,2.07,2.69,1.16,,0.7699999999999998,-5.0
2017-09-06,54.48,49.13,2.98,11.63,108.4897,1.3,2.1,2.72,1.16,,0.8,-5.349999999999994
2017-09-07,54.16,49.1,2.92,11.55,107.9224,1.27,2.05,2.66,1.16,,0.7799999999999998,-5.059999999999995
2017-09-08,54.55,47.44,2.88,12.12,107.808,1.27,2.06,2.67,1.16,,0.79,-7.109999999999999
2017-09-11,54.2,48.06,2.88,10.73,108.153,1.32,2.14,2.75,1.16,,0.8200000000000001,-6.140000000000001
2017-09-12,55.06,48.21,2.88,10.58,108.3239,1.33,2.17,2.78,1.16,,0.8399999999999999,-6.850000000000001
2017-09-13,55.52,49.3,3.02,10.5,108.6628,1.35,2.2,2.79,1.16,,0.8500000000000001,-6.220000000000006
2017-09-14,56.76,49.86,3.03,10.44,108.618,1.37,2.2,2.77,1.16,,0.8300000000000001,-6.899999999999999
2017-09-15,56.18,49.9,3.0,10.17,108.3147,1.39,2.2,2.77,1.16,,0.8100000000000003,-6.280000000000001
2017-09-18,55.5,49.88,3.11,10.15,108.6401,1.4,2.23,2.8,1.16,,0.8300000000000001,-5.619999999999997
2017-09-19,56.58,49.54,3.18,10.18,108.6142,1.4,2.24,2.81,1.16,,0.8400000000000003,-7.039999999999999
2017-09-20,57.2,50.29,3.13,9.78,108.4329,1.45,2.28,2.82,1.16,,0.8299999999999998,-6.910000000000004
2017-09-21,57.73,50.58,3.11,9.67,108.9267,1.45,2.27,2.8,1.16,,0.8200000000000001,-7.149999999999999
2017-09-22,58.16,50.33,2.93,9.59,108.7542,1.46,2.26,2.8,1.16,,0.7999999999999998,-7.829999999999998
2017-09-25,59.42,51.85,2.96,10.21,109.3302,1.44,2.22,2.76,1.16,,0.7800000000000002,-7.57
2017-09-26,59.77,51.59,2.96,10.17,109.7769,1.45,2.24,2.78,1.16,,0.7900000000000003,-8.18
2017-09-27,58.74,52.14,2.98,9.87,110.0722,1.47,2.31,2.86,1.16,,0.8400000000000001,-6.600000000000001
2017-09-28,58.8,51.62,2.96,9.55,110.2415,1.45,2.31,2.87,1.16,,0.8600000000000001,-7.18
2017-09-29,57.02,51.67,2.94,9.51,110.0867,1.47,2.33,2.86,1.06,,0.8600000000000001,-5.350000000000001
2017-10-02,55.67,50.59,2.94,9.45,110.3686,1.49,2.34,2.87,1.16,,0.8499999999999999,-5.079999999999998
2017-10-03,56.12,50.44,2.73,9.51,110.3281,1.47,2.33,2.87,1.16,,0.8600000000000001,-5.68
2017-10-04,56.0,50.0,2.8,9.63,110.2425,1.47,2.33,2.87,1.16,,0.8600000000000001,-6.0
2017-10-05,57.09,50.79,2.8,9.19,110.5823,1.49,2.35,2.89,1.16,,0.8600000000000001,-6.300000000000004
2017-10-06,55.5,49.34,2.93,9.65,110.7841,1.54,2.37,2.91,1.16,,0.8300000000000001,-6.159999999999997
2017-10-09,55.29,49.58,2.87,10.33,,,,,1.16,,,-5.710000000000001
2017-10-10,56.62,50.93,2.89,10.08,110.3034,1.51,2.35,2.88,1.16,,0.8400000000000001,-5.689999999999998
2017-10-11,56.13,51.3,2.89,9.85,110.3037,1.51,2.35,2.88,1.16,,0.8400000000000001,-4.830000000000005
2017-10-12,56.13,50.61,2.95,9.91,110.3152,1.51,2.33,2.86,1.16,,0.8200000000000001,-5.520000000000003
2017-10-13,56.86,51.43,2.99,9.61,110.2669,1.51,2.28,2.81,1.16,,0.7699999999999998,-5.43
2017-10-16,57.49,51.86,2.87,9.91,110.5432,1.54,2.3,2.82,1.16,,0.7599999999999998,-5.630000000000003
2017-10-17,57.63,51.87,2.88,10.31,110.9141,1.54,2.3,2.8,1.16,,0.7599999999999998,-5.760000000000005
2017-10-18,58.05,52.05,2.81,10.07,110.7214,1.59,2.34,2.85,1.16,,0.7499999999999998,-6.0
2017-10-19,57.82,51.29,2.83,10.05,110.4577,1.58,2.33,2.83,1.16,,0.75,-6.530000000000001
2017-10-20,57.89,51.63,2.8,9.97,111.0375,1.6,2.39,2.89,1.16,,0.79,-6.259999999999998
2017-10-23,57.69,51.91,2.95,11.07,111.2134,1.58,2.38,2.89,1.16,,0.7999999999999998,-5.780000000000001
2017-10-24,57.84,52.32,2.95,11.16,111.4027,1.6,2.42,2.92,1.16,,0.8199999999999998,-5.520000000000003
2017-10-25,58.45,51.97,2.98,11.23,111.3904,1.61,2.44,2.95,1.16,,0.8299999999999998,-6.480000000000004
2017-10-26,58.75,52.41,2.91,11.3,111.6418,1.63,2.46,2.96,1.16,,0.8300000000000001,-6.340000000000003
2017-10-27,60.15,53.92,2.78,9.8,112.1495,1.59,2.42,2.93,1.16,,0.8299999999999998,-6.229999999999997
2017-10-30,60.65,54.11,2.94,10.5,111.901,1.58,2.37,2.88,1.16,,0.79,-6.539999999999999
2017-10-31,61.35,54.36,2.84,10.18,111.8052,1.6,2.38,2.88,1.07,,0.7799999999999998,-6.990000000000002
2017-11-01,60.98,54.32,2.68,10.2,111.7942,1.61,2.37,2.85,1.16,,0.76,-6.659999999999997
2017-11-02,60.79,54.55,2.68,9.93,111.5474,1.61,2.35,2.83,1.16,,0.74,-6.240000000000002
2017-11-03,61.42,55.63,2.75,9.14,111.9383,1.63,2.34,2.82,1.16,,0.71,-5.789999999999999
2017-11-06,64.27,57.34,3.01,9.4,111.7197,1.61,2.32,2.8,1.16,,0.7099999999999997,-6.929999999999993
2017-11-07,64.36,57.19,3.07,9.89,111.9446,1.63,2.32,2.77,1.16,,0.69,-7.170000000000002
2017-11-08,63.96,56.82,3.16,9.78,111.6935,1.65,2.32,2.79,1.16,,0.6699999999999999,-7.140000000000001
2017-11-09,64.49,57.16,3.18,10.5,111.5626,1.63,2.33,2.81,1.16,,0.7000000000000002,-7.329999999999998
2017-11-10,64.35,56.75,3.17,11.29,,1.67,2.4,2.88,1.16,,0.73,-7.599999999999994
2017-11-13,62.94,56.77,3.13,11.5,111.7833,1.7,2.4,2.87,1.16,,0.7,-6.169999999999995
2017-11-14,60.91,55.67,3.06,11.59,111.5097,1.68,2.38,2.84,1.16,,0.7,-5.239999999999995
2017-11-15,61.25,55.28,3.16,13.13,111.4809,1.68,2.33,2.77,1.16,,0.6500000000000001,-5.969999999999999
2017-11-16,61.18,55.14,3.09,11.76,111.2568,1.72,2.37,2.81,1.16,,0.6500000000000001,-6.039999999999999
2017-11-17,61.34,56.21,3.04,11.43,111.0016,1.73,2.35,2.78,1.16,,0.6200000000000001,-5.130000000000003
2017-11-20,61.34,56.21,3.04,10.65,111.2599,1.77,2.37,2.78,1.16,,0.6000000000000001,-5.130000000000003
2017-11-21,62.28,56.84,3.05,9.73,110.9828,1.77,2.36,2.76,1.16,,0.5899999999999999,-5.439999999999998
2017-11-22,62.92,57.88,3.05,9.88,110.5632,1.74,2.32,2.75,1.16,,0.5799999999999998,-5.039999999999999
2017-11-23,63.27,,3.05,,,,,,1.16,,,
2017-11-24,63.58,58.94,3.05,9.67,110.0253,1.75,2.34,2.76,1.16,,0.5899999999999999,-4.640000000000001
2017-11-27,63.25,58.1,2.88,9.87,110.1136,1.74,2.32,2.76,1.16,,0.5799999999999998,-5.149999999999999
2017-11-28,63.56,57.96,2.88,10.03,110.3018,1.75,2.34,2.77,1.16,,0.5899999999999999,-5.600000000000001
2017-11-29,63.74,57.25,3.06,10.7,110.3265,1.78,2.37,2.81,1.16,,0.5900000000000001,-6.490000000000002
2017-11-30,63.53,57.4,3.06,11.28,110.4648,1.78,2.42,2.83,1.07,,0.6399999999999999,-6.130000000000003
2017-12-01,64.57,58.35,2.84,11.43,110.1413,1.78,2.37,2.76,1.16,,0.5900000000000001,-6.219999999999992
2017-12-04,63.45,57.48,2.91,11.68,110.397,1.8,2.37,2.77,1.16,,0.5700000000000001,-5.970000000000006
2017-12-05,63.45,57.66,2.86,11.33,110.4905,1.83,2.36,2.73,1.16,,0.5299999999999998,-5.790000000000006
2017-12-06,62.25,55.79,2.86,11.02,110.8711,1.78,2.33,2.71,1.16,,0.55,-6.460000000000001
2017-12-07,62.37,56.5,2.81,10.16,111.0178,1.8,2.37,2.76,1.16,,0.5700000000000001,-5.869999999999997
2017-12-08,63.86,57.15,2.78,9.58,111.2273,1.8,2.38,2.77,1.16,,0.5799999999999998,-6.710000000000001
2017-12-11,65.62,57.84,2.81,9.34,111.0827,1.82,2.39,2.77,1.16,,0.5700000000000001,-7.780000000000001
2017-12-12,64.96,57.12,2.87,9.92,111.5214,1.83,2.4,2.79,1.17,,0.5699999999999998,-7.839999999999996
2017-12-13,63.66,56.59,2.87,10.18,111.2759,1.79,2.36,2.74,1.17,,0.5699999999999998,-7.069999999999993
2017-12-14,63.72,57.0,2.69,10.49,111.0893,1.82,2.35,2.71,1.41,,0.53,-6.719999999999999
2017-12-15,63.81,57.29,2.6,9.42,111.1286,1.84,2.35,2.68,1.41,,0.51,-6.520000000000003
2017-12-18,64.45,57.17,2.71,9.53,110.9086,1.84,2.39,2.74,1.42,,0.55,-7.280000000000001
2017-12-19,63.69,57.49,2.75,10.03,111.1255,1.87,2.46,2.82,1.42,,0.5899999999999999,-6.199999999999996
2017-12-20,64.43,58.09,2.72,9.72,110.8361,1.87,2.49,2.88,1.42,,0.6200000000000001,-6.340000000000003
2017-12-21,64.64,58.34,2.64,9.62,110.8786,1.89,2.48,2.84,1.42,,0.5900000000000001,-6.299999999999997
2017-12-22,64.61,58.25,2.63,9.9,111.0997,1.91,2.48,2.83,1.42,,0.5700000000000001,-6.359999999999999
2017-12-25,,,,,,,,,1.42,,,
2017-12-26,,59.55,2.68,10.25,110.9758,1.92,2.47,2.82,1.42,,0.5500000000000003,
2017-12-27,66.03,59.67,2.76,10.47,110.8553,1.89,2.42,2.75,1.42,,0.53,-6.359999999999999
2017-12-28,66.8,59.84,2.97,10.18,110.5154,1.91,2.43,2.75,1.42,,0.5200000000000002,-6.959999999999994
2017-12-29,66.73,60.46,3.69,11.04,110.0783,1.89,2.4,2.74,1.33,,0.51,-6.270000000000003
2018-01-01,,,,,,,,,1.33,,,
2018-01-02,66.65,60.37,6.24,9.77,109.6445,1.92,2.46,2.81,1.42,,0.54,-6.280000000000008
2018-01-03,67.85,61.61,6.24,9.15,109.6751,1.94,2.44,2.78,1.42,,0.5,-6.239999999999995
2018-01-04,68.73,61.98,4.65,9.22,109.4777,1.96,2.46,2.79,1.42,,0.5,-6.750000000000007
2018-01-05,68.01,61.49,,9.22,109.3496,1.96,2.47,2.81,1.42,,0.5100000000000002,-6.520000000000003
2018-01-08,68.48,61.73,2.89,9.52,109.5681,1.96,2.49,2.81,1.42,,0.5300000000000002,-6.750000000000007
2018-01-09,69.08,62.92,2.93,10.08,109.9025,1.98,2.55,2.88,1.42,,0.5699999999999998,-6.159999999999997
2018-01-10,69.79,63.6,3.16,9.82,109.628,1.98,2.55,2.88,1.42,,0.5699999999999998,-6.190000000000005
2018-01-11,70.36,63.81,3.16,9.88,109.4888,1.98,2.54,2.91,1.42,,0.56,-6.549999999999997
2018-01-12,69.64,64.22,4.06,10.16,108.901,1.99,2.55,2.85,1.42,,0.5599999999999998,-5.420000000000002
2018-01-15,70.31,,,,,,,,1.42,,,
2018-01-16,69.4,63.82,5.46,11.66,108.3218,2.03,2.54,2.83,1.42,,0.5100000000000002,-5.580000000000005
2018-01-17,69.19,63.92,3.92,11.91,108.1526,2.05,2.57,2.84,1.42,,0.52,-5.269999999999996
2018-01-18,69.48,63.96,3.92,12.22,108.0655,2.05,2.62,2.9,1.42,,0.5700000000000003,-5.520000000000003
2018-01-19,68.56,63.38,3.2,11.27,107.9455,2.06,2.64,2.91,1.42,,0.5800000000000001,-5.18
2018-01-22,69.32,63.66,3.13,11.03,108.107,2.08,2.66,2.93,1.42,,0.5800000000000001,-5.659999999999997
2018-01-23,69.81,64.45,3.35,11.1,107.9979,2.06,2.63,2.9,1.42,,0.5699999999999998,-5.359999999999999
2018-01-24,69.91,65.69,3.54,11.47,107.0802,2.08,2.65,2.93,1.42,,0.5699999999999998,-4.219999999999999
2018-01-25,71.08,65.62,3.54,11.58,106.5052,2.08,2.63,2.89,1.42,,0.5499999999999998,-5.459999999999994
2018-01-26,70.08,66.27,3.58,11.08,106.6911,2.13,2.66,2.91,1.42,,0.5300000000000002,-3.8100000000000023
2018-01-29,68.41,65.71,3.6,13.84,107.1142,2.11,2.7,2.94,1.42,,0.5900000000000003,-2.700000000000003
2018-01-30,67.78,64.64,3.6,14.79,107.1064,2.13,2.73,2.98,1.42,,0.6000000000000001,-3.1400000000000006
2018-01-31,67.78,64.82,3.34,13.54,106.7696,2.14,2.72,2.95,1.34,,0.5800000000000001,-2.960000000000008
2018-02-01,68.6,65.92,3.06,13.47,106.4877,2.16,2.78,3.01,1.42,,0.6199999999999997,-2.6799999999999926
2018-02-02,67.45,65.5,2.91,17.31,107.1151,2.15,2.84,3.08,1.42,,0.69,-1.9500000000000028
2018-02-05,67.69,64.18,2.85,37.32,107.33,2.08,2.77,3.04,1.42,,0.69,-3.509999999999991
2018-02-06,66.75,63.48,2.75,29.98,107.5204,2.1,2.79,3.06,1.42,,0.69,-3.270000000000003
2018-02-07,65.74,61.91,2.74,27.73,107.7175,2.15,2.84,3.12,1.42,,0.69,-3.8299999999999983
2018-02-08,64.26,61.3,2.74,33.46,108.3025,2.13,2.85,3.14,1.42,,0.7200000000000002,-2.960000000000008
2018-02-09,63.04,59.2,2.66,29.06,108.2582,2.05,2.83,3.14,1.42,,0.7800000000000002,-3.8399999999999963
2018-02-12,62.2,59.41,2.6,25.61,108.0332,2.09,2.86,3.14,1.42,,0.77,-2.7900000000000063
2018-02-13,61.94,59.33,2.58,24.97,107.7574,2.1,2.83,3.11,1.42,,0.73,-2.6099999999999994
2018-02-14,62.29,60.7,2.53,19.26,107.4691,2.17,2.91,3.18,1.42,,0.7400000000000002,-1.5899999999999963
2018-02-15,62.86,61.48,2.49,19.13,106.9867,2.19,2.9,3.15,1.42,,0.71,-1.3800000000000026
2018-02-16,64.3,61.89,2.49,19.46,107.0359,2.21,2.87,3.13,1.42,,0.6600000000000001,-2.4099999999999966
2018-02-19,64.95,,,,,,,,1.42,,,
2018-02-20,64.68,61.91,2.61,20.6,107.6249,2.25,2.88,3.15,1.42,,0.6299999999999999,-2.7700000000000102
2018-02-21,64.81,61.73,2.65,20.02,107.8679,2.26,2.94,3.22,1.42,,0.6800000000000002,-3.0800000000000054
2018-02-22,66.12,62.72,2.65,18.72,107.8668,2.25,2.92,3.21,1.42,,0.6699999999999999,-3.4000000000000057
2018-02-23,67.04,63.52,2.58,16.49,107.6804,2.25,2.88,3.16,1.42,,0.6299999999999999,-3.520000000000003
2018-02-26,67.96,63.81,2.6,15.8,107.7347,2.22,2.86,3.15,1.42,,0.6399999999999997,-4.1499999999999915
2018-02-27,67.59,62.94,2.59,18.59,108.1731,2.27,2.9,3.17,1.42,,0.6299999999999999,-4.650000000000006
2018-02-28,66.08,61.43,2.66,19.85,108.3903,2.25,2.87,3.13,1.35,,0.6200000000000001,-4.649999999999999
2018-03-01,64.23,60.98,2.67,22.47,108.5358,2.22,2.81,3.09,1.42,,0.5899999999999999,-3.250000000000007
2018-03-02,64.26,61.19,2.67,19.59,,2.25,2.86,3.14,1.42,,0.6099999999999999,-3.0700000000000074
2018-03-05,65.78,62.49,2.7,18.73,108.3614,2.24,2.88,3.16,1.42,,0.6399999999999997,-3.289999999999999
2018-03-06,65.67,62.54,2.7,18.36,107.7969,2.25,2.88,3.14,1.42,,0.6299999999999999,-3.1300000000000026
2018-03-07,65.09,61.09,2.8,17.76,108.0911,2.25,2.89,3.15,1.42,,0.6400000000000001,-4.0
2018-03-08,63.87,60.13,2.8,16.54,108.2671,2.25,2.86,3.13,1.42,,0.6099999999999999,-3.739999999999995
2018-03-09,65.19,62.02,2.71,14.64,107.923,2.27,2.9,3.16,1.42,,0.6299999999999999,-3.1699999999999946
2018-03-12,64.53,61.35,2.78,15.78,107.9438,2.27,2.87,3.13,1.42,,0.6000000000000001,-3.1799999999999997
2018-03-13,64.2,60.69,2.76,16.35,107.7384,2.26,2.84,3.1,1.42,,0.5800000000000001,-3.510000000000005
2018-03-14,63.61,60.89,2.69,17.23,107.8623,2.26,2.81,3.05,1.42,,0.5500000000000003,-2.719999999999999
2018-03-15,63.67,61.16,2.7,16.59,108.2032,2.29,2.82,3.05,1.43,,0.5299999999999998,-2.510000000000005
2018-03-16,64.68,62.29,2.62,15.8,108.4332,2.31,2.85,3.08,1.43,,0.54,-2.3900000000000077
2018-03-19,64.82,62.01,2.62,19.02,108.3145,2.31,2.85,3.09,1.43,,0.54,-2.809999999999995
2018-03-20,66.0,63.37,2.71,18.2,108.4953,2.34,2.89,3.12,1.44,,0.5500000000000003,-2.6300000000000026
2018-03-21,68.15,65.1,2.74,17.86,,2.31,2.89,3.12,1.44,,0.5800000000000001,-3.0500000000000114
2018-03-22,68.98,64.25,2.62,23.34,107.9935,2.29,2.83,3.06,1.68,,0.54,-4.730000000000004
2018-03-23,69.03,65.8,2.58,24.87,107.7495,2.28,2.82,3.06,1.68,,0.54,-3.230000000000004
2018-03-26,68.81,65.49,2.63,21.03,107.1819,2.33,2.85,3.08,1.68,,0.52,-3.3200000000000074
2018-03-27,68.63,65.21,2.6,22.5,107.3359,2.26,2.78,3.03,1.68,,0.52,-3.4200000000000017
2018-03-28,68.13,64.3,2.64,22.87,107.5733,2.28,2.77,3.01,1.68,,0.4900000000000002,-3.8299999999999983
2018-03-29,69.02,64.87,2.81,19.97,107.665,2.27,2.74,2.97,1.68,,0.4700000000000002,-4.1499999999999915
2018-03-30,,,,,107.4784,,,,1.67,,,
2018-04-02,,63.05,2.75,23.62,107.7033,2.25,2.73,2.97,1.68,,0.48,
2018-04-03,69.02,63.41,2.75,21.1,107.5624,2.28,2.79,3.02,1.69,1.83,0.5100000000000002,-5.609999999999999
2018-04-04,66.04,63.35,2.81,20.06,107.6361,2.28,2.79,3.03,1.69,1.74,0.5100000000000002,-2.690000000000005
2018-04-05,66.54,63.53,2.81,18.94,107.7281,2.3,2.83,3.07,1.69,1.75,0.5300000000000002,-3.010000000000005
2018-04-06,66.51,62.03,2.81,21.49,107.7886,2.27,2.77,3.01,1.69,1.75,0.5,-4.480000000000004
2018-04-09,68.19,63.4,2.78,21.77,107.5316,2.29,2.78,3.02,1.69,1.75,0.48999999999999977,-4.789999999999999
2018-04-10,70.67,65.48,2.78,20.47,107.3659,2.32,2.8,3.02,1.69,1.75,0.48,-5.189999999999998
2018-04-11,72.74,66.81,2.74,20.24,107.1224,2.32,2.79,2.99,1.69,1.76,0.4700000000000002,-5.929999999999993
2018-04-12,71.44,67.07,2.76,18.49,107.2905,2.34,2.83,3.05,1.69,1.73,0.4900000000000002,-4.3700000000000045
2018-04-13,73.18,67.35,2.82,17.41,107.2368,2.37,2.82,3.03,1.69,1.72,0.44999999999999973,-5.8300000000000125
2018-04-16,72.05,66.23,2.88,16.56,107.0595,2.39,2.83,3.03,1.69,1.77,0.43999999999999995,-5.819999999999993
2018-04-17,71.71,66.5,2.84,15.25,107.0344,2.41,2.82,3.0,1.69,1.76,0.4099999999999997,-5.209999999999994
2018-04-18,73.73,68.44,2.85,15.6,107.1096,2.42,2.87,3.06,1.69,1.75,0.4500000000000002,-5.290000000000006
2018-04-19,74.85,68.3,2.8,15.96,107.5197,2.44,2.92,3.11,1.69,1.73,0.48,-6.549999999999997
2018-04-20,74.62,68.26,2.78,16.88,108.1787,2.46,2.96,3.14,1.7,1.72,0.5,-6.359999999999999
2018-04-23,74.54,67.61,2.78,16.34,108.9332,2.49,2.98,3.15,1.7,1.7,0.48999999999999977,-6.930000000000007
2018-04-24,75.86,67.66,2.79,18.02,108.7906,2.48,3.0,3.18,1.7,1.71,0.52,-8.200000000000003
2018-04-25,73.79,68.0,2.81,17.84,109.3447,2.49,3.03,3.21,1.7,1.71,0.5399999999999996,-5.790000000000006
2018-04-26,75.39,68.18,2.81,16.24,109.3646,2.49,3.0,3.18,1.7,1.72,0.5099999999999998,-7.209999999999994
2018-04-27,75.33,68.11,2.82,15.41,109.1735,2.49,2.96,3.13,1.7,1.72,0.46999999999999975,-7.219999999999999
2018-04-30,75.92,68.56,2.75,15.93,109.3363,2.49,2.95,3.11,1.69,1.77,0.45999999999999996,-7.359999999999999
2018-05-01,74.85,67.28,2.75,15.49,109.7445,2.5,2.97,3.13,1.7,1.76,0.4700000000000002,-7.569999999999993
2018-05-02,73.14,67.91,2.77,15.97,110.1625,2.49,2.97,3.14,1.7,1.75,0.48,-5.230000000000004
2018-05-03,73.45,68.45,2.75,15.9,110.1803,2.49,2.94,3.12,1.7,1.74,0.44999999999999973,-5.0
2018-05-04,74.75,69.71,2.75,14.77,110.25,2.51,2.95,3.12,1.7,1.72,0.4400000000000004,-5.040000000000006
2018-05-07,,70.74,2.74,14.75,110.5721,2.49,2.95,3.12,1.7,1.71,0.45999999999999996,
2018-05-08,74.16,68.83,2.77,14.71,111.063,2.51,2.97,3.13,1.7,1.72,0.4600000000000004,-5.329999999999998
2018-05-09,77.6,71.16,2.75,13.42,110.8818,2.54,3.0,3.16,1.7,1.72,0.45999999999999996,-6.439999999999998
2018-05-10,77.59,71.36,2.78,13.23,110.405,2.54,2.97,3.12,1.7,1.73,0.43000000000000016,-6.230000000000004
2018-05-11,77.37,70.69,2.75,12.65,110.2847,2.54,2.97,3.1,1.7,1.73,0.43000000000000016,-6.680000000000007
2018-05-14,78.17,71.01,2.84,12.93,110.408,2.55,3.0,3.13,1.7,1.75,0.4500000000000002,-7.159999999999997
2018-05-15,78.94,71.34,2.83,14.63,111.2292,2.58,3.08,3.2,1.7,1.79,0.5,-7.599999999999994
2018-05-16,78.19,71.43,2.85,13.42,111.3068,2.58,3.09,3.21,1.7,1.75,0.5099999999999998,-6.759999999999991
2018-05-17,80.09,71.47,2.75,13.43,111.3547,2.57,3.11,3.25,1.7,1.74,0.54,-8.620000000000005
2018-05-18,78.38,71.23,2.75,13.42,111.7171,2.55,3.06,3.2,1.7,1.73,0.5100000000000002,-7.1499999999999915
2018-05-21,78.34,72.26,2.77,13.08,111.6394,2.58,3.06,3.2,1.7,1.69,0.48,-6.079999999999998
2018-05-22,80.42,72.09,2.76,13.22,111.1945,2.59,3.06,3.21,1.7,1.65,0.4700000000000002,-8.329999999999998
2018-05-23,78.69,71.85,2.89,12.58,111.6933,2.53,3.01,3.17,1.7,1.67,0.48,-6.840000000000003
2018-05-24,78.9,70.77,2.88,12.53,111.4885,2.5,2.98,3.13,1.7,1.74,0.48,-8.13000000000001
2018-05-25,76.6,67.92,2.88,13.22,111.5843,2.48,2.93,3.09,1.7,1.73,0.4500000000000002,-8.679999999999993
2018-05-28,,,,,,,,,1.7,,,
2018-05-29,74.51,66.8,2.84,17.02,112.2127,2.32,2.77,2.96,1.7,1.72,0.4500000000000002,-7.710000000000008
2018-05-30,75.89,68.24,2.83,14.94,111.6731,2.42,2.84,3.01,1.7,1.72,0.41999999999999993,-7.650000000000006
2018-05-31,76.45,66.98,2.94,15.43,111.9894,2.4,2.83,3.0,1.7,1.81,0.43000000000000016,-9.469999999999999
2018-06-01,74.54,65.81,2.91,13.46,111.8265,2.47,2.89,3.04,1.7,1.81,0.41999999999999993,-8.730000000000004
2018-06-04,73.41,64.76,2.89,12.74,111.8247,2.52,2.94,3.08,1.7,1.8,0.41999999999999993,-8.649999999999991
2018-06-05,72.91,65.51,2.89,12.4,112.264,2.49,2.92,3.07,1.7,1.75,0.4299999999999997,-7.3999999999999915
2018-06-06,73.23,64.75,2.89,11.64,111.7525,2.52,2.97,3.13,1.7,1.73,0.4500000000000002,-8.480000000000004
2018-06-07,75.23,65.96,3.02,12.13,112.0725,2.5,2.93,3.08,1.7,1.71,0.43000000000000016,-9.27000000000001
2018-06-08,75.11,65.77,2.91,12.18,112.1066,2.5,2.93,3.08,1.7,1.69,0.43000000000000016,-9.340000000000003
2018-06-11,74.58,66.1,3.0,12.35,112.1106,2.52,2.96,3.1,1.7,1.69,0.43999999999999995,-8.480000000000004
2018-06-12,74.86,66.38,2.98,12.34,112.2138,2.54,2.96,3.09,1.7,1.67,0.41999999999999993,-8.480000000000004
2018-06-13,75.07,66.63,2.98,12.94,112.2577,2.59,2.98,3.1,1.7,1.71,0.3900000000000001,-8.439999999999998
2018-06-14,74.77,66.91,2.99,12.12,112.8593,2.59,2.94,3.05,1.9,1.9,0.3500000000000001,-7.859999999999999
2018-06-15,72.02,65.01,3.02,11.98,113.3379,2.55,2.93,3.05,1.9,1.91,0.38000000000000034,-7.009999999999991
2018-06-18,74.87,65.91,2.99,12.31,113.4899,2.56,2.92,3.05,1.9,1.9,0.3599999999999999,-8.960000000000008
2018-06-19,74.92,65.09,2.95,13.35,113.639,2.54,2.89,3.02,1.91,1.88,0.3500000000000001,-9.829999999999998
2018-06-20,74.25,65.92,2.96,12.79,113.4784,2.56,2.93,3.06,1.92,1.87,0.3700000000000001,-8.329999999999998
2018-06-21,72.87,65.68,3.08,14.64,113.6109,2.56,2.9,3.04,1.92,1.87,0.33999999999999986,-7.189999999999998
2018-06-22,73.67,69.02,2.95,13.77,113.3047,2.56,2.9,3.04,1.92,1.92,0.33999999999999986,-4.650000000000006
2018-06-25,72.82,69.91,2.96,17.33,113.286,2.54,2.87,3.02,1.92,1.91,0.33000000000000007,-2.9099999999999966
2018-06-26,73.58,75.23,2.98,15.92,113.3016,2.53,2.88,3.03,1.92,1.9,0.3500000000000001,1.6500000000000057
2018-06-27,76.09,77.41,3.01,17.91,113.8971,2.52,2.83,2.97,1.91,1.9,0.31000000000000005,1.3199999999999932
2018-06-28,76.26,73.45,2.99,16.85,113.8405,2.52,2.84,2.97,1.91,1.93,0.31999999999999984,-2.8100000000000023
2018-06-29,77.44,74.13,2.96,16.09,113.2586,2.52,2.85,2.98,1.91,2.12,0.33000000000000007,-3.3100000000000023
2018-07-02,76.71,73.89,2.9,15.6,114.1673,2.57,2.87,2.99,1.91,2.04,0.30000000000000027,-2.819999999999993
2018-07-03,75.87,74.19,2.9,16.14,113.3222,2.53,2.83,2.96,1.91,2.0,0.30000000000000027,-1.6800000000000068
2018-07-04,76.99,,,,,,,,1.91,,,
2018-07-05,77.09,73.05,2.91,14.97,112.9759,2.55,2.84,2.95,1.91,1.97,0.29000000000000004,-4.040000000000006
2018-07-06,74.98,73.78,2.91,13.37,112.6428,2.53,2.82,2.94,1.91,1.93,0.29000000000000004,-1.2000000000000028
2018-07-09,77.08,73.93,2.9,12.69,112.6425,2.57,2.86,2.96,1.91,1.89,0.29000000000000004,-3.1499999999999915
2018-07-10,77.8,74.11,2.9,12.64,112.5794,2.59,2.87,2.97,1.91,1.89,0.28000000000000025,-3.6899999999999977
2018-07-11,75.35,70.47,2.89,13.63,112.8582,2.58,2.85,2.95,1.91,1.89,0.27,-4.8799999999999955
2018-07-12,72.11,70.28,2.89,12.58,112.779,2.6,2.85,2.95,1.91,1.9,0.25,-1.8299999999999983
2018-07-13,74.11,71.03,2.86,12.18,113.0705,2.59,2.83,2.94,1.91,1.9,0.2400000000000002,-3.0799999999999983
2018-07-16,71.03,68.22,2.76,12.83,112.8437,2.59,2.85,2.96,1.91,1.95,0.26000000000000023,-2.8100000000000023
2018-07-17,70.87,68.03,2.81,12.06,113.1504,2.62,2.86,2.97,1.91,1.92,0.23999999999999977,-2.8400000000000034
2018-07-18,70.52,68.78,2.8,12.1,113.3348,2.6,2.88,2.99,1.91,1.9,0.2799999999999998,-1.7399999999999949
2018-07-19,71.94,69.42,2.75,12.87,113.9463,2.6,2.84,2.96,1.91,1.9,0.23999999999999977,-2.519999999999996
2018-07-20,71.99,70.31,2.79,12.86,113.3213,2.6,2.89,3.03,1.91,1.88,0.29000000000000004,-1.6799999999999926
2018-07-23,73.45,67.9,2.79,12.62,113.4246,2.64,2.96,3.1,1.91,1.87,0.31999999999999984,-5.549999999999997
2018-07-24,73.53,70.77,2.73,12.41,113.2045,2.63,2.95,3.08,1.91,1.9,0.3200000000000003,-2.760000000000005
2018-07-25,73.67,71.13,2.82,12.29,112.9221,2.66,2.94,3.06,1.91,1.87,0.2799999999999998,-2.5400000000000063
2018-07-26,74.51,71.59,2.82,12.14,112.9179,2.69,2.98,3.1,1.91,1.9,0.29000000000000004,-2.9200000000000017
2018-07-27,74.84,68.66,2.78,13.03,112.8125,2.67,2.96,3.09,1.91,1.88,0.29000000000000004,-6.180000000000007
2018-07-30,74.99,71.19,2.75,14.26,112.6044,2.66,2.98,3.11,1.91,1.88,0.31999999999999984,-3.799999999999997
2018-07-31,74.16,69.88,2.82,12.83,112.7299,2.67,2.96,3.08,1.91,1.93,0.29000000000000004,-4.280000000000001
2018-08-01,72.28,68.8,2.8,13.15,112.8899,2.67,3.0,3.13,1.91,1.88,0.33000000000000007,-3.480000000000004
2018-08-02,72.95,68.95,2.77,12.19,113.1679,2.66,2.98,3.12,1.91,1.91,0.31999999999999984,-4.0
2018-08-03,72.48,68.49,2.86,11.64,113.012,2.63,2.95,3.09,1.91,1.86,0.3200000000000003,-3.990000000000009
2018-08-06,72.51,69.01,2.85,11.27,113.229,2.64,2.94,3.08,1.91,1.86,0.2999999999999998,-3.5
2018-08-07,72.31,69.17,2.95,10.93,112.9759,2.68,2.98,3.12,1.91,1.87,0.2999999999999998,-3.1400000000000006
2018-08-08,70.71,66.92,2.99,10.85,113.1411,2.68,2.96,3.12,1.91,1.88,0.2799999999999998,-3.789999999999992
2018-08-09,70.55,66.81,3.02,11.27,113.3806,2.64,2.93,3.08,1.91,1.91,0.29000000000000004,-3.739999999999995
2018-08-10,71.0,67.61,2.96,13.16,114.3005,2.61,2.87,3.03,1.91,1.9,0.26000000000000023,-3.3900000000000006
2018-08-13,70.62,67.25,2.92,14.78,114.851,2.61,2.88,3.05,1.91,1.91,0.27,-3.3700000000000045
2018-08-14,70.77,67.04,3.02,13.31,114.658,2.63,2.89,3.06,1.91,1.93,0.26000000000000023,-3.7299999999999898
2018-08-15,68.38,65.07,3.02,14.64,115.1526,2.61,2.86,3.03,1.91,1.98,0.25,-3.3100000000000023
2018-08-16,69.21,65.44,3.02,13.45,114.6416,2.63,2.87,3.03,1.92,1.99,0.2400000000000002,-3.769999999999996
2018-08-17,70.14,65.93,3.01,12.64,114.5339,2.61,2.87,3.03,1.92,1.9,0.26000000000000023,-4.209999999999994
2018-08-20,71.11,66.5,3.04,12.49,114.3504,2.6,2.82,2.99,1.92,1.9,0.21999999999999975,-4.609999999999999
2018-08-21,71.65,67.32,3.01,12.86,113.8604,2.61,2.85,3.0,1.92,1.9,0.2400000000000002,-4.3300000000000125
2018-08-22,72.96,67.85,3.02,12.25,113.663,2.6,2.82,2.99,1.92,1.9,0.21999999999999975,-5.109999999999999
2018-08-23,73.73,69.13,3.01,12.41,114.0932,2.61,2.82,2.97,1.92,1.94,0.20999999999999996,-4.6000000000000085
2018-08-24,74.41,69.71,2.99,11.99,113.5985,2.63,2.82,2.97,1.92,1.95,0.18999999999999995,-4.700000000000003
2018-08-27,74.41,69.97,2.98,12.16,113.2721,2.67,2.85,3.0,1.92,1.95,0.18000000000000016,-4.439999999999998
2018-08-28,75.91,68.54,2.98,12.5,113.3444,2.67,2.88,3.03,1.92,1.95,0.20999999999999996,-7.36999999999999
2018-08-29,76.07,69.68,2.96,12.25,113.6461,2.67,2.89,3.02,1.92,1.93,0.2200000000000002,-6.389999999999986
2018-08-30,77.05,70.25,2.96,13.53,114.0899,2.64,2.86,3.0,1.92,1.93,0.21999999999999975,-6.799999999999997
2018-08-31,76.94,69.84,2.98,12.86,114.2755,2.62,2.86,3.02,1.91,1.97,0.23999999999999977,-7.099999999999994
2018-09-03,77.81,,,,,,,,1.91,,,
2018-09-04,77.51,69.82,2.96,13.16,114.8584,2.66,2.9,3.07,1.92,1.95,0.23999999999999977,-7.690000000000012
2018-09-05,76.68,68.69,3.0,13.91,114.7477,2.66,2.9,3.08,1.92,1.95,0.23999999999999977,-7.990000000000009
2018-09-06,75.67,67.81,2.93,14.65,114.6479,2.64,2.88,3.06,1.92,1.94,0.23999999999999977,-7.859999999999999
2018-09-07,75.55,67.73,2.88,14.88,114.5816,2.71,2.94,3.11,1.92,1.94,0.22999999999999998,-7.819999999999993
2018-09-10,76.77,67.55,2.9,14.16,114.6802,2.73,2.94,3.09,1.92,1.94,0.20999999999999996,-9.219999999999999
2018-09-11,78.22,69.29,2.94,13.22,114.7051,2.76,2.98,3.13,1.92,1.94,0.2200000000000002,-8.929999999999993
2018-09-12,80.02,70.37,2.98,13.14,114.2192,2.74,2.97,3.11,1.92,1.94,0.22999999999999998,-9.649999999999991
2018-09-13,77.66,68.6,2.94,12.37,113.9268,2.76,2.97,3.11,1.92,1.94,0.2100000000000004,-9.060000000000002
2018-09-14,77.87,68.98,2.91,12.07,114.0657,2.78,2.99,3.13,1.92,1.95,0.2100000000000004,-8.89
2018-09-17,78.22,68.86,2.95,13.68,113.9158,2.78,2.99,3.13,1.92,2.0,0.2100000000000004,-9.36
2018-09-18,79.25,69.87,3.0,12.79,113.7739,2.81,3.05,3.2,1.92,1.94,0.23999999999999977,-9.379999999999995
2018-09-19,79.43,71.08,3.11,11.75,113.6532,2.81,3.08,3.23,1.92,1.92,0.27,-8.350000000000009
2018-09-20,79.03,70.77,3.07,11.8,113.4989,2.81,3.07,3.21,1.92,1.92,0.2599999999999998,-8.260000000000005
2018-09-21,78.9,70.8,3.02,11.68,113.5099,2.81,3.07,3.2,1.92,1.92,0.2599999999999998,-8.100000000000009
2018-09-24,80.89,73.23,3.04,12.2,113.5301,2.83,3.08,3.21,1.93,1.95,0.25,-7.659999999999997
2018-09-25,82.21,73.4,3.12,12.42,113.7202,2.83,3.1,3.23,1.93,1.93,0.27,-8.809999999999988
2018-09-26,81.87,72.22,3.1,12.89,113.6739,2.83,3.06,3.19,1.93,1.92,0.22999999999999998,-9.650000000000006
2018-09-27,81.54,72.18,3.05,12.41,113.9784,2.83,3.06,3.19,2.18,2.16,0.22999999999999998,-9.36
2018-09-28,82.72,73.16,3.01,12.12,113.8077,2.81,3.05,3.19,2.18,2.25,0.23999999999999977,-9.560000000000002
2018-10-01,84.94,75.37,3.13,12.0,113.8235,2.82,3.09,3.24,2.18,2.22,0.27,-9.569999999999993
2018-10-02,85.63,75.16,3.14,12.05,113.8954,2.82,3.05,3.2,2.18,2.2,0.22999999999999998,-10.469999999999999
2018-10-03,85.45,76.4,3.26,11.61,114.1569,2.85,3.15,3.3,2.18,2.2,0.2999999999999998,-9.049999999999997
2018-10-04,86.07,74.44,3.39,14.22,114.6867,2.87,3.19,3.35,2.18,2.18,0.31999999999999984,-11.629999999999995
2018-10-05,85.12,74.26,3.25,14.82,114.561,2.88,3.23,3.4,2.18,2.16,0.3500000000000001,-10.86
2018-10-08,84.22,74.27,3.28,15.69,,,,,2.18,,,-9.950000000000003
2018-10-09,85.16,74.95,3.4,15.95,114.6583,2.88,3.21,3.37,2.18,2.15,0.33000000000000007,-10.209999999999994
2018-10-10,83.82,73.18,3.45,22.96,114.6072,2.88,3.22,3.39,2.18,2.15,0.3400000000000003,-10.639999999999986
2018-10-11,81.35,70.97,3.16,24.98,114.4074,2.85,3.14,3.32,2.18,2.17,0.29000000000000004,-10.379999999999995
2018-10-12,80.71,71.41,3.19,21.31,114.3691,2.85,3.15,3.32,2.18,2.18,0.2999999999999998,-9.299999999999997
2018-10-15,80.91,71.84,3.26,21.3,114.045,2.85,3.16,3.34,2.18,2.21,0.31000000000000005,-9.069999999999993
2018-10-16,80.53,71.93,3.27,17.62,113.8963,2.87,3.16,3.32,2.18,2.18,0.29000000000000004,-8.599999999999994
2018-10-17,79.91,69.63,3.3,17.4,114.1755,2.89,3.19,3.35,2.19,2.18,0.2999999999999998,-10.280000000000001
2018-10-18,80.3,68.63,3.28,20.06,114.8164,2.87,3.17,3.36,2.19,2.19,0.2999999999999998,-11.670000000000002
2018-10-19,80.38,69.16,3.2,19.89,114.8567,2.92,3.2,3.38,2.19,2.19,0.28000000000000025,-11.219999999999999
2018-10-22,80.45,69.25,3.2,19.64,115.1782,2.92,3.2,3.38,2.19,2.18,0.28000000000000025,-11.200000000000003
2018-10-23,78.67,66.49,3.28,20.71,115.1651,2.89,3.17,3.37,2.2,2.17,0.2799999999999998,-12.180000000000007
2018-10-24,77.34,66.56,3.42,25.23,115.3755,2.84,3.1,3.33,2.2,2.18,0.26000000000000023,-10.780000000000001
2018-10-25,77.3,67.25,3.42,24.22,115.4831,2.86,3.14,3.35,2.2,2.19,0.28000000000000025,-10.049999999999997
2018-10-26,77.4,67.58,3.27,24.16,115.473,2.81,3.08,3.32,2.2,2.19,0.27,-9.820000000000007
2018-10-29,77.56,67.0,3.2,24.7,115.8936,2.81,3.08,3.33,2.2,2.18,0.27,-10.560000000000002
2018-10-30,75.68,66.18,3.27,23.35,116.2357,2.84,3.12,3.36,2.2,2.18,0.28000000000000025,-9.5
2018-10-31,74.84,65.31,3.31,21.23,116.5281,2.87,3.15,3.39,2.2,2.22,0.2799999999999998,-9.530000000000001
2018-11-01,71.25,63.67,3.36,19.34,115.8657,2.84,3.14,3.38,2.2,2.22,0.30000000000000027,-7.579999999999998
2018-11-02,71.11,63.12,3.26,19.51,115.643,2.91,3.22,3.46,2.19,2.25,0.31000000000000005,-7.990000000000002
2018-11-05,72.68,63.12,3.53,19.96,115.703,2.91,3.2,3.43,2.2,2.24,0.29000000000000004,-9.56000000000001
2018-11-06,70.64,62.16,3.53,19.91,115.5622,2.93,3.22,3.43,2.2,2.22,0.29000000000000004,-8.480000000000004
2018-11-07,70.1,61.69,3.54,16.36,115.2519,2.96,3.22,3.43,2.2,2.18,0.26000000000000023,-8.409999999999997
2018-11-08,69.29,60.71,3.54,16.72,115.6478,2.98,3.24,3.43,2.2,2.21,0.26000000000000023,-8.580000000000005
2018-11-09,69.01,60.19,3.74,17.36,116.4778,2.94,3.19,3.4,2.19,2.2,0.25,-8.820000000000007
2018-11-12,69.81,59.85,3.96,20.45,,,,,2.19,,,-9.96
2018-11-13,65.45,55.63,4.1,20.02,116.6694,2.89,3.14,3.36,2.2,2.2,0.25,-9.82
2018-11-14,64.88,56.16,4.1,21.25,116.498,2.86,3.12,3.35,2.2,2.2,0.26000000000000023,-8.719999999999999
2018-11-15,65.61,56.45,4.69,19.98,116.3861,2.86,3.11,3.36,2.2,2.28,0.25,-9.159999999999997
2018-11-16,65.29,56.49,4.3,18.14,115.9258,2.81,3.08,3.33,2.2,2.26,0.27,-8.800000000000004
2018-11-19,64.14,57.16,4.65,20.1,115.9859,2.79,3.06,3.32,2.2,2.24,0.27,-6.980000000000004
2018-11-20,61.5,53.39,4.65,22.48,116.2367,2.79,3.06,3.31,2.2,2.2,0.27,-8.11
2018-11-21,61.65,54.41,4.7,20.8,116.092,2.81,3.06,3.31,2.2,2.18,0.25,-7.240000000000002
2018-11-22,61.11,,,,,,,,2.2,,,
2018-11-23,57.69,,,21.52,116.4713,2.81,3.05,3.31,2.2,2.23,0.23999999999999977,
2018-11-26,59.7,51.46,4.28,18.9,116.6208,2.84,3.07,3.32,2.2,2.2,0.22999999999999998,-8.240000000000002
2018-11-27,59.58,51.31,4.28,19.02,116.9001,2.83,3.06,3.32,2.2,2.19,0.22999999999999998,-8.269999999999996
2018-11-28,57.97,50.06,4.5,18.49,116.8343,2.81,3.06,3.34,2.2,2.19,0.25,-7.909999999999997
2018-11-29,58.29,51.46,4.5,18.79,116.1961,2.81,3.03,3.33,2.2,2.24,0.21999999999999975,-6.829999999999998
2018-11-30,57.71,50.78,4.61,18.07,116.413,2.8,3.01,3.3,2.2,2.28,0.20999999999999996,-6.93
2018-12-03,60.17,52.98,4.4,16.44,115.9057,2.83,2.98,3.27,2.19,2.23,0.1499999999999999,-7.190000000000005
2018-12-04,61.22,53.21,4.4,20.74,116.0028,2.8,2.91,3.16,2.2,2.27,0.11000000000000032,-8.009999999999998
2018-12-05,61.4,52.64,4.69,,,,,,2.2,,,-8.759999999999998
2018-12-06,57.83,51.54,4.44,21.19,116.3991,2.75,2.87,3.14,2.2,2.34,0.1200000000000001,-6.289999999999999
2018-12-07,61.71,52.76,4.51,23.23,116.0847,2.72,2.85,3.14,2.19,2.3,0.1299999999999999,-8.950000000000003
2018-12-10,60.29,51.07,4.54,22.64,116.6746,2.72,2.85,3.13,2.2,2.22,0.1299999999999999,-9.219999999999999
2018-12-11,59.73,51.65,4.53,21.76,116.7564,2.78,2.89,3.13,2.19,2.19,0.11000000000000032,-8.079999999999998
2018-12-12,59.94,51.04,4.53,21.46,116.2214,2.77,2.91,3.15,2.19,2.2,0.14000000000000012,-8.899999999999999
2018-12-13,59.03,52.69,4.31,20.65,116.3974,2.75,2.91,3.16,2.19,2.21,0.16000000000000014,-6.340000000000003
2018-12-14,58.56,51.26,3.99,21.63,116.79,2.73,2.89,3.14,2.19,2.21,0.16000000000000014,-7.300000000000004
2018-12-17,57.59,49.8,3.8,24.52,116.4532,2.7,2.86,3.11,2.2,2.31,0.1599999999999997,-7.790000000000006
2018-12-18,55.26,46.12,3.8,25.58,116.4127,2.65,2.82,3.07,2.2,2.32,0.16999999999999993,-9.14
2018-12-19,55.6,47.96,3.64,25.58,116.0676,2.63,2.77,3.0,2.2,2.3,0.14000000000000012,-7.640000000000001
2018-12-20,52.84,45.64,3.7,28.38,116.0183,2.67,2.79,3.02,2.4,2.41,0.1200000000000001,-7.200000000000003
2018-12-21,51.93,45.38,3.7,30.11,116.2227,2.63,2.79,3.03,2.4,2.4,0.16000000000000014,-6.549999999999997
2018-12-24,,,,36.07,116.2182,2.55,2.74,3.0,2.4,2.41,0.1900000000000004,
2018-12-25,,,,,,,,,2.4,,,
2018-12-26,,46.04,3.42,30.41,116.1162,2.61,2.81,3.06,2.4,2.44,0.20000000000000018,
2018-12-27,51.49,44.48,3.1,29.96,115.9927,2.56,2.77,3.05,2.4,2.44,0.20999999999999996,-7.010000000000005
2018-12-28,50.57,45.15,3.25,28.34,115.7232,2.52,2.72,3.04,2.4,2.46,0.20000000000000018,-5.420000000000002
2018-12-31,,,,25.42,115.5674,2.48,2.69,3.02,2.4,3.0,0.20999999999999996,
2019-01-01,,,,,,,,,2.4,,,
2019-01-02,54.06,46.31,3.25,23.22,115.7689,2.5,2.66,2.97,2.4,3.15,0.16000000000000014,-7.75
2019-01-03,53.23,46.92,2.72,25.45,115.4622,2.39,2.56,2.92,2.4,2.7,0.16999999999999993,-6.309999999999995
2019-01-04,55.64,47.76,2.8,21.38,114.9821,2.5,2.67,2.98,2.4,2.45,0.16999999999999993,-7.880000000000003
2019-01-07,57.1,48.27,2.74,21.4,114.5628,2.53,2.7,2.99,2.4,2.41,0.17000000000000037,-8.829999999999998
2019-01-08,56.91,49.58,2.89,20.47,114.7281,2.58,2.73,3.0,2.4,2.42,0.1499999999999999,-7.329999999999998
2019-01-09,59.46,52.19,2.92,19.98,114.1406,2.56,2.74,3.03,2.4,2.45,0.18000000000000016,-7.270000000000003
2019-01-10,60.47,52.42,2.95,19.5,114.0496,2.56,2.74,3.06,2.4,2.43,0.18000000000000016,-8.049999999999997
2019-01-11,59.24,51.44,2.95,18.19,114.0404,2.55,2.71,3.04,2.4,2.41,0.16000000000000014,-7.800000000000004
2019-01-14,58.8,50.31,3.36,19.07,,2.53,2.71,3.06,2.4,2.4,0.18000000000000016,-8.489999999999995
2019-01-15,58.65,51.8,3.54,18.6,114.3402,2.53,2.72,3.08,2.4,2.46,0.1900000000000004,-6.850000000000001
2019-01-16,59.81,52.08,3.58,19.04,114.137,2.55,2.73,3.07,2.4,2.43,0.18000000000000016,-7.730000000000004
2019-01-17,59.85,51.83,3.58,18.06,114.4115,2.56,2.75,3.07,2.4,2.41,0.18999999999999995,-8.020000000000003
2019-01-18,62.04,53.6,3.43,17.8,114.558,2.62,2.79,3.09,2.4,2.42,0.16999999999999993,-8.439999999999998
2019-01-21,62.18,,,,,,,,2.4,,,
2019-01-22,60.9,52.59,3.43,20.8,114.7541,2.58,2.74,3.06,2.4,2.41,0.16000000000000014,-8.309999999999995
2019-01-23,61.05,52.44,3.13,19.52,114.5759,2.58,2.76,3.07,2.4,2.4,0.17999999999999972,-8.61
2019-01-24,61.09,52.94,3.13,18.89,114.617,2.56,2.72,3.04,2.4,2.41,0.16000000000000014,-8.150000000000006
2019-01-25,61.49,53.53,3.07,17.42,114.0197,2.6,2.76,3.06,2.4,2.4,0.1599999999999997,-7.960000000000001
2019-01-28,59.71,51.79,3.05,18.87,114.0522,2.6,2.75,3.06,2.4,2.39,0.1499999999999999,-7.920000000000002
2019-01-29,60.98,53.07,2.94,19.13,114.026,2.56,2.72,3.04,2.4,2.4,0.16000000000000014,-7.909999999999997
2019-01-30,61.89,54.18,3.0,17.66,114.0731,2.52,2.7,3.06,2.4,2.39,0.18000000000000016,-7.710000000000001
2019-01-31,62.46,53.84,2.82,16.57,113.5504,2.45,2.63,2.99,2.4,2.58,0.17999999999999972,-8.619999999999997
2019-02-01,61.86,55.29,2.7,16.14,113.7548,2.52,2.7,3.03,2.4,2.47,0.18000000000000016,-6.57
2019-02-04,62.26,54.57,2.57,15.73,113.8766,2.53,2.73,3.06,2.4,2.4,0.20000000000000018,-7.689999999999998
2019-02-05,61.67,53.69,2.54,15.57,114.0431,2.53,2.71,3.03,2.4,2.4,0.18000000000000016,-7.980000000000004
2019-02-06,62.22,53.94,2.58,15.38,114.2305,2.52,2.7,3.03,2.4,2.38,0.18000000000000016,-8.280000000000001
2019-02-07,61.01,52.68,2.62,16.37,114.4339,2.48,2.65,3.0,2.4,2.38,0.16999999999999993,-8.329999999999998
2019-02-08,61.37,52.75,2.66,15.72,114.5003,2.45,2.63,2.97,2.4,2.37,0.17999999999999972,-8.619999999999997
2019-02-11,61.3,52.43,2.76,15.97,115.031,2.48,2.65,3.0,2.4,2.4,0.16999999999999993,-8.869999999999997
2019-02-12,62.58,53.14,2.71,15.43,114.7297,2.5,2.68,3.02,2.4,2.39,0.18000000000000016,-9.439999999999998
2019-02-13,63.27,53.84,2.61,15.65,114.9407,2.53,2.71,3.04,2.4,2.38,0.18000000000000016,-9.43
2019-02-14,64.0,54.4,2.61,16.22,115.1007,2.5,2.66,3.01,2.4,2.39,0.16000000000000014,-9.600000000000001
2019-02-15,65.65,55.58,2.59,14.91,114.9923,2.52,2.66,3.0,2.4,2.43,0.14000000000000012,-10.070000000000007
2019-02-18,66.41,,,,,,,,2.4,,,
2019-02-19,65.86,56.12,2.69,14.88,114.57,2.5,2.65,2.99,2.4,2.4,0.1499999999999999,-9.740000000000002
2019-02-20,66.82,56.9,2.69,14.02,,2.5,2.65,3.0,2.4,2.39,0.1499999999999999,-9.919999999999995
2019-02-21,66.91,56.95,2.73,14.46,114.5091,2.53,2.69,3.05,2.4,2.39,0.16000000000000014,-9.959999999999994
2019-02-22,66.91,57.01,2.74,13.51,114.2716,2.48,2.65,3.02,2.4,2.4,0.16999999999999993,-9.899999999999999
2019-02-25,64.02,55.32,2.84,14.85,114.1457,2.51,2.67,3.03,2.4,2.38,0.16000000000000014,-8.699999999999996
2019-02-26,64.51,55.4,2.74,15.17,114.0687,2.48,2.64,3.01,2.4,2.38,0.16000000000000014,-9.110000000000007
2019-02-27,65.55,56.92,2.89,14.7,114.0363,2.5,2.69,3.07,2.4,2.37,0.18999999999999995,-8.629999999999995
2019-02-28,65.03,57.21,2.89,14.78,114.1991,2.52,2.73,3.09,2.4,2.58,0.20999999999999996,-7.82
2019-03-01,63.71,55.76,3.19,13.57,114.537,2.55,2.76,3.13,2.4,2.38,0.20999999999999996,-7.950000000000003
2019-03-04,64.44,56.6,4.25,14.63,114.6925,2.55,2.72,3.09,2.4,2.38,0.17000000000000037,-7.839999999999996
2019-03-05,64.24,56.55,3.18,14.74,114.804,2.55,2.72,3.08,2.4,2.38,0.17000000000000037,-7.689999999999998
2019-03-06,64.51,56.22,3.18,15.74,114.9714,2.52,2.69,3.06,2.4,2.38,0.16999999999999993,-8.290000000000006
2019-03-07,64.82,56.6,2.9,16.59,115.4919,2.47,2.64,3.03,2.4,2.38,0.16999999999999993,-8.219999999999992
2019-03-08,65.66,55.77,2.9,16.05,115.3599,2.45,2.62,3.0,2.4,2.39,0.16999999999999993,-9.889999999999993
2019-03-11,65.06,56.79,2.86,14.33,115.2967,2.47,2.64,3.03,2.4,2.38,0.16999999999999993,-8.270000000000003
2019-03-12,65.33,56.89,2.83,13.77,114.939,2.45,2.61,3.0,2.4,2.39,0.1599999999999997,-8.439999999999998
2019-03-13,65.89,58.27,2.87,13.41,114.7372,2.45,2.61,3.02,2.4,2.4,0.1599999999999997,-7.619999999999997
2019-03-14,66.18,58.59,2.95,13.5,114.79,2.46,2.63,3.04,2.4,2.42,0.16999999999999993,-7.590000000000003
2019-03-15,66.11,58.51,2.95,12.88,114.5815,2.43,2.59,3.02,2.4,2.46,0.1599999999999997,-7.600000000000001
2019-03-18,66.65,59.09,2.9,13.1,114.4375,2.45,2.6,3.01,2.4,2.41,0.1499999999999999,-7.560000000000002
2019-03-19,67.13,59.12,2.92,13.56,114.2324,2.46,2.61,3.02,2.4,2.42,0.1499999999999999,-8.009999999999998
2019-03-20,68.35,60.12,2.86,13.91,114.1509,2.4,2.54,2.98,2.41,2.47,0.14000000000000012,-8.229999999999997
2019-03-21,68.3,59.98,2.86,13.63,114.1684,2.41,2.54,2.96,2.41,2.44,0.1299999999999999,-8.32
2019-03-22,66.29,58.87,2.75,16.48,114.6856,2.31,2.44,2.88,2.41,2.4,0.1299999999999999,-7.420000000000009
2019-03-25,67.37,58.71,2.72,16.33,114.4171,2.26,2.43,2.87,2.4,2.4,0.17000000000000037,-8.660000000000004
2019-03-26,67.51,59.87,2.74,14.68,114.6414,2.24,2.41,2.86,2.4,2.4,0.16999999999999993,-7.640000000000008
2019-03-27,67.35,59.39,2.69,15.15,115.1243,2.22,2.39,2.83,2.41,2.4,0.16999999999999993,-7.959999999999994
2019-03-28,66.08,59.29,2.69,14.43,115.2581,2.23,2.39,2.81,2.41,2.43,0.16000000000000014,-6.789999999999999
2019-03-29,67.93,60.19,2.73,13.71,115.1371,2.27,2.41,2.81,2.43,2.65,0.14000000000000012,-7.740000000000009
2019-04-01,69.08,61.59,2.73,13.4,114.9362,2.33,2.49,2.89,2.41,2.46,0.16000000000000014,-7.489999999999995
2019-04-02,69.68,62.53,2.76,13.36,115.1173,2.3,2.48,2.88,2.41,2.46,0.18000000000000016,-7.150000000000006
2019-04-03,69.21,62.46,2.74,13.74,114.7211,2.33,2.52,2.93,2.41,2.47,0.18999999999999995,-6.749999999999993
2019-04-04,69.8,62.12,2.66,13.58,114.9697,2.33,2.51,2.92,2.41,2.46,0.17999999999999972,-7.68
2019-04-05,69.93,63.1,2.62,12.82,114.9726,2.35,2.5,2.91,2.41,2.46,0.1499999999999999,-6.830000000000005
2019-04-08,71.12,64.37,2.72,13.18,114.6893,2.36,2.52,2.93,2.41,2.46,0.16000000000000014,-6.75
2019-04-09,71.02,64.05,2.71,14.28,114.5321,2.35,2.51,2.92,2.41,2.45,0.1599999999999997,-6.969999999999999
2019-04-10,71.63,64.62,2.72,13.3,114.4269,2.31,2.48,2.9,2.41,2.45,0.16999999999999993,-7.009999999999991
2019-04-11,71.3,63.61,2.72,13.02,114.6303,2.35,2.51,2.94,2.41,2.44,0.1599999999999997,-7.689999999999998
2019-04-12,71.57,63.86,2.75,12.01,114.3531,2.4,2.56,2.97,2.41,2.44,0.16000000000000014,-7.709999999999994
2019-04-15,70.9,63.43,2.75,12.32,114.495,2.4,2.55,2.96,2.41,2.47,0.1499999999999999,-7.470000000000006
2019-04-16,70.74,64.01,2.66,12.18,114.6756,2.41,2.6,2.99,2.41,2.47,0.18999999999999995,-6.72999999999999
2019-04-17,71.14,63.74,2.55,12.6,114.5141,2.4,2.59,2.99,2.42,2.5,0.18999999999999995,-7.399999999999999
2019-04-18,70.71,64.02,2.54,12.09,114.7073,2.38,2.57,2.96,2.43,2.5,0.18999999999999995,-6.689999999999998
2019-04-19,,,,,114.6977,,,,2.44,,,
2019-04-22,70.71,65.66,2.61,12.42,114.7694,2.38,2.59,2.99,2.44,2.46,0.20999999999999996,-5.049999999999997
2019-04-23,74.39,66.24,2.53,12.28,115.1578,2.36,2.57,2.98,2.44,2.46,0.20999999999999996,-8.150000000000006
2019-04-24,73.59,65.96,2.53,13.14,115.4187,2.32,2.53,2.94,2.44,2.44,0.20999999999999996,-7.63000000000001
2019-04-25,74.94,65.23,2.54,13.25,115.7709,2.33,2.54,2.94,2.44,2.45,0.20999999999999996,-9.709999999999994
2019-04-26,71.03,63.29,2.58,12.73,115.4767,2.28,2.51,2.92,2.44,2.46,0.22999999999999998,-7.740000000000002
2019-04-29,71.22,63.39,2.58,13.11,115.5227,2.3,2.54,2.96,2.45,2.48,0.2400000000000002,-7.829999999999998
2019-04-30,72.19,63.83,2.59,13.12,115.3281,2.27,2.51,2.93,2.45,2.76,0.23999999999999977,-8.36
2019-05-01,72.01,63.55,2.59,14.8,115.0022,2.31,2.52,2.92,2.45,2.54,0.20999999999999996,-8.460000000000008
2019-05-02,70.56,61.75,2.63,14.42,115.5617,2.35,2.55,2.94,2.41,2.5,0.19999999999999973,-8.810000000000002
2019-05-03,71.95,61.98,2.59,12.87,115.2646,2.33,2.54,2.93,2.4,2.43,0.20999999999999996,-9.970000000000006
2019-05-06,71.95,62.3,2.54,15.44,115.3811,2.31,2.51,2.91,2.4,2.42,0.19999999999999973,-9.650000000000006
2019-05-07,70.98,61.41,2.54,19.32,115.6116,2.28,2.45,2.86,2.4,2.44,0.17000000000000037,-9.570000000000007
2019-05-08,71.09,62.13,2.64,19.4,115.5171,2.3,2.49,2.89,2.39,2.43,0.1900000000000004,-8.96
2019-05-09,70.61,61.58,2.62,19.1,115.8421,2.26,2.45,2.87,2.38,2.41,0.1900000000000004,-9.030000000000001
2019-05-10,71.63,61.65,2.64,16.04,115.5334,2.26,2.47,2.89,2.38,2.4,0.2100000000000004,-9.979999999999997
2019-05-13,72.35,60.97,2.71,20.55,115.915,2.18,2.4,2.83,2.38,2.38,0.21999999999999975,-11.379999999999995
2019-05-14,72.53,61.82,2.7,18.06,115.9425,2.2,2.42,2.86,2.38,2.39,0.21999999999999975,-10.71
2019-05-15,73.09,62.03,2.69,16.44,115.8565,2.16,2.37,2.82,2.4,2.48,0.20999999999999996,-11.060000000000002
2019-05-16,74.7,62.93,2.62,15.29,116.0346,2.2,2.4,2.84,2.39,2.43,0.19999999999999973,-11.770000000000003
2019-05-17,73.94,62.77,2.61,15.96,116.448,2.2,2.39,2.82,2.39,2.42,0.18999999999999995,-11.169999999999995
2019-05-20,73.21,63.12,2.7,16.31,116.3119,2.21,2.41,2.83,2.39,2.39,0.20000000000000018,-10.089999999999996
2019-05-21,72.94,63.02,2.73,14.95,116.2844,2.26,2.43,2.84,2.39,2.38,0.17000000000000037,-9.919999999999995
2019-05-22,71.94,61.42,2.73,14.75,116.2412,2.23,2.39,2.82,2.38,2.37,0.16000000000000014,-10.519999999999996
2019-05-23,68.37,57.65,2.56,16.92,116.2368,2.12,2.31,2.75,2.38,2.37,0.18999999999999995,-10.720000000000006
2019-05-24,67.98,58.4,2.6,15.85,116.0806,2.16,2.32,2.75,2.38,2.37,0.1599999999999997,-9.580000000000005
2019-05-27,,,,,,,,,2.38,,,
2019-05-28,70.19,58.91,2.65,17.5,116.3174,2.12,2.26,2.7,2.39,2.41,0.13999999999999968,-11.280000000000001
2019-05-29,70.64,58.84,2.69,17.9,116.5535,2.09,2.25,2.69,2.39,2.4,0.16000000000000014,-11.799999999999997
2019-05-30,69.55,56.47,2.69,17.3,116.3989,2.06,2.22,2.65,2.39,2.4,0.16000000000000014,-13.079999999999998
2019-05-31,66.78,53.49,2.59,18.71,116.7273,1.95,2.14,2.58,2.4,2.49,0.19000000000000017,-13.29
2019-06-03,63.16,53.25,2.5,18.86,116.4764,1.82,2.07,2.53,2.38,2.4,0.24999999999999978,-9.909999999999997
2019-06-04,63.56,53.5,2.45,16.97,116.091,1.88,2.12,2.6,2.38,2.39,0.2400000000000002,-10.060000000000002
2019-06-05,62.14,51.57,2.45,16.09,116.03,1.83,2.12,2.63,2.38,2.4,0.29000000000000004,-10.57
2019-06-06,62.77,52.59,2.4,15.93,115.9771,1.88,2.12,2.62,2.37,2.4,0.2400000000000002,-10.18
2019-06-07,64.1,53.95,2.43,16.3,115.7368,1.85,2.09,2.57,2.37,2.39,0.23999999999999977,-10.149999999999991
2019-06-10,64.31,53.33,2.42,15.94,115.5001,1.9,2.15,2.62,2.37,2.39,0.25,-10.980000000000004
2019-06-11,63.56,53.3,2.41,15.99,115.3794,1.93,2.15,2.62,2.37,2.38,0.21999999999999997,-10.260000000000005
2019-06-12,61.66,51.13,2.43,15.91,115.438,1.88,2.13,2.62,2.37,2.37,0.25,-10.529999999999994
2019-06-13,63.28,52.38,2.43,15.82,115.6275,1.83,2.1,2.61,2.37,2.35,0.27,-10.899999999999999
2019-06-14,63.13,52.47,2.37,15.28,115.9057,1.84,2.09,2.59,2.36,2.35,0.24999999999999978,-10.660000000000004
2019-06-17,62.56,51.94,2.46,15.35,115.9684,1.86,2.09,2.58,2.38,2.41,0.22999999999999976,-10.620000000000005
2019-06-18,63.35,53.86,2.44,15.15,115.8797,1.86,2.06,2.55,2.37,2.39,0.19999999999999996,-9.490000000000002
2019-06-19,62.85,53.74,2.43,14.33,115.7889,1.74,2.03,2.54,2.37,2.36,0.2899999999999998,-9.11
2019-06-20,65.44,56.88,2.38,14.75,114.8046,1.72,2.01,2.53,2.37,2.36,0.2899999999999998,-8.559999999999995
2019-06-21,65.99,57.35,2.27,15.4,114.8377,1.77,2.07,2.59,2.38,2.37,0.2999999999999998,-8.639999999999993
2019-06-24,65.16,57.73,2.31,15.26,114.6559,1.72,2.02,2.55,2.38,2.39,0.30000000000000004,-7.43
2019-06-25,66.24,57.63,2.31,16.28,114.6363,1.71,2.0,2.53,2.38,2.41,0.29000000000000004,-8.609999999999992
2019-06-26,66.85,59.17,2.34,16.21,114.5608,1.77,2.05,2.57,2.38,2.43,0.2799999999999998,-7.679999999999993
2019-06-27,66.78,59.18,2.32,15.82,114.665,1.74,2.01,2.52,2.38,2.42,0.2699999999999998,-7.600000000000001
2019-06-28,67.52,58.2,2.42,15.08,114.5821,1.75,2.0,2.52,2.4,2.5,0.25,-9.319999999999993
2019-07-01,65.1,58.91,2.33,14.06,114.7239,1.78,2.03,2.55,2.39,2.42,0.24999999999999978,-6.189999999999998
2019-07-02,62.72,56.0,2.3,12.93,114.8258,1.77,1.98,2.51,2.4,2.51,0.20999999999999996,-6.719999999999999
2019-07-03,63.53,57.06,2.29,12.57,114.8135,1.77,1.96,2.47,2.41,2.56,0.18999999999999995,-6.469999999999999
2019-07-04,63.62,,,,,,,,2.41,,,
2019-07-05,64.23,,,13.28,115.1132,1.87,2.04,2.54,2.42,2.59,0.16999999999999993,
2019-07-08,64.89,57.35,2.39,13.96,115.0254,1.88,2.05,2.53,2.41,2.48,0.16999999999999993,-7.539999999999999
2019-07-09,64.3,57.57,2.41,14.09,115.1017,1.92,2.07,2.54,2.41,2.45,0.1499999999999999,-6.729999999999997
2019-07-10,66.41,60.28,2.49,13.03,115.0879,1.82,2.07,2.57,2.41,2.46,0.24999999999999978,-6.1299999999999955
2019-07-11,67.64,59.93,2.54,12.93,114.8361,1.85,2.13,2.65,2.4,2.41,0.2799999999999998,-7.710000000000001
2019-07-12,66.65,59.99,2.54,12.39,114.7685,1.84,2.12,2.64,2.38,2.36,0.28,-6.660000000000004
2019-07-15,66.86,59.3,2.53,12.68,114.6819,1.83,2.09,2.61,2.4,2.46,0.2599999999999998,-7.560000000000002
2019-07-16,65.87,57.44,2.53,12.86,115.0111,1.87,2.13,2.63,2.41,2.47,0.2599999999999998,-8.430000000000007
2019-07-17,63.67,56.5,2.44,13.97,114.8819,1.83,2.06,2.57,2.41,2.47,0.22999999999999998,-7.170000000000002
2019-07-18,60.7,55.08,2.38,13.53,114.8744,1.77,2.04,2.56,2.41,2.46,0.27,-5.6200000000000045
2019-07-19,61.04,55.42,2.3,14.45,114.8695,1.8,2.05,2.57,2.41,2.41,0.24999999999999978,-5.619999999999997
2019-07-22,61.96,55.87,2.33,13.53,115.0018,1.8,2.05,2.58,2.4,2.4,0.24999999999999978,-6.090000000000003
2019-07-23,62.28,56.58,2.34,12.61,115.2995,1.83,2.08,2.61,2.4,2.4,0.25,-5.700000000000003
2019-07-24,63.83,55.9,2.33,12.07,115.2436,1.83,2.05,2.58,2.4,2.41,0.21999999999999975,-7.93
2019-07-25,63.47,55.88,2.26,12.74,115.2982,1.86,2.08,2.6,2.4,2.42,0.21999999999999997,-7.589999999999996
2019-07-26,62.46,56.04,2.23,12.16,115.5449,1.86,2.08,2.59,2.4,2.41,0.21999999999999997,-6.420000000000002
2019-07-29,62.29,56.85,2.23,12.83,115.5885,1.85,2.06,2.59,2.4,2.4,0.20999999999999996,-5.439999999999998
2019-07-30,62.55,58.04,2.22,13.94,115.6211,1.85,2.06,2.58,2.39,2.39,0.20999999999999996,-4.509999999999998
2019-07-31,64.07,58.53,2.28,16.12,115.4946,1.89,2.02,2.53,2.4,2.55,0.13000000000000012,-5.539999999999992
2019-08-01,62.9,53.64,2.36,17.87,116.0499,1.73,1.9,2.44,2.14,2.19,0.16999999999999993,-9.259999999999998
2019-08-02,61.12,55.67,2.12,17.61,116.1864,1.72,1.86,2.39,2.14,2.19,0.14000000000000012,-5.449999999999996
2019-08-05,59.32,54.63,2.02,24.59,116.5851,1.59,1.75,2.3,2.13,2.13,0.15999999999999992,-4.689999999999998
2019-08-06,58.63,53.6,2.15,20.17,116.6904,1.6,1.73,2.25,2.13,2.11,0.1299999999999999,-5.030000000000001
2019-08-07,55.03,51.14,2.18,19.49,116.7987,1.59,1.71,2.22,2.12,2.1,0.11999999999999988,-3.8900000000000006
2019-08-08,56.29,52.6,2.13,16.91,116.474,1.62,1.72,2.25,2.12,2.09,0.09999999999999987,-3.6899999999999977
2019-08-09,57.37,54.41,2.09,17.97,116.4419,1.63,1.74,2.26,2.12,2.11,0.1100000000000001,-2.960000000000001
2019-08-12,57.13,54.98,2.21,21.09,116.7548,1.58,1.65,2.14,2.12,2.12,0.06999999999999984,-2.1500000000000057
2019-08-13,59.9,57.05,2.24,17.52,116.7267,1.66,1.68,2.15,2.12,2.16,0.020000000000000018,-2.8500000000000014
2019-08-14,57.86,55.16,2.22,22.1,117.0913,1.58,1.59,2.03,2.12,2.13,0.010000000000000009,-2.700000000000003
2019-08-15,57.37,54.51,2.19,21.18,117.2239,1.48,1.52,1.98,2.13,2.18,0.040000000000000036,-2.8599999999999994
2019-08-16,59.0,54.83,2.2,18.47,117.0786,1.48,1.55,2.01,2.13,2.13,0.07000000000000006,-4.170000000000002
2019-08-19,59.79,56.24,2.26,16.88,117.3886,1.53,1.6,2.08,2.13,2.11,0.07000000000000006,-3.549999999999997
2019-08-20,59.03,56.18,2.35,17.5,117.3726,1.5,1.55,2.04,2.13,2.13,0.050000000000000044,-2.8500000000000014
2019-08-21,60.6,55.65,2.31,15.8,117.1764,1.56,1.59,2.07,2.12,2.1,0.030000000000000027,-4.950000000000003
2019-08-22,59.81,55.33,2.28,16.68,117.3558,1.61,1.62,2.11,2.12,2.09,0.010000000000000009,-4.480000000000004
2019-08-23,58.64,54.08,2.15,19.87,117.3009,1.51,1.52,2.02,2.12,2.1,0.010000000000000009,-4.560000000000002
2019-08-26,58.64,53.54,2.23,19.32,117.6658,1.54,1.54,2.04,2.12,2.1,0.0,-5.100000000000001
2019-08-27,58.44,54.99,2.24,20.31,117.75,1.53,1.49,1.97,2.12,2.15,-0.040000000000000036,-3.4499999999999957
2019-08-28,60.42,55.76,2.24,19.35,117.8767,1.5,1.47,1.94,2.12,2.12,-0.030000000000000027,-4.660000000000004
2019-08-29,60.59,56.67,2.36,17.88,118.0625,1.53,1.5,1.97,2.12,2.12,-0.030000000000000027,-3.9200000000000017
2019-08-30,61.04,55.07,2.33,18.98,118.1575,1.5,1.5,1.96,2.13,2.16,0.0,-5.969999999999999
2019-09-02,58.55,,,,,,,,2.13,,,
2019-09-03,57.93,53.91,2.39,19.66,118.3113,1.47,1.47,1.95,2.13,2.17,0.0,-4.020000000000003
2019-09-04,60.68,56.22,2.48,17.33,117.6729,1.43,1.47,1.97,2.13,2.21,0.040000000000000036,-4.460000000000001
2019-09-05,62.7,56.33,2.49,16.27,117.4776,1.55,1.57,2.06,2.13,2.21,0.020000000000000018,-6.3700000000000045
2019-09-06,61.28,56.45,2.49,15.0,117.1292,1.53,1.55,2.02,2.12,2.15,0.020000000000000018,-4.829999999999998
2019-09-09,63.99,57.88,2.65,15.27,117.0601,1.58,1.63,2.11,2.13,2.12,0.04999999999999982,-6.109999999999999
2019-09-10,64.67,57.37,2.67,15.2,117.0887,1.67,1.72,2.19,2.13,2.14,0.050000000000000044,-7.300000000000004
2019-09-11,63.02,55.66,2.63,14.61,117.3125,1.68,1.75,2.22,2.13,2.15,0.07000000000000006,-7.3600000000000065
2019-09-12,60.76,55.13,2.62,14.22,116.8375,1.72,1.79,2.22,2.13,2.2,0.07000000000000006,-5.6299999999999955
2019-09-13,61.25,54.76,2.61,13.74,116.7677,1.79,1.9,2.37,2.14,2.2,0.10999999999999988,-6.490000000000002
2019-09-16,68.42,63.1,2.75,14.67,117.0251,1.74,1.84,2.31,2.25,2.43,0.10000000000000009,-5.32
2019-09-17,65.59,59.26,2.7,14.44,116.9826,1.72,1.81,2.27,2.3,5.25,0.09000000000000008,-6.330000000000005
2019-09-18,64.29,58.19,2.72,13.95,116.9766,1.77,1.8,2.25,2.25,2.55,0.030000000000000027,-6.1000000000000085
2019-09-19,64.25,58.19,2.65,14.05,117.0861,1.74,1.79,2.22,1.9,1.95,0.050000000000000044,-6.060000000000002
2019-09-20,65.23,57.92,2.34,15.32,117.1819,1.69,1.74,2.17,1.9,1.86,0.050000000000000044,-7.310000000000002
2019-09-23,64.66,58.69,2.55,14.91,117.2986,1.68,1.72,2.16,1.9,1.85,0.040000000000000036,-5.969999999999999
2019-09-24,64.13,57.22,2.55,17.05,117.2227,1.6,1.64,2.09,1.9,1.96,0.039999999999999813,-6.909999999999997
2019-09-25,62.41,56.38,2.54,15.96,117.6527,1.68,1.73,2.18,1.9,2.01,0.050000000000000044,-6.029999999999994
2019-09-26,62.08,56.24,2.57,16.07,117.7267,1.66,1.7,2.15,1.85,1.85,0.040000000000000036,-5.839999999999996
2019-09-27,62.48,55.95,2.41,17.22,117.7218,1.63,1.69,2.13,1.83,1.82,0.06000000000000005,-6.529999999999994
2019-09-30,60.99,54.09,2.37,16.24,117.9461,1.63,1.68,2.12,1.9,2.35,0.050000000000000044,-6.899999999999999
2019-10-01,60.06,53.6,2.36,18.56,117.9595,1.56,1.65,2.11,1.88,1.88,0.08999999999999986,-6.460000000000001
2019-10-02,57.92,52.67,2.36,20.56,117.9671,1.48,1.6,2.09,1.85,1.85,0.1200000000000001,-5.25
2019-10-03,58.01,52.41,2.31,19.12,117.6608,1.39,1.54,2.04,1.83,1.84,0.15000000000000013,-5.600000000000001
2019-10-04,59.13,52.84,2.25,17.04,117.5288,1.4,1.52,2.01,1.82,1.82,0.1200000000000001,-6.289999999999999
2019-10-07,59.46,52.76,2.36,17.86,117.5533,1.46,1.56,2.05,1.82,1.83,0.10000000000000009,-6.700000000000003
2019-10-08,58.14,52.64,2.29,20.28,117.7407,1.42,1.54,2.04,1.82,1.85,0.1200000000000001,-5.5
2019-10-09,59.7,52.63,2.26,18.64,117.6835,1.47,1.59,2.08,1.82,1.85,0.1200000000000001,-7.07
2019-10-10,59.08,53.57,2.26,17.57,117.2801,1.53,1.67,2.16,1.82,1.85,0.1399999999999999,-5.509999999999998
2019-10-11,60.59,54.76,2.13,15.58,116.8239,1.63,1.76,2.22,1.82,1.85,0.13000000000000012,-5.830000000000005
2019-10-14,58.81,53.57,2.13,14.57,,,,,1.82,,,-5.240000000000002
2019-10-15,59.19,52.81,2.29,13.54,116.8111,1.61,1.77,2.23,1.9,2.0,0.15999999999999992,-6.3799999999999955
2019-10-16,59.3,53.42,2.44,13.68,116.6425,1.58,1.75,2.23,1.9,2.05,0.16999999999999993,-5.8799999999999955
2019-10-17,59.35,53.89,2.29,13.79,116.2615,1.6,1.76,2.24,1.85,1.95,0.15999999999999992,-5.460000000000001
2019-10-18,59.96,53.75,2.08,14.25,116.1344,1.58,1.76,2.25,1.85,1.88,0.17999999999999994,-6.210000000000001
2019-10-21,58.95,53.28,2.13,14.0,116.0436,1.62,1.8,2.28,1.85,1.86,0.17999999999999994,-5.670000000000002
2019-10-22,60.5,54.21,2.21,14.46,115.9851,1.6,1.78,2.26,1.85,1.87,0.17999999999999994,-6.289999999999999
2019-10-23,60.52,55.9,2.34,14.01,116.0586,1.58,1.77,2.25,1.85,1.87,0.18999999999999995,-4.6200000000000045
2019-10-24,61.71,56.11,2.33,13.71,116.1278,1.58,1.77,2.26,1.85,1.86,0.18999999999999995,-5.600000000000001
2019-10-25,62.06,56.52,2.26,12.65,116.0774,1.63,1.8,2.29,1.83,1.84,0.17000000000000015,-5.539999999999999
2019-10-28,60.39,55.6,2.49,13.11,116.0222,1.64,1.85,2.34,1.83,1.82,0.2100000000000002,-4.789999999999999
2019-10-29,61.05,55.34,2.61,13.2,115.9797,1.64,1.84,2.33,1.82,1.81,0.20000000000000018,-5.709999999999994
2019-10-30,60.22,54.85,2.71,12.33,116.1636,1.61,1.78,2.26,1.82,1.82,0.16999999999999993,-5.369999999999997
2019-10-31,59.3,54.02,2.73,13.22,115.9125,1.52,1.69,2.17,1.58,1.76,0.16999999999999993,-5.279999999999994
2019-11-01,60.17,56.04,2.54,12.3,115.7312,1.56,1.73,2.21,1.57,1.58,0.16999999999999993,-4.130000000000003
2019-11-04,62.52,56.33,2.77,12.83,115.8624,1.6,1.79,2.27,1.56,1.56,0.18999999999999995,-6.190000000000005
2019-11-05,62.72,57.04,2.77,13.1,116.1138,1.63,1.86,2.34,1.56,1.58,0.2300000000000002,-5.68
2019-11-06,62.11,56.15,2.82,12.62,116.1004,1.61,1.81,2.3,1.55,1.57,0.19999999999999996,-5.960000000000001
2019-11-07,62.6,56.91,2.84,12.73,116.1172,1.68,1.92,2.4,1.55,1.56,0.24,-5.690000000000005
2019-11-08,62.0,57.02,2.87,12.07,116.3436,1.68,1.94,2.43,1.55,1.56,0.26,-4.979999999999997
2019-11-11,62.58,,,12.69,,,,,1.55,,,
2019-11-12,62.19,56.67,2.72,12.68,116.5837,1.66,1.92,2.39,1.55,1.57,0.26,-5.519999999999996
2019-11-13,62.27,56.88,2.66,13.0,116.8397,1.63,1.88,2.36,1.55,1.57,0.25,-5.390000000000001
2019-11-14,62.46,56.57,2.68,13.05,116.8022,1.58,1.82,2.31,1.55,1.58,0.24,-5.890000000000001
2019-11-15,63.32,57.54,2.7,12.05,116.4401,1.61,1.84,2.31,1.55,1.59,0.22999999999999998,-5.780000000000001
2019-11-18,62.82,56.82,2.64,12.46,116.3625,1.6,1.81,2.3,1.55,1.56,0.20999999999999996,-6.0
2019-11-19,62.37,54.93,2.53,12.86,116.5391,1.6,1.79,2.26,1.55,1.57,0.18999999999999995,-7.439999999999998
2019-11-20,63.8,56.71,2.56,12.78,116.828,1.56,1.73,2.2,1.55,1.57,0.16999999999999993,-7.089999999999996
2019-11-21,64.99,58.36,2.53,13.13,116.7435,1.6,1.77,2.24,1.55,1.58,0.16999999999999993,-6.6299999999999955
2019-11-22,64.83,57.68,2.62,12.34,116.9137,1.61,1.77,2.22,1.55,1.58,0.15999999999999992,-7.149999999999999
2019-11-25,64.67,57.79,2.51,11.87,117.0098,1.61,1.76,2.21,1.55,1.56,0.1499999999999999,-6.880000000000003
2019-11-26,64.82,58.25,2.51,11.54,117.0513,1.58,1.74,2.18,1.55,1.54,0.15999999999999992,-6.569999999999993
2019-11-27,65.03,58.12,2.46,11.75,117.1273,1.63,1.77,2.19,1.55,1.55,0.14000000000000012,-6.910000000000004
2019-11-28,64.68,,,,,,,,1.55,,,
2019-11-29,64.5,58.12,2.46,12.62,117.1204,1.61,1.78,2.21,1.56,1.65,0.16999999999999993,-6.380000000000003
2019-12-02,63.2,55.97,2.29,14.91,116.9647,1.61,1.83,2.28,1.56,1.63,0.21999999999999997,-7.230000000000004
2019-12-03,62.95,56.15,2.42,15.96,116.8898,1.53,1.72,2.17,1.55,1.55,0.18999999999999995,-6.800000000000004
2019-12-04,65.25,58.46,2.43,14.8,116.692,1.58,1.77,2.22,1.55,1.54,0.18999999999999995,-6.789999999999999
2019-12-05,65.67,58.42,2.42,14.52,116.3838,1.58,1.8,2.24,1.55,1.55,0.21999999999999997,-7.25
2019-12-06,66.5,59.2,2.31,13.62,116.5381,1.61,1.84,2.29,1.55,1.55,0.22999999999999998,-7.299999999999997
2019-12-09,66.44,58.99,2.17,15.86,116.3283,1.63,1.83,2.27,1.55,1.56,0.20000000000000018,-7.449999999999996
2019-12-10,66.57,59.22,2.18,15.68,116.2542,1.65,1.85,2.26,1.55,1.55,0.20000000000000018,-7.349999999999994
2019-12-11,65.37,58.74,2.28,14.99,116.1478,1.61,1.79,2.23,1.55,1.54,0.17999999999999994,-6.630000000000003
2019-12-12,66.67,59.18,2.28,13.94,115.8741,1.66,1.9,2.32,1.55,1.53,0.24,-7.490000000000002
2019-12-13,67.44,60.11,2.28,12.63,115.6967,1.61,1.82,2.26,1.55,1.54,0.20999999999999996,-7.329999999999998
2019-12-16,68.04,60.21,2.34,12.14,115.555,1.65,1.89,2.3,1.56,1.62,0.24,-7.830000000000005
2019-12-17,68.99,60.88,2.3,12.29,115.5553,1.63,1.89,2.31,1.55,1.54,0.26,-8.109999999999992
2019-12-18,69.12,60.93,2.26,12.58,115.6618,1.63,1.92,2.35,1.55,1.53,0.29000000000000004,-8.190000000000005
2019-12-19,69.7,61.3,2.21,12.5,115.5988,1.62,1.92,2.35,1.55,1.53,0.2999999999999998,-8.400000000000006
2019-12-20,68.66,60.43,2.27,12.51,115.7598,1.63,1.92,2.34,1.55,1.53,0.29000000000000004,-8.229999999999997
2019-12-23,67.49,60.51,2.17,12.61,115.8059,1.64,1.93,2.35,1.55,1.52,0.29000000000000004,-6.979999999999997
2019-12-24,69.26,61.17,2.11,12.67,,1.62,1.9,2.33,1.55,1.52,0.2799999999999998,-8.090000000000003
2019-12-25,,,,,,,,,1.55,,,
2019-12-26,69.26,61.72,2.09,12.65,115.634,1.64,1.9,2.33,1.55,1.52,0.26,-7.540000000000006
2019-12-27,68.91,61.76,1.75,13.43,115.22,1.59,1.88,2.32,1.55,1.53,0.2899999999999998,-7.149999999999999
2019-12-30,68.3,61.66,2.06,14.82,114.9631,1.58,1.9,2.34,1.55,1.54,0.31999999999999984,-6.640000000000001
2019-12-31,67.77,61.14,2.09,13.78,114.669,1.58,1.92,2.39,1.55,1.55,0.33999999999999986,-6.6299999999999955
2020-01-01,,,,,,,,,1.55,,,
2020-01-02,67.05,61.17,2.05,12.47,114.9745,1.58,1.88,2.33,1.55,1.54,0.2999999999999998,-5.8799999999999955
2020-01-03,69.08,63.0,2.06,14.02,114.9867,1.53,1.8,2.26,1.55,1.55,0.27,-6.079999999999998
2020-01-06,70.25,63.27,2.1,13.85,114.9557,1.54,1.81,2.28,1.55,1.55,0.27,-6.979999999999997
2020-01-07,68.74,62.7,2.17,13.79,115.1477,1.54,1.83,2.31,1.55,1.56,0.29000000000000004,-6.039999999999992
2020-01-08,67.31,59.65,2.09,13.45,115.1328,1.58,1.87,2.35,1.55,1.55,0.29000000000000004,-7.660000000000004
2020-01-09,66.58,59.56,2.05,12.54,115.2331,1.58,1.85,2.38,1.55,1.55,0.27,-7.019999999999996
2020-01-10,66.77,59.02,2.05,12.56,115.0677,1.56,1.83,2.28,1.54,1.55,0.27,-7.749999999999993
2020-01-13,64.14,58.17,2.03,12.32,115.0342,1.58,1.85,2.3,1.54,1.54,0.27,-5.969999999999999
2020-01-14,64.45,58.34,2.15,12.39,115.0239,1.58,1.82,2.27,1.54,1.55,0.24,-6.109999999999999
2020-01-15,63.29,57.86,2.01,12.42,114.9528,1.56,1.79,2.23,1.54,1.56,0.22999999999999998,-5.43
2020-01-16,64.63,58.52,2.06,12.32,115.0006,1.58,1.81,2.26,1.54,1.55,0.22999999999999998,-6.109999999999992
2020-01-17,64.05,58.55,2.07,12.1,115.0656,1.58,1.84,2.29,1.55,1.54,0.26,-5.5
2020-01-20,64.63,,,,,,,,1.55,,,
2020-01-21,63.66,58.25,1.98,12.85,115.1876,1.53,1.78,2.23,1.55,1.54,0.25,-5.409999999999997
2020-01-22,62.11,56.76,1.89,12.91,115.2273,1.53,1.77,2.22,1.55,1.54,0.24,-5.350000000000001
2020-01-23,61.26,55.51,1.95,12.98,115.5545,1.51,1.74,2.18,1.55,1.54,0.22999999999999998,-5.75
2020-01-24,59.34,54.09,1.91,14.56,115.5556,1.49,1.7,2.14,1.55,1.53,0.20999999999999996,-5.25
2020-01-27,58.54,53.09,2.03,18.23,115.8004,1.44,1.61,2.05,1.55,1.53,0.17000000000000015,-5.449999999999996
2020-01-28,59.37,53.33,1.96,16.28,115.7239,1.45,1.65,2.1,1.55,1.53,0.19999999999999996,-6.039999999999999
2020-01-29,59.46,53.29,1.93,16.39,115.7003,1.42,1.6,2.05,1.55,1.53,0.18000000000000016,-6.170000000000002
2020-01-30,57.72,52.19,1.94,15.49,115.8077,1.41,1.57,2.04,1.6,1.58,0.16000000000000014,-5.530000000000001
2020-01-31,57.77,51.58,1.91,18.84,115.7345,1.33,1.51,1.99,1.59,1.6,0.17999999999999994,-6.190000000000005
2020-02-03,54.0,50.06,1.9,17.97,116.1172,1.36,1.54,2.01,1.59,1.59,0.17999999999999994,-3.9399999999999977
2020-02-04,53.9,49.59,1.89,16.05,115.9291,1.41,1.61,2.08,1.59,1.6,0.20000000000000018,-4.309999999999995
2020-02-05,55.36,50.87,1.89,15.15,116.009,1.44,1.66,2.14,1.59,1.59,0.21999999999999997,-4.490000000000002
2020-02-06,55.18,50.94,1.86,14.96,116.1518,1.44,1.65,2.11,1.59,1.59,0.20999999999999996,-4.240000000000002
2020-02-07,54.53,50.34,1.93,15.47,116.5086,1.41,1.59,2.05,1.58,1.58,0.18000000000000016,-4.189999999999998
2020-02-10,53.39,49.59,1.85,15.04,116.5711,1.37,1.56,2.03,1.58,1.58,0.18999999999999995,-3.799999999999997
2020-02-11,54.0,50.0,1.85,15.18,116.3585,1.41,1.59,2.05,1.58,1.58,0.18000000000000016,-4.0
2020-02-12,55.54,51.13,1.91,13.74,116.2794,1.44,1.62,2.09,1.58,1.57,0.18000000000000016,-4.409999999999997
2020-02-13,56.34,51.41,1.95,14.15,116.3999,1.44,1.61,2.07,1.58,1.57,0.17000000000000015,-4.930000000000007
2020-02-14,57.37,52.03,1.93,13.68,116.4223,1.42,1.59,2.04,1.58,1.58,0.17000000000000015,-5.339999999999996
2020-02-17,57.83,,,,,,,,1.58,,,
2020-02-18,57.35,52.1,2.04,14.83,116.6039,1.41,1.55,2.0,1.59,1.6,0.14000000000000012,-5.25
2020-02-19,59.72,53.31,2.01,14.38,116.7829,1.42,1.56,2.01,1.59,1.59,0.14000000000000012,-6.409999999999997
2020-02-20,59.57,53.77,1.98,15.56,117.2454,1.39,1.52,1.97,1.59,1.6,0.13000000000000012,-5.799999999999997
2020-02-21,58.6,53.36,1.96,17.08,117.0473,1.34,1.46,1.9,1.58,1.58,0.11999999999999988,-5.240000000000002
2020-02-24,56.71,51.36,1.94,25.03,117.4018,1.26,1.38,1.84,1.58,1.58,0.11999999999999988,-5.350000000000001
2020-02-25,55.29,49.78,1.93,27.85,117.2425,1.2,1.33,1.8,1.58,1.59,0.13000000000000012,-5.509999999999998
2020-02-26,54.96,48.67,1.96,27.56,117.405,1.16,1.33,1.81,1.58,1.58,0.17000000000000015,-6.289999999999999
2020-02-27,52.19,47.17,1.78,39.16,117.3678,1.11,1.3,1.79,1.58,1.58,0.18999999999999995,-5.019999999999996
2020-02-28,51.31,44.83,1.79,40.11,117.6568,0.86,1.13,1.65,1.58,1.6,0.2699999999999999,-6.480000000000004
2020-03-02,52.52,46.78,1.75,33.42,116.8144,0.84,1.1,1.66,1.59,1.59,0.2600000000000001,-5.740000000000002
2020-03-03,52.24,47.27,1.78,36.82,116.4958,0.71,1.02,1.64,1.59,1.64,0.31000000000000005,-4.969999999999999
2020-03-04,51.86,46.78,1.83,31.99,116.7802,0.67,1.02,1.67,1.09,1.23,0.35,-5.079999999999998
2020-03-05,51.29,45.9,1.89,39.62,116.7901,0.59,0.92,1.56,1.09,1.12,0.33000000000000007,-5.390000000000001
2020-03-06,45.6,41.14,1.76,41.94,116.7106,0.49,0.74,1.25,1.09,1.1,0.25,-4.460000000000001
2020-03-09,35.33,31.05,1.74,54.46,117.1871,0.38,0.54,0.99,1.09,1.09,0.16000000000000003,-4.279999999999998
2020-03-10,35.57,34.47,1.91,47.3,117.9027,0.5,0.76,1.28,1.09,1.11,0.26,-1.1000000000000014
2020-03-11,34.45,33.13,1.96,53.9,118.2505,0.5,0.82,1.3,1.09,1.15,0.31999999999999995,-1.3200000000000003
2020-03-12,31.02,31.56,1.82,75.47,120.4883,0.5,0.88,1.49,1.1,1.2,0.38,0.5399999999999991
2020-03-13,32.25,31.72,1.94,57.83,120.4388,0.49,0.94,1.56,1.1,1.1,0.44999999999999996,-0.5300000000000011
2020-03-16,27.98,28.96,1.89,82.69,120.9352,0.36,0.73,1.34,0.25,0.26,0.37,0.9800000000000004
2020-03-17,27.97,26.96,1.89,75.91,122.4816,0.47,1.02,1.63,0.25,0.54,0.55,-1.009999999999998
2020-03-18,22.79,20.48,1.73,76.45,124.1623,0.54,1.18,1.77,0.25,0.1,0.6399999999999999,-2.3099999999999987
2020-03-19,23.98,25.09,1.68,72.0,125.0587,0.44,1.12,1.78,0.2,0.06,0.6800000000000002,1.1099999999999994
2020-03-20,25.55,19.48,1.76,66.04,124.9362,0.37,0.92,1.55,0.15,0.04,0.55,-6.07
2020-03-23,23.75,23.33,1.7,61.59,126.1262,0.28,0.76,1.33,0.15,0.02,0.48,-0.4200000000000017
2020-03-24,24.5,21.03,1.73,61.67,125.5001,0.38,0.84,1.39,0.12,0.01,0.45999999999999996,-3.469999999999999
2020-03-25,25.62,20.75,1.8,63.95,124.7916,0.34,0.88,1.45,0.1,0.01,0.54,-4.870000000000001
2020-03-26,23.55,16.6,1.73,61.0,122.4308,0.3,0.83,1.42,0.1,0.01,0.53,-6.949999999999999
2020-03-27,22.39,15.48,1.7,65.54,122.4007,0.25,0.72,1.29,0.1,0.01,0.47,-6.91
2020-03-30,19.19,14.1,1.65,57.08,123.2883,0.23,0.7,1.31,0.09,0.01,0.47,-5.090000000000002
2020-03-31,14.85,20.51,1.71,53.54,122.5301,0.23,0.7,1.35,0.08,0.01,0.47,5.660000000000002
2020-04-01,14.97,20.28,1.69,57.06,123.7933,0.23,0.62,1.27,0.06,0.01,0.39,5.3100000000000005
2020-04-02,20.24,25.18,1.55,50.91,123.5916,0.23,0.63,1.26,0.05,0.01,0.4,4.940000000000001
2020-04-03,24.33,28.36,1.5,46.8,124.4152,0.23,0.62,1.24,0.05,0.01,0.39,4.030000000000001
2020-04-06,22.58,26.21,1.64,45.24,124.16,0.27,0.67,1.27,0.05,0.01,0.4,3.6300000000000026
2020-04-07,22.1,23.54,1.83,46.7,123.0956,0.28,0.75,1.32,0.05,0.01,0.47,1.4399999999999977
2020-04-08,25.22,24.97,1.86,43.35,123.2216,0.27,0.77,1.37,0.05,0.01,0.5,-0.25
2020-04-09,20.23,22.9,1.74,41.67,122.476,0.23,0.73,1.35,0.05,0.01,0.5,2.669999999999998
2020-04-10,,,,,122.1592,,,,0.05,,,
2020-04-13,,22.36,1.86,41.17,122.5203,0.25,0.76,1.39,0.05,0.02,0.51,
2020-04-14,21.74,20.15,1.76,37.76,122.1121,0.23,0.76,1.41,0.05,0.06,0.53,-1.5899999999999999
2020-04-15,19.8,19.96,1.68,40.84,123.0752,0.2,0.63,1.27,0.05,0.03,0.43,0.16000000000000014
2020-04-16,18.69,19.82,1.59,40.11,123.4615,0.2,0.61,1.21,0.05,0.03,0.41,1.129999999999999
2020-04-17,19.75,18.31,1.71,38.15,122.871,0.2,0.65,1.27,0.05,0.03,0.45,-1.4400000000000013
2020-04-20,17.36,-36.98,1.78,43.83,123.1033,0.2,0.63,1.23,0.05,0.02,0.43,-54.339999999999996
2020-04-21,9.12,8.91,1.92,45.41,123.9116,0.2,0.58,1.17,0.05,0.01,0.37999999999999995,-0.20999999999999908
2020-04-22,13.77,13.64,1.9,41.98,123.9256,0.22,0.63,1.22,0.05,0.01,0.41000000000000003,-0.129999999999999
2020-04-23,15.06,15.06,1.86,41.38,123.7542,0.22,0.61,1.18,0.04,0.01,0.39,0.0
2020-04-24,15.87,15.99,1.81,35.93,124.1615,0.22,0.6,1.17,0.05,0.03,0.38,0.120000000000001
2020-04-27,15.17,12.17,1.68,33.29,123.8843,0.24,0.67,1.25,0.04,0.03,0.43000000000000005,-3.0
2020-04-28,15.6,12.4,1.8,33.57,123.3693,0.2,0.62,1.2,0.04,0.01,0.42,-3.1999999999999993
2020-04-29,17.86,15.04,1.73,31.23,122.7782,0.2,0.63,1.24,0.04,0.01,0.43,-2.8200000000000003
2020-04-30,18.11,19.23,1.63,34.15,122.327,0.2,0.64,1.28,0.05,0.04,0.44,1.120000000000001
2020-05-01,18.49,19.72,1.69,37.19,123.1492,0.2,0.64,1.27,0.05,0.03,0.44,1.2300000000000004
2020-05-04,20.4,20.47,1.78,35.97,123.2117,0.19,0.64,1.29,0.05,0.05,0.45,0.07000000000000028
2020-05-05,25.46,24.56,1.93,33.61,122.803,0.19,0.66,1.32,0.05,0.05,0.47000000000000003,-0.9000000000000021
2020-05-06,24.2,23.88,1.9,34.12,123.609,0.17,0.72,1.41,0.05,0.05,0.5499999999999999,-0.3200000000000003
2020-05-07,24.23,23.68,1.84,31.44,123.1249,0.13,0.63,1.31,0.05,0.05,0.5,-0.5500000000000007
2020-05-08,,24.73,1.74,27.98,122.5379,0.16,0.69,1.39,0.05,0.06,0.5299999999999999,
2020-05-11,25.53,24.02,1.7,27.57,123.2333,0.17,0.73,1.43,0.05,0.06,0.5599999999999999,-1.5100000000000016
2020-05-12,26.67,25.76,1.61,33.04,123.0592,0.17,0.69,1.38,0.05,0.06,0.5199999999999999,-0.9100000000000001
2020-05-13,27.89,25.37,1.56,35.28,123.5408,0.16,0.64,1.35,0.05,0.04,0.48,-2.5199999999999996
2020-05-14,29.87,27.4,1.6,32.61,123.6429,0.16,0.63,1.3,0.05,0.02,0.47,-2.4700000000000024
2020-05-15,30.95,29.44,1.66,31.89,123.5991,0.16,0.64,1.32,0.05,0.05,0.48,-1.509999999999998
2020-05-18,33.3,31.83,1.77,29.3,122.7968,0.18,0.73,1.44,0.05,0.04,0.55,-1.4699999999999989
2020-05-19,33.06,32.3,1.85,30.53,122.5655,0.17,0.7,1.43,0.05,0.04,0.5299999999999999,-0.7600000000000051
2020-05-20,34.76,33.56,1.83,27.99,122.1007,0.16,0.68,1.4,0.05,0.01,0.52,-1.1999999999999957
2020-05-21,34.78,34.3,1.75,29.53,122.0914,0.17,0.68,1.4,0.05,0.02,0.51,-0.480000000000004
2020-05-22,33.8,33.49,1.7,28.16,122.3211,0.17,0.66,1.37,0.05,0.04,0.49,-0.30999999999999517
2020-05-25,,,,,,,,,0.05,,,
2020-05-26,33.95,34.7,1.79,28.01,121.3864,0.18,0.69,1.43,0.05,0.06,0.51,0.75
2020-05-27,32.73,32.8,1.78,27.62,121.5677,0.19,0.68,1.44,0.05,0.06,0.49000000000000005,0.07000000000000028
2020-05-28,33.98,33.67,1.79,28.59,121.0138,0.17,0.7,1.47,0.05,0.06,0.5299999999999999,-0.30999999999999517
2020-05-29,34.15,35.57,1.7,27.51,120.9458,0.16,0.65,1.41,0.05,0.06,0.49,1.4200000000000017
2020-06-01,36.74,35.49,1.59,28.23,120.2686,0.14,0.66,1.46,0.05,0.06,0.52,-1.25
2020-06-02,37.72,36.88,1.58,26.84,119.6854,0.17,0.68,1.48,0.06,0.07,0.51,-0.8399999999999963
2020-06-03,37.98,37.33,1.84,25.66,119.2556,0.19,0.77,1.56,0.06,0.06,0.5800000000000001,-0.6499999999999986
2020-06-04,38.41,37.42,1.68,25.81,119.3014,0.19,0.82,1.61,0.06,0.07,0.6299999999999999,-0.9899999999999949
2020-06-05,41.0,39.49,1.8,24.52,118.8138,0.22,0.91,1.68,0.07,0.07,0.6900000000000001,-1.509999999999998
2020-06-08,39.66,38.17,1.68,25.81,118.6621,0.22,0.88,1.65,0.07,0.07,0.66,-1.4899999999999949
2020-06-09,40.45,38.98,1.68,27.57,118.5893,0.2,0.84,1.59,0.07,0.08,0.6399999999999999,-1.470000000000006
2020-06-10,41.18,39.54,1.72,27.57,118.5231,0.17,0.75,1.53,0.08,0.07,0.58,-1.6400000000000006
2020-06-11,37.76,36.43,1.77,40.79,119.2347,0.19,0.66,1.41,0.08,0.08,0.47000000000000003,-1.3299999999999983
2020-06-12,38.54,36.24,1.67,36.09,119.6645,0.19,0.71,1.45,0.08,0.08,0.52,-2.299999999999997
2020-06-15,39.44,37.07,1.64,34.4,119.9539,0.19,0.71,1.45,0.09,0.09,0.52,-2.3699999999999974
2020-06-16,40.75,38.26,1.43,33.67,119.567,0.21,0.75,1.54,0.09,0.09,0.54,-2.490000000000002
2020-06-17,40.47,37.91,1.55,33.47,119.9105,0.19,0.74,1.52,0.09,0.09,0.55,-2.5600000000000023
2020-06-18,41.75,38.79,1.51,32.94,120.2173,0.19,0.71,1.47,0.09,0.09,0.52,-2.960000000000001
2020-06-19,42.33,39.72,1.49,35.12,120.2186,0.19,0.7,1.47,0.09,0.09,0.51,-2.6099999999999994
2020-06-22,43.2,40.6,1.64,31.77,119.7532,0.19,0.71,1.46,0.08,0.08,0.52,-2.6000000000000014
2020-06-23,42.72,40.4,1.61,31.37,119.3285,0.18,0.72,1.49,0.08,0.07,0.54,-2.3200000000000003
2020-06-24,40.4,37.91,1.64,33.84,119.9744,0.19,0.69,1.44,0.08,0.08,0.49999999999999994,-2.490000000000002
2020-06-25,41.18,38.66,1.53,32.22,120.2997,0.17,0.68,1.43,0.08,0.09,0.51,-2.520000000000003
2020-06-26,40.97,38.53,1.42,34.73,120.533,0.17,0.64,1.37,0.08,0.08,0.47,-2.4399999999999977
2020-06-29,41.58,39.67,1.67,31.78,120.6658,0.16,0.64,1.39,0.08,0.08,0.48,-1.9099999999999966
2020-06-30,41.64,39.27,1.76,30.43,120.4649,0.16,0.66,1.41,0.08,0.1,0.5,-2.3699999999999974
2020-07-01,42.18,39.88,1.69,28.62,120.0808,0.17,0.69,1.43,0.08,0.11,0.5199999999999999,-2.299999999999997
2020-07-02,43.19,40.57,1.58,27.68,119.8555,0.16,0.68,1.43,0.09,0.11,0.52,-2.6199999999999974
2020-07-03,42.92,,,,,,,,0.09,,,
2020-07-06,42.73,40.51,1.71,27.94,119.2852,0.16,0.69,1.45,0.09,0.1,0.5299999999999999,-2.219999999999999
2020-07-07,43.28,40.59,1.76,29.43,119.5717,0.16,0.65,1.38,0.09,0.1,0.49,-2.6899999999999977
2020-07-08,43.67,40.91,1.78,28.08,119.5525,0.16,0.67,1.39,0.09,0.1,0.51,-2.760000000000005
2020-07-09,42.35,39.64,1.88,29.26,119.5129,0.16,0.62,1.32,0.09,0.1,0.45999999999999996,-2.710000000000001
2020-07-10,43.27,40.56,1.79,27.29,119.3509,0.16,0.65,1.33,0.09,0.1,0.49,-2.710000000000001
2020-07-13,42.85,40.06,1.75,32.19,119.1891,0.16,0.64,1.33,0.09,0.1,0.48,-2.789999999999999
2020-07-14,42.97,40.3,1.74,29.52,119.3901,0.14,0.63,1.3,0.09,0.11,0.49,-2.6700000000000017
2020-07-15,43.96,41.2,1.76,27.76,119.0331,0.16,0.64,1.33,0.1,0.13,0.48,-2.759999999999998
2020-07-16,43.71,40.74,1.79,28.0,118.9275,0.16,0.62,1.31,0.1,0.12,0.45999999999999996,-2.969999999999999
2020-07-17,43.53,40.55,1.79,25.68,119.124,0.14,0.64,1.33,0.09,0.12,0.5,-2.980000000000004
2020-07-20,43.3,40.83,1.71,24.46,119.0483,0.16,0.62,1.32,0.1,0.12,0.45999999999999996,-2.469999999999999
2020-07-21,44.31,41.76,1.66,24.84,118.4042,0.14,0.61,1.31,0.1,0.11,0.47,-2.5500000000000043
2020-07-22,43.98,41.88,1.69,24.32,118.1337,0.14,0.6,1.29,0.09,0.1,0.45999999999999996,-2.0999999999999943
2020-07-23,42.96,40.99,1.75,26.08,118.0613,0.16,0.59,1.24,0.09,0.1,0.42999999999999994,-1.9699999999999989
2020-07-24,43.29,41.23,1.77,25.84,118.1329,0.14,0.59,1.23,0.09,0.1,0.44999999999999996,-2.0600000000000023
2020-07-27,43.39,41.46,1.85,24.74,117.3869,0.15,0.62,1.25,0.1,0.1,0.47,-1.9299999999999997
2020-07-28,43.11,40.89,1.83,25.44,117.3189,0.14,0.59,1.22,0.1,0.1,0.44999999999999996,-2.219999999999999
2020-07-29,43.51,41.13,1.77,24.1,117.2126,0.12,0.58,1.24,0.1,0.09,0.45999999999999996,-2.3799999999999955
2020-07-30,42.98,39.85,1.81,24.76,117.4008,0.11,0.55,1.2,0.1,0.1,0.44000000000000006,-3.1299999999999955
2020-07-31,43.13,40.1,1.83,24.46,117.2082,0.11,0.55,1.2,0.1,0.1,0.44000000000000006,-3.030000000000001
2020-08-03,43.76,40.83,1.95,24.28,117.8074,0.11,0.56,1.23,0.1,0.1,0.45000000000000007,-2.9299999999999997
2020-08-04,43.99,41.67,2.07,23.76,117.7833,0.11,0.52,1.19,0.1,0.09,0.41000000000000003,-2.3200000000000003
2020-08-05,44.92,42.25,2.23,22.99,116.8736,0.11,0.55,1.22,0.1,0.09,0.44000000000000006,-2.6700000000000017
2020-08-06,45.04,41.93,2.26,22.65,117.0422,0.11,0.55,1.2,0.1,0.09,0.44000000000000006,-3.1099999999999994
2020-08-07,44.07,41.16,2.15,22.21,117.6239,0.13,0.57,1.23,0.1,0.09,0.43999999999999995,-2.9100000000000037
2020-08-10,44.19,41.94,2.18,22.13,117.5821,0.14,0.59,1.25,0.1,0.09,0.44999999999999996,-2.25
2020-08-11,43.68,41.53,2.19,24.03,117.3781,0.16,0.64,1.32,0.1,0.1,0.48,-2.1499999999999986
2020-08-12,45.09,42.6,2.05,22.28,117.2559,0.16,0.69,1.37,0.1,0.09,0.5299999999999999,-2.490000000000002
2020-08-13,44.87,42.26,2.19,22.13,117.1193,0.16,0.71,1.42,0.1,0.09,0.5499999999999999,-2.6099999999999994
2020-08-14,44.86,42.05,2.23,22.05,116.9395,0.14,0.71,1.45,0.1,0.09,0.57,-2.8100000000000023
2020-08-17,44.91,42.89,2.32,21.35,116.749,0.14,0.69,1.43,0.1,0.1,0.5499999999999999,-2.019999999999996
2020-08-18,45.34,42.89,2.45,21.51,116.5593,0.14,0.67,1.4,0.09,0.09,0.53,-2.450000000000003
2020-08-19,45.21,42.91,2.43,22.54,116.567,0.14,0.68,1.42,0.09,0.09,0.54,-2.3000000000000043
2020-08-20,44.56,42.62,2.35,22.72,116.8126,0.13,0.65,1.38,0.09,0.07,0.52,-1.9400000000000048
2020-08-21,43.94,42.32,2.39,22.54,117.0572,0.16,0.64,1.35,0.09,0.07,0.48,-1.6199999999999974
2020-08-24,44.43,42.44,2.57,22.37,116.912,0.14,0.65,1.35,0.09,0.08,0.51,-1.990000000000002
2020-08-25,46.01,43.17,2.54,22.03,116.8206,0.15,0.69,1.39,0.09,0.08,0.5399999999999999,-2.8399999999999963
2020-08-26,45.79,43.21,2.52,23.27,116.6243,0.16,0.69,1.41,0.09,0.07,0.5299999999999999,-2.5799999999999983
2020-08-27,44.84,42.88,2.52,24.47,116.649,0.16,0.74,1.5,0.08,0.07,0.58,-1.9600000000000009
2020-08-28,45.22,42.96,2.46,22.96,115.9374,0.14,0.74,1.52,0.09,0.07,0.6,-2.259999999999998
2020-08-31,,42.61,2.3,26.41,115.7586,0.14,0.72,1.49,0.09,0.09,0.58,
2020-09-01,45.72,42.76,2.22,26.12,115.5687,0.13,0.68,1.43,0.09,0.09,0.55,-2.960000000000001
2020-09-02,42.7,42.76,2.15,26.57,116.0304,0.14,0.66,1.38,0.09,0.09,0.52,0.05999999999999517
2020-09-03,42.72,41.39,2.32,33.6,116.0685,0.13,0.63,1.34,0.09,0.1,0.5,-1.3299999999999983
2020-09-04,41.1,39.69,1.8,30.75,116.0347,0.14,0.72,1.46,0.09,0.09,0.58,-1.4100000000000037
2020-09-07,40.67,,,,,,,,0.09,,,
2020-09-08,38.53,36.87,2.35,31.46,116.4618,0.14,0.69,1.43,0.09,0.09,0.5499999999999999,-1.6600000000000037
2020-09-09,39.98,38.05,2.21,28.81,116.1291,0.14,0.71,1.45,0.09,0.09,0.57,-1.9299999999999997
2020-09-10,39.27,37.25,2.13,29.71,115.8806,0.14,0.68,1.43,0.09,0.09,0.54,-2.020000000000003
2020-09-11,38.8,37.33,1.93,26.87,116.0866,0.13,0.67,1.42,0.09,0.09,0.54,-1.4699999999999989
2020-09-14,38.57,37.23,2.18,25.85,115.6428,0.14,0.68,1.42,0.09,0.09,0.54,-1.3400000000000034
2020-09-15,39.54,38.29,2.19,25.59,115.5908,0.14,0.68,1.43,0.09,0.1,0.54,-1.25
2020-09-16,41.23,40.17,2.06,26.04,115.3537,0.14,0.69,1.45,0.09,0.1,0.5499999999999999,-1.0599999999999952
2020-09-17,42.35,40.99,1.65,26.46,115.4392,0.13,0.69,1.43,0.09,0.1,0.5599999999999999,-1.3599999999999994
2020-09-18,42.16,41.09,1.56,25.83,115.2395,0.14,0.7,1.45,0.09,0.09,0.5599999999999999,-1.0699999999999932
2020-09-21,40.37,39.26,1.33,27.78,116.378,0.14,0.68,1.43,0.09,0.08,0.54,-1.1099999999999994
2020-09-22,40.84,39.55,1.49,26.86,116.5438,0.13,0.68,1.42,0.09,0.07,0.55,-1.2900000000000063
2020-09-23,41.09,39.92,1.74,28.58,117.2526,0.14,0.68,1.42,0.09,0.06,0.54,-1.1700000000000017
2020-09-24,41.24,40.11,1.93,28.51,117.5473,0.14,0.67,1.4,0.09,0.07,0.53,-1.1300000000000026
2020-09-25,40.91,40.06,1.9,26.38,117.8679,0.12,0.66,1.4,0.09,0.08,0.54,-0.8499999999999943
2020-09-28,41.59,40.47,1.83,26.19,117.6178,0.14,0.67,1.42,0.09,0.08,0.53,-1.1200000000000045
2020-09-29,40.33,39.03,1.74,26.27,117.526,0.11,0.66,1.41,0.09,0.07,0.55,-1.2999999999999972
2020-09-30,40.3,40.05,1.66,26.37,116.946,0.13,0.69,1.46,0.09,0.08,0.5599999999999999,-0.25
2020-10-01,39.75,38.51,1.6,26.7,116.7227,0.14,0.68,1.45,0.09,0.08,0.54,-1.240000000000002
2020-10-02,38.0,36.9,1.41,27.63,116.7321,0.13,0.7,1.48,0.09,0.1,0.57,-1.1000000000000014
2020-10-05,39.78,39.12,1.92,27.96,116.1767,0.14,0.78,1.57,0.09,0.09,0.64,-0.6600000000000037
2020-10-06,41.27,40.52,1.86,29.48,116.2681,0.14,0.76,1.56,0.09,0.1,0.62,-0.75
2020-10-07,40.62,39.82,2.01,28.06,116.3447,0.16,0.81,1.6,0.09,0.09,0.65,-0.7999999999999972
2020-10-08,42.0,41.04,1.49,26.36,116.1657,0.13,0.78,1.57,0.09,0.08,0.65,-0.9600000000000009
2020-10-09,41.63,40.44,2.25,25.0,115.2757,0.16,0.79,1.58,0.09,0.09,0.63,-1.1900000000000048
2020-10-12,40.5,39.22,2.31,25.07,,,,,0.09,,,-1.2800000000000011
2020-10-13,41.34,40.03,2.14,26.07,115.9107,0.16,0.74,1.52,0.09,0.09,0.58,-1.3100000000000023
2020-10-14,41.81,40.86,2.02,26.4,115.6872,0.14,0.73,1.5,0.09,0.09,0.59,-0.9500000000000028
2020-10-15,41.61,40.84,2.23,26.97,116.0964,0.14,0.74,1.52,0.09,0.1,0.6,-0.769999999999996
2020-10-16,41.34,40.7,2.16,27.41,115.7679,0.14,0.76,1.52,0.09,0.09,0.62,-0.6400000000000006
2020-10-19,41.29,40.69,2.3,29.18,115.4031,0.16,0.78,1.55,0.09,0.09,0.62,-0.6000000000000014
2020-10-20,41.62,41.37,2.57,29.35,115.2485,0.14,0.81,1.6,0.09,0.08,0.67,-0.25
2020-10-21,40.09,39.88,2.95,28.65,114.9108,0.14,0.83,1.62,0.09,0.07,0.69,-0.21000000000000085
2020-10-22,41.28,40.46,2.99,28.11,115.1158,0.16,0.87,1.67,0.09,0.07,0.71,-0.8200000000000003
2020-10-23,40.71,39.73,2.91,27.55,115.0126,0.18,0.85,1.64,0.09,0.08,0.6699999999999999,-0.980000000000004
2020-10-26,39.06,38.39,3.14,32.46,115.2797,0.16,0.81,1.59,0.09,0.09,0.65,-0.6700000000000017
2020-10-27,39.72,39.34,3.07,33.35,115.0131,0.16,0.79,1.57,0.09,0.09,0.63,-0.37999999999999545
2020-10-28,37.86,37.27,3.14,40.28,115.8023,0.16,0.79,1.56,0.09,0.08,0.63,-0.5899999999999963
2020-10-29,36.56,35.94,3.06,37.59,116.3069,0.16,0.85,1.62,0.09,0.09,0.69,-0.6200000000000045
2020-10-30,36.33,35.64,3.03,38.02,116.1354,0.14,0.88,1.65,0.09,0.09,0.74,-0.6899999999999977
2020-11-02,37.78,36.6,3.03,37.13,116.2361,0.16,0.87,1.63,0.09,0.11,0.71,-1.1799999999999997
2020-11-03,38.17,37.44,2.88,35.55,115.4802,0.17,0.9,1.66,0.09,0.1,0.73,-0.730000000000004
2020-11-04,39.68,38.97,2.63,29.57,115.1677,0.14,0.78,1.55,0.09,0.1,0.64,-0.7100000000000009
2020-11-05,39.47,38.56,2.69,27.58,114.4556,0.14,0.79,1.54,0.09,0.11,0.65,-0.9099999999999966
2020-11-06,38.08,36.97,2.67,24.86,113.9919,0.16,0.83,1.6,0.09,0.1,0.6699999999999999,-1.1099999999999994
2020-11-09,40.93,40.05,2.63,25.75,114.0895,0.17,0.96,1.73,0.09,0.1,0.7899999999999999,-0.8800000000000026
2020-11-10,42.25,41.18,2.74,24.8,114.0757,0.19,0.98,1.75,0.09,0.1,0.79,-1.0700000000000003
2020-11-11,42.5,41.23,2.75,23.45,,,,,0.09,,,-1.2700000000000031
2020-11-12,42.16,40.9,2.81,25.35,114.2843,0.17,0.88,1.64,0.09,0.09,0.71,-1.259999999999998
2020-11-13,41.51,39.93,2.82,23.1,114.2397,0.17,0.89,1.65,0.09,0.09,0.72,-1.5799999999999983
2020-11-16,42.71,41.14,2.62,22.45,113.8312,0.19,0.91,1.66,0.09,0.1,0.72,-1.5700000000000003
2020-11-17,42.54,41.24,2.55,22.71,113.682,0.18,0.87,1.62,0.09,0.09,0.69,-1.2999999999999972
2020-11-18,42.91,41.64,2.37,23.84,113.46,0.16,0.88,1.62,0.09,0.07,0.72,-1.269999999999996
2020-11-19,43.09,41.57,2.19,23.11,113.694,0.18,0.86,1.58,0.08,0.06,0.6799999999999999,-1.5200000000000031
2020-11-20,43.79,41.99,2.22,23.7,113.489,0.16,0.83,1.53,0.08,0.05,0.6699999999999999,-1.7999999999999972
2020-11-23,45.0,42.91,2.23,22.66,113.7548,0.16,0.86,1.56,0.08,0.05,0.7,-2.0900000000000034
2020-11-24,46.63,44.71,2.47,21.64,113.4316,0.16,0.88,1.6,0.08,0.07,0.72,-1.9200000000000017
2020-11-25,47.3,45.58,2.47,21.25,113.1823,0.17,0.88,1.62,0.08,0.08,0.71,-1.7199999999999989
2020-11-26,46.32,,,,,,,,0.08,,,
2020-11-27,46.88,,,20.84,,0.16,0.84,1.57,0.08,0.08,0.6799999999999999,
2020-11-30,46.84,45.2,2.89,20.57,113.2256,0.16,0.84,1.58,0.09,0.09,0.6799999999999999,-1.6400000000000006
2020-12-01,47.03,44.54,2.89,20.77,112.8063,0.17,0.92,1.66,0.09,0.08,0.75,-2.490000000000002
2020-12-02,47.8,45.23,2.75,21.17,112.6115,0.16,0.95,1.7,0.09,0.08,0.7899999999999999,-2.5700000000000003
2020-12-03,48.37,45.65,2.46,21.28,112.0236,0.16,0.92,1.67,0.09,0.08,0.76,-2.719999999999999
2020-12-04,49.1,46.23,2.48,20.79,111.7778,0.16,0.97,1.73,0.09,0.09,0.8099999999999999,-2.8700000000000045
2020-12-07,48.63,45.72,2.39,21.3,111.8385,0.14,0.94,1.69,0.09,0.08,0.7999999999999999,-2.9100000000000037
2020-12-08,48.84,45.64,2.36,20.68,111.8639,0.14,0.92,1.67,0.09,0.07,0.78,-3.200000000000003
2020-12-09,48.81,45.48,2.45,22.27,112.0305,0.16,0.95,1.69,0.09,0.08,0.7899999999999999,-3.3300000000000054
2020-12-10,50.33,46.76,2.45,22.52,111.9788,0.14,0.92,1.65,0.09,0.08,0.78,-3.5700000000000003
2020-12-11,50.01,46.59,2.54,23.31,112.1417,0.11,0.9,1.63,0.09,0.08,0.79,-3.4199999999999946
2020-12-14,50.27,47.02,2.69,24.72,112.1708,0.13,0.9,1.63,0.09,0.08,0.77,-3.25
2020-12-15,50.77,47.58,2.63,22.89,111.8601,0.11,0.92,1.65,0.09,0.09,0.81,-3.190000000000005
2020-12-16,50.83,47.86,2.73,22.5,111.7157,0.13,0.92,1.66,0.09,0.09,0.79,-2.969999999999999
2020-12-17,51.2,48.34,2.7,21.93,111.2226,0.13,0.94,1.68,0.09,0.09,0.8099999999999999,-2.8599999999999994
2020-12-18,52.17,49.04,2.73,21.57,111.6071,0.13,0.95,1.7,0.09,0.09,0.82,-3.1300000000000026
2020-12-21,50.61,47.79,2.68,25.16,111.9415,0.13,0.95,1.68,0.09,0.09,0.82,-2.8200000000000003
2020-12-22,49.88,47.02,2.76,24.23,112.1947,0.13,0.93,1.65,0.09,0.07,0.8,-2.8599999999999994
2020-12-23,51.05,47.94,2.76,23.31,111.9807,0.13,0.96,1.7,0.09,0.06,0.83,-3.1099999999999994
2020-12-24,50.88,48.18,2.68,21.53,,0.13,0.94,1.66,0.09,0.08,0.8099999999999999,-2.700000000000003
2020-12-25,,,,,,,,,0.09,,,
2020-12-28,50.88,47.5,2.39,21.7,111.9752,0.13,0.94,1.67,0.09,0.09,0.8099999999999999,-3.3800000000000026
2020-12-29,50.44,47.85,2.4,23.08,111.5172,0.12,0.94,1.67,0.09,0.1,0.82,-2.5899999999999963
2020-12-30,50.74,48.24,2.36,22.77,111.3084,0.12,0.93,1.66,0.09,0.09,0.81,-2.5
2020-12-31,51.22,48.35,2.39,22.75,111.3169,0.13,0.93,1.65,0.09,0.07,0.8,-2.8699999999999974
2021-01-01,,,,,,,,,0.09,,,
2021-01-04,50.37,47.47,2.6,26.97,111.2075,0.11,0.93,1.66,0.09,0.1,0.8200000000000001,-2.8999999999999986
2021-01-05,53.16,49.78,2.77,25.34,110.9574,0.13,0.96,1.7,0.09,0.11,0.83,-3.3799999999999955
2021-01-06,53.8,50.45,2.76,25.07,110.8502,0.14,1.04,1.81,0.09,0.1,0.9,-3.3499999999999943
2021-01-07,53.7,50.63,2.81,22.37,111.3042,0.14,1.08,1.85,0.09,0.1,0.9400000000000001,-3.0700000000000003
2021-01-08,55.51,52.14,2.77,21.56,111.2847,0.14,1.13,1.87,0.09,0.09,0.9899999999999999,-3.3699999999999974
2021-01-11,54.84,52.15,2.71,24.08,111.8257,0.14,1.15,1.88,0.09,0.09,1.0099999999999998,-2.690000000000005
2021-01-12,55.98,53.08,2.89,23.33,111.5501,0.14,1.15,1.88,0.09,0.08,1.0099999999999998,-2.8999999999999986
2021-01-13,55.52,52.81,2.82,22.21,111.3622,0.14,1.1,1.82,0.09,0.08,0.9600000000000001,-2.710000000000001
2021-01-14,55.76,53.47,2.82,23.25,111.1567,0.16,1.15,1.88,0.09,0.08,0.9899999999999999,-2.289999999999999
2021-01-15,54.8,52.25,2.86,24.34,111.5106,0.13,1.11,1.85,0.09,0.08,0.9800000000000001,-2.549999999999997
2021-01-18,54.21,,,,,,,,0.09,,,
2021-01-19,55.38,52.87,2.65,23.24,111.4527,0.14,1.1,1.84,0.09,0.07,0.9600000000000001,-2.510000000000005
2021-01-20,55.66,53.16,2.57,21.58,,0.13,1.1,1.84,0.09,0.06,0.9700000000000001,-2.5
2021-01-21,55.68,53.0,2.49,21.32,111.1973,0.13,1.12,1.87,0.08,0.04,0.9900000000000001,-2.6799999999999997
2021-01-22,55.22,52.28,2.45,21.91,111.5516,0.13,1.1,1.85,0.08,0.05,0.9700000000000001,-2.9399999999999977
2021-01-25,55.44,52.78,2.63,23.19,111.8676,0.13,1.05,1.8,0.08,0.06,0.92,-2.6599999999999966
2021-01-26,55.26,52.61,2.73,23.02,111.6572,0.11,1.05,1.8,0.08,0.03,0.9400000000000001,-2.6499999999999986
2021-01-27,55.07,52.81,2.77,37.21,112.0782,0.12,1.04,1.79,0.08,0.03,0.92,-2.259999999999998
2021-01-28,54.87,52.26,2.76,30.21,112.0059,0.12,1.07,1.81,0.07,0.04,0.9500000000000001,-2.6099999999999994
2021-01-29,55.25,52.16,2.68,33.09,111.9511,0.11,1.11,1.87,0.07,0.06,1.0,-3.0900000000000034
2021-02-01,56.42,53.55,2.88,30.24,112.4189,0.11,1.09,1.84,0.08,0.07,0.9800000000000001,-2.8700000000000045
2021-02-02,57.62,54.77,3.24,25.56,112.2862,0.11,1.12,1.87,0.08,0.07,1.01,-2.8499999999999943
2021-02-03,58.61,55.67,3.01,22.91,112.2567,0.11,1.15,1.92,0.08,0.07,1.0399999999999998,-2.9399999999999977
2021-02-04,58.98,56.19,2.99,21.77,112.7469,0.11,1.15,1.93,0.08,0.05,1.0399999999999998,-2.789999999999999
2021-02-05,59.48,56.8,3.49,20.87,112.2379,0.09,1.19,1.97,0.08,0.02,1.0999999999999999,-2.6799999999999997
2021-02-08,60.17,57.95,3.4,21.24,112.0428,0.11,1.19,1.96,0.07,0.02,1.0799999999999998,-2.219999999999999
2021-02-09,60.74,58.34,3.35,21.63,111.7675,0.11,1.18,1.95,0.08,0.05,1.0699999999999998,-2.3999999999999986
2021-02-10,61.17,58.69,3.76,21.99,111.5834,0.11,1.15,1.92,0.08,0.06,1.0399999999999998,-2.480000000000004
2021-02-11,61.09,58.22,6.5,21.25,111.5272,0.11,1.16,1.94,0.08,0.06,1.0499999999999998,-2.8700000000000045
2021-02-12,62.47,59.5,6.12,19.97,111.4889,0.11,1.2,2.01,0.08,0.05,1.0899999999999999,-2.969999999999999
2021-02-15,63.58,,,,,,,,0.08,,,
2021-02-16,63.96,60.07,11.32,21.46,111.7879,0.13,1.3,2.08,0.08,0.06,1.17,-3.8900000000000006
2021-02-17,65.02,61.09,23.86,21.5,112.0204,0.11,1.29,2.06,0.08,0.06,1.18,-3.9299999999999926
2021-02-18,64.09,60.4,8.56,22.49,112.1603,0.11,1.29,2.08,0.07,0.03,1.18,-3.690000000000005
2021-02-19,62.84,59.12,4.96,22.05,111.7058,0.11,1.34,2.14,0.07,0.02,1.23,-3.720000000000006
2021-02-22,64.73,61.67,3.16,23.45,111.918,0.11,1.37,2.19,0.07,0.03,1.26,-3.0600000000000023
2021-02-23,65.16,61.66,2.94,23.11,111.8981,0.11,1.37,2.21,0.07,0.01,1.26,-3.5
2021-02-24,66.85,63.21,2.8,21.34,111.7212,0.12,1.38,2.24,0.07,0.02,1.2599999999999998,-3.6399999999999935
2021-02-25,66.69,63.43,2.72,28.89,111.9253,0.17,1.54,2.33,0.07,0.03,1.37,-3.259999999999998
2021-02-26,65.86,61.55,2.66,27.95,112.8306,0.14,1.44,2.17,0.07,0.01,1.2999999999999998,-4.310000000000002
2021-03-01,64.56,60.54,2.7,23.35,112.5263,0.13,1.45,2.23,0.07,0.02,1.3199999999999998,-4.020000000000003
2021-03-02,63.17,59.7,2.87,24.1,112.5342,0.13,1.42,2.21,0.07,0.04,1.29,-3.469999999999999
2021-03-03,64.7,61.33,2.86,26.67,112.7617,0.14,1.47,2.25,0.07,0.04,1.33,-3.3700000000000045
2021-03-04,67.32,63.81,2.79,28.57,112.7037,0.14,1.54,2.3,0.07,0.02,1.4,-3.509999999999991
2021-03-05,69.95,66.08,2.72,24.66,113.7487,0.14,1.56,2.28,0.07,0.02,1.42,-3.8700000000000045
2021-03-08,68.0,65.03,2.67,25.47,114.2678,0.17,1.59,2.31,0.07,0.02,1.4200000000000002,-2.969999999999999
2021-03-09,67.03,64.02,2.62,24.03,113.928,0.17,1.55,2.26,0.07,0.02,1.3800000000000001,-3.010000000000005
2021-03-10,67.53,64.45,2.62,22.56,113.5881,0.16,1.53,2.24,0.07,0.02,1.37,-3.0799999999999983
2021-03-11,69.34,66.02,2.7,21.91,112.9214,0.14,1.54,2.29,0.07,0.01,1.4,-3.3200000000000074
2021-03-12,68.87,65.59,2.65,20.69,113.0269,0.14,1.64,2.4,0.07,0.01,1.5,-3.280000000000001
2021-03-15,68.78,65.36,2.58,20.03,113.1928,0.14,1.62,2.37,0.07,0.01,1.48,-3.4200000000000017
2021-03-16,67.95,64.82,2.5,19.79,112.9839,0.15,1.62,2.38,0.07,0.01,1.4700000000000002,-3.1300000000000097
2021-03-17,67.73,64.55,2.6,19.23,113.1589,0.13,1.63,2.42,0.07,0.01,1.5,-3.180000000000007
2021-03-18,62.11,59.95,2.45,21.58,112.7744,0.16,1.71,2.45,0.07,0.01,1.55,-2.1599999999999966
2021-03-19,64.0,61.43,2.53,20.95,112.9756,0.16,1.74,2.45,0.07,0.01,1.58,-2.5700000000000003
2021-03-22,63.89,61.48,2.55,18.88,113.0023,0.15,1.69,2.38,0.07,0.01,1.54,-2.4100000000000037
2021-03-23,59.96,57.75,2.56,20.3,113.2916,0.15,1.63,2.34,0.07,0.01,1.48,-2.210000000000001
2021-03-24,63.7,61.12,2.56,21.2,113.6565,0.14,1.62,2.31,0.07,0.01,1.48,-2.5800000000000054
2021-03-25,61.21,58.47,2.52,19.81,114.0016,0.14,1.63,2.34,0.07,0.01,1.4899999999999998,-2.740000000000002
2021-03-26,63.77,60.93,2.52,18.86,113.7406,0.14,1.67,2.37,0.07,0.01,1.5299999999999998,-2.8400000000000034
2021-03-29,64.06,61.49,2.58,20.74,113.9314,0.14,1.73,2.43,0.07,0.01,1.5899999999999999,-2.5700000000000003
2021-03-30,63.28,60.55,2.55,19.61,114.203,0.16,1.73,2.38,0.07,0.01,1.57,-2.730000000000004
2021-03-31,63.52,59.19,2.52,19.4,113.8234,0.16,1.74,2.41,0.06,0.01,1.58,-4.330000000000005
2021-04-01,63.85,61.41,2.52,17.33,113.7389,0.17,1.69,2.34,0.07,0.01,1.52,-2.440000000000005
2021-04-02,,,,,113.7315,0.19,1.72,2.35,0.07,,1.53,
2021-04-05,,58.73,2.43,17.91,113.394,0.17,1.73,2.36,0.07,0.01,1.56,
2021-04-06,61.47,59.34,2.44,18.12,113.1464,0.16,1.67,2.32,0.07,0.01,1.51,-2.1299999999999955
2021-04-07,61.86,59.77,2.43,17.16,113.2436,0.16,1.68,2.35,0.07,0.01,1.52,-2.0899999999999963
2021-04-08,62.09,59.61,2.47,16.95,113.0917,0.14,1.64,2.32,0.07,0.01,1.5,-2.480000000000004
2021-04-09,61.89,59.29,2.48,16.69,113.2028,0.16,1.67,2.34,0.07,0.01,1.51,-2.6000000000000014
2021-04-12,62.38,59.7,2.5,16.91,113.1815,0.18,1.69,2.34,0.07,0.01,1.51,-2.6799999999999997
2021-04-13,62.83,60.2,2.57,16.65,113.0391,0.16,1.64,2.32,0.07,0.01,1.48,-2.6299999999999955
2021-04-14,66.11,63.15,2.65,16.99,112.7849,0.16,1.64,2.32,0.07,0.01,1.48,-2.960000000000001
2021-04-15,66.13,63.42,2.62,16.57,112.6181,0.16,1.56,2.23,0.07,0.01,1.4000000000000001,-2.7099999999999937
2021-04-16,65.98,63.16,2.63,16.25,112.4814,0.16,1.59,2.26,0.07,0.01,1.4300000000000002,-2.8200000000000074
2021-04-19,66.54,63.33,2.75,17.29,112.1835,0.16,1.61,2.29,0.07,0.01,1.4500000000000002,-3.210000000000008
2021-04-20,65.34,62.61,2.76,18.68,112.2354,0.15,1.58,2.27,0.07,0.01,1.4300000000000002,-2.730000000000004
2021-04-21,64.02,61.34,2.72,17.5,112.1771,0.15,1.57,2.26,0.07,0.01,1.4200000000000002,-2.6799999999999926
2021-04-22,65.07,61.45,2.77,18.71,112.2297,0.16,1.57,2.24,0.07,0.01,1.4100000000000001,-3.6199999999999903
2021-04-23,65.75,62.18,2.79,17.33,112.0889,0.16,1.58,2.25,0.07,0.01,1.4200000000000002,-3.5700000000000003
2021-04-26,65.5,62.02,2.73,17.64,111.8109,0.18,1.58,2.24,0.07,0.01,1.4000000000000001,-3.479999999999997
2021-04-27,66.25,63.03,2.91,17.56,111.9097,0.17,1.63,2.29,0.07,0.01,1.46,-3.219999999999999
2021-04-28,67.08,63.81,2.98,17.28,111.7909,0.17,1.63,2.29,0.07,0.01,1.46,-3.269999999999996
2021-04-29,68.26,65.0,2.91,17.61,111.7464,0.16,1.65,2.31,0.06,0.01,1.49,-3.260000000000005
2021-04-30,67.73,63.5,2.86,18.61,112.0839,0.16,1.65,2.3,0.05,0.01,1.49,-4.230000000000004
2021-05-03,,64.46,2.96,18.31,112.005,0.16,1.63,2.3,0.06,0.01,1.47,
2021-05-04,68.91,65.72,3.0,19.48,112.2896,0.16,1.61,2.27,0.06,0.01,1.4500000000000002,-3.1899999999999977
2021-05-05,69.71,65.63,2.99,19.15,112.1514,0.16,1.59,2.25,0.06,0.01,1.4300000000000002,-4.079999999999998
2021-05-06,68.62,64.73,2.9,18.39,111.8401,0.16,1.58,2.24,0.06,0.01,1.4200000000000002,-3.8900000000000006
2021-05-07,68.73,64.96,2.9,16.69,111.0249,0.14,1.6,2.28,0.06,0.01,1.46,-3.7700000000000102
2021-05-10,68.61,64.92,2.93,19.66,110.7905,0.16,1.63,2.32,0.06,0.01,1.47,-3.6899999999999977
2021-05-11,68.83,65.31,2.91,21.84,110.8921,0.16,1.64,2.35,0.06,0.01,1.48,-3.519999999999996
2021-05-12,69.62,65.96,2.91,27.59,111.5636,0.16,1.69,2.4,0.06,0.01,1.53,-3.660000000000011
2021-05-13,67.36,63.82,2.95,23.13,111.5955,0.16,1.66,2.39,0.06,0.01,1.5,-3.539999999999999
2021-05-14,69.24,65.32,2.95,18.81,111.1353,0.16,1.63,2.35,0.06,0.01,1.47,-3.9200000000000017
2021-05-17,69.62,66.24,2.99,19.72,111.079,0.16,1.64,2.36,0.06,0.01,1.48,-3.3800000000000097
2021-05-18,69.01,65.49,2.96,21.34,110.8317,0.16,1.64,2.37,0.06,0.01,1.48,-3.5200000000000102
2021-05-19,66.88,63.28,2.88,22.18,110.8807,0.16,1.68,2.38,0.06,0.01,1.52,-3.5999999999999943
2021-05-20,65.18,61.95,2.86,20.67,110.8605,0.15,1.63,2.34,0.06,0.01,1.48,-3.230000000000004
2021-05-21,66.72,63.61,2.84,20.15,111.0576,0.17,1.63,2.33,0.06,0.01,1.46,-3.1099999999999994
2021-05-24,68.59,66.13,2.78,18.4,110.9118,0.15,1.61,2.31,0.06,0.01,1.4600000000000002,-2.460000000000008
2021-05-25,68.8,66.27,2.87,18.84,110.842,0.15,1.56,2.26,0.06,0.01,1.4100000000000001,-2.530000000000001
2021-05-26,68.93,66.41,2.91,17.36,110.8677,0.14,1.58,2.27,0.06,0.01,1.44,-2.5200000000000102
2021-05-27,69.43,66.87,2.85,16.74,110.8688,0.14,1.61,2.29,0.06,0.01,1.4700000000000002,-2.5600000000000023
2021-05-28,69.36,66.31,2.91,16.76,110.7576,0.14,1.58,2.26,0.05,0.01,1.44,-3.049999999999997
2021-05-31,,,,,,,,,0.05,,,
2021-06-01,70.03,67.8,3.02,17.9,110.5046,0.16,1.62,2.3,0.06,0.01,1.4600000000000002,-2.230000000000004
2021-06-02,70.6,68.79,3.09,17.48,110.5799,0.13,1.59,2.28,0.06,0.01,1.46,-1.809999999999988
2021-06-03,70.71,68.81,3.01,18.04,111.1782,0.16,1.63,2.3,0.06,0.01,1.47,-1.8999999999999915
2021-06-04,71.3,69.57,3.01,16.42,110.7521,0.14,1.56,2.24,0.06,0.01,1.42,-1.730000000000004
2021-06-07,70.89,69.21,2.98,16.42,110.5155,0.16,1.57,2.25,0.06,0.01,1.4100000000000001,-1.6800000000000068
2021-06-08,71.39,70.11,3.11,17.07,110.649,0.14,1.53,2.21,0.06,0.01,1.3900000000000001,-1.2800000000000011
2021-06-09,71.31,69.9,3.13,17.89,110.5707,0.16,1.5,2.17,0.06,0.01,1.34,-1.4099999999999966
2021-06-10,71.65,70.34,3.13,16.1,110.5456,0.14,1.45,2.15,0.06,0.01,1.31,-1.3100000000000023
2021-06-11,72.05,71.0,3.23,15.65,111.0933,0.16,1.47,2.15,0.06,0.01,1.31,-1.0499999999999972
2021-06-14,72.27,70.94,3.36,16.39,110.9659,0.16,1.51,2.19,0.06,0.01,1.35,-1.3299999999999983
2021-06-15,73.38,72.06,3.31,17.02,111.3507,0.16,1.51,2.2,0.06,0.01,1.35,-1.3199999999999932
2021-06-16,73.88,72.03,3.25,18.15,111.1165,0.21,1.57,2.2,0.06,0.01,1.36,-1.8499999999999943
2021-06-17,72.92,71.06,3.24,17.75,112.5772,0.23,1.52,2.11,0.1,0.05,1.29,-1.8599999999999994
2021-06-18,73.1,71.64,3.23,20.7,113.0408,0.26,1.45,2.01,0.1,0.05,1.19,-1.4599999999999937
2021-06-21,74.49,73.64,3.15,17.89,112.8391,0.27,1.5,2.11,0.1,0.05,1.23,-0.8499999999999943
2021-06-22,74.92,73.15,3.21,16.66,112.9174,0.25,1.48,2.1,0.1,0.05,1.23,-1.769999999999996
2021-06-23,75.22,73.11,3.36,16.32,112.3819,0.26,1.5,2.11,0.1,0.05,1.24,-2.1099999999999994
2021-06-24,75.95,73.31,3.3,15.97,112.326,0.26,1.49,2.1,0.1,0.05,1.23,-2.6400000000000006
2021-06-25,76.45,74.21,3.4,15.62,111.9655,0.28,1.54,2.16,0.1,0.05,1.26,-2.240000000000009
2021-06-28,74.78,72.98,3.62,15.76,112.0248,0.25,1.49,2.1,0.1,0.05,1.24,-1.7999999999999972
2021-06-29,75.38,73.14,3.75,16.02,112.2613,0.27,1.49,2.1,0.1,0.05,1.22,-2.239999999999995
2021-06-30,76.94,73.52,3.79,15.83,112.5533,0.25,1.45,2.06,0.08,0.05,1.2,-3.4200000000000017
2021-07-01,76.69,75.33,3.76,15.48,112.74,0.25,1.48,2.07,0.1,0.05,1.23,-1.3599999999999994
2021-07-02,77.51,75.37,3.67,15.07,112.5425,0.24,1.44,2.05,0.1,0.05,1.2,-2.1400000000000006
2021-07-05,78.34,,,,,,,,0.1,,,
2021-07-06,75.81,73.62,3.68,16.44,112.9516,0.22,1.37,2.0,0.1,0.05,1.1500000000000001,-2.1899999999999977
2021-07-07,74.31,72.22,3.66,16.2,113.1048,0.22,1.33,1.94,0.1,0.05,1.11,-2.0900000000000034
2021-07-08,75.07,72.98,3.56,19.0,113.0776,0.19,1.3,1.91,0.1,0.05,1.11,-2.089999999999989
2021-07-09,77.14,74.56,3.71,16.18,112.8375,0.23,1.37,1.99,0.1,0.05,1.1400000000000001,-2.5799999999999983
2021-07-12,76.77,74.21,3.7,16.17,112.7611,0.23,1.38,2.0,0.1,0.05,1.15,-2.5600000000000023
2021-07-13,77.5,75.24,3.78,17.12,113.0063,0.26,1.42,2.04,0.1,0.05,1.16,-2.260000000000005
2021-07-14,75.74,73.06,3.8,16.33,112.8801,0.23,1.37,1.98,0.1,0.05,1.1400000000000001,-2.6799999999999926
2021-07-15,74.53,71.67,3.68,17.01,113.0041,0.23,1.31,1.92,0.1,0.05,1.08,-2.8599999999999994
2021-07-16,74.46,71.76,3.7,18.45,113.0428,0.25,1.31,1.93,0.1,0.05,1.06,-2.6999999999999886
2021-07-19,69.33,66.45,3.75,22.5,113.5472,0.21,1.19,1.81,0.1,0.05,0.98,-2.8799999999999955
2021-07-20,70.03,67.32,3.82,19.73,113.7502,0.2,1.23,1.88,0.1,0.05,1.03,-2.710000000000008
2021-07-21,72.54,70.26,3.94,17.91,113.3926,0.22,1.3,1.94,0.1,0.05,1.08,-2.280000000000001
2021-07-22,74.25,72.15,4.02,17.69,113.4695,0.2,1.27,1.9,0.1,0.05,1.07,-2.0999999999999943
2021-07-23,74.86,72.24,4.11,17.2,113.4398,0.22,1.3,1.92,0.1,0.05,1.08,-2.6200000000000045
2021-07-26,74.79,72.15,4.09,17.58,113.2238,0.22,1.29,1.93,0.1,0.05,1.07,-2.6400000000000006
2021-07-27,74.87,71.68,4.15,19.36,113.2227,0.2,1.25,1.89,0.1,0.05,1.05,-3.1899999999999977
2021-07-28,75.09,72.37,4.1,18.31,113.1807,0.2,1.26,1.9,0.1,0.05,1.06,-2.719999999999999
2021-07-29,76.3,73.62,4.03,17.7,112.4834,0.2,1.28,1.91,0.1,0.05,1.08,-2.6799999999999926
2021-07-30,77.72,73.93,3.94,18.24,112.6714,0.19,1.24,1.89,0.07,0.05,1.05,-3.789999999999992
2021-08-02,73.91,71.31,4.02,19.46,112.6691,0.17,1.2,1.86,0.1,0.05,1.03,-2.5999999999999943
2021-08-03,73.24,70.64,4.06,18.04,112.8228,0.17,1.19,1.85,0.1,0.05,1.02,-2.5999999999999943
2021-08-04,70.99,68.19,4.2,17.97,112.8953,0.17,1.19,1.83,0.1,0.05,1.02,-2.799999999999997
2021-08-05,72.14,69.1,4.27,17.28,112.7674,0.21,1.23,1.86,0.1,0.05,1.02,-3.0400000000000063
2021-08-06,71.02,68.26,4.21,16.15,113.3088,0.21,1.31,1.94,0.1,0.05,1.1,-2.759999999999991
2021-08-09,69.65,66.56,4.24,16.72,113.4521,0.23,1.33,1.96,0.1,0.05,1.1,-3.0900000000000034
2021-08-10,71.14,68.33,4.12,16.79,113.4973,0.24,1.36,1.99,0.1,0.05,1.12,-2.8100000000000023
2021-08-11,71.99,69.3,4.07,16.06,113.282,0.23,1.35,1.99,0.1,0.05,1.12,-2.6899999999999977
2021-08-12,71.79,69.12,4.1,15.59,113.2691,0.23,1.36,2.03,0.1,0.05,1.1300000000000001,-2.6700000000000017
2021-08-13,70.9,68.36,3.95,15.45,113.0615,0.23,1.29,1.94,0.1,0.05,1.06,-2.5400000000000063
2021-08-16,70.07,67.44,3.93,16.12,113.1698,0.21,1.26,1.92,0.1,0.05,1.05,-2.6299999999999955
2021-08-17,69.4,66.5,3.92,17.91,113.6174,0.23,1.26,1.92,0.1,0.05,1.03,-2.9000000000000057
2021-08-18,68.61,65.36,3.86,21.57,113.6959,0.23,1.27,1.91,0.09,0.05,1.04,-3.25
2021-08-19,66.8,63.69,3.83,21.67,114.1106,0.22,1.24,1.88,0.09,0.05,1.02,-3.1099999999999994
2021-08-20,65.51,62.25,3.94,18.56,114.5009,0.23,1.26,1.87,0.09,0.05,1.03,-3.260000000000005
2021-08-23,69.07,65.65,3.93,17.15,113.9418,0.23,1.25,1.87,0.09,0.05,1.02,-3.4199999999999875
2021-08-24,71.21,67.5,3.95,17.22,113.6795,0.24,1.29,1.91,0.09,0.05,1.05,-3.7099999999999937
2021-08-25,72.12,68.54,4.03,16.79,113.6322,0.23,1.35,1.96,0.09,0.05,1.12,-3.5799999999999983
2021-08-26,70.42,67.42,4.07,18.84,113.7883,0.25,1.34,1.94,0.09,0.05,1.09,-3.0
2021-08-27,72.26,68.84,4.35,16.39,113.3404,0.22,1.31,1.91,0.08,0.05,1.09,-3.4200000000000017
2021-08-30,,69.28,4.25,16.19,113.246,0.2,1.29,1.9,0.08,0.05,1.09,
2021-08-31,73.45,68.43,4.33,16.48,113.1076,0.2,1.3,1.92,0.06,0.05,1.1,-5.019999999999996
2021-09-01,71.99,68.63,4.45,16.11,112.8732,0.2,1.31,1.92,0.08,0.05,1.11,-3.3599999999999994
2021-09-02,73.56,70.07,4.65,16.41,112.7863,0.2,1.29,1.9,0.08,0.05,1.09,-3.490000000000009
2021-09-03,73.07,69.34,4.77,16.41,112.5476,0.21,1.33,1.94,0.08,0.05,1.12,-3.7299999999999898
2021-09-06,72.43,,,,,,,,0.08,,,
2021-09-07,71.52,68.49,4.71,18.14,112.9795,0.22,1.38,1.99,0.08,0.05,1.16,-3.030000000000001
2021-09-08,72.36,69.36,4.66,17.96,113.2319,0.22,1.35,1.95,0.08,0.05,1.1300000000000001,-3.0
2021-09-09,71.32,68.26,4.97,18.8,113.043,0.23,1.3,1.9,0.08,0.05,1.07,-3.059999999999988
2021-09-10,72.44,69.82,5.13,20.95,112.9425,0.23,1.35,1.94,0.08,0.05,1.12,-2.6200000000000045
2021-09-13,72.97,70.54,5.21,19.37,113.0341,0.21,1.33,1.91,0.08,0.05,1.12,-2.4299999999999926
2021-09-14,73.05,70.53,5.39,19.46,113.0061,0.21,1.28,1.85,0.08,0.05,1.07,-2.519999999999996
2021-09-15,74.84,72.59,5.66,18.18,112.9773,0.21,1.31,1.87,0.08,0.05,1.1,-2.25
2021-09-16,75.14,72.69,5.52,18.69,113.3036,0.23,1.34,1.88,0.08,0.05,1.11,-2.450000000000003
2021-09-17,74.64,72.09,5.32,20.81,113.5989,0.23,1.37,1.91,0.08,0.05,1.1400000000000001,-2.549999999999997
2021-09-20,73.59,70.41,5.25,25.71,113.9422,0.23,1.31,1.85,0.08,0.05,1.08,-3.180000000000007
2021-09-21,73.65,70.51,4.96,24.36,113.8179,0.22,1.33,1.86,0.08,0.05,1.11,-3.1400000000000006
2021-09-22,75.5,72.37,4.92,20.87,113.6223,0.25,1.32,1.84,0.08,0.05,1.07,-3.1299999999999955
2021-09-23,76.44,73.43,4.94,18.63,113.513,0.27,1.41,1.92,0.08,0.05,1.14,-3.009999999999991
2021-09-24,77.42,74.18,5.1,17.75,113.7597,0.29,1.47,1.99,0.08,0.05,1.18,-3.239999999999995
2021-09-27,78.85,75.54,5.53,18.76,113.7432,0.31,1.48,1.99,0.08,0.05,1.17,-3.309999999999988
2021-09-28,78.3,75.44,5.94,23.25,114.2469,0.31,1.54,2.07,0.08,0.05,1.23,-2.8599999999999994
2021-09-29,77.86,75.06,5.73,22.56,114.7092,0.3,1.55,2.09,0.08,0.05,1.25,-2.799999999999997
2021-09-30,77.81,75.22,5.58,23.14,114.6403,0.28,1.52,2.08,0.06,0.05,1.24,-2.5900000000000034
2021-10-01,79.4,76.01,5.61,21.15,114.3798,0.27,1.48,2.04,0.08,0.05,1.21,-3.3900000000000006
2021-10-04,81.44,77.68,5.8,22.96,114.2739,0.27,1.49,2.05,0.08,0.05,1.22,-3.759999999999991
2021-10-05,82.72,79.17,6.37,21.3,114.3654,0.28,1.54,2.1,0.08,0.05,1.26,-3.549999999999997
2021-10-06,81.39,77.66,6.0,21.0,114.7185,0.3,1.53,2.08,0.08,0.05,1.23,-3.730000000000004
2021-10-07,82.34,78.46,5.71,19.54,114.5044,0.32,1.58,2.13,0.08,0.05,1.26,-3.8800000000000097
2021-10-08,82.17,79.55,5.46,18.77,114.5986,0.32,1.61,2.16,0.08,0.05,1.29,-2.6200000000000045
2021-10-11,83.75,80.64,5.46,20.0,,,,,0.08,,,-3.1099999999999994
2021-10-12,83.53,80.75,5.34,19.85,114.7542,0.35,1.59,2.1,0.08,0.05,1.2400000000000002,-2.780000000000001
2021-10-13,83.53,80.67,5.56,18.64,114.4705,0.37,1.56,2.05,0.08,0.05,1.19,-2.8599999999999994
2021-10-14,83.86,81.43,5.92,16.86,114.2053,0.36,1.52,2.02,0.08,0.05,1.1600000000000001,-2.4299999999999926
2021-10-15,84.67,82.39,5.44,16.3,114.0905,0.41,1.59,2.05,0.08,0.05,1.1800000000000002,-2.280000000000001
2021-10-18,84.13,82.62,5.01,16.31,113.9899,0.44,1.59,2.01,0.08,0.05,1.1500000000000001,-1.509999999999991
2021-10-19,85.02,83.19,4.81,15.7,113.647,0.41,1.65,2.09,0.08,0.03,1.24,-1.8299999999999983
2021-10-20,85.76,84.4,4.87,15.49,113.5083,0.4,1.65,2.12,0.08,0.03,1.25,-1.3599999999999994
2021-10-21,84.58,82.64,4.94,15.01,113.6188,0.45,1.68,2.13,0.08,0.03,1.23,-1.9399999999999977
2021-10-22,85.43,84.53,5.1,15.43,113.67,0.48,1.66,2.08,0.08,0.05,1.18,-0.9000000000000057
2021-10-25,84.85,84.64,5.72,15.24,113.605,0.47,1.64,2.09,0.08,0.04,1.17,-0.20999999999999375
2021-10-26,85.11,85.64,5.59,15.98,113.674,0.47,1.63,2.05,0.08,0.05,1.16,0.5300000000000011
2021-10-27,84.12,82.66,5.91,16.98,113.6218,0.5,1.54,1.95,0.08,0.05,1.04,-1.460000000000008
2021-10-28,83.4,82.78,5.68,16.53,113.4389,0.5,1.57,1.96,0.08,0.05,1.07,-0.6200000000000045
2021-10-29,83.1,83.5,5.49,16.26,114.1349,0.48,1.55,1.93,0.07,0.05,1.07,0.4000000000000057
2021-11-01,84.51,84.08,5.22,16.41,114.2067,0.5,1.58,1.98,0.08,0.05,1.08,-0.4300000000000068
2021-11-02,84.42,83.91,5.33,16.03,114.2847,0.46,1.56,1.96,0.08,0.05,1.1,-0.5100000000000051
2021-11-03,81.1,80.82,5.59,15.1,114.3593,0.47,1.6,2.0,0.08,0.05,1.1300000000000001,-0.28000000000000114
2021-11-04,80.15,78.88,5.73,15.44,114.3558,0.41,1.53,1.96,0.08,0.05,1.12,-1.2700000000000102
2021-11-05,82.43,81.25,5.51,16.48,114.0732,0.39,1.45,1.87,0.08,0.05,1.06,-1.1800000000000068
2021-11-08,83.22,81.96,5.53,17.22,113.8256,0.45,1.51,1.89,0.08,0.05,1.06,-1.2600000000000051
2021-11-09,84.52,84.12,5.08,17.78,113.762,0.41,1.46,1.83,0.08,0.05,1.05,-0.3999999999999915
2021-11-10,82.91,81.23,4.56,18.73,114.1484,0.51,1.56,1.92,0.08,0.05,1.05,-1.6799999999999926
2021-11-11,83.4,81.47,4.81,17.66,,,,,0.08,,,-1.9300000000000068
2021-11-12,82.9,80.87,4.97,16.29,114.5144,0.53,1.58,1.95,0.08,0.05,1.05,-2.030000000000001
2021-11-15,81.94,80.85,4.77,16.49,114.5876,0.53,1.63,2.01,0.08,0.05,1.0999999999999999,-1.0900000000000034
2021-11-16,82.85,80.76,5.11,16.37,115.136,0.54,1.63,2.02,0.08,0.05,1.0899999999999999,-2.089999999999989
2021-11-17,80.67,78.32,4.82,17.11,115.0263,0.52,1.6,2.0,0.08,0.05,1.08,-2.3500000000000085
2021-11-18,82.45,78.92,4.95,17.59,115.0678,0.52,1.59,1.97,0.08,0.05,1.07,-3.530000000000001
2021-11-19,80.24,76.11,4.9,17.91,115.2187,0.52,1.54,1.91,0.08,0.05,1.02,-4.1299999999999955
2021-11-22,80.97,76.74,4.83,19.17,115.6481,0.63,1.63,1.98,0.08,0.05,0.9999999999999999,-4.230000000000004
2021-11-23,83.43,78.32,4.95,19.38,116.0118,0.6,1.67,2.02,0.08,0.05,1.0699999999999998,-5.110000000000014
2021-11-24,82.37,78.32,4.93,18.58,116.2711,0.64,1.64,1.96,0.08,0.05,0.9999999999999999,-4.050000000000011
2021-11-25,82.05,,,,,,,,0.08,,,
2021-11-26,72.37,,,28.62,116.5103,0.5,1.48,1.83,0.08,0.05,0.98,
2021-11-29,73.34,69.88,4.9,22.96,116.581,0.51,1.52,1.87,0.08,0.05,1.01,-3.460000000000008
2021-11-30,70.86,66.14,4.52,27.19,116.2071,0.52,1.43,1.78,0.07,0.05,0.9099999999999999,-4.719999999999999
2021-12-01,69.53,65.44,4.31,31.12,115.889,0.56,1.43,1.77,0.08,0.05,0.8699999999999999,-4.090000000000003
2021-12-02,70.56,66.6,4.08,27.95,116.018,0.63,1.44,1.76,0.08,0.05,0.8099999999999999,-3.960000000000008
2021-12-03,70.71,66.39,3.79,30.67,116.2377,0.6,1.35,1.69,0.08,0.05,0.7500000000000001,-4.319999999999993
2021-12-06,73.38,69.62,3.66,27.18,116.1538,0.65,1.43,1.75,0.08,0.05,0.7799999999999999,-3.759999999999991
2021-12-07,75.54,71.94,3.6,21.89,115.8555,0.7,1.48,1.8,0.08,0.05,0.78,-3.6000000000000085
2021-12-08,75.94,72.43,3.79,19.9,115.4418,0.68,1.52,1.87,0.08,0.05,0.84,-3.509999999999991
2021-12-09,74.1,70.87,3.67,21.58,115.7784,0.7,1.49,1.87,0.08,0.05,0.79,-3.2299999999999898
2021-12-10,74.98,71.71,3.65,18.69,115.5732,0.67,1.48,1.88,0.08,0.05,0.8099999999999999,-3.2700000000000102
2021-12-13,74.12,71.19,4.05,20.31,115.842,0.66,1.42,1.81,0.08,0.05,0.7599999999999999,-2.930000000000007
2021-12-14,73.37,70.57,3.71,21.89,116.2397,0.67,1.44,1.82,0.08,0.05,0.7699999999999999,-2.8000000000000114
2021-12-15,73.71,70.89,3.79,19.29,116.4219,0.69,1.47,1.86,0.08,0.05,0.78,-2.819999999999993
2021-12-16,74.64,72.34,3.67,20.57,115.7146,0.64,1.44,1.87,0.08,0.05,0.7999999999999999,-2.299999999999997
2021-12-17,72.97,70.93,3.71,21.57,115.791,0.66,1.41,1.82,0.08,0.05,0.7499999999999999,-2.039999999999992
2021-12-20,70.51,68.69,3.91,22.87,116.0092,0.65,1.43,1.85,0.08,0.04,0.7799999999999999,-1.8200000000000074
2021-12-21,72.85,71.1,3.96,21.01,116.1089,0.7,1.48,1.89,0.08,0.05,0.78,-1.75
2021-12-22,74.69,72.82,3.95,18.63,115.7485,0.68,1.46,1.86,0.08,0.05,0.7799999999999999,-1.8700000000000045
2021-12-23,76.26,73.89,3.56,17.96,115.5337,0.71,1.5,1.91,0.08,0.05,0.79,-2.3700000000000045
2021-12-24,75.24,,,,,,,,0.08,,,
2021-12-27,,75.49,3.45,17.68,115.4684,0.76,1.48,1.88,0.08,0.05,0.72,
2021-12-28,,76.01,3.32,17.54,115.4192,0.74,1.49,1.9,0.08,0.05,0.75,
2021-12-29,78.63,76.58,3.4,16.95,115.3678,0.75,1.55,1.96,0.08,0.05,0.8,-2.049999999999997
2021-12-30,78.61,76.83,3.82,17.33,115.283,0.73,1.52,1.93,0.08,0.05,0.79,-1.7800000000000011
2021-12-31,77.24,75.33,3.82,17.22,,0.73,1.52,1.9,0.07,0.05,0.79,-1.9099999999999966
2022-01-03,78.25,75.99,3.74,16.6,115.4101,0.78,1.63,2.01,0.08,0.05,0.8499999999999999,-2.260000000000005
2022-01-04,79.39,77.0,3.73,16.91,115.3103,0.77,1.66,2.07,0.08,0.05,0.8899999999999999,-2.3900000000000006
2022-01-05,80.6,77.83,3.78,19.73,115.137,0.83,1.71,2.09,0.08,0.05,0.88,-2.769999999999996
2022-01-06,81.99,79.47,3.94,19.61,115.4046,0.88,1.73,2.09,0.08,0.05,0.85,-2.519999999999996
2022-01-07,82.28,79.0,3.83,18.76,115.0451,0.87,1.76,2.11,0.08,0.05,0.89,-3.280000000000001
2022-01-10,81.56,78.11,4.16,19.4,115.2216,0.92,1.78,2.11,0.08,0.05,0.86,-3.450000000000003
2022-01-11,84.98,81.17,4.16,18.41,114.8332,0.9,1.75,2.08,0.08,0.05,0.85,-3.8100000000000023
2022-01-12,85.83,82.51,4.62,17.62,114.355,0.92,1.74,2.08,0.08,0.05,0.82,-3.319999999999993
2022-01-13,85.8,81.97,4.78,20.31,114.177,0.91,1.7,2.05,0.08,0.05,0.7899999999999999,-3.8299999999999983
2022-01-14,87.17,83.82,4.37,19.19,114.3825,0.99,1.78,2.12,0.08,0.05,0.79,-3.3500000000000085
2022-01-17,87.82,,,,,,,,0.08,,,
2022-01-18,88.83,85.42,4.55,22.79,114.7373,1.06,1.87,2.18,0.08,0.05,0.81,-3.4099999999999966
2022-01-19,89.64,86.84,4.89,23.85,114.6109,1.04,1.83,2.14,0.08,0.05,0.79,-2.799999999999997
2022-01-20,89.75,86.29,4.45,25.59,114.4642,1.08,1.83,2.14,0.08,0.04,0.75,-3.4599999999999937
2022-01-21,89.75,85.16,4.11,28.85,114.6125,1.01,1.75,2.07,0.08,0.05,0.74,-4.590000000000003
2022-01-24,87.74,84.48,4.2,29.9,115.2034,0.99,1.75,2.1,0.08,0.04,0.76,-3.259999999999991
2022-01-25,89.49,86.61,4.24,31.16,115.1654,1.02,1.78,2.12,0.08,0.05,0.76,-2.8799999999999955
2022-01-26,91.22,88.33,4.43,31.96,115.0922,1.13,1.85,2.16,0.08,0.04,0.7200000000000002,-2.8900000000000006
2022-01-27,90.7,87.61,4.43,30.49,115.978,1.18,1.81,2.09,0.08,0.04,0.6300000000000001,-3.0900000000000034
2022-01-28,91.47,87.67,5.69,27.66,116.0393,1.15,1.78,2.07,0.08,0.05,0.6300000000000001,-3.799999999999997
2022-01-31,92.35,89.16,5.56,24.83,115.566,1.18,1.79,2.11,0.08,0.05,0.6100000000000001,-3.1899999999999977
2022-02-01,90.24,88.22,5.45,21.96,115.3685,1.18,1.81,2.12,0.08,0.05,0.6300000000000001,-2.019999999999996
2022-02-02,91.43,88.16,6.7,22.09,115.1538,1.16,1.78,2.11,0.08,0.05,0.6200000000000001,-3.2700000000000102
2022-02-03,92.99,90.17,5.84,24.35,114.9065,1.19,1.82,2.14,0.08,0.05,0.6300000000000001,-2.819999999999993
2022-02-04,96.86,92.27,5.34,23.22,115.1362,1.31,1.93,2.23,0.08,0.05,0.6199999999999999,-4.590000000000003
2022-02-07,97.28,91.25,4.44,22.86,115.0098,1.3,1.92,2.22,0.08,0.05,0.6199999999999999,-6.030000000000001
2022-02-08,96.07,89.32,4.3,21.44,115.0892,1.35,1.96,2.25,0.08,0.05,0.6099999999999999,-6.75
2022-02-09,94.95,89.57,4.13,19.96,114.8232,1.36,1.94,2.25,0.08,0.04,0.5799999999999998,-5.38000000000001
2022-02-10,96.37,89.83,4.03,23.91,114.5527,1.61,2.03,2.3,0.08,0.05,0.4199999999999997,-6.540000000000006
2022-02-11,97.5,93.1,4.04,27.36,114.8413,1.5,1.92,2.24,0.08,0.05,0.41999999999999993,-4.400000000000006
2022-02-14,101.66,95.52,4.05,28.33,115.1946,1.58,1.98,2.29,0.08,0.05,0.3999999999999999,-6.140000000000001
2022-02-15,98.43,92.07,4.31,25.7,114.93,1.58,2.05,2.37,0.08,0.05,0.46999999999999975,-6.360000000000014
2022-02-16,97.44,93.83,4.39,24.29,114.6886,1.52,2.03,2.34,0.08,0.05,0.5099999999999998,-3.6099999999999994
2022-02-17,95.28,91.78,4.57,28.11,114.6755,1.49,1.97,2.31,0.08,0.05,0.48,-3.5
2022-02-18,96.18,91.26,4.61,27.75,114.7982,1.47,1.92,2.24,0.08,0.05,0.44999999999999996,-4.920000000000002
2022-02-21,98.95,,,,,,,,0.08,,,
2022-02-22,98.73,92.11,4.48,28.81,114.7002,1.56,1.94,2.24,0.08,0.05,0.3799999999999999,-6.6200000000000045
2022-02-23,99.29,92.14,4.59,31.02,114.6668,1.58,1.99,2.29,0.08,0.05,0.4099999999999999,-7.150000000000006
2022-02-24,101.29,92.77,4.78,30.32,115.9419,1.54,1.96,2.28,0.08,0.05,0.41999999999999993,-8.52000000000001
2022-02-25,98.56,91.68,4.63,27.59,115.2577,1.55,1.97,2.29,0.08,0.05,0.41999999999999993,-6.8799999999999955
2022-02-28,103.08,96.13,4.46,30.15,115.2224,1.44,1.83,2.17,0.08,0.05,0.3900000000000001,-6.950000000000003
2022-03-01,110.93,103.66,4.36,33.32,115.7962,1.31,1.72,2.11,0.08,0.05,0.4099999999999999,-7.27000000000001
2022-03-02,118.94,110.74,4.65,30.74,115.7623,1.5,1.86,2.24,0.08,0.05,0.3600000000000001,-8.200000000000003
2022-03-03,115.36,107.69,4.63,30.48,115.9495,1.53,1.86,2.24,0.08,0.05,0.33000000000000007,-7.670000000000002
2022-03-04,123.86,115.77,4.74,31.98,116.6503,1.5,1.74,2.16,0.08,0.05,0.24,-8.090000000000003
2022-03-07,129.02,119.26,4.93,36.45,117.3278,1.55,1.78,2.19,0.08,0.05,0.22999999999999998,-9.760000000000005
2022-03-08,133.18,123.64,4.61,35.13,117.6176,1.63,1.86,2.24,0.08,0.05,0.2300000000000002,-9.540000000000006
2022-03-09,116.58,108.81,4.55,32.45,116.5961,1.68,1.94,2.29,0.08,0.05,0.26,-7.769999999999996
2022-03-10,114.54,105.93,4.65,30.23,116.7401,1.72,1.98,2.38,0.08,0.05,0.26,-8.61
2022-03-11,118.11,109.31,4.79,30.75,117.0192,1.75,2.0,2.36,0.08,0.05,0.25,-8.799999999999997
2022-03-14,110.39,103.22,4.59,31.77,117.1506,1.87,2.14,2.47,0.08,0.05,0.27,-7.170000000000002
2022-03-15,105.14,96.42,4.46,29.83,117.246,1.85,2.15,2.49,0.08,0.05,0.2999999999999998,-8.719999999999999
2022-03-16,104.61,94.85,4.68,26.67,116.8073,1.95,2.19,2.46,0.08,0.05,0.24,-9.760000000000005
2022-03-17,113.5,102.97,4.8,25.67,116.0467,1.94,2.2,2.5,0.33,0.3,0.26000000000000023,-10.530000000000001
2022-03-18,114.32,104.69,4.87,23.87,116.1378,1.97,2.14,2.42,0.33,0.3,0.17000000000000015,-9.629999999999995
2022-03-21,122.29,112.14,4.77,23.53,115.9398,2.14,2.32,2.55,0.33,0.29,0.17999999999999972,-10.150000000000006
2022-03-22,121.53,111.03,5.0,22.94,116.0824,2.18,2.38,2.6,0.33,0.28,0.19999999999999973,-10.5
2022-03-23,127.52,114.89,5.26,23.57,116.005,2.13,2.32,2.52,0.33,0.27,0.18999999999999995,-12.629999999999995
2022-03-24,123.98,114.2,5.19,21.67,115.9599,2.13,2.34,2.51,0.33,0.27,0.20999999999999996,-9.780000000000001
2022-03-25,122.67,116.2,5.51,20.81,115.7921,2.3,2.48,2.6,0.33,0.28,0.18000000000000016,-6.469999999999999
2022-03-28,114.5,107.55,5.52,19.63,116.1911,2.35,2.46,2.57,0.33,0.28,0.10999999999999988,-6.950000000000003
2022-03-29,112.79,104.25,5.32,18.9,115.5679,2.35,2.41,2.53,0.33,0.28,0.06000000000000005,-8.540000000000006
2022-03-30,115.59,107.81,5.32,19.33,115.0818,2.31,2.35,2.48,0.33,0.27,0.040000000000000036,-7.780000000000001
2022-03-31,107.29,100.53,5.46,20.56,115.2218,2.28,2.32,2.44,0.33,0.29,0.040000000000000036,-6.760000000000005
2022-04-01,106.13,99.32,5.43,19.63,115.4814,2.44,2.39,2.44,0.33,0.3,-0.04999999999999982,-6.810000000000002
2022-04-04,108.15,103.29,5.72,18.57,115.4112,2.43,2.42,2.48,0.33,0.3,-0.010000000000000231,-4.859999999999999
2022-04-05,106.6,101.98,5.95,21.03,115.73,2.51,2.54,2.57,0.33,0.3,0.03000000000000025,-4.61999999999999
2022-04-06,100.81,96.39,6.29,22.1,115.9995,2.5,2.61,2.63,0.33,0.3,0.10999999999999988,-4.420000000000002
2022-04-07,99.83,96.05,6.05,21.55,116.3512,2.47,2.66,2.69,0.33,0.3,0.18999999999999995,-3.780000000000001
2022-04-08,101.26,98.35,6.38,21.16,116.4176,2.53,2.72,2.76,0.33,0.3,0.1900000000000004,-2.910000000000011
2022-04-11,97.92,94.22,6.35,24.37,116.5401,2.5,2.79,2.84,0.33,0.3,0.29000000000000004,-3.700000000000003
2022-04-12,104.42,100.52,6.59,24.26,116.3866,2.39,2.72,2.82,0.33,0.29,0.33000000000000007,-3.9000000000000057
2022-04-13,108.49,104.26,6.68,21.82,116.2796,2.37,2.7,2.81,0.33,0.29,0.33000000000000007,-4.22999999999999
2022-04-14,110.83,106.84,6.94,22.7,116.7558,2.47,2.83,2.92,0.33,0.29,0.3599999999999999,-3.989999999999995
2022-04-15,,,,,116.7017,,,,0.33,,,
2022-04-18,,108.24,7.48,22.17,116.8441,2.46,2.85,2.95,0.33,0.29,0.3900000000000001,
2022-04-19,105.49,102.54,7.44,21.37,117.1324,2.61,2.93,3.01,0.33,0.28,0.3200000000000003,-2.9499999999999886
2022-04-20,105.05,102.56,7.12,20.32,116.7306,2.6,2.85,2.9,0.33,0.27,0.25,-2.489999999999995
2022-04-21,107.2,103.89,6.88,22.68,117.1432,2.68,2.9,2.94,0.33,0.26,0.21999999999999975,-3.3100000000000023
2022-04-22,105.15,102.86,6.59,28.21,118.0186,2.72,2.9,2.95,0.33,0.27,0.17999999999999972,-2.2900000000000063
2022-04-25,99.27,99.6,6.42,27.02,118.6271,2.63,2.81,2.88,0.33,0.27,0.18000000000000016,0.3299999999999983
2022-04-26,102.89,102.62,6.89,33.52,118.9624,2.54,2.77,2.86,0.33,0.27,0.22999999999999998,-0.269999999999996
2022-04-27,103.3,101.96,6.91,31.6,119.4708,2.58,2.82,2.91,0.33,0.28,0.23999999999999977,-1.3400000000000034
2022-04-28,105.78,105.47,6.97,29.99,120.0675,2.63,2.85,2.92,0.33,0.28,0.2200000000000002,-0.3100000000000023
2022-04-29,108.36,104.59,6.84,33.4,119.4933,2.7,2.89,2.96,0.33,0.28,0.18999999999999995,-3.769999999999996
2022-05-02,,105.18,7.3,32.34,119.8825,2.73,2.99,3.07,0.33,0.3,0.26000000000000023,
2022-05-03,104.94,102.53,7.84,29.25,119.7043,2.78,2.97,3.03,0.33,0.3,0.1900000000000004,-2.4099999999999966
2022-05-04,110.53,107.84,8.3,25.42,119.5592,2.66,2.93,3.01,0.33,0.3,0.27,-2.6899999999999977
2022-05-05,112.11,108.17,8.42,31.2,120.0068,2.71,3.05,3.15,0.83,0.79,0.33999999999999986,-3.9399999999999977
2022-05-06,113.86,109.72,8.35,30.19,119.8577,2.72,3.12,3.23,0.83,0.78,0.3999999999999999,-4.140000000000001
2022-05-09,106.67,103.08,8.06,34.75,120.4972,2.61,3.05,3.19,0.83,0.78,0.43999999999999995,-3.5900000000000034
2022-05-10,102.61,99.74,6.78,32.99,120.7742,2.62,2.99,3.12,0.83,0.78,0.3700000000000001,-2.8700000000000045
2022-05-11,107.7,105.5,7.53,32.56,120.3925,2.66,2.91,3.05,0.83,0.78,0.25,-2.200000000000003
2022-05-12,108.06,106.15,7.25,31.77,121.2796,2.56,2.84,3.0,0.83,0.79,0.2799999999999998,-1.9099999999999966
2022-05-13,112.12,110.52,7.75,28.87,120.8442,2.61,2.93,3.1,0.83,0.79,0.3200000000000003,-1.6000000000000085
2022-05-16,114.86,114.07,8.07,27.47,120.6881,2.58,2.88,3.09,0.83,0.8,0.2999999999999998,-0.7900000000000063
2022-05-17,112.89,112.31,8.26,26.1,119.8871,2.71,2.98,3.17,0.83,0.8,0.27,-0.5799999999999983
2022-05-18,110.04,109.67,8.53,30.96,120.0274,2.68,2.89,3.07,0.83,0.79,0.20999999999999996,-0.37000000000000455
2022-05-19,113.22,112.21,8.21,29.35,119.4278,2.63,2.84,3.05,0.83,0.79,0.20999999999999996,-1.0100000000000051
2022-05-20,113.63,112.63,7.97,29.43,119.3677,2.6,2.78,2.99,0.83,0.78,0.17999999999999972,-1.0
2022-05-23,115.13,110.32,8.16,28.48,118.7169,2.65,2.86,3.08,0.83,0.78,0.20999999999999996,-4.810000000000002
2022-05-24,115.77,112.55,8.87,29.45,118.6245,2.5,2.76,2.98,0.83,0.78,0.2599999999999998,-3.219999999999999
2022-05-25,116.41,112.88,9.44,28.37,118.9598,2.48,2.75,2.97,0.83,0.78,0.27,-3.530000000000001
2022-05-26,119.81,116.19,9.19,27.5,118.7687,2.46,2.75,2.99,0.83,0.78,0.29000000000000004,-3.6200000000000045
2022-05-27,121.19,114.96,8.3,25.72,118.2834,2.47,2.74,2.97,0.83,0.78,0.27,-6.230000000000004
2022-05-30,123.01,,,26.54,,,,,0.83,,,
2022-05-31,125.53,114.38,8.46,26.19,118.0704,2.53,2.85,3.07,0.83,0.79,0.3200000000000003,-11.150000000000006
2022-06-01,122.2,115.26,8.47,25.69,118.6954,2.66,2.94,3.09,0.83,0.8,0.2799999999999998,-6.939999999999998
2022-06-02,,116.88,8.9,24.72,118.0658,2.65,2.92,3.09,0.83,0.79,0.27,
2022-06-03,125.68,118.97,8.34,24.79,118.2153,2.66,2.96,3.11,0.83,0.78,0.2999999999999998,-6.710000000000008
2022-06-06,124.99,118.41,9.08,25.07,118.3081,2.73,3.04,3.19,0.83,0.78,0.31000000000000005,-6.579999999999998
2022-06-07,126.89,119.55,9.28,24.02,118.4414,2.75,2.98,3.13,0.83,0.77,0.22999999999999998,-7.340000000000003
2022-06-08,129.2,121.94,9.43,23.96,118.3951,2.78,3.03,3.18,0.83,0.76,0.25,-7.259999999999991
2022-06-09,128.47,121.52,8.16,26.09,118.9226,2.83,3.04,3.18,0.83,0.75,0.20999999999999996,-6.950000000000003
2022-06-10,127.44,120.73,8.78,27.75,119.9981,3.06,3.15,3.2,0.83,0.75,0.08999999999999986,-6.709999999999994
2022-06-13,128.44,120.92,9.0,34.02,121.1523,3.4,3.43,3.42,0.83,0.73,0.03000000000000025,-7.519999999999996
2022-06-14,127.02,118.92,7.68,32.69,121.6669,3.45,3.49,3.45,0.83,0.69,0.040000000000000036,-8.099999999999994
2022-06-15,124.96,115.32,7.72,29.62,121.6403,3.2,3.33,3.39,0.83,0.7,0.1299999999999999,-9.64
2022-06-16,125.78,117.56,7.88,32.95,120.6714,3.14,3.28,3.35,1.58,1.45,0.13999999999999968,-8.219999999999999
2022-06-17,119.22,109.56,7.37,31.13,121.2369,3.17,3.25,3.3,1.58,1.45,0.08000000000000007,-9.659999999999997
2022-06-20,118.25,,,31.03,,,,,1.58,,,
2022-06-21,118.51,110.49,6.6,30.19,120.6427,3.21,3.31,3.39,1.58,1.45,0.10000000000000009,-8.02000000000001
2022-06-22,115.54,106.22,6.76,28.95,120.5197,3.06,3.16,3.25,1.58,1.45,0.10000000000000009,-9.320000000000007
2022-06-23,114.5,105.75,6.54,29.05,120.7622,3.01,3.09,3.21,1.58,1.44,0.08000000000000007,-8.75
2022-06-24,117.36,109.07,5.8,27.23,120.4853,3.04,3.13,3.26,1.58,1.46,0.08999999999999986,-8.290000000000006
2022-06-27,119.69,111.44,6.09,26.95,120.1736,3.08,3.2,3.31,1.58,1.5,0.1200000000000001,-8.25
2022-06-28,122.21,113.66,6.66,28.36,120.62,3.1,3.2,3.3,1.58,1.52,0.10000000000000009,-8.549999999999997
2022-06-29,120.8,111.65,6.69,28.16,120.9616,3.06,3.1,3.22,1.58,1.51,0.040000000000000036,-9.149999999999991
2022-06-30,119.78,107.76,6.54,28.71,120.9652,2.92,2.98,3.14,1.58,1.5,0.06000000000000005,-12.019999999999996
2022-07-01,119.21,110.3,5.75,26.7,121.5058,2.84,2.88,3.11,1.58,1.52,0.040000000000000036,-8.909999999999997
2022-07-04,121.8,,,27.53,,,,,1.58,,,
2022-07-05,110.49,101.55,5.72,27.54,122.6203,2.82,2.82,3.05,1.58,1.54,0.0,-8.939999999999998
2022-07-06,108.54,100.31,5.65,26.73,123.0073,2.97,2.93,3.14,1.58,1.54,-0.040000000000000036,-8.230000000000004
2022-07-07,113.4,104.62,5.83,26.08,122.7257,3.03,3.01,3.2,1.58,1.54,-0.020000000000000018,-8.780000000000001
2022-07-08,113.95,106.78,6.4,24.64,122.4662,3.12,3.09,3.27,1.58,1.53,-0.03000000000000025,-7.170000000000002
2022-07-11,114.85,106.09,6.82,26.17,123.2974,3.07,2.99,3.18,1.58,1.53,-0.07999999999999963,-8.759999999999991
2022-07-12,106.98,97.69,6.81,27.29,123.4524,3.03,2.96,3.13,1.58,1.54,-0.06999999999999984,-9.290000000000006
2022-07-13,107.17,98.44,6.68,26.82,123.2834,3.13,2.91,3.08,1.58,1.53,-0.21999999999999975,-8.730000000000004
2022-07-14,107.74,97.79,6.9,26.4,124.0622,3.15,2.96,3.11,1.58,1.53,-0.18999999999999995,-9.949999999999989
2022-07-15,112.26,99.59,6.6,24.23,123.4765,3.13,2.93,3.1,1.58,1.54,-0.19999999999999973,-12.670000000000002
2022-07-18,117.27,104.48,7.65,25.3,122.7727,3.15,2.96,3.14,1.58,1.54,-0.18999999999999995,-12.789999999999992
2022-07-19,114.96,106.12,7.35,24.5,122.4819,3.23,3.01,3.17,1.58,1.54,-0.2200000000000002,-8.83999999999999
2022-07-20,115.86,104.45,7.58,23.88,122.5997,3.25,3.04,3.17,1.58,1.53,-0.20999999999999996,-11.409999999999997
2022-07-21,112.81,98.44,7.99,23.11,122.9032,3.1,2.91,3.08,1.58,1.53,-0.18999999999999995,-14.370000000000005
2022-07-22,106.77,97.71,8.25,23.03,122.451,2.98,2.77,3.0,1.58,1.52,-0.20999999999999996,-9.060000000000002
2022-07-25,108.23,99.83,8.52,23.36,122.4594,3.0,2.81,3.04,1.58,1.53,-0.18999999999999995,-8.400000000000006
2022-07-26,107.32,97.74,9.46,24.69,122.7581,3.02,2.81,3.03,1.58,1.53,-0.20999999999999996,-9.579999999999998
2022-07-27,109.64,100.03,8.65,23.24,122.8169,2.96,2.78,3.03,1.58,1.53,-0.18000000000000016,-9.61
2022-07-28,109.68,99.11,8.75,22.33,122.1161,2.85,2.68,3.02,2.33,2.28,-0.16999999999999993,-10.570000000000007
2022-07-29,111.51,101.31,8.33,21.33,121.7678,2.89,2.67,3.0,2.32,2.27,-0.2200000000000002,-10.200000000000003
2022-08-01,106.09,96.59,8.2,22.84,121.4109,2.9,2.6,2.92,2.33,2.28,-0.2999999999999998,-9.5
2022-08-02,106.51,97.14,8.01,23.93,121.9486,3.06,2.75,3.0,2.33,2.3,-0.31000000000000005,-9.370000000000005
2022-08-03,101.82,93.25,7.81,21.95,122.3888,3.1,2.73,2.96,2.33,2.29,-0.3700000000000001,-8.569999999999993
2022-08-04,97.99,91.29,8.4,21.44,121.8333,3.03,2.68,2.97,2.33,2.29,-0.34999999999999964,-6.699999999999989
2022-08-05,100.31,91.77,8.3,21.15,122.321,3.24,2.83,3.06,2.33,2.28,-0.41000000000000014,-8.540000000000006
2022-08-08,103.46,93.52,7.76,21.29,121.8783,3.21,2.77,3.0,2.33,2.28,-0.43999999999999995,-9.939999999999998
2022-08-09,103.81,93.18,7.87,21.77,121.8614,3.28,2.8,3.01,2.33,2.29,-0.48,-10.629999999999995
2022-08-10,105.06,94.68,7.86,19.74,120.7543,3.23,2.78,3.04,2.33,2.28,-0.4500000000000002,-10.379999999999995
2022-08-11,107.19,97.02,8.53,20.2,120.7163,3.23,2.87,3.15,2.33,2.28,-0.3599999999999999,-10.170000000000002
2022-08-12,103.7,94.86,8.73,19.53,121.018,3.25,2.84,3.12,2.33,2.28,-0.41000000000000014,-8.840000000000003
2022-08-15,98.25,92.24,8.62,19.95,121.4315,3.2,2.79,3.1,2.33,2.29,-0.41000000000000014,-6.010000000000005
2022-08-16,95.36,89.23,9.28,19.69,121.6807,3.25,2.82,3.11,2.33,2.29,-0.43000000000000016,-6.1299999999999955
2022-08-17,97.22,90.85,9.51,19.9,122.0711,3.28,2.89,3.15,2.33,2.29,-0.3899999999999997,-6.3700000000000045
2022-08-18,96.35,93.2,9.42,19.56,122.3627,3.22,2.88,3.14,2.33,2.28,-0.3400000000000003,-3.1499999999999915
2022-08-19,96.45,93.55,9.14,20.6,123.0501,3.25,2.98,3.22,2.33,2.28,-0.27,-2.9000000000000057
2022-08-22,95.06,93.42,9.85,23.8,123.605,3.32,3.03,3.24,2.33,2.28,-0.29000000000000004,-1.6400000000000006
2022-08-23,99.49,96.46,9.75,24.11,123.0547,3.29,3.05,3.26,2.33,2.27,-0.2400000000000002,-3.030000000000001
2022-08-24,99.87,95.52,9.27,22.82,123.109,3.36,3.11,3.32,2.33,2.27,-0.25,-4.3500000000000085
2022-08-25,98.81,93.33,9.47,21.78,123.0586,3.35,3.03,3.25,2.33,2.28,-0.3200000000000003,-5.480000000000004
2022-08-26,101.13,93.63,9.48,25.56,123.0656,3.37,3.04,3.21,2.33,2.28,-0.33000000000000007,-7.5
2022-08-29,,97.4,9.24,26.21,123.4686,3.42,3.12,3.25,2.33,2.28,-0.2999999999999998,
2022-08-30,99.34,92.08,9.1,26.21,123.6848,3.46,3.11,3.23,2.33,2.29,-0.3500000000000001,-7.260000000000005
2022-08-31,96.55,90.09,8.93,25.87,123.535,3.45,3.15,3.27,2.33,2.29,-0.30000000000000027,-6.459999999999994
2022-09-01,92.24,87.09,9.38,25.56,124.4006,3.51,3.26,3.37,2.33,2.29,-0.25,-5.1499999999999915
2022-09-02,93.09,87.29,9.18,25.47,123.7743,3.4,3.2,3.35,2.33,2.29,-0.19999999999999973,-5.799999999999997
2022-09-05,94.22,,,25.99,,,,,2.33,,,
2022-09-06,91.43,87.35,8.52,26.91,124.767,3.5,3.33,3.49,2.33,2.29,-0.16999999999999993,-4.0800000000000125
2022-09-07,86.83,82.5,8.12,24.64,124.8408,3.45,3.27,3.42,2.33,2.28,-0.18000000000000016,-4.329999999999998
2022-09-08,87.99,84.04,8.27,23.61,124.578,3.48,3.29,3.45,2.33,2.28,-0.18999999999999995,-3.9499999999999886
2022-09-09,91.68,87.27,8.31,22.79,123.7874,3.56,3.33,3.47,2.33,2.28,-0.22999999999999998,-4.410000000000011
2022-09-12,93.45,88.18,8.2,23.87,123.3332,3.58,3.37,3.53,2.33,2.28,-0.20999999999999996,-5.269999999999996
2022-09-13,92.04,87.84,8.49,27.27,124.4242,3.75,3.42,3.51,2.33,2.28,-0.33000000000000007,-4.200000000000003
2022-09-14,92.83,88.88,8.7,26.16,124.4509,3.78,3.41,3.47,2.33,2.27,-0.36999999999999966,-3.950000000000003
2022-09-15,89.28,85.72,8.6,26.27,124.8843,3.87,3.45,3.48,2.33,2.28,-0.41999999999999993,-3.5600000000000023
2022-09-16,89.43,85.57,8.11,26.3,124.8794,3.85,3.45,3.52,2.33,2.27,-0.3999999999999999,-3.8600000000000136
2022-09-19,,86.15,7.96,25.76,125.0104,3.95,3.49,3.52,2.33,2.27,-0.45999999999999996,
2022-09-20,89.62,84.69,8.01,27.16,125.1248,3.96,3.57,3.59,2.33,2.26,-0.3900000000000001,-4.930000000000007
2022-09-21,89.86,83.38,7.99,27.99,125.7399,4.02,3.51,3.5,2.33,2.25,-0.5099999999999998,-6.480000000000004
2022-09-22,90.4,84.02,7.76,27.35,126.1667,4.11,3.7,3.65,3.08,2.99,-0.41000000000000014,-6.38000000000001
2022-09-23,84.29,79.07,6.75,29.92,127.2853,4.2,3.69,3.61,3.08,2.99,-0.5100000000000002,-5.220000000000013
2022-09-26,82.55,77.17,6.75,32.26,128.4539,4.27,3.88,3.72,3.08,2.99,-0.3899999999999997,-5.3799999999999955
2022-09-27,85.97,78.91,6.83,32.6,128.4386,4.3,3.97,3.87,3.08,2.98,-0.3299999999999996,-7.060000000000002
2022-09-28,89.55,82.61,6.59,30.18,128.0884,4.07,3.72,3.7,3.08,2.98,-0.3500000000000001,-6.939999999999998
2022-09-29,89.41,81.78,6.57,31.84,127.5437,4.16,3.76,3.71,3.08,2.96,-0.40000000000000036,-7.6299999999999955
2022-09-30,88.9,79.91,6.4,31.62,127.5148,4.22,3.83,3.79,3.08,2.98,-0.3899999999999997,-8.990000000000009
2022-10-03,90.68,84.05,5.64,30.1,127.0813,4.12,3.67,3.73,3.08,3.0,-0.4500000000000002,-6.63000000000001
2022-10-04,93.74,86.87,5.4,29.07,126.1819,4.1,3.62,3.7,3.08,3.04,-0.47999999999999954,-6.86999999999999
2022-10-05,94.35,88.22,5.84,28.55,126.8616,4.15,3.76,3.78,3.08,3.04,-0.39000000000000057,-6.1299999999999955
2022-10-06,95.65,88.9,6.91,30.52,127.2493,4.23,3.83,3.81,3.08,3.05,-0.40000000000000036,-6.75
2022-10-07,98.88,93.07,6.25,31.36,127.3111,4.3,3.89,3.86,3.08,3.05,-0.4099999999999997,-5.810000000000002
2022-10-10,97.13,91.6,,32.45,,,,,3.08,,,-5.530000000000001
2022-10-11,95.17,89.75,6.2,33.63,127.6641,4.3,3.93,3.92,3.08,3.05,-0.36999999999999966,-5.420000000000002
2022-10-12,93.44,87.83,6.6,33.57,128.1481,4.28,3.91,3.9,3.08,3.04,-0.3700000000000001,-5.609999999999999
2022-10-13,95.16,89.59,6.25,31.94,127.7286,4.47,3.97,3.97,3.08,3.04,-0.49999999999999956,-5.569999999999993
2022-10-14,92.22,86.1,6.1,32.02,128.3325,4.48,4.0,3.99,3.08,3.04,-0.4800000000000004,-6.1200000000000045
2022-10-17,91.04,86.0,6.08,31.37,127.6448,4.45,4.02,4.04,3.08,3.05,-0.4300000000000006,-5.040000000000006
2022-10-18,89.46,83.29,6.16,30.5,127.9153,4.43,4.01,4.04,3.08,3.04,-0.41999999999999993,-6.1699999999999875
2022-10-19,91.34,86.0,5.63,30.76,128.3968,4.55,4.14,4.15,3.08,3.04,-0.41000000000000014,-5.340000000000003
2022-10-20,91.52,86.02,5.1,29.98,128.0052,4.62,4.24,4.24,3.08,3.03,-0.3799999999999999,-5.5
2022-10-21,91.82,85.47,4.45,29.69,127.6735,4.49,4.21,4.33,3.08,3.02,-0.28000000000000025,-6.349999999999994
2022-10-24,91.57,86.12,4.81,29.85,128.0304,4.5,4.25,4.4,3.08,3.01,-0.25,-5.449999999999989
2022-10-25,91.76,86.93,5.17,28.46,127.3771,4.42,4.1,4.26,3.08,3.02,-0.3200000000000003,-4.829999999999998
2022-10-26,92.93,89.39,5.28,27.28,126.4723,4.39,4.04,4.19,3.08,3.03,-0.34999999999999964,-3.5400000000000063
2022-10-27,94.17,89.06,5.3,27.39,126.7028,4.3,3.96,4.12,3.08,3.04,-0.33999999999999986,-5.109999999999999
2022-10-28,94.64,87.85,5.02,25.75,127.2135,4.41,4.02,4.15,3.08,3.05,-0.39000000000000057,-6.790000000000006
2022-10-31,93.3,86.54,5.02,25.88,127.6219,4.51,4.1,4.22,3.08,3.05,-0.41000000000000014,-6.759999999999991
2022-11-01,95.12,88.36,4.57,25.81,127.3987,4.54,4.07,4.14,3.08,3.05,-0.46999999999999975,-6.760000000000005
2022-11-02,96.07,90.06,4.58,25.86,127.3115,4.61,4.1,4.15,3.08,3.05,-0.5100000000000007,-6.009999999999991
2022-11-03,95.29,88.14,4.65,25.3,128.1743,4.71,4.14,4.18,3.83,3.8,-0.5700000000000003,-7.150000000000006
2022-11-04,99.53,92.58,4.0,24.55,127.1468,4.66,4.17,4.27,3.83,3.8,-0.4900000000000002,-6.950000000000003
2022-11-07,99.87,91.8,4.62,24.35,126.3062,4.72,4.22,4.34,3.83,3.78,-0.5,-8.070000000000007
2022-11-08,96.85,88.8,4.0,25.54,125.633,4.67,4.14,4.28,3.83,3.78,-0.5300000000000002,-8.049999999999997
2022-11-09,93.05,85.79,3.46,26.09,125.9861,4.61,4.12,4.31,3.83,3.78,-0.4900000000000002,-7.259999999999991
2022-11-10,94.25,86.52,4.8,23.53,124.7044,4.34,3.82,4.03,3.83,3.78,-0.52,-7.730000000000004
2022-11-11,96.37,89.14,4.8,22.52,,,,,3.83,,,-7.230000000000004
2022-11-14,93.59,85.85,6.24,23.73,123.4277,4.4,3.88,4.07,3.83,3.79,-0.5200000000000005,-7.740000000000009
2022-11-15,94.3,86.87,5.9,24.54,123.039,4.37,3.8,3.98,3.83,3.8,-0.5700000000000003,-7.429999999999993
2022-11-16,92.61,85.62,5.88,24.11,123.2817,4.35,3.67,3.85,3.83,3.81,-0.6799999999999997,-6.989999999999995
2022-11-17,91.0,81.69,6.2,23.93,123.977,4.43,3.77,3.89,3.83,3.8,-0.6599999999999997,-9.310000000000002
2022-11-18,88.93,80.07,6.1,23.12,123.8524,4.51,3.82,3.92,3.83,3.8,-0.69,-8.860000000000014
2022-11-21,88.44,79.74,6.23,22.36,124.7009,4.48,3.83,3.91,3.83,3.8,-0.6500000000000004,-8.700000000000003
2022-11-22,88.65,80.83,6.27,21.29,124.2365,4.47,3.76,3.83,3.83,3.8,-0.71,-7.820000000000007
2022-11-23,85.9,77.93,6.57,20.35,123.7574,4.46,3.71,3.74,3.83,3.79,-0.75,-7.969999999999999
2022-11-24,85.59,,,20.42,,,,,3.83,,,
2022-11-25,83.4,76.45,6.57,20.5,123.3386,4.42,3.68,3.74,3.83,3.8,-0.7399999999999998,-6.950000000000003
2022-11-28,83.5,77.1,6.0,22.21,123.6032,4.46,3.69,3.74,3.83,3.8,-0.77,-6.400000000000006
2022-11-29,83.22,77.96,6.03,21.89,123.6615,4.48,3.75,3.81,3.83,3.81,-0.7300000000000004,-5.260000000000005
2022-11-30,85.61,80.48,7.0,20.58,123.5175,4.38,3.68,3.8,3.83,3.82,-0.6999999999999997,-5.1299999999999955
2022-12-01,86.28,81.06,6.33,19.84,122.0045,4.25,3.53,3.64,3.83,3.82,-0.7200000000000002,-5.219999999999999
2022-12-02,86.54,79.86,4.92,19.06,122.0102,4.28,3.51,3.56,3.83,3.81,-0.7700000000000005,-6.680000000000007
2022-12-05,83.36,76.83,4.15,20.75,122.6384,4.41,3.6,3.62,3.83,3.81,-0.81,-6.530000000000001
2022-12-06,79.92,74.21,4.58,22.17,123.0191,4.34,3.51,3.52,3.83,3.8,-0.8300000000000001,-5.710000000000008
2022-12-07,77.11,71.93,4.49,22.68,122.7608,4.26,3.42,3.42,3.83,3.8,-0.8399999999999999,-5.179999999999993
2022-12-08,76.02,71.3,4.79,22.29,122.4152,4.31,3.48,3.44,3.83,3.8,-0.8299999999999996,-4.719999999999999
2022-12-09,76.37,71.05,4.98,22.83,122.4201,4.33,3.57,3.56,3.83,3.8,-0.7600000000000002,-5.320000000000007
2022-12-12,78.0,72.96,6.73,25.0,122.7714,4.39,3.61,3.57,3.83,3.8,-0.7799999999999998,-5.040000000000006
2022-12-13,80.14,75.44,7.2,22.55,121.8493,4.22,3.51,3.53,3.83,3.8,-0.71,-4.700000000000003
2022-12-14,83.33,77.14,6.54,21.14,121.8226,4.23,3.49,3.52,3.83,3.8,-0.7400000000000002,-6.189999999999998
2022-12-15,82.34,75.89,6.8,22.83,122.5519,4.23,3.44,3.48,4.33,4.32,-0.7900000000000005,-6.450000000000003
2022-12-16,80.2,74.19,6.63,22.62,122.6505,4.17,3.48,3.53,4.33,4.32,-0.69,-6.010000000000005
2022-12-19,81.66,75.05,6.08,22.42,122.5275,4.25,3.57,3.62,4.33,4.3,-0.6800000000000002,-6.609999999999999
2022-12-20,79.45,75.92,5.28,21.48,122.1357,4.25,3.69,3.74,4.33,4.3,-0.56,-3.530000000000001
2022-12-21,80.25,78.17,6.13,20.07,122.2828,4.21,3.68,3.74,4.33,4.3,-0.5299999999999998,-2.0799999999999983
2022-12-22,79.58,77.68,7.1,21.97,122.2419,4.24,3.67,3.73,4.33,4.3,-0.5700000000000003,-1.8999999999999915
2022-12-23,82.45,79.57,7.15,20.87,121.9743,4.31,3.75,3.82,4.33,4.3,-0.5599999999999996,-2.8800000000000097
2022-12-26,,,,,,,,,4.33,,,
2022-12-27,,79.45,4.88,21.65,121.7539,4.32,3.84,3.93,4.33,4.3,-0.4800000000000004,
2022-12-28,81.7,78.89,4.06,22.14,122.0075,4.31,3.88,3.98,4.33,4.3,-0.4299999999999997,-2.8100000000000023
2022-12-29,80.96,78.43,3.78,21.44,121.6577,4.34,3.83,3.92,4.33,4.3,-0.5099999999999998,-2.529999999999987
2022-12-30,82.82,80.16,3.52,21.67,121.4256,4.41,3.88,3.97,4.33,4.3,-0.5300000000000002,-2.6599999999999966
2023-01-02,,,,,,,,,4.33,,,
2023-01-03,80.36,76.87,3.64,22.9,122.0905,4.4,3.79,3.88,4.33,4.31,-0.6100000000000003,-3.489999999999995
2023-01-04,75.31,72.82,3.75,22.01,121.5008,4.36,3.69,3.81,4.33,4.3,-0.6700000000000004,-2.490000000000009
2023-01-05,76.73,73.61,3.78,22.46,122.1017,4.45,3.71,3.78,4.33,4.31,-0.7400000000000002,-3.1200000000000045
2023-01-06,76.41,73.77,3.43,21.13,121.0852,4.24,3.55,3.67,4.33,4.31,-0.6900000000000004,-2.6400000000000006
2023-01-09,77.5,74.69,3.65,21.97,120.1508,4.19,3.53,3.66,4.33,4.31,-0.6600000000000006,-2.8100000000000023
2023-01-10,78.4,75.11,3.32,20.58,120.2483,4.24,3.61,3.74,4.33,4.31,-0.6300000000000003,-3.2900000000000063
2023-01-11,81.11,77.46,3.41,21.09,120.1614,4.2,3.54,3.67,4.33,4.3,-0.6600000000000001,-3.6500000000000057
2023-01-12,82.59,78.32,3.47,18.83,119.4218,4.12,3.43,3.56,4.33,4.3,-0.69,-4.27000000000001
2023-01-13,83.43,79.9,3.43,18.35,119.1673,4.22,3.49,3.61,4.33,4.3,-0.7299999999999995,-3.530000000000001
2023-01-16,82.65,,,19.49,,,,,4.33,,,
2023-01-17,84.38,80.25,3.43,19.36,119.2121,4.18,3.53,3.64,4.33,4.31,-0.6499999999999999,-4.1299999999999955
2023-01-18,83.78,79.53,3.2,20.34,119.0755,4.06,3.37,3.54,4.33,4.3,-0.6899999999999995,-4.25
2023-01-19,85.08,80.31,2.91,20.52,119.6107,4.09,3.39,3.57,4.33,4.31,-0.6999999999999997,-4.769999999999996
2023-01-20,86.96,81.27,3.15,19.85,119.3486,4.14,3.48,3.66,4.33,4.3,-0.6599999999999997,-5.689999999999998
2023-01-23,87.54,81.62,3.43,19.81,119.1434,4.21,3.52,3.69,4.33,4.3,-0.69,-5.920000000000002
2023-01-24,85.25,79.86,3.35,19.2,119.0958,4.12,3.46,3.62,4.33,4.3,-0.6600000000000001,-5.390000000000001
2023-01-25,85.08,79.78,3.09,19.08,118.9686,4.11,3.46,3.62,4.33,4.31,-0.6500000000000004,-5.299999999999997
2023-01-26,86.29,80.64,2.72,18.73,119.021,4.17,3.49,3.62,4.33,4.3,-0.6799999999999997,-5.650000000000006
2023-01-27,85.36,79.73,2.83,18.51,118.9223,4.19,3.52,3.64,4.33,4.3,-0.6700000000000004,-5.6299999999999955
2023-01-30,84.9,77.97,2.82,19.94,118.8953,4.25,3.55,3.66,4.33,4.3,-0.7000000000000002,-6.930000000000007
2023-01-31,83.42,78.95,2.65,19.4,118.9802,4.21,3.52,3.65,4.33,4.31,-0.69,-4.469999999999999
2023-02-01,81.61,76.34,2.65,17.87,118.6259,4.09,3.39,3.55,4.33,4.31,-0.6999999999999997,-5.269999999999996
2023-02-02,80.57,75.87,2.67,18.73,118.3421,4.09,3.4,3.55,4.58,4.56,-0.69,-4.699999999999989
2023-02-03,78.85,73.4,2.4,18.33,119.5095,4.3,3.53,3.63,4.58,4.55,-0.77,-5.449999999999989
2023-02-06,80.48,74.11,2.17,19.43,120.541,4.44,3.63,3.67,4.58,4.55,-0.8100000000000005,-6.3700000000000045
2023-02-07,82.92,77.17,2.35,18.66,120.3475,4.47,3.67,3.72,4.58,4.55,-0.7999999999999998,-5.75
2023-02-08,84.17,78.47,2.4,19.63,120.1436,4.45,3.63,3.7,4.58,4.55,-0.8200000000000003,-5.700000000000003
2023-02-09,83.46,78.04,2.4,20.71,119.9781,4.48,3.67,3.75,4.57,4.55,-0.8100000000000005,-5.4199999999999875
2023-02-10,85.46,79.74,2.37,20.53,120.1419,4.5,3.74,3.83,4.58,4.55,-0.7599999999999998,-5.719999999999999
2023-02-13,85.98,80.14,2.42,20.34,119.9828,4.52,3.72,3.79,4.58,4.55,-0.7999999999999994,-5.840000000000003
2023-02-14,84.96,79.08,2.42,18.91,119.9229,4.6,3.77,3.81,4.58,4.55,-0.8299999999999996,-5.8799999999999955
2023-02-15,84.11,78.57,2.45,18.23,120.4557,4.62,3.81,3.85,4.58,4.55,-0.81,-5.540000000000006
2023-02-16,83.84,78.45,2.48,20.17,120.4651,4.62,3.86,3.92,4.58,4.55,-0.7600000000000002,-5.390000000000001
2023-02-17,81.97,76.31,2.28,20.02,120.5526,4.6,3.82,3.88,4.58,4.55,-0.7799999999999998,-5.659999999999997
2023-02-20,82.79,,,21.23,,,,,4.58,,,
2023-02-21,82.14,76.28,2.12,22.87,120.6256,4.67,3.95,3.98,4.58,4.55,-0.7199999999999998,-5.859999999999999
2023-02-22,79.55,73.95,2.07,22.29,120.8389,4.66,3.93,3.94,4.58,4.55,-0.73,-5.599999999999994
2023-02-23,82.08,75.26,2.17,21.14,121.0896,4.66,3.88,3.88,4.58,4.55,-0.7800000000000002,-6.819999999999993
2023-02-24,82.31,76.19,2.36,21.67,121.5681,4.78,3.95,3.93,4.58,4.55,-0.8300000000000001,-6.1200000000000045
2023-02-27,81.24,75.57,2.55,20.95,121.3941,4.78,3.92,3.93,4.57,4.55,-0.8600000000000003,-5.670000000000002
2023-02-28,83.21,76.88,2.5,20.7,121.3341,4.81,3.92,3.93,4.57,4.55,-0.8899999999999997,-6.329999999999998
2023-03-01,83.68,77.57,2.59,20.58,120.6347,4.89,4.01,3.97,4.58,4.55,-0.8799999999999999,-6.110000000000014
2023-03-02,84.15,78.05,2.67,19.59,121.1302,4.89,4.08,4.03,4.57,4.55,-0.8099999999999996,-6.1000000000000085
2023-03-03,85.74,79.62,2.66,18.49,120.7742,4.86,3.97,3.9,4.57,4.55,-0.8900000000000001,-6.11999999999999
2023-03-06,85.86,80.39,2.46,18.61,120.485,4.89,3.98,3.92,4.57,4.55,-0.9099999999999997,-5.469999999999999
2023-03-07,83.03,77.45,2.52,19.59,121.4623,5.0,3.97,3.88,4.57,4.55,-1.0299999999999998,-5.579999999999998
2023-03-08,82.1,76.56,2.5,19.11,121.4511,5.05,3.98,3.88,4.57,4.55,-1.0699999999999998,-5.539999999999992
2023-03-09,81.0,75.6,2.5,22.61,121.4458,4.9,3.93,3.88,4.57,4.55,-0.9700000000000002,-5.400000000000006
2023-03-10,82.3,76.55,2.4,24.8,121.2421,4.6,3.7,3.7,4.57,4.55,-0.8999999999999995,-5.75
2023-03-13,79.67,74.68,2.4,26.52,120.8897,4.03,3.55,3.7,4.58,4.55,-0.4800000000000004,-4.989999999999995
2023-03-14,76.77,71.18,2.65,23.73,121.0141,4.2,3.64,3.77,4.58,4.55,-0.56,-5.589999999999989
2023-03-15,74.3,67.38,2.45,26.14,122.1079,3.93,3.51,3.7,4.58,4.58,-0.4200000000000004,-6.920000000000002
2023-03-16,73.12,68.15,2.45,22.99,121.7221,4.14,3.56,3.71,4.58,4.57,-0.5799999999999996,-4.969999999999999
2023-03-17,71.03,66.61,2.42,25.51,121.5643,3.81,3.39,3.6,4.58,4.55,-0.41999999999999993,-4.420000000000002
2023-03-20,72.42,67.56,2.23,24.15,121.0141,3.92,3.47,3.65,4.58,4.55,-0.44999999999999973,-4.859999999999999
2023-03-21,74.78,69.4,1.93,21.38,120.8958,4.17,3.59,3.73,4.58,4.55,-0.5800000000000001,-5.3799999999999955
2023-03-22,76.08,70.71,2.03,22.26,120.6217,3.96,3.48,3.68,4.58,4.55,-0.48,-5.3700000000000045
2023-03-23,74.31,69.77,2.08,22.61,119.7587,3.76,3.38,3.66,4.83,4.8,-0.3799999999999999,-4.540000000000006
2023-03-24,73.63,69.22,2.04,21.74,120.4598,3.76,3.38,3.64,4.83,4.8,-0.3799999999999999,-4.409999999999997
2023-03-27,76.8,72.87,2.04,20.6,120.2541,3.94,3.53,3.77,4.83,4.81,-0.41000000000000014,-3.9299999999999926
2023-03-28,78.07,73.12,2.02,19.97,119.7138,4.02,3.55,3.77,4.83,4.84,-0.46999999999999975,-4.949999999999989
2023-03-29,77.51,72.95,1.94,19.12,119.7258,4.08,3.57,3.78,4.83,4.83,-0.5100000000000002,-4.560000000000002
2023-03-30,78.45,74.32,1.95,19.02,119.4078,4.1,3.55,3.74,4.83,4.82,-0.5499999999999998,-4.13000000000001
2023-03-31,79.19,75.68,2.1,18.7,119.3602,4.06,3.48,3.67,4.83,4.87,-0.5799999999999996,-3.509999999999991
2023-04-03,85.81,80.4,2.09,18.55,119.3204,3.97,3.43,3.64,4.83,4.84,-0.54,-5.409999999999997
2023-04-04,85.7,80.7,2.13,19.0,119.142,3.84,3.35,3.6,4.83,4.83,-0.48999999999999977,-5.0
2023-04-05,85.89,80.69,2.17,19.08,119.2953,3.79,3.3,3.56,4.83,4.81,-0.4900000000000002,-5.200000000000003
2023-04-06,86.56,80.7,2.18,18.4,119.3072,3.82,3.3,3.54,4.83,4.81,-0.52,-5.859999999999999
2023-04-07,,,,,119.3547,3.97,3.39,3.61,4.83,,-0.5800000000000001,
2023-04-10,,79.79,2.15,18.97,119.7948,4.0,3.41,3.62,4.83,4.81,-0.5899999999999999,
2023-04-11,87.32,81.54,2.19,19.1,119.5248,4.03,3.43,3.62,4.83,4.8,-0.6000000000000001,-5.779999999999987
2023-04-12,88.31,83.26,2.22,19.09,119.003,3.95,3.41,3.64,4.83,4.8,-0.54,-5.049999999999997
2023-04-13,86.51,82.16,2.04,17.8,118.3915,3.96,3.45,3.69,4.83,4.8,-0.5099999999999998,-4.3500000000000085
2023-04-14,87.31,82.58,1.87,17.07,118.8567,4.08,3.52,3.74,4.83,4.8,-0.56,-4.730000000000004
2023-04-17,85.63,80.93,2.21,16.95,119.2787,4.18,3.6,3.81,4.83,4.8,-0.5799999999999996,-4.699999999999989
2023-04-18,85.48,80.85,2.23,16.83,119.1049,4.19,3.58,3.79,4.83,4.8,-0.6100000000000003,-4.63000000000001
2023-04-19,85.34,79.18,2.2,16.46,119.303,4.24,3.6,3.79,4.83,4.8,-0.6400000000000001,-6.159999999999997
2023-04-20,83.29,77.27,2.19,17.17,119.1199,4.14,3.54,3.75,4.83,4.8,-0.5999999999999996,-6.02000000000001
2023-04-21,83.36,77.86,2.2,16.77,119.3117,4.17,3.57,3.78,4.83,4.8,-0.6000000000000001,-5.5
2023-04-24,84.23,78.64,2.19,16.89,119.2039,4.12,3.52,3.73,4.83,4.8,-0.6000000000000001,-5.590000000000003
2023-04-25,82.13,77.05,2.21,18.76,119.613,3.86,3.4,3.65,4.83,4.8,-0.45999999999999996,-5.079999999999998
2023-04-26,79.19,74.33,2.19,18.84,119.3228,3.9,3.43,3.7,4.83,4.8,-0.46999999999999975,-4.859999999999999
2023-04-27,80.11,74.77,2.17,17.03,119.4298,4.07,3.53,3.76,4.83,4.81,-0.5400000000000005,-5.340000000000003
2023-04-28,81.32,76.78,2.27,15.78,119.2248,4.04,3.44,3.67,4.83,4.81,-0.6000000000000001,-4.539999999999992
2023-05-01,,75.65,2.24,16.08,119.4435,4.14,3.59,3.84,4.83,4.81,-0.5499999999999998,
2023-05-02,76.71,71.71,2.12,17.78,119.6105,3.97,3.44,3.72,4.83,4.81,-0.5300000000000002,-5.0
2023-05-03,72.91,68.62,2.01,18.34,119.1233,3.89,3.38,3.7,4.83,4.81,-0.5100000000000002,-4.289999999999992
2023-05-04,73.0,68.52,1.96,20.09,119.0465,3.75,3.37,3.73,5.08,5.06,-0.3799999999999999,-4.480000000000004
2023-05-05,75.85,71.32,1.85,17.19,118.5548,3.92,3.44,3.76,5.08,5.06,-0.48,-4.530000000000001
2023-05-08,,73.13,2.12,16.98,118.5759,4.0,3.52,3.84,5.08,5.06,-0.48,
2023-05-09,77.76,73.68,2.22,17.71,118.8239,4.01,3.53,3.85,5.08,5.06,-0.48,-4.079999999999998
2023-05-10,76.7,72.53,2.12,16.94,118.5864,3.9,3.43,3.8,5.08,5.06,-0.46999999999999975,-4.170000000000002
2023-05-11,75.32,70.81,2.07,16.93,119.0303,3.89,3.39,3.73,5.08,5.05,-0.5,-4.509999999999991
2023-05-12,74.54,70.02,1.98,17.03,119.3671,3.98,3.46,3.78,5.08,5.05,-0.52,-4.52000000000001
2023-05-15,75.46,71.07,2.25,17.12,119.1608,3.99,3.5,3.84,5.08,5.06,-0.4900000000000002,-4.390000000000001
2023-05-16,75.15,70.85,2.28,17.99,119.1743,4.06,3.54,3.87,5.08,5.05,-0.5199999999999996,-4.300000000000011
2023-05-17,76.98,72.78,2.25,16.87,119.607,4.12,3.57,3.88,5.08,5.05,-0.5500000000000003,-4.200000000000003
2023-05-18,75.75,71.82,2.3,16.05,120.0886,4.24,3.65,3.91,5.08,5.05,-0.5900000000000003,-3.930000000000007
2023-05-19,75.42,71.57,2.37,16.81,119.7751,4.28,3.7,3.95,5.08,5.05,-0.5800000000000001,-3.8500000000000085
2023-05-22,75.77,71.81,2.3,17.21,120.0875,4.29,3.72,3.97,5.08,5.05,-0.5699999999999998,-3.9599999999999937
2023-05-23,76.66,72.87,2.22,18.53,120.3204,4.26,3.7,3.96,5.08,5.05,-0.5599999999999996,-3.789999999999992
2023-05-24,77.99,74.37,2.25,20.03,120.4752,4.31,3.73,3.97,5.08,5.05,-0.5799999999999996,-3.6199999999999903
2023-05-25,75.66,71.68,2.23,19.14,120.8413,4.5,3.83,4.01,5.08,5.06,-0.6699999999999999,-3.9799999999999898
2023-05-26,76.33,72.35,1.88,17.95,120.6304,4.54,3.8,3.96,5.08,5.06,-0.7400000000000002,-3.980000000000004
2023-05-29,,,,17.46,,,,,5.08,,,
2023-05-30,73.38,69.45,2.11,17.46,120.5546,4.46,3.69,3.9,5.08,5.06,-0.77,-3.9299999999999926
2023-05-31,71.98,68.11,2.1,17.94,120.9662,4.4,3.64,3.85,5.08,5.08,-0.7600000000000002,-3.8700000000000045
2023-06-01,74.18,70.09,1.77,15.65,120.0491,4.33,3.61,3.84,5.08,5.08,-0.7200000000000002,-4.090000000000003
2023-06-02,76.0,71.76,1.74,14.6,120.0049,4.5,3.69,3.88,5.08,5.07,-0.81,-4.239999999999995
2023-06-05,76.61,72.14,1.92,14.73,120.0048,4.46,3.69,3.89,5.08,5.06,-0.77,-4.469999999999999
2023-06-06,76.22,71.71,1.95,13.96,119.9718,4.51,3.7,3.87,5.08,5.05,-0.8099999999999996,-4.510000000000005
2023-06-07,76.85,72.52,2.13,13.94,119.859,4.56,3.79,3.95,5.08,5.05,-0.7699999999999996,-4.329999999999998
2023-06-08,75.88,71.28,2.1,13.65,119.5712,4.52,3.73,3.89,5.08,5.05,-0.7899999999999996,-4.599999999999994
2023-06-09,74.74,70.16,1.85,13.83,119.4322,4.59,3.75,3.89,5.08,5.05,-0.8399999999999999,-4.579999999999998
2023-06-12,71.8,67.08,1.9,15.01,119.6376,4.55,3.73,3.87,5.08,5.05,-0.8199999999999998,-4.719999999999999
2023-06-13,74.24,69.39,2.0,14.61,119.1899,4.67,3.84,3.94,5.08,5.05,-0.8300000000000001,-4.849999999999994
2023-06-14,73.39,68.22,2.05,13.88,118.776,4.74,3.83,3.9,5.08,5.05,-0.9100000000000001,-5.170000000000002
2023-06-15,75.75,70.61,2.18,14.5,118.5521,4.62,3.72,3.85,5.07,5.06,-0.8999999999999999,-5.140000000000001
2023-06-16,76.76,71.81,2.13,13.54,118.4184,4.7,3.77,3.86,5.08,5.05,-0.9300000000000002,-4.950000000000003
2023-06-19,76.09,,,14.19,,,,,5.08,,,
2023-06-20,75.79,70.94,2.38,13.88,118.938,4.68,3.74,3.83,5.07,5.05,-0.9399999999999995,-4.8500000000000085
2023-06-21,76.92,72.55,2.24,13.2,118.727,4.68,3.72,3.81,5.07,5.05,-0.9599999999999995,-4.3700000000000045
2023-06-22,73.93,69.22,2.27,12.91,118.7552,4.77,3.8,3.88,5.07,5.05,-0.9699999999999998,-4.710000000000008
2023-06-23,73.56,68.91,2.22,13.44,119.152,4.71,3.74,3.82,5.07,5.05,-0.9699999999999998,-4.650000000000006
2023-06-26,73.86,69.09,2.62,14.25,119.0761,4.65,3.72,3.83,5.07,5.05,-0.9300000000000002,-4.769999999999996
2023-06-27,71.88,67.68,2.68,13.74,118.8949,4.74,3.77,3.84,5.07,5.05,-0.9700000000000002,-4.199999999999989
2023-06-28,73.64,69.54,2.71,13.43,119.3382,4.71,3.71,3.81,5.07,5.06,-1.0,-4.099999999999994
2023-06-29,73.86,69.85,2.4,13.54,119.527,4.87,3.85,3.92,5.07,5.06,-1.02,-4.010000000000005
2023-06-30,74.51,70.66,2.48,13.59,119.3606,4.87,3.81,3.85,5.08,5.09,-1.06,-3.8500000000000085
2023-07-03,74.52,69.71,2.48,13.57,119.2119,4.94,3.86,3.87,5.08,5.06,-1.0800000000000005,-4.810000000000002
2023-07-04,76.23,,,13.7,,,,,5.08,,,
2023-07-05,76.74,71.78,2.65,14.18,119.3483,4.94,3.95,3.95,5.08,5.06,-0.9900000000000002,-4.959999999999994
2023-07-06,76.72,71.76,2.5,15.44,119.8193,4.99,4.05,4.01,5.08,5.06,-0.9400000000000004,-4.959999999999994
2023-07-07,78.77,73.91,2.49,14.83,119.0761,4.94,4.06,4.05,5.08,5.06,-0.8800000000000008,-4.859999999999999
2023-07-10,77.83,73.05,2.55,15.07,118.9548,4.85,4.01,4.05,5.07,5.06,-0.8399999999999999,-4.780000000000001
2023-07-11,79.54,74.87,2.57,14.84,118.7344,4.88,3.99,4.03,5.08,5.06,-0.8899999999999997,-4.670000000000002
2023-07-12,80.35,75.77,2.55,13.54,117.6385,4.72,3.86,3.96,5.08,5.05,-0.8599999999999999,-4.579999999999998
2023-07-13,81.31,76.86,2.5,13.61,117.1831,4.59,3.76,3.9,5.08,5.06,-0.8300000000000001,-4.450000000000003
2023-07-14,79.9,75.44,2.5,13.34,117.0463,4.74,3.83,3.93,5.08,5.05,-0.9100000000000001,-4.460000000000008
2023-07-17,77.8,74.17,2.46,13.48,117.1267,4.74,3.81,3.94,5.08,5.06,-0.9300000000000002,-3.6299999999999955
2023-07-18,79.54,75.76,2.52,13.3,117.0264,4.74,3.8,3.91,5.08,5.06,-0.9400000000000004,-3.780000000000001
2023-07-19,79.38,75.4,2.51,13.76,117.3462,4.74,3.75,3.84,5.08,5.05,-0.9900000000000002,-3.9799999999999898
2023-07-20,79.62,75.65,2.61,13.99,117.5947,4.8,3.85,3.91,5.08,5.06,-0.9499999999999997,-3.969999999999999
2023-07-21,81.06,77.06,2.61,13.6,117.9418,4.82,3.84,3.91,5.08,5.05,-0.9800000000000004,-4.0
2023-07-24,82.53,78.81,2.68,13.91,117.8124,4.81,3.86,3.92,5.08,5.05,-0.9499999999999997,-3.719999999999999
2023-07-25,83.46,79.76,2.66,13.86,117.8565,4.85,3.91,3.95,5.08,5.06,-0.9399999999999995,-3.6999999999999886
2023-07-26,82.98,79.11,2.6,13.19,117.76,4.82,3.86,3.94,5.08,5.06,-0.9600000000000004,-3.8700000000000045
2023-07-27,84.28,80.17,2.47,14.41,117.8938,4.91,4.01,4.06,5.33,5.31,-0.9000000000000004,-4.109999999999999
2023-07-28,84.49,80.55,2.53,13.33,117.788,4.87,3.96,4.03,5.33,5.3,-0.9100000000000001,-3.9399999999999977
2023-07-31,85.22,81.8,2.58,13.63,117.8241,4.88,3.97,4.02,5.33,5.31,-0.9099999999999997,-3.4200000000000017
2023-08-01,85.34,81.37,2.49,13.93,118.5738,4.92,4.05,4.11,5.33,5.31,-0.8700000000000001,-3.969999999999999
2023-08-02,84.01,79.5,2.43,16.09,119.1268,4.88,4.08,4.17,5.33,5.3,-0.7999999999999998,-4.510000000000005
2023-08-03,86.19,81.56,2.44,15.92,119.3963,4.9,4.2,4.32,5.33,5.3,-0.7000000000000002,-4.6299999999999955
2023-08-04,87.38,82.76,2.53,17.1,118.821,4.78,4.05,4.21,5.33,5.3,-0.7300000000000004,-4.61999999999999
2023-08-07,86.47,81.94,2.65,15.77,119.0809,4.76,4.09,4.27,5.33,5.3,-0.6699999999999999,-4.530000000000001
2023-08-08,88.0,82.94,2.77,15.99,119.6407,4.74,4.02,4.2,5.33,5.3,-0.7200000000000006,-5.060000000000002
2023-08-09,89.31,84.35,2.92,15.96,119.476,4.79,4.0,4.18,5.33,5.3,-0.79,-4.960000000000008
2023-08-10,87.44,82.81,2.83,15.85,119.1581,4.82,4.09,4.24,5.33,5.3,-0.7300000000000004,-4.6299999999999955
2023-08-11,87.93,83.17,2.61,14.84,119.6268,4.89,4.16,4.27,5.33,5.3,-0.7299999999999995,-4.760000000000005
2023-08-14,87.4,82.5,2.74,14.82,120.0725,4.96,4.19,4.29,5.33,5.3,-0.7699999999999996,-4.900000000000006
2023-08-15,86.28,81.06,2.65,16.46,120.2127,4.92,4.21,4.32,5.33,5.3,-0.71,-5.219999999999999
2023-08-16,84.49,79.4,2.55,16.78,120.3551,4.97,4.28,4.38,5.33,5.3,-0.6899999999999995,-5.089999999999989
2023-08-17,85.24,80.43,2.56,17.89,120.5242,4.94,4.3,4.41,5.33,5.3,-0.6400000000000006,-4.809999999999988
2023-08-18,85.92,81.25,2.44,17.3,120.4321,4.92,4.26,4.38,5.33,5.3,-0.6600000000000001,-4.670000000000002
2023-08-21,85.44,80.71,2.6,17.13,120.4627,4.97,4.34,4.45,5.33,5.3,-0.6299999999999999,-4.730000000000004
2023-08-22,84.7,80.25,2.58,16.97,120.3554,5.02,4.34,4.42,5.33,5.3,-0.6799999999999997,-4.450000000000003
2023-08-23,83.94,78.91,2.6,15.98,120.0307,4.95,4.19,4.27,5.33,5.3,-0.7599999999999998,-5.030000000000001
2023-08-24,84.07,79.52,2.42,17.2,120.2354,4.98,4.23,4.3,5.33,5.3,-0.75,-4.549999999999997
2023-08-25,85.42,80.47,2.46,15.68,120.5137,5.03,4.25,4.3,5.33,5.3,-0.7800000000000002,-4.950000000000003
2023-08-28,,80.65,2.6,15.08,120.3155,4.98,4.2,4.29,5.33,5.3,-0.7800000000000002,
2023-08-29,86.37,81.14,2.5,14.45,120.2669,4.87,4.12,4.23,5.33,5.3,-0.75,-5.230000000000004
2023-08-30,86.62,81.64,2.48,13.88,119.7937,4.9,4.12,4.23,5.33,5.3,-0.7800000000000002,-4.980000000000004
2023-08-31,87.29,83.55,2.56,13.57,120.225,4.85,4.09,4.2,5.33,5.31,-0.7599999999999998,-3.740000000000009
2023-09-01,89.98,85.52,2.7,13.09,120.759,4.87,4.18,4.29,5.33,5.31,-0.6900000000000004,-4.460000000000008
2023-09-04,90.42,,,13.82,,,,,5.33,,,
2023-09-05,91.25,86.74,2.6,14.01,121.4345,4.94,4.27,4.38,5.33,5.31,-0.6700000000000008,-4.510000000000005
2023-09-06,91.79,87.55,2.49,14.45,121.8671,5.01,4.3,4.37,5.33,5.3,-0.71,-4.240000000000009
2023-09-07,91.16,86.87,2.45,14.4,121.9528,4.94,4.27,4.36,5.33,5.31,-0.6700000000000008,-4.289999999999992
2023-09-08,91.85,87.51,2.53,13.84,121.9475,4.98,4.26,4.33,5.33,5.3,-0.7200000000000006,-4.339999999999989
2023-09-11,91.97,87.3,2.5,13.8,121.3386,4.97,4.29,4.37,5.33,5.3,-0.6799999999999997,-4.670000000000002
2023-09-12,93.58,88.87,2.72,14.23,121.2913,4.98,4.27,4.35,5.33,5.3,-0.7100000000000009,-4.709999999999994
2023-09-13,93.04,88.59,2.76,13.48,121.0549,4.96,4.25,4.34,5.33,5.3,-0.71,-4.450000000000003
2023-09-14,95.2,90.13,2.81,12.82,121.2395,5.0,4.29,4.39,5.33,5.3,-0.71,-5.070000000000007
2023-09-15,95.55,90.83,2.74,13.79,121.199,5.02,4.33,4.42,5.33,5.31,-0.6899999999999995,-4.719999999999999
2023-09-18,95.95,91.47,2.54,14.0,121.1938,5.05,4.32,4.4,5.33,5.31,-0.7299999999999995,-4.480000000000004
2023-09-19,96.11,91.16,2.46,14.11,121.1645,5.08,4.37,4.43,5.33,5.31,-0.71,-4.950000000000003
2023-09-20,94.56,89.2,2.78,15.14,120.9648,5.12,4.35,4.4,5.33,5.3,-0.7700000000000005,-5.359999999999999
2023-09-21,93.7,89.56,2.7,17.54,121.5528,5.12,4.49,4.56,5.33,5.3,-0.6299999999999999,-4.140000000000001
2023-09-22,93.99,90.0,2.63,17.2,121.5306,5.1,4.44,4.53,5.33,5.3,-0.6599999999999993,-3.989999999999995
2023-09-25,94.01,89.68,2.63,16.9,122.1143,5.09,4.55,4.67,5.33,5.31,-0.54,-4.329999999999998
2023-09-26,94.46,91.43,2.55,18.94,122.4742,5.04,4.56,4.7,5.33,5.31,-0.4800000000000004,-3.029999999999987
2023-09-27,97.1,93.67,2.72,18.22,122.9895,5.1,4.61,4.73,5.33,5.32,-0.4899999999999993,-3.4299999999999926
2023-09-28,96.64,91.65,2.74,17.34,122.5342,5.04,4.59,4.71,5.33,5.31,-0.4500000000000002,-4.989999999999995
2023-09-29,95.86,90.77,2.68,17.52,122.3077,5.03,4.59,4.73,5.33,5.31,-0.4400000000000004,-5.090000000000003
2023-10-02,91.21,88.81,2.7,17.61,123.0545,5.12,4.69,4.81,5.33,5.32,-0.4299999999999997,-2.3999999999999915
2023-10-03,94.46,89.26,2.71,19.78,123.7848,5.15,4.81,4.95,5.33,5.33,-0.34000000000000075,-5.199999999999989
2023-10-04,89.83,84.32,2.92,18.58,123.5946,5.05,4.73,4.87,5.33,5.32,-0.3199999999999994,-5.510000000000005
2023-10-05,88.28,82.3,2.92,18.49,123.8993,5.03,4.72,4.89,5.33,5.32,-0.3100000000000005,-5.980000000000004
2023-10-06,87.86,82.83,3.3,17.45,123.3563,5.08,4.78,4.95,5.33,5.31,-0.2999999999999998,-5.030000000000001
2023-10-09,91.37,,,17.7,,,,,5.33,,,
2023-10-10,90.7,85.89,3.34,17.03,122.9282,4.96,4.66,4.85,5.33,5.31,-0.2999999999999998,-4.810000000000002
2023-10-11,87.58,83.7,3.19,16.09,122.7697,4.99,4.58,4.73,5.33,5.31,-0.41000000000000014,-3.8799999999999955
2023-10-12,88.4,82.87,3.16,16.69,123.2101,5.06,4.7,4.86,5.33,5.31,-0.35999999999999943,-5.530000000000001
2023-10-13,94.33,87.67,3.11,19.32,123.5954,5.04,4.63,4.78,5.33,5.31,-0.41000000000000014,-6.659999999999997
2023-10-16,90.99,86.65,2.98,17.21,123.3185,5.09,4.71,4.87,5.33,5.31,-0.3799999999999999,-4.339999999999989
2023-10-17,92.52,86.66,2.94,17.88,123.1202,5.19,4.83,4.94,5.33,5.31,-0.3600000000000003,-5.859999999999999
2023-10-18,91.99,88.35,2.92,19.22,123.8148,5.19,4.91,5.0,5.33,5.3,-0.28000000000000025,-3.6400000000000006
2023-10-19,93.12,89.35,2.84,21.4,123.798,5.14,4.98,5.11,5.33,5.3,-0.15999999999999925,-3.7700000000000102
2023-10-20,93.72,89.12,2.6,21.71,123.612,5.07,4.93,5.09,5.33,5.3,-0.14000000000000057,-4.599999999999994
2023-10-23,91.88,85.49,2.65,20.37,123.2846,5.05,4.86,5.01,5.33,5.3,-0.1899999999999995,-6.390000000000001
2023-10-24,88.0,84.58,2.85,18.97,123.6416,5.02,4.83,4.96,5.33,5.3,-0.1899999999999995,-3.4200000000000017
2023-10-25,90.14,86.07,2.86,20.19,123.7871,5.08,4.95,5.09,5.33,5.3,-0.1299999999999999,-4.070000000000007
2023-10-26,88.45,83.8,2.87,20.68,124.0064,5.02,4.86,5.01,5.33,5.31,-0.15999999999999925,-4.650000000000006
2023-10-27,90.73,86.04,3.24,21.27,123.62,4.99,4.84,5.03,5.33,5.31,-0.15000000000000036,-4.689999999999998
2023-10-30,90.73,83.03,3.17,19.75,123.4076,5.03,4.88,5.04,5.33,5.31,-0.15000000000000036,-7.700000000000003
2023-10-31,86.82,81.64,3.34,18.14,123.8364,5.07,4.88,5.04,5.33,5.35,-0.1900000000000004,-5.179999999999993
2023-11-01,86.92,81.05,3.19,16.87,123.7922,4.95,4.77,4.96,5.33,5.32,-0.1800000000000006,-5.8700000000000045
2023-11-02,89.02,83.04,3.12,15.66,122.8818,4.98,4.67,4.82,5.33,5.33,-0.3100000000000005,-5.97999999999999
2023-11-03,87.55,81.19,3.0,14.91,121.7564,4.83,4.57,4.77,5.33,5.32,-0.2599999999999998,-6.359999999999999
2023-11-06,87.31,81.54,2.71,14.89,121.6484,4.93,4.67,4.84,5.33,5.32,-0.2599999999999998,-5.769999999999996
2023-11-07,83.43,77.96,2.0,14.81,122.0777,4.91,4.58,4.75,5.33,5.32,-0.33000000000000007,-5.470000000000013
2023-11-08,81.46,75.85,2.18,14.45,122.0926,4.93,4.49,4.64,5.33,5.32,-0.4399999999999995,-5.609999999999999
2023-11-09,81.74,76.34,2.71,15.29,122.1281,5.03,4.62,4.77,5.33,5.32,-0.41000000000000014,-5.3999999999999915
2023-11-10,83.66,,2.71,14.17,,5.04,4.61,4.73,5.33,5.32,-0.4299999999999997,
2023-11-13,84.09,78.86,2.61,14.76,122.4264,5.02,4.63,4.75,5.33,5.32,-0.3899999999999997,-5.230000000000004
2023-11-14,84.2,78.9,2.69,14.16,121.35,4.8,4.44,4.61,5.33,5.32,-0.35999999999999943,-5.299999999999997
2023-11-15,82.4,77.15,2.88,14.18,121.0749,4.9,4.53,4.68,5.33,5.32,-0.3700000000000001,-5.25
2023-11-16,77.73,73.5,2.91,14.32,121.1754,4.83,4.45,4.63,5.33,5.32,-0.3799999999999999,-4.230000000000004
2023-11-17,81.22,76.47,2.62,13.8,120.8477,4.88,4.44,4.59,5.33,5.32,-0.4399999999999995,-4.75
2023-11-20,83.25,78.1,2.49,13.41,120.2533,4.89,4.42,4.57,5.33,5.31,-0.46999999999999975,-5.150000000000006
2023-11-21,82.42,78.35,2.63,13.35,120.2241,4.86,4.41,4.57,5.33,5.31,-0.4500000000000002,-4.070000000000007
2023-11-22,81.76,76.8,2.72,12.85,120.6802,4.89,4.42,4.55,5.33,5.31,-0.46999999999999975,-4.960000000000008
2023-11-23,80.85,,,12.8,,,,,5.33,,,
2023-11-24,79.82,74.83,2.72,12.46,120.2105,4.92,4.47,4.6,5.33,5.32,-0.4500000000000002,-4.989999999999995
2023-11-27,79.49,74.46,2.74,12.69,120.173,4.84,4.39,4.53,5.33,5.32,-0.4500000000000002,-5.030000000000001
2023-11-28,81.66,76.09,2.78,12.69,119.5904,4.73,4.34,4.52,5.33,5.32,-0.39000000000000057,-5.569999999999993
2023-11-29,82.98,77.56,2.7,12.98,119.8159,4.64,4.27,4.44,5.33,5.31,-0.3700000000000001,-5.420000000000002
2023-11-30,81.72,75.66,2.75,12.92,120.2434,4.73,4.37,4.54,5.33,5.33,-0.3600000000000003,-6.060000000000002
2023-12-01,78.72,73.7,2.63,12.63,119.9424,4.56,4.22,4.4,5.33,5.39,-0.33999999999999986,-5.019999999999996
2023-12-04,78.16,72.73,2.55,13.08,120.4727,4.64,4.28,4.43,5.33,5.37,-0.35999999999999943,-5.429999999999993
2023-12-05,77.27,71.95,2.72,12.85,120.7913,4.57,4.18,4.3,5.33,5.33,-0.39000000000000057,-5.319999999999993
2023-12-06,74.33,68.98,2.76,12.97,120.5334,4.6,4.12,4.22,5.33,5.32,-0.47999999999999954,-5.349999999999994
2023-12-07,74.21,69.0,2.52,13.06,120.6013,4.58,4.14,4.25,5.33,5.32,-0.4400000000000004,-5.209999999999994
2023-12-08,75.94,70.87,2.57,12.35,120.7607,4.71,4.23,4.31,5.33,5.32,-0.47999999999999954,-5.069999999999993
2023-12-11,75.75,70.95,2.39,12.63,120.9279,4.71,4.23,4.32,5.33,5.32,-0.47999999999999954,-4.799999999999997
2023-12-12,74.11,68.27,2.37,12.07,120.6817,4.73,4.2,4.3,5.33,5.31,-0.5300000000000002,-5.840000000000003
2023-12-13,74.14,69.09,2.33,12.19,121.1571,4.46,4.04,4.19,5.33,5.31,-0.41999999999999993,-5.049999999999997
2023-12-14,77.05,71.21,2.39,12.48,119.5683,4.37,3.92,4.03,5.33,5.31,-0.4500000000000002,-5.840000000000003
2023-12-15,76.84,71.05,2.44,12.28,119.7382,4.44,3.91,4.0,5.33,5.32,-0.5300000000000002,-5.790000000000006
2023-12-18,78.89,72.16,2.59,12.56,119.9102,4.43,3.95,4.05,5.33,5.32,-0.47999999999999954,-6.730000000000004
2023-12-19,79.82,73.23,2.44,12.53,119.4632,4.41,3.93,4.03,5.33,5.31,-0.48,-6.589999999999989
2023-12-20,81.1,73.87,2.48,13.67,119.5435,4.34,3.86,3.98,5.33,5.31,-0.48,-7.22999999999999
2023-12-21,80.73,73.59,2.48,13.65,119.3168,4.33,3.89,4.03,5.33,5.31,-0.43999999999999995,-7.140000000000001
2023-12-22,80.23,73.29,2.54,13.03,119.0625,4.31,3.9,4.05,5.33,5.32,-0.4099999999999997,-6.939999999999998
2023-12-25,,,,,,,,,5.33,,,
2023-12-26,,75.84,2.5,12.99,118.8875,4.26,3.89,4.04,5.33,5.35,-0.36999999999999966,
2023-12-27,80.97,74.31,2.63,12.43,118.4729,4.2,3.79,3.95,5.33,5.39,-0.41000000000000014,-6.659999999999997
2023-12-28,79.04,72.02,2.55,12.47,118.4104,4.26,3.84,3.98,5.33,5.4,-0.41999999999999993,-7.02000000000001
2023-12-29,77.69,71.89,2.58,12.45,118.4208,4.23,3.88,4.03,5.33,5.38,-0.35000000000000053,-5.799999999999997
2024-01-01,,,,,,,,,5.33,,,
2024-01-02,76.24,70.62,2.56,13.2,119.2686,4.33,3.95,4.08,5.33,5.4,-0.3799999999999999,-5.61999999999999
2024-01-03,77.18,72.97,2.57,14.04,119.6958,4.33,3.91,4.05,5.33,5.39,-0.41999999999999993,-4.210000000000008
2024-01-04,75.79,72.38,2.83,14.13,119.6208,4.38,3.99,4.13,5.33,5.32,-0.3899999999999997,-3.410000000000011
2024-01-05,78.31,74.0,2.75,13.35,119.388,4.4,4.05,4.21,5.33,5.31,-0.35000000000000053,-4.310000000000002
2024-01-08,75.47,71.06,2.72,13.08,119.2506,4.36,4.01,4.17,5.33,5.31,-0.35000000000000053,-4.409999999999997
2024-01-09,77.97,72.43,3.25,12.76,119.6666,4.36,4.02,4.18,5.33,5.31,-0.34000000000000075,-5.539999999999992
2024-01-10,78.46,71.57,3.25,12.69,119.7614,4.37,4.04,4.2,5.33,5.31,-0.33000000000000007,-6.890000000000001
2024-01-11,80.21,72.15,3.15,12.44,119.8916,4.26,3.98,4.18,5.33,5.31,-0.2799999999999998,-8.059999999999988
2024-01-12,79.89,72.94,13.2,12.7,119.534,4.14,3.96,4.2,5.33,5.31,-0.17999999999999972,-6.950000000000003
2024-01-15,79.76,,,13.25,,,,,5.33,,,
2024-01-16,80.15,72.63,3.25,13.84,120.5759,4.22,4.07,4.3,5.33,5.32,-0.14999999999999947,-7.52000000000001
2024-01-17,78.88,72.79,2.86,14.79,121.0402,4.34,4.1,4.31,5.33,5.32,-0.2400000000000002,-6.089999999999989
2024-01-18,81.04,74.32,2.88,14.13,120.8895,4.34,4.14,4.37,5.33,5.31,-0.20000000000000018,-6.720000000000013
2024-01-19,80.71,73.69,2.7,13.3,120.6442,4.39,4.15,4.36,5.33,5.31,-0.23999999999999932,-7.019999999999996
2024-01-22,81.7,75.26,2.35,13.19,120.6178,4.37,4.11,4.32,5.33,5.31,-0.2599999999999998,-6.439999999999998
2024-01-23,82.04,74.72,2.15,12.55,121.1001,4.31,4.14,4.38,5.33,5.31,-0.16999999999999993,-7.320000000000007
2024-01-24,82.15,75.48,2.45,13.14,120.4916,4.34,4.18,4.41,5.33,5.31,-0.16000000000000014,-6.670000000000002
2024-01-25,82.33,77.91,2.56,13.45,120.8311,4.28,4.14,4.38,5.33,5.32,-0.14000000000000057,-4.420000000000002
2024-01-26,83.34,78.45,2.36,13.26,120.6173,4.34,4.15,4.38,5.33,5.32,-0.1899999999999995,-4.890000000000001
2024-01-29,83.99,77.25,2.41,13.6,120.8538,4.29,4.08,4.31,5.33,5.31,-0.20999999999999996,-6.739999999999995
2024-01-30,84.14,78.3,2.26,13.31,120.6025,4.36,4.06,4.28,5.33,5.31,-0.3000000000000007,-5.840000000000003
2024-01-31,82.98,76.28,2.19,14.35,120.4331,4.27,3.99,4.22,5.33,5.32,-0.27999999999999936,-6.700000000000003
2024-02-01,82.2,74.36,2.15,13.88,120.3335,4.2,3.87,4.1,5.33,5.32,-0.33000000000000007,-7.840000000000003
2024-02-02,79.54,72.72,2.01,13.85,120.902,4.36,4.03,4.22,5.33,5.32,-0.33000000000000007,-6.820000000000007
2024-02-05,79.3,73.21,2.12,13.67,121.349,4.46,4.17,4.35,5.33,5.31,-0.29000000000000004,-6.090000000000003
2024-02-06,80.46,73.83,2.1,13.06,120.9588,4.39,4.09,4.29,5.33,5.31,-0.2999999999999998,-6.6299999999999955
2024-02-07,81.18,74.26,1.94,12.83,120.9049,4.41,4.09,4.31,5.33,5.31,-0.3200000000000003,-6.920000000000002
2024-02-08,83.01,76.67,1.74,12.79,121.0798,4.46,4.15,4.36,5.33,5.31,-0.3099999999999996,-6.340000000000003
2024-02-09,83.58,77.26,1.74,12.93,121.039,4.48,4.17,4.37,5.33,5.31,-0.3100000000000005,-6.319999999999993
2024-02-12,83.88,77.34,1.76,13.93,120.9378,4.46,4.17,4.37,5.33,5.31,-0.29000000000000004,-6.539999999999992
2024-02-13,84.72,78.28,1.61,15.85,121.5202,4.64,4.31,4.46,5.33,5.31,-0.33000000000000007,-6.439999999999998
2024-02-14,84.41,77.09,1.51,14.38,121.4002,4.56,4.27,4.45,5.33,5.3,-0.29000000000000004,-7.319999999999993
2024-02-15,84.33,78.47,1.53,14.01,121.2121,4.56,4.24,4.42,5.33,5.31,-0.3199999999999994,-5.859999999999999
2024-02-16,84.88,79.65,1.55,14.24,121.1505,4.64,4.3,4.45,5.33,5.3,-0.33999999999999986,-5.22999999999999
2024-02-19,85.52,,,14.71,,,,,5.33,,,
2024-02-20,84.78,78.72,1.5,15.42,121.0199,4.59,4.27,4.44,5.33,5.3,-0.3200000000000003,-6.060000000000002
2024-02-21,84.77,78.89,1.58,15.34,121.0379,4.64,4.32,4.49,5.33,5.3,-0.3199999999999994,-5.8799999999999955
2024-02-22,85.84,79.64,1.62,14.54,121.102,4.69,4.33,4.47,5.33,5.3,-0.3600000000000003,-6.200000000000003
2024-02-23,84.18,77.6,1.52,13.75,121.0369,4.67,4.26,4.37,5.33,5.31,-0.41000000000000014,-6.5800000000000125
2024-02-26,84.01,78.53,1.65,13.74,121.0592,4.69,4.28,4.4,5.33,5.31,-0.41000000000000014,-5.480000000000004
2024-02-27,83.8,79.8,1.52,13.43,120.9647,4.7,4.31,4.44,5.33,5.31,-0.39000000000000057,-4.0
2024-02-28,84.08,79.44,1.61,13.84,121.128,4.64,4.27,4.4,5.33,5.31,-0.3700000000000001,-4.640000000000001
2024-02-29,84.57,79.22,1.67,13.4,121.1824,4.64,4.25,4.38,5.33,5.32,-0.3899999999999997,-5.349999999999994
2024-03-01,84.82,80.9,1.47,13.11,121.0111,4.54,4.19,4.33,5.33,5.31,-0.34999999999999964,-3.9199999999999875
2024-03-04,86.58,79.67,1.48,13.49,120.872,4.61,4.22,4.36,5.33,5.31,-0.39000000000000057,-6.909999999999997
2024-03-05,85.82,79.11,1.51,14.46,120.8846,4.54,4.13,4.27,5.33,5.31,-0.41000000000000014,-6.709999999999994
2024-03-06,86.59,80.08,1.67,14.5,120.4649,4.55,4.11,4.24,5.33,5.31,-0.4399999999999995,-6.510000000000005
2024-03-07,84.88,79.81,1.56,14.44,120.1909,4.5,4.09,4.25,5.33,5.31,-0.41000000000000014,-5.069999999999993
2024-03-08,84.29,78.96,1.54,14.74,119.975,4.48,4.09,4.26,5.33,5.31,-0.39000000000000057,-5.3300000000000125
2024-03-11,83.44,78.87,1.54,15.22,120.0394,4.51,4.1,4.26,5.33,5.31,-0.41000000000000014,-4.569999999999993
2024-03-12,83.66,78.51,1.57,13.84,120.1668,4.58,4.16,4.31,5.33,5.31,-0.41999999999999993,-5.1499999999999915
2024-03-13,83.95,80.67,1.25,13.75,119.9642,4.61,4.19,4.35,5.33,5.31,-0.41999999999999993,-3.280000000000001
2024-03-14,86.16,82.16,1.26,14.4,120.241,4.68,4.29,4.44,5.33,5.31,-0.3899999999999997,-4.0
2024-03-15,85.39,81.94,1.38,14.41,120.4003,4.72,4.31,4.43,5.33,5.31,-0.41000000000000014,-3.450000000000003
2024-03-18,86.47,83.68,1.54,14.33,120.5752,4.73,4.34,4.46,5.33,5.31,-0.39000000000000057,-2.789999999999992
2024-03-19,87.36,84.39,1.55,13.82,120.9332,4.68,4.3,4.44,5.33,5.31,-0.3799999999999999,-2.969999999999999
2024-03-20,85.77,82.79,1.58,13.04,120.9289,4.59,4.27,4.45,5.33,5.31,-0.3200000000000003,-2.9799999999999898
2024-03-21,84.92,81.99,1.55,12.92,120.8086,4.62,4.27,4.44,5.33,5.31,-0.35000000000000053,-2.930000000000007
2024-03-22,84.87,81.1,1.5,13.06,121.1842,4.59,4.22,4.39,5.33,5.31,-0.3700000000000001,-3.7700000000000102
2024-03-25,86.18,82.41,1.46,13.19,121.0295,4.54,4.25,4.42,5.33,5.31,-0.29000000000000004,-3.7700000000000102
2024-03-26,85.91,82.41,1.48,13.24,121.0742,4.56,4.24,4.4,5.33,5.32,-0.3199999999999994,-3.5
2024-03-27,84.94,82.15,1.43,12.78,121.0089,4.54,4.2,4.36,5.33,5.33,-0.33999999999999986,-2.789999999999992
2024-03-28,86.17,83.96,1.54,13.01,121.0635,4.59,4.2,4.34,5.33,5.34,-0.3899999999999997,-2.210000000000008
2024-03-29,,,,,121.0191,,,,5.33,,,
2024-04-01,,84.54,1.64,13.65,121.5151,4.72,4.33,4.47,5.33,5.35,-0.3899999999999997,
2024-04-02,87.63,85.95,1.65,14.61,121.3035,4.7,4.36,4.51,5.33,5.34,-0.33999999999999986,-1.6799999999999926
2024-04-03,90.6,86.22,1.86,14.33,121.0198,4.68,4.36,4.51,5.33,5.32,-0.3199999999999994,-4.3799999999999955
2024-04-04,90.32,87.37,1.78,16.35,120.7613,4.65,4.31,4.47,5.33,5.32,-0.34000000000000075,-2.9499999999999886
2024-04-05,92.81,87.69,1.58,16.03,120.9646,4.73,4.39,4.54,5.33,5.32,-0.34000000000000075,-5.1200000000000045
2024-04-08,91.73,87.24,1.73,15.19,120.7359,4.78,4.42,4.55,5.33,5.31,-0.3600000000000003,-4.490000000000009
2024-04-09,92.13,86.04,1.83,14.98,120.7048,4.74,4.36,4.5,5.33,5.31,-0.3799999999999999,-6.089999999999989
2024-04-10,91.57,86.98,1.9,15.8,121.5727,4.97,4.55,4.64,5.33,5.31,-0.41999999999999993,-4.589999999999989
2024-04-11,91.49,85.79,1.62,14.91,121.6081,4.93,4.56,4.65,5.33,5.31,-0.3700000000000001,-5.699999999999989
2024-04-12,93.12,86.46,1.36,17.31,122.2885,4.88,4.5,4.61,5.33,5.31,-0.3799999999999999,-6.660000000000011
2024-04-15,90.84,86.21,1.41,19.23,122.425,4.93,4.63,4.74,5.33,5.32,-0.2999999999999998,-4.63000000000001
2024-04-16,91.29,86.15,1.38,18.4,123.1234,4.97,4.67,4.77,5.33,5.31,-0.2999999999999998,-5.140000000000001
2024-04-17,89.54,83.58,1.5,18.21,123.0207,4.93,4.59,4.71,5.33,5.31,-0.33999999999999986,-5.960000000000008
2024-04-18,88.34,83.5,1.59,18.0,123.0017,4.98,4.64,4.74,5.33,5.3,-0.34000000000000075,-4.840000000000003
2024-04-19,87.96,83.79,1.43,18.71,123.1075,4.97,4.62,4.72,5.33,5.31,-0.34999999999999964,-4.1699999999999875
2024-04-22,87.3,83.82,1.64,16.94,123.0609,4.97,4.62,4.72,5.33,5.31,-0.34999999999999964,-3.480000000000004
2024-04-23,88.29,84.17,1.59,15.69,122.7227,4.86,4.61,4.73,5.33,5.31,-0.25,-4.1200000000000045
2024-04-24,89.02,84.09,1.6,15.97,122.89,4.89,4.65,4.78,5.33,5.31,-0.23999999999999932,-4.929999999999993
2024-04-25,88.1,84.92,1.46,15.37,122.8384,4.96,4.7,4.82,5.33,5.31,-0.2599999999999998,-3.1799999999999926
2024-04-26,89.95,85.38,1.4,15.03,122.9471,4.96,4.67,4.78,5.33,5.32,-0.29000000000000004,-4.570000000000007
2024-04-29,88.44,84.26,1.55,14.67,122.5449,4.97,4.63,4.75,5.33,5.32,-0.33999999999999986,-4.179999999999993
2024-04-30,88.23,83.49,1.68,15.65,122.9853,5.04,4.69,4.79,5.33,5.34,-0.34999999999999964,-4.740000000000009
2024-05-01,83.55,80.7,1.63,15.39,123.0168,4.96,4.63,4.74,5.33,5.32,-0.33000000000000007,-2.8499999999999943
2024-05-02,84.81,80.59,1.66,14.68,122.4384,4.87,4.58,4.72,5.33,5.31,-0.29000000000000004,-4.219999999999999
2024-05-03,83.6,79.65,1.67,13.49,122.1375,4.81,4.5,4.66,5.33,5.31,-0.3099999999999996,-3.9499999999999886
2024-05-06,,80.1,1.88,13.49,121.8913,4.82,4.49,4.64,5.33,5.31,-0.33000000000000007,
2024-05-07,82.69,79.97,1.95,13.23,122.093,4.82,4.47,4.61,5.33,5.31,-0.35000000000000053,-2.719999999999999
2024-05-08,82.44,80.57,2.01,13.0,122.1926,4.84,4.48,4.64,5.33,5.31,-0.35999999999999943,-1.8700000000000045
2024-05-09,83.27,80.86,2.03,12.69,122.1634,4.8,4.45,4.6,5.33,5.31,-0.34999999999999964,-2.4099999999999966
2024-05-10,83.39,79.81,2.14,12.55,122.014,4.87,4.5,4.64,5.33,5.31,-0.3700000000000001,-3.5799999999999983
2024-05-13,83.18,80.71,2.11,13.6,122.0261,4.85,4.48,4.63,5.33,5.31,-0.3699999999999992,-2.470000000000013
2024-05-14,81.0,79.62,2.14,13.42,121.9256,4.81,4.45,4.59,5.33,5.31,-0.35999999999999943,-1.3799999999999955
2024-05-15,79.98,80.23,2.12,12.45,121.3543,4.73,4.36,4.52,5.33,5.31,-0.3700000000000001,0.25
2024-05-16,81.65,80.85,2.32,12.42,121.2236,4.78,4.38,4.52,5.33,5.31,-0.40000000000000036,-0.8000000000000114
2024-05-17,82.24,81.66,2.44,11.99,121.2354,4.83,4.42,4.56,5.33,5.31,-0.41000000000000014,-0.5799999999999983
2024-05-20,81.91,81.39,2.52,12.15,121.2289,4.82,4.44,4.58,5.33,5.31,-0.3799999999999999,-0.519999999999996
2024-05-21,81.22,80.66,2.52,11.86,121.3793,4.82,4.41,4.55,5.33,5.31,-0.41000000000000014,-0.5600000000000023
2024-05-22,79.9,79.15,2.51,12.29,121.5462,4.86,4.43,4.55,5.33,5.31,-0.4300000000000006,-0.75
2024-05-23,79.25,77.47,2.64,12.77,121.7477,4.91,4.47,4.58,5.33,5.31,-0.4400000000000004,-1.7800000000000011
2024-05-24,78.92,78.48,2.22,11.93,121.6172,4.93,4.46,4.57,5.33,5.32,-0.46999999999999975,-0.4399999999999977
2024-05-27,,,,12.36,,,,,5.33,,,
2024-05-28,81.34,80.9,2.29,12.92,121.43,4.94,4.54,4.66,5.33,5.32,-0.40000000000000036,-0.4399999999999977
2024-05-29,81.5,80.24,2.2,14.28,122.1641,4.96,4.61,4.74,5.33,5.33,-0.34999999999999964,-1.2600000000000051
2024-05-30,81.42,78.96,1.87,14.47,121.9601,4.92,4.55,4.69,5.33,5.33,-0.3700000000000001,-2.460000000000008
2024-05-31,79.41,77.97,1.78,12.92,122.098,4.89,4.51,4.65,5.33,5.34,-0.3799999999999999,-1.4399999999999977
2024-06-03,76.45,75.26,2.55,13.11,122.3509,4.82,4.41,4.55,5.33,5.35,-0.41000000000000014,-1.1899999999999977
2024-06-04,75.33,74.27,2.58,13.16,122.7256,4.77,4.33,4.48,5.33,5.33,-0.4399999999999995,-1.0600000000000023
2024-06-05,75.41,75.08,2.27,12.63,122.5339,4.72,4.29,4.44,5.33,5.33,-0.4299999999999997,-0.3299999999999983
2024-06-06,77.62,76.52,2.3,12.58,122.3713,4.72,4.28,4.43,5.33,5.33,-0.4399999999999995,-1.1000000000000085
2024-06-07,78.12,76.53,2.46,12.22,123.549,4.87,4.43,4.55,5.33,5.33,-0.4400000000000004,-1.5900000000000034
2024-06-10,79.59,78.75,2.61,12.74,123.9125,4.87,4.47,4.59,5.33,5.32,-0.40000000000000036,-0.8400000000000034
2024-06-11,80.15,78.88,2.71,12.85,124.0349,4.81,4.39,4.53,5.33,5.32,-0.41999999999999993,-1.2700000000000102
2024-06-12,80.52,79.56,2.8,12.04,123.8295,4.75,4.31,4.47,5.33,5.31,-0.4400000000000004,-0.9599999999999937
2024-06-13,81.44,79.61,2.79,11.94,124.0235,4.68,4.24,4.4,5.33,5.31,-0.4399999999999995,-1.8299999999999983
2024-06-14,81.49,79.41,2.74,12.66,124.1694,4.67,4.2,4.34,5.33,5.31,-0.46999999999999975,-2.0799999999999983
2024-06-17,82.45,81.33,2.5,12.75,124.239,4.75,4.28,4.4,5.33,5.33,-0.46999999999999975,-1.1200000000000045
2024-06-18,84.79,82.67,2.43,12.3,123.9776,4.69,4.22,4.36,5.33,5.33,-0.47000000000000064,-2.1200000000000045
2024-06-19,85.64,,,12.48,,,,,5.33,,,
2024-06-20,85.92,83.34,2.39,13.28,124.192,4.7,4.25,4.39,5.33,5.32,-0.4500000000000002,-2.5799999999999983
2024-06-21,86.42,81.71,2.44,13.2,124.1086,4.7,4.25,4.39,5.33,5.31,-0.4500000000000002,-4.710000000000008
2024-06-24,86.75,82.63,2.58,13.33,123.7125,4.71,4.25,4.38,5.33,5.31,-0.45999999999999996,-4.1200000000000045
2024-06-25,86.81,81.97,2.61,12.84,123.9417,4.65,4.23,4.36,5.33,5.33,-0.41999999999999993,-4.840000000000003
2024-06-26,85.76,82.19,2.45,12.55,124.26,4.71,4.32,4.45,5.33,5.34,-0.3899999999999997,-3.5700000000000074
2024-06-27,87.0,83.04,2.55,12.24,124.3379,4.7,4.29,4.43,5.33,5.34,-0.41000000000000014,-3.9599999999999937
2024-06-28,87.26,82.83,2.42,12.44,124.2103,4.71,4.36,4.51,5.33,5.33,-0.34999999999999964,-4.430000000000007
2024-07-01,86.57,84.7,2.21,12.22,124.4667,4.77,4.48,4.64,5.33,5.4,-0.28999999999999915,-1.8699999999999903
2024-07-02,88.28,84.09,2.06,12.03,124.2917,4.74,4.43,4.6,5.33,5.35,-0.3100000000000005,-4.189999999999998
2024-07-03,88.25,85.19,2.02,12.09,123.7768,4.71,4.36,4.53,5.33,5.33,-0.34999999999999964,-3.0600000000000023
2024-07-04,88.34,,,12.26,,,,,5.33,,,
2024-07-05,88.66,84.44,2.02,12.48,123.4762,4.6,4.28,4.47,5.33,5.32,-0.3199999999999994,-4.219999999999999
2024-07-08,87.15,83.63,2.1,12.37,123.3576,4.62,4.28,4.46,5.33,5.32,-0.33999999999999986,-3.5200000000000102
2024-07-09,86.48,82.78,2.42,12.51,123.4071,4.62,4.3,4.49,5.33,5.34,-0.3200000000000003,-3.700000000000003
2024-07-10,86.55,83.39,2.4,12.85,123.1895,4.62,4.28,4.47,5.33,5.34,-0.33999999999999986,-3.1599999999999966
2024-07-11,86.49,83.92,2.23,12.92,122.769,4.5,4.2,4.41,5.33,5.34,-0.2999999999999998,-2.569999999999993
2024-07-12,87.35,83.49,2.17,12.46,122.4404,4.45,4.18,4.39,5.33,5.34,-0.27000000000000046,-3.8599999999999994
2024-07-15,86.42,83.22,2.12,13.12,122.6347,4.44,4.23,4.46,5.33,5.34,-0.20999999999999996,-3.200000000000003
2024-07-16,86.6,81.92,2.1,13.19,122.7264,4.43,4.17,4.38,5.33,5.35,-0.2599999999999998,-4.679999999999993
2024-07-17,85.76,84.16,1.98,14.48,122.518,4.42,4.16,4.37,5.33,5.35,-0.2599999999999998,-1.6000000000000085
2024-07-18,86.26,84.17,2.0,15.93,122.7909,4.46,4.2,4.41,5.33,5.34,-0.2599999999999998,-2.0900000000000034
2024-07-19,85.19,81.43,1.88,16.52,123.147,4.49,4.25,4.45,5.33,5.34,-0.2400000000000002,-3.759999999999991
2024-07-22,83.44,81.25,2.19,14.91,123.2172,4.5,4.26,4.48,5.33,5.33,-0.2400000000000002,-2.1899999999999977
2024-07-23,82.2,78.24,2.13,14.72,123.3843,4.4,4.25,4.48,5.33,5.34,-0.15000000000000036,-3.960000000000008
2024-07-24,83.01,78.78,2.0,18.04,123.5575,4.37,4.28,4.54,5.33,5.34,-0.08999999999999986,-4.230000000000004
2024-07-25,82.58,79.43,2.0,18.46,123.5286,4.41,4.27,4.5,5.33,5.35,-0.14000000000000057,-3.1499999999999915
2024-07-26,81.35,78.58,1.98,16.39,123.672,4.36,4.2,4.45,5.33,5.35,-0.16000000000000014,-2.769999999999996
2024-07-29,80.94,77.27,1.9,16.6,124.1392,4.36,4.17,4.42,5.33,5.33,-0.1900000000000004,-3.6700000000000017
2024-07-30,79.26,76.17,1.81,17.69,124.2855,4.35,4.15,4.4,5.33,5.33,-0.1999999999999993,-3.0900000000000034
2024-07-31,81.39,79.36,1.94,16.36,123.6373,4.29,4.09,4.35,5.33,5.38,-0.20000000000000018,-2.030000000000001
2024-08-01,81.37,77.74,1.95,18.59,123.8693,4.16,3.99,4.27,5.33,5.35,-0.16999999999999993,-3.6300000000000097
2024-08-02,78.35,74.99,1.89,23.39,123.4681,3.88,3.8,4.11,5.33,5.35,-0.08000000000000007,-3.3599999999999994
2024-08-05,77.51,74.46,1.83,38.57,123.5787,3.89,3.78,4.06,5.33,5.32,-0.11000000000000032,-3.0500000000000114
2024-08-06,76.62,74.6,1.83,27.71,123.6532,3.99,3.9,4.18,5.33,5.33,-0.0900000000000003,-2.0200000000000102
2024-08-07,78.26,76.68,1.96,27.85,123.5698,4.0,3.96,4.26,5.33,5.33,-0.040000000000000036,-1.5799999999999983
2024-08-08,80.76,77.64,1.85,23.79,123.4466,4.04,3.99,4.28,5.33,5.34,-0.04999999999999982,-3.1200000000000045
2024-08-09,81.07,78.28,1.94,20.37,122.9276,4.05,3.94,4.23,5.33,5.34,-0.10999999999999988,-2.789999999999992
2024-08-12,83.06,81.45,2.1,20.71,123.2204,4.01,3.9,4.19,5.33,5.34,-0.10999999999999988,-1.6099999999999994
2024-08-13,82.51,79.81,2.16,18.12,123.0146,3.93,3.85,4.16,5.33,5.34,-0.08000000000000007,-2.700000000000003
2024-08-14,82.15,78.47,2.18,16.19,122.4297,3.94,3.83,4.12,5.33,5.33,-0.10999999999999988,-3.680000000000007
2024-08-15,83.09,79.66,2.19,15.23,122.5844,4.08,3.92,4.18,5.33,5.35,-0.16000000000000014,-3.430000000000007
2024-08-16,81.56,78.05,2.01,14.8,122.3972,4.06,3.89,4.15,5.33,5.32,-0.16999999999999948,-3.510000000000005
2024-08-19,81.09,75.82,2.12,14.65,121.8788,4.06,3.86,4.11,5.33,5.32,-0.19999999999999973,-5.27000000000001
2024-08-20,78.85,75.27,2.18,15.88,121.7728,3.99,3.82,4.07,5.33,5.32,-0.17000000000000037,-3.5799999999999983
2024-08-21,78.77,72.76,2.14,16.27,121.8535,3.92,3.79,4.06,5.33,5.31,-0.1299999999999999,-6.009999999999991
2024-08-22,78.8,73.72,1.93,17.55,122.3626,3.99,3.86,4.13,5.33,5.31,-0.13000000000000034,-5.079999999999998
2024-08-23,80.34,75.82,1.82,15.86,121.4597,3.9,3.81,4.1,5.33,5.33,-0.08999999999999986,-4.52000000000001
2024-08-26,,78.4,2.13,16.15,121.6943,3.91,3.82,4.11,5.33,5.34,-0.0900000000000003,
2024-08-27,81.51,76.5,1.91,15.43,121.8672,3.83,3.83,4.13,5.33,5.35,0.0,-5.010000000000005
2024-08-28,80.04,75.49,1.89,17.11,121.8943,3.83,3.84,4.13,5.33,5.35,0.009999999999999787,-4.550000000000011
2024-08-29,81.55,76.9,1.85,15.65,122.2333,3.87,3.87,4.15,5.33,5.33,0.0,-4.6499999999999915
2024-08-30,80.2,74.52,1.93,15.0,122.3262,3.91,3.91,4.2,5.33,5.32,0.0,-5.680000000000007
2024-09-02,77.82,,,15.55,,,,,5.33,,,
2024-09-03,76.46,71.28,1.93,20.72,122.7811,3.88,3.84,4.13,5.33,5.34,-0.040000000000000036,-5.179999999999993
2024-09-04,74.67,70.11,2.05,21.32,122.5144,3.76,3.77,4.06,5.33,5.35,0.010000000000000231,-4.560000000000002
2024-09-05,74.47,70.09,2.02,19.9,122.4533,3.75,3.73,4.02,5.33,5.35,-0.020000000000000018,-4.3799999999999955
2024-09-06,72.82,68.58,2.09,22.38,122.4991,3.66,3.72,4.03,5.33,5.34,0.06000000000000005,-4.239999999999995
2024-09-09,72.37,69.65,2.03,19.45,122.7156,3.68,3.7,4.0,5.33,5.34,0.020000000000000018,-2.719999999999999
2024-09-10,70.34,66.73,2.13,19.08,123.0071,3.59,3.65,3.97,5.33,5.33,0.06000000000000005,-3.6099999999999994
2024-09-11,70.31,68.25,2.13,17.69,122.7754,3.62,3.65,3.96,5.33,5.32,0.029999999999999805,-2.0600000000000023
2024-09-12,73.81,69.89,2.13,17.07,122.4423,3.64,3.68,4.0,5.33,5.33,0.040000000000000036,-3.9200000000000017
2024-09-13,73.68,69.59,2.25,16.56,121.6551,3.57,3.66,3.98,5.33,5.33,0.0900000000000003,-4.090000000000003
2024-09-16,73.96,71.1,2.23,17.14,121.4976,3.56,3.63,3.94,5.33,5.38,0.06999999999999984,-2.8599999999999994
2024-09-17,74.55,72.16,2.33,17.61,121.6031,3.59,3.65,3.96,5.33,5.38,0.06000000000000005,-2.3900000000000006
2024-09-18,74.52,71.87,2.31,18.23,121.5618,3.61,3.7,4.03,5.33,5.33,0.0900000000000003,-2.6499999999999915
2024-09-19,75.93,72.86,2.24,16.33,121.3059,3.59,3.73,4.06,4.83,4.82,0.14000000000000012,-3.0700000000000074
2024-09-20,75.96,72.72,2.2,16.15,121.4052,3.55,3.73,4.07,4.83,4.83,0.18000000000000016,-3.239999999999995
2024-09-23,74.95,71.33,2.4,15.89,121.4303,3.57,3.75,4.09,4.83,4.83,0.18000000000000016,-3.6200000000000045
2024-09-24,75.29,72.34,2.61,15.39,121.1291,3.49,3.74,4.09,4.83,4.84,0.25,-2.950000000000003
2024-09-25,75.4,70.42,2.62,15.41,121.4447,3.53,3.79,4.14,4.83,4.84,0.26000000000000023,-4.980000000000004
2024-09-26,73.06,68.28,2.64,15.37,121.0785,3.6,3.79,4.12,4.83,4.83,0.18999999999999995,-4.780000000000001
2024-09-27,71.63,68.72,2.53,16.96,121.1111,3.55,3.75,4.1,4.83,4.84,0.20000000000000018,-2.9099999999999966
2024-09-30,72.35,68.75,2.65,16.73,121.2864,3.66,3.81,4.14,4.83,4.96,0.1499999999999999,-3.5999999999999943
2024-10-01,75.3,70.41,2.67,19.26,121.6881,3.61,3.74,4.08,4.83,5.05,0.13000000000000034,-4.890000000000001
2024-10-02,74.86,70.74,2.77,18.9,121.5724,3.63,3.79,4.14,4.83,4.92,0.16000000000000014,-4.1200000000000045
2024-10-03,77.57,74.33,2.75,20.49,122.1197,3.7,3.85,4.18,4.83,4.85,0.1499999999999999,-3.239999999999995
2024-10-04,79.32,74.93,2.49,19.21,122.2197,3.93,3.98,4.26,4.83,4.83,0.04999999999999982,-4.389999999999986
2024-10-07,81.74,77.76,2.51,22.64,122.4241,3.99,4.03,4.3,4.83,4.83,0.040000000000000036,-3.9799999999999898
2024-10-08,78.19,74.26,2.51,21.42,122.6625,3.98,4.04,4.32,4.83,4.84,0.06000000000000005,-3.9299999999999926
2024-10-09,77.06,73.85,2.43,20.86,122.8821,3.99,4.06,4.34,4.83,4.83,0.0699999999999994,-3.210000000000008
2024-10-10,79.45,76.46,2.26,20.93,123.0951,3.98,4.09,4.38,4.83,4.82,0.10999999999999988,-2.990000000000009
2024-10-11,80.27,76.11,2.31,20.46,122.9805,3.95,4.08,4.39,4.83,4.81,0.1299999999999999,-4.159999999999997
2024-10-14,78.47,,,19.7,,,,,4.83,,,
2024-10-15,73.68,71.22,2.37,20.64,123.5124,3.95,4.03,4.32,4.83,4.86,0.08000000000000007,-2.460000000000008
2024-10-16,73.65,70.97,2.21,19.58,123.9235,3.93,4.02,4.3,4.83,4.86,0.08999999999999941,-2.680000000000007
2024-10-17,74.37,71.26,2.19,19.11,124.1122,3.96,4.09,4.39,4.83,4.85,0.1299999999999999,-3.1099999999999994
2024-10-18,72.75,69.78,1.82,18.03,123.9185,3.95,4.08,4.38,4.83,4.84,0.1299999999999999,-2.969999999999999
2024-10-21,73.29,71.16,1.76,18.37,124.4757,4.02,4.19,4.49,4.83,4.82,0.17000000000000082,-2.1300000000000097
2024-10-22,75.59,72.84,1.76,18.2,124.4107,4.03,4.2,4.49,4.83,4.83,0.16999999999999993,-2.75
2024-10-23,74.68,71.37,1.9,19.24,124.6931,4.07,4.24,4.51,4.83,4.83,0.16999999999999993,-3.3100000000000023
2024-10-24,74.27,70.58,2.04,19.08,124.5127,4.07,4.21,4.47,4.83,4.83,0.13999999999999968,-3.6899999999999977
2024-10-25,75.62,72.02,1.93,20.33,124.6105,4.11,4.25,4.51,4.83,4.83,0.13999999999999968,-3.6000000000000085
2024-10-28,71.87,67.65,2.03,19.8,124.8076,4.12,4.28,4.53,4.83,4.82,0.16000000000000014,-4.219999999999999
2024-10-29,71.09,67.48,1.82,19.34,124.8612,4.11,4.28,4.52,4.83,4.82,0.16999999999999993,-3.6099999999999994
2024-10-30,73.21,68.91,2.03,20.35,124.8153,4.15,4.29,4.49,4.83,4.81,0.13999999999999968,-4.299999999999997
2024-10-31,73.25,69.58,1.82,23.16,124.7988,4.16,4.28,4.47,4.83,4.9,0.1200000000000001,-3.6700000000000017
2024-11-01,73.63,69.81,1.42,21.88,124.8076,4.21,4.37,4.57,4.83,4.86,0.16000000000000014,-3.819999999999993
2024-11-04,74.89,71.83,1.35,21.98,124.5903,4.17,4.31,4.5,4.83,4.82,0.13999999999999968,-3.0600000000000023
2024-11-05,76.98,72.26,1.62,20.49,124.5532,4.19,4.26,4.44,4.83,4.82,0.0699999999999994,-4.719999999999999
2024-11-06,76.52,71.98,1.8,16.27,125.7035,4.27,4.42,4.6,4.83,4.81,0.15000000000000036,-4.539999999999992
2024-11-07,75.73,72.69,1.49,15.2,124.775,4.21,4.31,4.52,4.83,4.82,0.09999999999999964,-3.0400000000000063
2024-11-08,74.04,70.69,1.21,14.94,125.5811,4.26,4.3,4.47,4.58,4.6,0.040000000000000036,-3.3500000000000085
2024-11-11,72.19,,1.21,14.97,,,,,4.58,,,
2024-11-12,72.56,68.43,1.92,14.71,126.7762,4.34,4.43,4.58,4.58,4.6,0.08999999999999986,-4.1299999999999955
2024-11-13,72.86,68.76,2.06,14.02,126.9572,4.27,4.44,4.63,4.58,4.59,0.17000000000000082,-4.099999999999994
2024-11-14,73.39,68.99,2.11,14.31,127.0015,4.34,4.43,4.58,4.58,4.58,0.08999999999999986,-4.400000000000006
2024-11-15,73.45,67.33,1.65,16.14,126.8848,4.31,4.43,4.6,4.58,4.57,0.1200000000000001,-6.1200000000000045
2024-11-18,74.35,69.46,2.08,15.58,126.6045,4.29,4.42,4.61,4.58,4.57,0.1299999999999999,-4.890000000000001
2024-11-19,74.32,69.75,2.1,16.35,126.3994,4.27,4.39,4.57,4.58,4.57,0.1200000000000001,-4.569999999999993
2024-11-20,74.33,69.25,2.32,17.16,126.88,4.31,4.41,4.59,4.58,4.56,0.10000000000000053,-5.079999999999998
2024-11-21,75.09,70.39,2.84,16.87,127.1047,4.34,4.43,4.61,4.58,4.57,0.08999999999999986,-4.700000000000003
2024-11-22,76.1,71.68,2.41,15.24,127.4712,4.37,4.41,4.6,4.58,4.57,0.040000000000000036,-4.4199999999999875
2024-11-25,74.27,69.41,2.78,14.6,126.9948,4.21,4.27,4.45,4.58,4.58,0.05999999999999961,-4.859999999999999
2024-11-26,74.56,69.05,3.19,14.1,127.4301,4.21,4.3,4.48,4.58,4.58,0.08999999999999986,-5.510000000000005
2024-11-27,73.91,69.03,3.39,14.1,126.8205,4.19,4.25,4.44,4.58,4.57,0.05999999999999961,-4.8799999999999955
2024-11-28,73.92,,,13.9,,,,,4.58,,,
2024-11-29,74.16,68.26,3.39,13.51,126.5798,4.13,4.18,4.36,4.58,4.59,0.04999999999999982,-5.8999999999999915
2024-12-02,72.81,68.35,3.05,13.34,127.1272,4.17,4.19,4.36,4.58,4.64,0.020000000000000462,-4.460000000000008
2024-12-03,74.8,70.15,2.94,13.3,126.9565,4.17,4.23,4.4,4.58,4.64,0.0600000000000005,-4.6499999999999915
2024-12-04,74.68,68.81,2.75,13.45,126.7574,4.13,4.19,4.35,4.58,4.59,0.0600000000000005,-5.8700000000000045
2024-12-05,73.78,68.58,2.95,13.54,126.4286,4.15,4.17,4.33,4.58,4.59,0.019999999999999574,-5.200000000000003
2024-12-06,73.78,68.58,2.83,12.77,126.688,4.1,4.15,4.34,4.58,4.6,0.05000000000000071,-5.200000000000003
2024-12-09,73.73,68.65,3.05,14.19,126.5981,4.13,4.2,4.39,4.58,4.63,0.07000000000000028,-5.079999999999998
2024-12-10,73.64,68.85,2.9,14.18,126.957,4.15,4.22,4.41,4.58,4.64,0.0699999999999994,-4.790000000000006
2024-12-11,74.38,70.57,2.9,13.58,126.8483,4.15,4.26,4.48,4.58,4.62,0.10999999999999943,-3.8100000000000023
2024-12-12,73.52,70.25,3.12,13.92,126.9556,4.18,4.32,4.55,4.58,4.62,0.14000000000000057,-3.269999999999996
2024-12-13,74.89,71.54,3.15,13.81,127.3096,4.25,4.4,4.61,4.58,4.6,0.15000000000000036,-3.3499999999999943
2024-12-16,74.3,71.03,2.87,14.69,127.2687,4.25,4.39,4.6,4.58,4.65,0.13999999999999968,-3.269999999999996
2024-12-17,73.16,70.31,2.85,15.87,127.5043,4.25,4.4,4.59,4.58,4.62,0.15000000000000036,-2.8499999999999943
2024-12-18,74.57,70.8,3.01,27.62,127.6418,4.35,4.5,4.65,4.58,4.57,0.15000000000000036,-3.769999999999996
2024-12-19,73.75,70.1,3.15,24.09,128.6366,4.32,4.57,4.74,4.33,4.3,0.25,-3.6500000000000057
2024-12-20,73.19,69.71,3.1,18.36,127.893,4.3,4.52,4.72,4.33,4.3,0.21999999999999975,-3.480000000000004
2024-12-23,72.12,69.5,2.89,16.78,128.3021,4.3,4.59,4.78,4.33,4.31,0.29000000000000004,-2.6200000000000045
2024-12-24,73.5,70.87,2.95,14.27,128.3377,4.29,4.59,4.76,4.33,4.4,0.2999999999999998,-2.6299999999999955
2024-12-25,,,,,,,,,4.33,,,
2024-12-26,,70.38,2.96,14.73,128.3329,4.3,4.58,4.76,4.33,4.53,0.28000000000000025,
2024-12-27,73.77,71.28,2.91,15.95,128.45,4.31,4.62,4.82,4.33,4.46,0.3100000000000005,-2.489999999999995
2024-12-30,74.24,71.73,3.39,17.4,128.8205,4.24,4.55,4.77,4.33,4.37,0.3099999999999996,-2.509999999999991
2024-12-31,74.58,72.44,3.4,17.35,129.2775,4.25,4.58,4.78,4.33,4.49,0.33000000000000007,-2.1400000000000006
2025-01-01,,,,,,,,,4.33,,,
2025-01-02,76.14,73.79,3.65,17.93,129.4598,4.25,4.57,4.79,4.33,4.4,0.3200000000000003,-2.3499999999999943
2025-01-03,76.72,74.64,3.4,16.13,129.4535,4.28,4.6,4.82,4.33,4.31,0.3199999999999994,-2.0799999999999983
2025-01-06,77.27,74.31,4.05,16.04,128.538,4.28,4.62,4.85,4.33,4.27,0.33999999999999986,-2.9599999999999937
2025-01-07,77.84,74.99,3.8,17.82,128.613,4.3,4.67,4.91,4.33,4.27,0.3700000000000001,-2.8500000000000085
2025-01-08,77.37,73.99,3.75,17.7,129.0785,4.28,4.67,4.91,4.33,4.29,0.3899999999999997,-3.3800000000000097
2025-01-09,78.44,,3.94,18.07,129.2827,4.27,4.68,4.92,4.33,4.3,0.41000000000000014,
2025-01-10,79.76,77.27,4.13,19.54,129.8664,4.4,4.77,4.96,4.33,4.3,0.3699999999999992,-2.490000000000009
2025-01-13,82.69,79.57,4.4,19.19,130.0413,4.4,4.79,4.97,4.33,4.29,0.3899999999999997,-3.1200000000000045
2025-01-14,82.39,78.2,4.32,18.71,129.3812,4.37,4.78,4.98,4.33,4.28,0.41000000000000014,-4.189999999999998
2025-01-15,83.48,80.73,4.45,16.12,129.2092,4.27,4.66,4.88,4.33,4.28,0.39000000000000057,-2.75
2025-01-16,82.39,79.35,4.3,16.6,129.436,4.23,4.61,4.84,4.33,4.29,0.3799999999999999,-3.0400000000000063
2025-01-17,83.02,78.56,9.86,15.97,129.4859,4.27,4.61,4.84,4.33,4.29,0.34000000000000075,-4.459999999999994
2025-01-20,81.68,,,15.81,,,,,4.33,,,
2025-01-21,80.57,76.79,4.4,15.06,128.4151,4.29,4.57,4.8,4.33,4.29,0.28000000000000025,-3.779999999999987
2025-01-22,80.0,76.12,3.91,15.1,128.3402,4.29,4.6,4.82,4.33,4.3,0.3099999999999996,-3.8799999999999955
2025-01-23,78.62,75.03,3.91,15.02,128.2162,4.29,4.65,4.87,4.33,4.35,0.3600000000000003,-3.5900000000000034
2025-01-24,78.71,74.97,3.84,14.85,127.4611,4.27,4.63,4.85,4.33,4.34,0.3600000000000003,-3.739999999999995
2025-01-27,77.3,73.51,3.71,17.9,128.0912,4.17,4.53,4.76,4.33,4.34,0.3600000000000003,-3.789999999999992
2025-01-28,78.01,74.15,3.4,16.41,128.2817,4.19,4.55,4.78,4.33,4.35,0.35999999999999943,-3.8599999999999994
2025-01-29,77.02,72.94,3.38,16.56,128.3418,4.21,4.55,4.79,4.33,4.35,0.33999999999999986,-4.079999999999998
2025-01-30,77.42,73.1,3.12,15.84,128.1004,4.18,4.52,4.76,4.33,4.36,0.33999999999999986,-4.320000000000007
2025-01-31,77.11,72.84,2.93,16.43,128.4828,4.22,4.58,4.83,4.33,4.38,0.3600000000000003,-4.269999999999996
2025-02-03,76.49,73.52,3.3,18.62,129.109,4.26,4.54,4.77,4.33,4.35,0.28000000000000025,-2.969999999999999
2025-02-04,76.58,73.04,3.25,17.21,128.1083,4.21,4.52,4.75,4.33,4.33,0.3099999999999996,-3.539999999999992
2025-02-05,74.71,71.39,3.22,15.77,127.9751,4.17,4.43,4.64,4.33,4.33,0.2599999999999998,-3.319999999999993
2025-02-06,74.54,70.97,3.31,15.5,128.2017,4.21,4.45,4.65,4.33,4.36,0.2400000000000002,-3.5700000000000074
2025-02-07,74.68,71.32,3.32,16.54,128.4292,4.29,4.49,4.69,4.33,4.35,0.20000000000000018,-3.3600000000000136
2025-02-10,76.23,72.73,3.48,15.81,128.6382,4.28,4.51,4.71,4.33,4.35,0.22999999999999954,-3.5
2025-02-11,77.65,73.67,3.65,16.02,128.4322,4.29,4.54,4.75,4.33,4.34,0.25,-3.980000000000004
2025-02-12,75.38,71.72,3.97,15.89,128.3288,4.36,4.62,4.83,4.33,4.32,0.2599999999999998,-3.6599999999999966
2025-02-13,75.61,71.66,4.43,15.1,127.8931,4.31,4.52,4.72,4.33,4.33,0.20999999999999996,-3.950000000000003
2025-02-14,75.19,71.05,4.6,14.77,127.1491,4.26,4.47,4.69,4.33,4.33,0.20999999999999996,-4.140000000000001
2025-02-17,75.81,,,15.37,,,,,4.33,,,
2025-02-18,76.46,72.21,6.4,15.35,127.2906,4.29,4.55,4.77,4.33,4.37,0.2599999999999998,-4.25
2025-02-19,76.34,72.58,7.15,15.27,127.7317,4.28,4.53,4.76,4.33,4.35,0.25,-3.760000000000005
2025-02-20,76.95,72.88,5.62,15.66,127.1126,4.28,4.5,4.74,4.33,4.33,0.21999999999999975,-4.070000000000007
2025-02-21,74.88,70.72,4.43,18.21,127.1408,4.19,4.42,4.67,4.33,4.34,0.22999999999999954,-4.159999999999997
2025-02-24,74.89,71.06,3.86,18.98,127.1921,4.13,4.4,4.66,4.33,4.34,0.27000000000000046,-3.8299999999999983
2025-02-25,73.11,69.15,3.88,19.43,127.3752,4.07,4.3,4.55,4.33,4.33,0.22999999999999954,-3.9599999999999937
2025-02-26,73.49,68.87,3.9,19.1,127.2822,4.05,4.25,4.51,4.33,4.33,0.20000000000000018,-4.61999999999999
2025-02-27,75.01,70.62,3.91,21.13,127.9704,4.07,4.29,4.56,4.33,4.36,0.21999999999999975,-4.390000000000001
2025-02-28,74.76,69.97,3.91,19.63,128.2805,3.99,4.24,4.51,4.33,4.39,0.25,-4.790000000000006
2025-03-03,72.85,68.63,3.8,22.78,127.75,3.96,4.16,4.45,4.33,4.33,0.20000000000000018,-4.219999999999999
2025-03-04,72.31,68.47,4.39,23.51,127.9966,3.96,4.22,4.53,4.33,4.33,0.2599999999999998,-3.8400000000000034
2025-03-05,70.92,66.58,4.4,21.93,126.504,3.99,4.28,4.57,4.33,4.34,0.29000000000000004,-4.340000000000003
2025-03-06,71.08,66.62,4.39,24.87,126.1099,3.96,4.29,4.58,4.33,4.35,0.33000000000000007,-4.459999999999994
2025-03-07,72.49,67.29,4.39,23.37,125.9814,3.99,4.32,4.62,4.33,4.34,0.33000000000000007,-5.199999999999989
2025-03-10,71.08,66.31,4.23,27.86,126.268,3.89,4.22,4.54,4.33,4.33,0.3299999999999996,-4.769999999999996
2025-03-11,71.51,66.52,4.57,26.92,126.0457,3.94,4.28,4.59,4.33,4.32,0.3400000000000003,-4.990000000000009
2025-03-12,72.36,67.65,4.18,24.23,125.8664,4.01,4.32,4.63,4.33,4.31,0.3100000000000005,-4.709999999999994
2025-03-13,70.82,66.82,3.89,24.66,126.0031,3.94,4.27,4.59,4.33,4.3,0.3299999999999996,-4.0
2025-03-14,71.94,67.43,3.89,21.77,125.6942,4.02,4.31,4.62,4.33,4.3,0.29000000000000004,-4.509999999999991
2025-03-17,71.93,67.84,4.15,20.51,125.3688,4.06,4.31,4.6,4.33,4.32,0.25,-4.090000000000003
2025-03-18,71.93,67.49,4.17,21.7,125.488,4.04,4.29,4.58,4.33,4.31,0.25,-4.440000000000012
2025-03-19,71.94,67.4,4.21,19.9,125.8006,3.99,4.25,4.56,4.33,4.29,0.2599999999999998,-4.539999999999992
2025-03-20,72.61,68.55,4.23,19.8,125.985,3.95,4.24,4.55,4.33,4.29,0.29000000000000004,-4.060000000000002
2025-03-21,72.64,68.52,3.93,19.28,126.2679,3.94,4.25,4.59,4.33,4.3,0.31000000000000005,-4.1200000000000045
2025-03-24,73.96,69.46,4.03,17.48,126.1956,4.04,4.34,4.66,4.33,4.31,0.2999999999999998,-4.5
2025-03-25,73.78,69.48,3.94,17.15,126.0535,3.96,4.31,4.65,4.33,4.33,0.34999999999999964,-4.299999999999997
2025-03-26,74.6,70.05,3.85,18.33,126.2364,3.98,4.35,4.69,4.33,4.35,0.36999999999999966,-4.549999999999997
2025-03-27,74.72,70.3,3.88,18.69,126.3626,3.97,4.38,4.73,4.33,4.36,0.4099999999999997,-4.420000000000002
2025-03-28,74.69,69.74,3.89,21.65,126.4187,3.89,4.27,4.64,4.33,4.34,0.37999999999999945,-4.950000000000003
2025-03-31,77.23,71.87,4.11,22.28,126.7075,3.89,4.23,4.59,4.33,4.41,0.3400000000000003,-5.359999999999999
2025-04-01,77.78,71.61,3.96,21.77,126.4338,3.87,4.17,4.52,4.33,4.39,0.2999999999999998,-6.170000000000002
2025-04-02,77.27,72.12,4.04,21.51,126.3811,3.91,4.2,4.54,4.33,4.37,0.29000000000000004,-5.1499999999999915
2025-04-03,72.54,67.43,4.21,30.02,124.7316,3.71,4.06,4.49,4.33,4.39,0.34999999999999964,-5.109999999999999
2025-04-04,68.36,62.42,4.04,45.31,125.8129,3.68,4.01,4.41,4.33,4.35,0.3299999999999996,-5.939999999999998
2025-04-07,66.13,61.05,3.97,46.98,126.8282,3.73,4.15,4.58,4.33,4.33,0.4200000000000004,-5.079999999999998
2025-04-08,64.86,60.04,3.85,52.33,126.8668,3.71,4.26,4.71,4.33,4.4,0.5499999999999998,-4.82
2025-04-09,67.3,62.63,3.42,33.62,126.628,3.91,4.34,4.72,4.33,4.42,0.4299999999999997,-4.669999999999995
2025-04-10,65.37,60.57,3.7,40.72,125.089,3.84,4.4,4.86,4.33,4.37,0.5600000000000005,-4.800000000000004
2025-04-11,66.83,61.91,3.44,37.56,124.0163,3.96,4.48,4.85,4.33,4.33,0.5200000000000005,-4.920000000000002
2025-04-14,67.18,61.99,3.57,30.89,123.6598,3.84,4.38,4.8,4.33,4.33,0.54,-5.190000000000005
2025-04-15,66.58,61.74,3.27,30.12,123.776,3.84,4.35,4.79,4.33,4.36,0.5099999999999998,-4.839999999999996
2025-04-16,67.94,62.88,3.25,32.64,123.2724,3.77,4.29,4.74,4.33,4.31,0.52,-5.059999999999995
2025-04-17,69.33,65.07,2.94,29.65,123.1298,3.81,4.34,4.8,4.33,4.32,0.5299999999999998,-4.260000000000005
2025-04-18,,,,,122.9865,,,,4.33,,,
2025-04-21,,63.48,3.16,33.82,122.3145,3.75,4.42,4.91,4.33,4.32,0.6699999999999999,
2025-04-22,68.93,64.6,3.12,30.57,122.4175,3.76,4.41,4.88,4.33,4.3,0.6500000000000004,-4.3300000000000125
2025-04-23,68.26,62.64,3.12,28.45,123.0252,3.81,4.4,4.83,4.33,4.28,0.5900000000000003,-5.6200000000000045
2025-04-24,67.5,63.55,2.87,26.47,122.9251,3.77,4.32,4.77,4.33,4.29,0.5500000000000003,-3.950000000000003
2025-04-25,66.99,63.85,2.71,24.84,122.8858,3.74,4.29,4.74,4.33,4.33,0.5499999999999998,-3.1399999999999935
2025-04-28,66.13,63.3,2.96,25.15,122.7176,3.67,4.23,4.69,4.33,4.36,0.5600000000000005,-2.8299999999999983
2025-04-29,64.04,61.84,3.17,24.17,122.5944,3.65,4.19,4.64,4.33,4.36,0.5400000000000005,-2.200000000000003
2025-04-30,63.37,59.55,3.12,24.7,122.5921,3.6,4.17,4.66,4.33,4.41,0.5699999999999998,-3.8200000000000003
2025-05-01,62.37,60.59,3.08,24.6,123.1405,3.7,4.25,4.74,4.33,4.39,0.5499999999999998,-1.779999999999994
2025-05-02,61.57,59.67,3.1,22.68,122.4962,3.83,4.33,4.79,4.33,4.36,0.5,-1.8999999999999986
2025-05-05,,58.5,3.26,23.64,122.2613,3.83,4.36,4.83,4.33,4.33,0.5300000000000002,
2025-05-06,62.37,60.42,3.08,24.76,122.0417,3.78,4.3,4.81,4.33,4.32,0.52,-1.9499999999999957
2025-05-07,60.31,59.42,3.18,23.55,122.117,3.78,4.26,4.77,4.33,4.3,0.48,-0.8900000000000006
2025-05-08,62.22,61.25,3.23,22.48,122.7568,3.9,4.37,4.83,4.33,4.29,0.4700000000000002,-0.9699999999999989
2025-05-09,64.26,62.37,3.22,21.9,122.5191,3.88,4.37,4.83,4.33,4.28,0.4900000000000002,-1.8900000000000077
2025-05-12,65.28,63.32,3.19,18.39,123.4863,3.98,4.45,4.89,4.33,4.28,0.4700000000000002,-1.9600000000000009
2025-05-13,66.93,65.04,3.27,18.22,122.9583,4.02,4.49,4.94,4.33,4.3,0.47000000000000064,-1.8900000000000006
2025-05-14,65.91,64.48,3.31,18.62,122.6746,4.05,4.53,4.97,4.33,4.29,0.4800000000000004,-1.4299999999999926
2025-05-15,64.36,63.03,3.2,17.83,122.8174,3.96,4.45,4.91,4.33,4.31,0.4900000000000002,-1.3299999999999983
2025-05-16,65.2,63.84,3.01,17.24,123.0737,3.98,4.43,4.89,4.33,4.3,0.44999999999999973,-1.3599999999999994
2025-05-19,66.25,63.98,2.96,18.14,122.4186,3.97,4.46,4.92,4.33,4.29,0.48999999999999977,-2.270000000000003
2025-05-20,66.93,63.97,3.15,18.09,122.3199,3.97,4.48,4.96,4.33,4.27,0.5100000000000002,-2.960000000000008
2025-05-21,65.86,62.93,3.2,20.87,121.7496,4.0,4.58,5.08,4.33,4.26,0.5800000000000001,-2.9299999999999997
2025-05-22,64.87,62.55,3.0,20.28,122.0429,4.0,4.54,5.05,4.33,4.26,0.54,-2.3200000000000074
2025-05-23,65.41,62.89,2.93,22.29,121.3837,4.0,4.51,5.04,4.33,4.26,0.5099999999999998,-2.519999999999996
2025-05-26,,,,20.57,,,,,4.33,,,
2025-05-27,64.32,61.61,3.2,18.96,121.6099,3.92,4.43,4.94,4.33,4.31,0.5099999999999998,-2.7099999999999937
2025-05-28,65.72,62.54,3.09,19.31,121.9888,3.96,4.47,4.97,4.33,4.33,0.5099999999999998,-3.1799999999999997
2025-05-29,64.6,61.66,2.97,19.18,121.5617,3.92,4.43,4.92,4.33,4.33,0.5099999999999998,-2.9399999999999977
2025-05-30,64.32,61.46,2.86,18.57,121.7674,3.89,4.41,4.92,4.33,4.35,0.52,-2.8599999999999923
2025-06-02,66.55,63.27,3.0,18.36,121.1881,3.94,4.46,4.99,4.33,4.35,0.52,-3.279999999999994
2025-06-03,67.48,64.1,2.84,17.69,121.4592,3.96,4.46,4.98,4.33,4.32,0.5,-3.3800000000000097
2025-06-04,66.69,63.57,2.8,17.61,121.0539,3.87,4.37,4.89,4.33,4.28,0.5,-3.1199999999999974
2025-06-05,67.14,64.06,2.86,18.48,120.9596,3.92,4.4,4.88,4.33,4.29,0.4800000000000004,-3.0799999999999983
2025-06-06,68.02,65.3,2.68,16.77,121.161,4.04,4.51,4.97,4.33,4.29,0.46999999999999975,-2.719999999999999
2025-06-09,68.73,65.99,3.13,17.16,120.9103,4.01,4.49,4.95,4.33,4.29,0.4800000000000004,-2.740000000000009
2025-06-10,68.41,65.66,2.79,16.95,121.0485,4.01,4.47,4.93,4.33,4.28,0.45999999999999996,-2.75
2025-06-11,71.29,68.91,2.73,17.26,120.587,3.94,4.41,4.91,4.33,4.28,0.4700000000000002,-2.3800000000000097
2025-06-12,70.84,68.73,2.9,18.02,120.1723,3.9,4.36,4.84,4.33,4.28,0.4600000000000004,-2.1099999999999994
2025-06-13,76.0,73.84,2.65,20.82,120.3245,3.96,4.41,4.9,4.33,4.28,0.4500000000000002,-2.1599999999999966
2025-06-16,75.05,72.53,2.9,19.11,120.1565,3.97,4.46,4.96,4.33,4.32,0.48999999999999977,-2.519999999999996
2025-06-17,78.7,75.62,2.9,21.6,120.5048,3.94,4.39,4.88,4.33,4.31,0.44999999999999973,-3.0799999999999983
2025-06-18,78.38,75.89,3.43,20.14,120.7305,3.94,4.38,4.88,4.33,4.28,0.43999999999999995,-2.489999999999995
2025-06-19,80.37,,,22.17,,,,,4.33,,,
2025-06-20,78.73,75.72,3.09,20.62,121.0408,3.9,4.38,4.89,4.33,4.29,0.48,-3.010000000000005
2025-06-23,74.34,69.36,3.5,19.83,121.1694,3.84,4.34,4.87,4.33,4.29,0.5,-4.980000000000004
2025-06-24,69.13,65.45,3.3,17.48,120.3645,3.75,4.3,4.83,4.33,4.3,0.5499999999999998,-3.6799999999999926
2025-06-25,68.4,65.98,3.26,16.76,120.3336,3.74,4.29,4.83,4.33,4.36,0.5499999999999998,-2.4200000000000017
2025-06-26,68.57,66.44,3.23,16.59,119.6451,3.7,4.26,4.81,4.33,4.4,0.5599999999999996,-2.1299999999999955
2025-06-27,69.37,66.66,3.23,16.32,119.659,3.73,4.29,4.85,4.33,4.39,0.56,-2.710000000000008
2025-06-30,68.15,66.3,3.26,16.73,119.4088,3.72,4.24,4.78,4.33,4.45,0.52,-1.8500000000000085
2025-07-01,67.63,66.64,3.14,16.83,119.3436,3.78,4.26,4.78,4.33,4.44,0.48,-0.9899999999999949
2025-07-02,70.8,68.66,3.1,16.64,119.3037,3.78,4.3,4.82,4.33,4.4,0.52,-2.1400000000000006
2025-07-03,70.42,68.13,3.24,16.38,119.2382,3.88,4.35,4.86,4.33,4.35,0.46999999999999975,-2.2900000000000063
2025-07-04,71.03,,,17.48,,,,,4.33,,,
2025-07-07,71.95,69.16,3.24,17.79,119.6201,3.9,4.4,4.92,4.33,4.33,0.5000000000000004,-2.7900000000000063
2025-07-08,72.5,69.55,3.2,16.81,119.8371,3.9,4.42,4.94,4.33,4.34,0.52,-2.950000000000003
2025-07-09,71.98,69.61,3.08,15.94,119.7311,3.86,4.34,4.87,4.33,4.32,0.48,-2.3700000000000045
2025-07-10,70.38,67.78,3.11,15.78,119.8343,3.86,4.35,4.86,4.33,4.31,0.48999999999999977,-2.5999999999999943
2025-07-11,72.06,69.63,3.22,16.4,119.9214,3.9,4.43,4.96,4.33,4.31,0.5299999999999998,-2.430000000000007
2025-07-14,70.96,68.19,3.21,17.2,120.2209,3.9,4.43,4.97,4.33,4.33,0.5299999999999998,-2.769999999999996
2025-07-15,70.27,67.76,3.31,17.38,120.5105,3.95,4.5,5.01,4.33,4.37,0.5499999999999998,-2.509999999999991
2025-07-16,69.67,67.13,3.42,17.16,120.4175,3.88,4.46,5.01,4.33,4.34,0.5800000000000001,-2.5400000000000063
2025-07-17,71.32,68.76,3.52,16.52,120.6384,3.91,4.47,5.01,4.33,4.34,0.5599999999999996,-2.559999999999988
2025-07-18,71.06,68.53,3.5,16.41,120.356,3.88,4.44,5.0,4.33,4.3,0.5600000000000005,-2.530000000000001
2025-07-21,71.92,68.39,3.5,16.65,119.9961,3.85,4.38,4.94,4.33,4.28,0.5299999999999998,-3.530000000000001
2025-07-22,69.69,67.56,3.16,16.5,119.681,3.83,4.35,4.9,4.33,4.28,0.5199999999999996,-2.1299999999999955
2025-07-23,69.17,66.05,3.08,15.37,119.5697,3.88,4.4,4.95,4.33,4.28,0.5200000000000005,-3.1200000000000045
2025-07-24,70.42,67.16,3.13,15.39,119.5664,3.91,4.43,4.96,4.33,4.3,0.5199999999999996,-3.260000000000005
2025-07-25,69.23,66.38,3.1,14.93,119.9857,3.91,4.4,4.92,4.33,4.36,0.4900000000000002,-2.8500000000000085
2025-07-28,70.87,67.81,3.12,15.03,120.6149,3.91,4.42,4.96,4.33,4.36,0.5099999999999998,-3.0600000000000023
2025-07-29,73.21,70.27,3.08,15.98,120.9674,3.86,4.34,4.86,4.33,4.36,0.48,-2.9399999999999977
2025-07-30,73.98,71.09,2.98,15.48,121.4042,3.94,4.38,4.89,4.33,4.32,0.43999999999999995,-2.8900000000000006
2025-07-31,73.43,70.36,2.99,16.72,121.721,3.94,4.37,4.89,4.33,4.39,0.43000000000000016,-3.0700000000000074
2025-08-01,70.55,68.39,3.0,20.38,121.2122,3.69,4.23,4.81,4.33,4.34,0.5400000000000005,-2.1599999999999966
2025-08-04,69.56,67.33,2.89,17.52,120.9859,3.69,4.22,4.8,4.33,4.33,0.5299999999999998,-2.230000000000004
2025-08-05,69.14,66.2,2.98,17.85,120.9082,3.72,4.22,4.78,4.33,4.34,0.49999999999999956,-2.9399999999999977
2025-08-06,67.97,65.38,3.02,16.77,120.5082,3.69,4.22,4.81,4.33,4.34,0.5299999999999998,-2.5900000000000034
2025-08-07,66.99,64.9,3.05,16.57,120.5043,3.72,4.23,4.81,4.33,4.35,0.5100000000000002,-2.089999999999989
2025-08-08,67.17,64.94,3.03,15.15,120.3329,3.76,4.27,4.85,4.33,4.35,0.5099999999999998,-2.230000000000004
2025-08-11,67.36,65.03,3.05,16.25,120.6892,3.76,4.27,4.84,4.33,4.34,0.5099999999999998,-2.3299999999999983
2025-08-12,66.8,64.22,2.93,14.73,120.2736,3.72,4.29,4.88,4.33,4.36,0.5699999999999998,-2.5799999999999983
2025-08-13,66.25,63.68,2.95,14.49,120.13,3.67,4.24,4.83,4.33,4.33,0.5700000000000003,-2.5700000000000003
2025-08-14,68.12,64.99,2.78,14.83,120.6446,3.74,4.29,4.88,4.33,4.34,0.5499999999999998,-3.1300000000000097
2025-08-15,67.3,63.78,2.98,15.09,120.3377,3.75,4.33,4.92,4.33,4.36,0.5800000000000001,-3.519999999999996
2025-08-18,68.18,64.51,2.96,14.99,120.5622,3.77,4.34,4.94,4.33,4.34,0.5699999999999998,-3.6700000000000017
2025-08-19,66.62,63.38,2.87,15.57,120.7224,3.75,4.3,4.9,4.33,4.33,0.5499999999999998,-3.240000000000002
2025-08-20,67.61,64.19,2.8,15.69,120.7757,3.74,4.29,4.89,4.33,4.31,0.5499999999999998,-3.4200000000000017
2025-08-21,68.41,64.56,2.88,16.6,121.0843,3.79,4.33,4.92,4.33,4.32,0.54,-3.8499999999999943
2025-08-22,68.29,64.08,2.76,14.22,120.2774,3.68,4.26,4.88,4.33,4.36,0.5799999999999996,-4.210000000000008
2025-08-25,,65.18,2.76,14.79,120.4214,3.73,4.28,4.89,4.33,4.37,0.5500000000000003,
2025-08-26,66.89,63.6,2.82,14.62,120.5274,3.61,4.26,4.9,4.33,4.38,0.6499999999999999,-3.289999999999999
2025-08-27,67.75,64.49,2.88,14.85,120.7274,3.59,4.24,4.91,4.33,4.36,0.6500000000000004,-3.260000000000005
2025-08-28,68.61,64.96,2.9,14.43,120.2595,3.62,4.22,4.88,4.33,4.34,0.5999999999999996,-3.6500000000000057
2025-08-29,67.83,64.36,2.88,15.36,120.2082,3.59,4.23,4.92,4.33,4.34,0.6400000000000006,-3.469999999999999
2025-09-01,67.09,,,16.12,,,,,4.33,,,
2025-09-02,68.09,65.95,2.7,17.17,120.6837,3.66,4.28,4.97,4.33,4.39,0.6200000000000001,-2.1400000000000006
2025-09-03,67.76,64.36,3.0,16.35,120.5052,3.61,4.22,4.9,4.33,4.39,0.6099999999999999,-3.4000000000000057
2025-09-04,66.41,63.81,3.11,15.3,120.7629,3.59,4.17,4.86,4.33,4.41,0.5800000000000001,-2.5999999999999943
2025-09-05,64.92,62.22,3.05,15.18,120.1282,3.51,4.1,4.78,4.33,4.42,0.5899999999999999,-2.700000000000003
2025-09-08,65.44,62.6,3.1,15.11,120.0971,3.49,4.05,4.69,4.33,4.4,0.5599999999999996,-2.8399999999999963
2025-09-09,67.97,62.97,3.12,15.04,120.1569,3.54,4.08,4.72,4.33,4.4,0.54,-5.0
2025-09-10,67.62,64.01,2.89,15.35,120.1223,3.54,4.04,4.69,4.33,4.39,0.5,-3.6099999999999994
2025-09-11,67.25,62.71,2.81,14.71,119.9534,3.52,4.01,4.65,4.33,4.41,0.48999999999999977,-4.539999999999999
2025-09-12,67.87,63.02,2.86,14.76,120.0611,3.56,4.06,4.68,4.33,4.42,0.49999999999999956,-4.850000000000001
2025-09-15,67.88,63.66,3.0,15.69,119.5644,3.54,4.05,4.66,4.33,4.51,0.5099999999999998,-4.219999999999999
2025-09-16,69.69,64.89,3.07,16.36,119.1348,3.51,4.04,4.65,4.33,4.39,0.5300000000000002,-4.799999999999997
2025-09-17,69.19,64.41,3.19,15.72,119.1582,3.52,4.06,4.66,4.33,4.38,0.5399999999999996,-4.780000000000001
2025-09-18,67.83,63.91,3.1,15.7,119.6616,3.57,4.11,4.72,4.08,4.14,0.5400000000000005,-3.9200000000000017
2025-09-19,67.05,63.02,2.89,15.45,119.7858,3.57,4.14,4.75,4.08,4.14,0.5699999999999998,-4.029999999999994
2025-09-22,66.87,62.99,2.9,16.1,119.8152,3.61,4.15,4.77,4.09,4.14,0.5400000000000005,-3.8800000000000026
2025-09-23,67.96,63.76,2.86,16.64,119.6202,3.53,4.12,4.73,4.09,4.12,0.5900000000000003,-4.199999999999996
2025-09-24,69.64,65.4,2.88,16.18,120.1707,3.57,4.16,4.76,4.09,4.13,0.5900000000000003,-4.239999999999995
2025-09-25,70.48,65.51,2.98,16.74,120.5419,3.64,4.18,4.75,4.09,4.18,0.5399999999999996,-4.969999999999999
2025-09-26,71.15,66.5,2.9,15.29,120.4349,3.63,4.2,4.77,4.09,4.16,0.5700000000000003,-4.650000000000006
2025-09-29,69.0,64.27,2.93,16.12,120.115,3.63,4.15,4.71,4.09,4.13,0.5200000000000005,-4.730000000000004
2025-09-30,68.52,63.17,3.12,16.28,120.1368,3.6,4.16,4.73,4.09,4.24,0.56,-5.349999999999994
2025-10-01,66.67,62.59,3.24,16.29,120.1502,3.55,4.12,4.72,4.09,4.2,0.5700000000000003,-4.079999999999998
2025-10-02,65.44,61.28,3.32,16.63,120.4296,3.55,4.1,4.69,4.09,4.2,0.5499999999999998,-4.159999999999997
2025-10-03,66.13,61.65,3.19,16.65,120.0881,3.58,4.13,4.71,4.09,4.18,0.5499999999999998,-4.479999999999997
2025-10-06,67.09,62.49,3.32,16.37,120.2722,3.6,4.18,4.76,4.09,4.15,0.5799999999999996,-4.600000000000001
2025-10-07,67.1,62.52,3.32,17.24,120.4884,3.57,4.14,4.73,4.09,4.14,0.5699999999999998,-4.579999999999991
2025-10-08,67.42,63.37,3.35,16.3,120.7766,3.58,4.13,4.72,4.1,4.12,0.5499999999999998,-4.050000000000004
2025-10-09,67.23,62.36,3.25,16.43,121.0902,3.6,4.14,4.72,4.1,4.13,0.5399999999999996,-4.8700000000000045
2025-10-10,64.41,59.75,2.9,21.66,121.1163,3.52,4.05,4.63,4.1,4.15,0.5299999999999998,-4.659999999999997
2025-10-13,64.15,,2.9,19.03,,,,,4.1,,,
2025-10-14,63.0,59.52,2.83,20.81,121.1822,3.48,4.03,4.62,4.1,4.19,0.5500000000000003,-3.479999999999997
2025-10-15,62.33,59.08,2.79,20.64,120.8642,3.5,4.05,4.64,4.1,4.29,0.5499999999999998,-3.25
2025-10-16,61.08,58.29,2.82,25.31,120.6698,3.41,3.99,4.58,4.11,4.3,0.5800000000000001,-2.789999999999999
2025-10-17,61.23,58.3,2.65,20.78,120.7028,3.46,4.02,4.6,4.11,4.18,0.5599999999999996,-2.9299999999999997
2025-10-20,60.71,58.34,2.99,18.23,120.6209,3.46,4.0,4.58,4.11,4.16,0.54,-2.3699999999999974
2025-10-21,61.0,58.66,3.28,17.87,120.8895,3.45,3.98,4.55,4.11,4.23,0.5299999999999998,-2.3400000000000034
2025-10-22,62.28,59.3,3.45,18.6,120.8958,3.45,3.97,4.54,4.11,4.21,0.52,-2.980000000000004
2025-10-23,66.32,62.44,3.34,17.3,120.9531,3.48,4.01,4.58,4.11,4.24,0.5299999999999998,-3.8799999999999955
2025-10-24,65.8,62.27,3.21,16.37,120.9345,3.48,4.02,4.59,4.11,4.24,0.5399999999999996,-3.529999999999994
2025-10-27,65.52,62.13,3.3,15.79,120.7988,3.48,4.01,4.57,4.12,4.27,0.5299999999999998,-3.3899999999999935
2025-10-28,64.03,60.97,3.44,16.42,120.6361,3.47,3.99,4.55,4.12,4.31,0.52,-3.0600000000000023
2025-10-29,65.01,61.26,3.36,16.92,120.5312,3.59,4.08,4.61,4.12,4.27,0.4900000000000002,-3.750000000000007
2025-10-30,65.11,61.36,3.46,16.91,121.2832,3.61,4.11,4.65,3.87,4.04,0.5000000000000004,-3.75
2025-10-31,65.44,61.75,3.57,17.44,121.3859,3.6,4.11,4.67,3.86,4.22,0.5100000000000002,-3.6899999999999977
2025-11-03,65.79,61.79,3.37,17.17,121.4512,3.6,4.13,4.69,3.87,4.13,0.5299999999999998,-4.000000000000007
2025-11-04,65.04,61.38,3.35,19.0,121.8271,3.58,4.1,4.67,3.87,4.0,0.5199999999999996,-3.6600000000000037
2025-11-05,63.54,60.4,3.51,18.01,121.8482,3.63,4.17,4.74,3.87,3.91,0.54,-3.1400000000000006
2025-11-06,63.41,60.24,3.71,19.5,121.6948,3.57,4.11,4.69,3.87,3.92,0.5400000000000005,-3.1699999999999946
2025-11-07,63.72,60.54,3.76,19.08,121.388,3.55,4.11,4.7,3.87,3.93,0.5600000000000005,-3.1799999999999997
2025-11-10,63.01,60.94,3.8,17.6,121.2984,3.58,4.13,4.71,3.87,3.95,0.5499999999999998,-2.0700000000000003
2025-11-11,63.86,,,17.28,,,,,3.87,,,
2025-11-12,61.88,59.3,3.6,17.51,121.0458,3.56,4.08,4.67,3.87,3.98,0.52,-2.5800000000000054
2025-11-13,62.14,59.54,3.6,20.0,120.7725,3.58,4.11,4.7,3.88,4.0,0.5300000000000002,-2.6000000000000014
2025-11-14,63.45,60.87,3.49,19.83,120.9666,3.62,4.14,4.74,3.88,3.95,0.5199999999999996,-2.5800000000000054
2025-11-17,63.16,60.66,3.71,22.38,121.1146,3.6,4.13,4.73,3.88,4.0,0.5299999999999998,-2.5
2025-11-18,64.86,61.51,3.7,24.69,121.2127,3.58,4.12,4.74,3.88,3.94,0.54,-3.3500000000000014
2025-11-19,63.78,60.27,3.94,23.66,121.4978,3.58,4.13,4.75,3.88,3.91,0.5499999999999998,-3.509999999999998
2025-11-20,63.64,60.07,3.97,26.42,121.6889,3.55,4.1,4.73,3.88,3.91,0.5499999999999998,-3.5700000000000003
2025-11-21,62.78,58.86,4.13,23.43,121.8653,3.51,4.06,4.71,3.88,3.93,0.5499999999999998,-3.9200000000000017
2025-11-24,64.83,59.11,4.15,20.52,121.9171,3.46,4.04,4.68,3.88,3.96,0.5800000000000001,-5.719999999999999
2025-11-25,63.99,58.25,4.12,18.56,121.6335,3.43,4.01,4.67,3.88,4.01,0.5799999999999996,-5.740000000000002
2025-11-26,64.81,58.81,4.59,17.19,121.2437,3.45,4.0,4.64,3.88,4.05,0.5499999999999998,-6.0
2025-11-27,64.18,,,17.21,,,,,3.88,,,
2025-11-28,64.07,58.58,,16.35,121.0527,3.47,4.02,4.67,3.89,4.12,0.5499999999999994,-5.489999999999995
2025-12-01,64.22,59.47,5.08,17.24,120.9862,3.54,4.09,4.74,3.89,4.12,0.5499999999999998,-4.75
2025-12-02,63.37,58.81,4.83,16.59,121.1467,3.51,4.09,4.74,3.89,4.01,0.5800000000000001,-4.559999999999995
2025-12-03,63.75,59.09,4.86,16.08,120.7336,3.49,4.06,4.73,3.89,3.95,0.5699999999999994,-4.659999999999997
2025-12-04,64.15,59.82,4.89,15.78,120.6766,3.52,4.11,4.76,3.89,3.92,0.5900000000000003,-4.330000000000005
2025-12-05,64.42,60.23,5.19,15.41,120.6863,3.56,4.14,4.79,3.89,3.93,0.5799999999999996,-4.190000000000005
2025-12-08,63.3,59.04,5.19,16.66,120.776,3.57,4.17,4.81,3.89,3.95,0.6000000000000001,-4.259999999999998
2025-12-09,62.62,58.4,4.76,16.93,120.6832,3.61,4.18,4.8,3.89,3.93,0.5699999999999998,-4.219999999999999
2025-12-10,63.12,58.67,4.62,15.77,120.6752,3.54,4.13,4.78,3.89,3.9,0.5899999999999999,-4.449999999999996
2025-12-11,61.87,57.76,4.35,14.85,119.98,3.52,4.14,4.79,3.64,3.66,0.6199999999999997,-4.109999999999999
2025-12-12,62.11,57.61,4.07,15.74,120.1442,3.52,4.19,4.85,3.64,3.67,0.6700000000000004,-4.5
2025-12-15,61.55,56.97,3.9,16.5,119.9561,3.51,4.18,4.84,3.64,3.75,0.6699999999999999,-4.579999999999998
2025-12-16,59.93,55.44,3.58,16.48,119.8902,3.48,4.15,4.82,3.64,3.69,0.6700000000000004,-4.490000000000002
2025-12-17,60.61,56.07,3.66,17.62,120.155,3.49,4.16,4.83,3.64,3.69,0.6699999999999999,-4.539999999999999
2025-12-18,60.69,56.22,3.87,16.87,120.0528,3.46,4.12,4.8,3.64,3.66,0.6600000000000001,-4.469999999999999
2025-12-19,61.35,56.8,3.58,14.91,120.1652,3.48,4.16,4.82,3.64,3.66,0.6800000000000002,-4.550000000000004
2025-12-22,62.22,58.18,3.67,14.08,119.9912,3.44,4.17,4.84,3.64,3.68,0.73,-4.039999999999999
2025-12-23,63.7,58.55,3.38,14.0,119.7057,3.48,4.18,4.83,3.64,3.66,0.6999999999999997,-5.150000000000006
2025-12-24,63.7,58.72,3.31,13.47,119.4372,3.47,4.15,4.79,3.64,3.66,0.6800000000000002,-4.980000000000004
2025-12-25,,,,,,,,,3.64,,,
2025-12-26,,56.6,,13.6,119.4723,3.46,4.14,4.81,3.64,3.76,0.6799999999999997,
2025-12-29,63.1,57.89,4.35,14.2,119.5899,3.45,4.12,4.8,3.64,3.77,0.6699999999999999,-5.210000000000001
2025-12-30,62.3,57.79,4.4,14.33,119.4939,3.45,4.14,4.81,3.64,3.71,0.6899999999999995,-4.509999999999998
2025-12-31,61.35,57.26,4.0,14.95,119.7456,3.47,4.18,4.84,3.64,3.87,0.7099999999999995,-4.090000000000003
2026-01-01,,,,,,,,,3.64,,,
2026-01-02,61.98,57.21,,14.51,119.6059,3.47,4.19,4.86,3.64,3.75,0.7200000000000002,-4.769999999999996
2026-01-05,63.0,58.1,2.82,14.9,119.6192,3.46,4.17,4.85,3.64,3.7,0.71,-4.899999999999999
2026-01-06,62.1,56.97,2.85,14.75,119.7807,3.47,4.18,4.86,3.64,3.66,0.7099999999999995,-5.130000000000003
2026-01-07,61.08,56.01,3.1,15.38,119.8719,3.47,4.15,4.82,3.64,3.65,0.6800000000000002,-5.07
2026-01-08,63.34,57.74,2.92,15.45,120.0904,3.49,4.19,4.85,3.64,3.64,0.7000000000000002,-5.600000000000001
2026-01-09,65.11,58.96,2.87,14.49,120.2215,3.54,4.18,4.82,3.64,3.64,0.6399999999999997,-6.149999999999999
2026-01-12,65.4,59.39,2.9,15.12,119.9958,3.54,4.19,4.83,3.64,3.64,0.6500000000000004,-6.010000000000005
2026-01-13,67.58,60.85,3.0,15.98,120.1401,3.53,4.18,4.83,3.64,3.65,0.6499999999999999,-6.729999999999997
2026-01-14,68.87,61.84,3.13,16.75,119.9537,3.51,4.15,4.79,3.64,3.64,0.6400000000000006,-7.030000000000001
2026-01-15,66.16,59.13,2.92,15.84,119.9951,3.56,4.17,4.79,3.64,3.66,0.6099999999999999,-7.029999999999994
2026-01-16,66.97,59.4,3.06,15.86,120.0838,3.59,4.24,4.83,3.64,3.65,0.6500000000000004,-7.57
2026-01-19,66.91,,,18.84,,,,,3.64,,,
2026-01-20,67.68,60.3,4.0,20.09,119.4455,3.6,4.3,4.91,3.64,3.64,0.6999999999999997,-7.38000000000001
2026-01-21,66.72,60.38,4.96,16.9,119.3431,3.6,4.26,4.87,3.64,3.63,0.6599999999999997,-6.339999999999996
2026-01-22,65.46,59.24,8.42,15.64,119.1962,3.61,4.26,4.84,3.64,3.64,0.6499999999999999,-6.219999999999992
2026-01-23,68.16,60.7,30.72,16.09,118.8976,3.6,4.24,4.82,3.64,3.65,0.6400000000000001,-7.459999999999994
2026-01-26,67.7,60.46,25.01,16.15,118.0525,3.56,4.22,4.8,3.64,3.66,0.6599999999999997,-7.240000000000002
2026-01-27,70.28,62.04,17.19,16.35,117.4523,3.53,4.24,4.83,3.64,3.66,0.7100000000000004,-8.240000000000002
2026-01-28,70.9,62.75,9.34,16.35,117.5117,3.56,4.26,4.85,3.64,3.64,0.6999999999999997,-8.150000000000006
2026-01-29,71.0,64.77,10.25,16.88,117.4396,3.53,4.24,4.85,3.64,3.65,0.7100000000000004,-6.230000000000004
2026-01-30,72.25,64.5,7.18,17.44,117.8996,3.52,4.26,4.87,3.64,3.68,0.7399999999999998,-7.75
2026-02-02,67.72,61.6,4.4,16.34,118.3609,3.57,4.29,4.9,3.64,3.69,0.7200000000000002,-6.119999999999997
2026-02-03,70.01,62.62,4.11,18.0,117.9764,3.57,4.28,4.9,3.64,3.69,0.7100000000000004,-7.390000000000008
2026-02-04,71.15,64.56,6.88,18.64,118.2602,3.57,4.29,4.91,3.64,3.65,0.7200000000000002,-6.590000000000003
2026-02-05,69.87,62.9,5.28,21.77,118.5034,3.47,4.21,4.85,3.64,3.65,0.7399999999999998,-6.970000000000006
2026-02-06,70.45,63.77,4.37,17.76,118.2407,3.5,4.22,4.85,3.64,3.64,0.7199999999999998,-6.68
2026-02-09,71.19,64.53,3.25,17.36,117.6392,3.48,4.22,4.85,3.64,3.63,0.7399999999999998,-6.659999999999997
2026-02-10,71.01,64.2,3.18,17.79,117.5216,3.45,4.16,4.78,3.64,3.65,0.71,-6.810000000000002
2026-02-11,71.52,64.8,3.25,17.65,117.4601,3.52,4.18,4.82,3.64,3.65,0.6599999999999997,-6.719999999999999
2026-02-12,69.8,63.08,3.43,20.82,117.5376,3.47,4.09,4.72,3.64,3.65,0.6199999999999997,-6.719999999999999
2026-02-13,69.96,63.05,3.24,20.6,117.5258,3.4,4.04,4.69,3.64,3.66,0.6400000000000001,-6.909999999999997
2026-02-16,70.81,,,21.2,,,,,3.64,,,
2026-02-17,69.77,62.53,3.13,20.29,117.7375,3.43,4.05,4.68,3.64,3.71,0.6199999999999997,-7.239999999999995
2026-02-18,71.78,65.33,2.98,19.62,117.8426,3.47,4.09,4.71,3.64,3.73,0.6199999999999997,-6.450000000000003
2026-02-19,73.17,66.66,3.09,20.23,118.2354,3.47,4.08,4.7,3.64,3.67,0.6099999999999999,-6.510000000000005
2026-02-20,72.75,66.69,3.15,19.09,117.9917,3.48,4.08,4.72,3.64,3.66,0.6000000000000001,-6.060000000000002
2026-02-23,71.9,66.36,3.13,21.01,117.9395,3.43,4.03,4.7,3.64,3.66,0.6000000000000001,-5.540000000000006
2026-02-24,71.21,65.62,2.99,19.55,117.9463,3.43,4.04,4.7,3.64,3.67,0.6099999999999999,-5.589999999999989
2026-02-25,70.69,65.3,3.02,17.93,117.769,3.45,4.05,4.7,3.64,3.67,0.5999999999999996,-5.390000000000001
2026-02-26,71.66,65.1,2.94,18.63,117.9042,3.42,4.02,4.67,3.64,3.67,0.5999999999999996,-6.560000000000002
2026-02-27,71.32,66.96,2.99,19.86,117.8223,3.38,3.97,4.64,3.64,3.68,0.5900000000000003,-4.359999999999999
2026-03-02,77.24,71.13,2.99,21.44,118.667,3.47,4.05,4.7,3.64,3.71,0.5799999999999996,-6.109999999999999
2026-03-03,83.28,74.48,3.1,23.57,119.4341,3.51,4.06,4.7,3.64,3.7,0.5499999999999998,-8.799999999999997
2026-03-04,81.56,74.58,2.87,21.15,119.0705,3.54,4.09,4.72,3.64,3.67,0.5499999999999998,-6.980000000000004
2026-03-05,88.59,80.88,2.9,23.75,119.5683,3.57,4.13,4.74,3.64,3.66,0.56,-7.710000000000008
2026-03-06,95.74,90.77,3.1,29.49,119.491,3.56,4.15,4.77,3.64,3.65,0.5900000000000003,-4.969999999999999
2026-03-09,94.35,94.65,3.25,25.5,119.5151,3.56,4.12,4.72,3.64,3.65,0.56,0.30000000000001137
2026-03-10,89.84,83.71,3.08,24.93,118.7255,3.57,4.15,4.78,3.64,3.64,0.5800000000000005,-6.13000000000001
2026-03-11,90.98,86.8,3.15,24.23,119.2885,3.64,4.21,4.86,3.64,3.64,0.5699999999999998,-4.180000000000007
2026-03-12,102.38,95.61,3.27,27.29,119.8227,3.76,4.27,4.88,3.64,3.65,0.5099999999999998,-6.769999999999996
2026-03-13,103.23,98.48,3.2,27.19,120.5518,3.73,4.28,4.9,3.64,3.65,0.5500000000000003,-4.75
2026-03-16,101.04,93.39,3.03,23.51,120.097,3.68,4.23,4.86,3.64,3.7,0.5500000000000003,-7.650000000000006
2026-03-17,108.39,96.01,3.14,22.37,119.8328,3.68,4.2,4.85,3.64,3.65,0.52,-12.379999999999995
2026-03-18,118.09,96.12,3.12,25.09,119.9276,3.76,4.26,4.88,3.64,3.62,0.5,-21.97
2026-03-19,111.05,96.11,3.21,24.06,120.1802,3.79,4.25,4.83,3.64,3.62,0.45999999999999996,-14.939999999999998
2026-03-20,118.42,98.71,3.04,26.78,120.2757,3.88,4.39,4.96,3.64,3.62,0.5099999999999998,-19.710000000000008
2026-03-23,103.79,89.33,2.94,26.15,119.9371,3.83,4.34,4.91,3.64,3.62,0.5099999999999998,-14.460000000000008
2026-03-24,108.42,93.18,2.9,26.95,120.1295,3.9,4.39,4.94,3.64,3.63,0.48999999999999977,-15.239999999999995
2026-03-25,109.14,91.51,2.94,25.33,120.1282,3.84,4.33,4.89,3.64,3.64,0.4900000000000002,-17.629999999999995
2026-03-26,113.39,96.18,2.99,27.44,120.389,3.96,4.42,4.93,3.64,3.65,0.45999999999999996,-17.209999999999994
2026-03-27,121.47,101.26,2.99,31.05,120.8851,3.88,4.44,4.98,3.64,3.63,0.5600000000000005,-20.209999999999994
2026-03-30,121.88,104.69,2.88,30.61,121.2851,3.82,4.35,4.91,3.64,3.63,0.5299999999999998,-17.189999999999998
2026-03-31,126.69,102.86,2.88,25.25,121.035,3.79,4.3,4.88,3.64,3.68,0.5099999999999998,-23.83
2026-04-01,119.56,101.9,2.99,24.54,120.1198,3.81,4.33,4.91,3.64,3.65,0.52,-17.659999999999997
2026-04-02,127.61,113.23,2.86,23.87,120.503,3.79,4.31,4.88,3.64,3.66,0.5199999999999996,-14.379999999999995
2026-04-03,,,,,120.6565,3.84,4.35,4.91,3.64,,0.5099999999999998,
2026-04-06,,114.01,3.04,24.17,120.4302,3.84,4.34,4.89,3.64,3.65,0.5,
2026-04-07,138.21,114.58,3.01,25.78,120.32,3.81,4.33,4.9,3.64,3.62,0.52,-23.63000000000001
2026-04-08,122.11,96.17,2.78,21.04,119.0596,3.79,4.29,4.89,3.64,3.59,0.5,-25.939999999999998
2026-04-09,119.03,99.62,2.78,19.49,118.8998,3.78,4.29,4.9,3.64,3.57,0.5100000000000002,-19.409999999999997
2026-04-10,119.07,98.34,2.64,19.23,118.8552,3.81,4.31,4.91,3.64,3.61,0.49999999999999956,-20.72999999999999
2026-04-13,123.28,100.72,2.79,19.12,118.9916,3.78,4.3,4.9,3.64,3.63,0.52,-22.560000000000002
2026-04-14,118.69,93.07,2.79,18.36,118.3581,3.76,4.26,4.87,3.64,3.66,0.5,-25.620000000000005
2026-04-15,114.93,93.04,2.78,18.17,118.3623,3.76,4.29,4.89,3.64,3.72,0.5300000000000002,-21.89
2026-04-16,116.63,96.46,2.78,17.94,118.3616,3.78,4.32,4.93,3.64,3.67,0.5400000000000005,-20.17
2026-04-17,98.63,85.91,2.71,17.48,118.0795,3.71,4.26,4.88,3.64,3.65,0.5499999999999998,-12.719999999999999
2026-04-20,103.4,91.06,2.81,18.87,118.2374,3.72,4.26,4.88,3.64,3.63,0.5399999999999996,-12.340000000000003
2026-04-21,106.14,93.64,2.76,19.5,118.4331,3.78,4.3,4.89,3.64,3.63,0.52,-12.5
2026-04-22,113.44,94.76,2.75,18.92,118.6004,3.79,4.3,4.9,3.64,3.64,0.5099999999999998,-18.679999999999993
2026-04-23,113.25,99.27,2.65,19.31,118.7155,3.83,4.34,4.92,3.64,3.65,0.5099999999999998,-13.980000000000004
2026-04-24,111.86,98.42,2.54,18.71,118.7294,3.78,4.31,4.91,3.64,3.66,0.5299999999999998,-13.439999999999998
2026-04-27,113.89,99.89,2.72,18.02,118.5458,3.78,4.35,4.94,3.64,3.66,0.5699999999999998,-14.0
2026-04-28,117.62,103.45,2.7,17.83,118.7717,3.84,4.36,4.94,3.64,3.64,0.5200000000000005,-14.170000000000002
2026-04-29,124.16,110.47,2.6,18.81,119.0975,3.92,4.42,4.98,3.64,3.63,0.5,-13.689999999999998
2026-04-30,124.24,108.64,2.64,16.89,118.671,3.88,4.4,4.98,3.64,3.66,0.5200000000000005,-15.599999999999994
2026-05-01,118.26,105.38,2.63,16.99,118.3926,3.88,4.39,4.97,3.64,3.64,0.5099999999999998,-12.88000000000001
2026-05-04,,109.76,2.67,18.29,118.8264,3.95,4.45,5.02,3.64,3.63,0.5,
2026-05-05,114.51,105.66,2.83,17.38,118.6207,3.93,4.43,4.98,3.64,3.62,0.49999999999999956,-8.850000000000009
2026-05-06,103.7,98.75,2.75,17.39,118.0982,3.87,4.36,4.94,3.64,3.61,0.4900000000000002,-4.950000000000003
2026-05-07,101.82,98.38,2.7,17.08,118.0116,3.92,4.41,4.97,3.63,3.6,0.4900000000000002,-3.4399999999999977
2026-05-08,103.48,98.87,2.75,17.19,118.0392,3.9,4.38,4.95,3.63,3.6,0.48,-4.609999999999999
2026-05-11,106.11,101.56,2.82,18.38,118.0562,3.95,4.42,4.98,3.63,3.6,0.46999999999999975,-4.549999999999997
2026-05-12,111.37,105.78,2.91,17.99,118.5238,4.0,4.46,5.03,3.63,3.6,0.45999999999999996,-5.590000000000003
2026-05-13,110.28,104.52,2.88,17.87,118.4737,3.98,4.46,5.03,3.63,3.59,0.48,-5.760000000000005
2026-05-14,110.91,104.66,2.79,17.26,118.6696,4.0,4.47,5.02,3.63,3.56,0.46999999999999975,-6.25
2026-05-15,113.96,108.99,2.89,18.43,119.2825,4.09,4.59,5.12,3.63,3.55,0.5,-4.969999999999999
2026-05-18,116.73,112.25,3.07,17.82,119.0574,4.07,4.61,5.14,3.63,3.53,0.54,-4.480000000000004
2026-05-19,114.64,112.09,3.23,18.06,119.451,4.13,4.67,5.18,3.62,3.51,0.54,-2.549999999999997
2026-05-20,108.93,101.69,3.18,17.44,119.1624,4.04,4.57,5.11,3.62,3.5,0.5300000000000002,-7.240000000000009
2026-05-21,105.84,100.2,3.14,16.76,119.369,4.08,4.57,5.1,3.62,3.51,0.4900000000000002,-5.640000000000001
2026-05-22,106.9,100.35,2.92,16.7,119.2868,4.13,4.56,5.07,3.62,3.55,0.4299999999999997,-6.550000000000011
2026-05-25,,,,16.59,,,,,3.62,,,
2026-05-26,102.75,97.63,3.1,17.01,119.1696,4.01,4.5,5.03,3.62,3.63,0.4900000000000002,-5.1200000000000045
2026-05-27,97.11,92.35,3.13,16.29,119.1829,4.0,4.48,5.01,3.62,3.63,0.4800000000000004,-4.760000000000005
2026-05-28,95.47,92.65,3.04,15.74,119.0318,3.99,4.45,4.98,3.62,3.62,0.45999999999999996,-2.819999999999993
2026-05-29,92.88,91.16,3.34,15.32,118.8783,3.98,4.45,4.99,3.62,3.63,0.4700000000000002,-1.7199999999999989
2026-06-01,98.29,95.96,3.07,16.05,119.1653,4.05,4.47,4.99,3.62,3.65,0.41999999999999993,-2.3300000000000125
2026-06-02,98.49,97.47,2.97,15.77,119.0359,4.05,4.46,4.97,3.62,3.63,0.41000000000000014,-1.019999999999996
2026-06-03,101.69,99.76,2.97,16.06,119.3848,4.08,4.49,4.99,3.62,3.61,0.41000000000000014,-1.9299999999999926
2026-06-04,98.98,96.83,3.08,15.4,119.3615,4.05,4.47,4.97,3.62,3.62,0.41999999999999993,-2.1500000000000057
2026-06-05,97.29,94.32,3.05,21.51,120.0831,4.17,4.55,5.01,3.62,3.63,0.3799999999999999,-2.970000000000013
2026-06-08,97.46,95.0,3.1,18.92,120.034,4.15,4.56,5.03,3.62,3.63,0.40999999999999925,-2.4599999999999937
2026-06-09,94.15,91.9,3.18,19.87,119.9617,4.13,4.53,5.01,3.62,3.6,0.40000000000000036,-2.25
2026-06-10,95.73,93.68,3.27,22.22,119.9134,4.13,4.55,5.03,3.62,3.59,0.41999999999999993,-2.049999999999997
2026-06-11,92.84,91.58,3.16,19.44,120.1174,4.05,4.45,4.95,3.62,3.6,0.40000000000000036,-1.2600000000000051
2026-06-12,88.64,88.62,3.06,17.68,119.5073,4.09,4.48,4.97,3.62,3.65,0.39000000000000057,-0.01999999999999602
2026-06-15,84.36,84.65,3.06,16.2,119.3158,4.07,4.47,4.97,3.63,3.69,0.39999999999999947,0.29000000000000625
2026-06-16,80.5,79.8,3.1,16.41,119.256,4.05,4.43,4.93,3.63,3.63,0.3799999999999999,-0.7000000000000028
2026-06-17,80.33,80.65,3.25,18.44,119.3871,4.2,4.49,4.93,3.63,3.63,0.29000000000000004,0.3200000000000074
2026-06-18,79.35,80.35,3.08,16.4,120.3958,4.19,4.46,4.9,3.63,3.62,0.2699999999999996,1.0
2026-06-19,80.46,,,16.78,,,,,3.63,,,
2026-06-22,76.49,78.94,3.16,17.28,120.5463,4.24,4.51,4.95,3.63,3.61,0.2699999999999996,2.450000000000003
2026-06-23,75.69,74.62,3.15,19.49,121.0552,4.16,4.5,4.94,3.63,3.62,0.33999999999999986,-1.0699999999999932
2026-06-24,72.09,71.42,3.19,18.63,121.412,4.11,4.41,4.86,3.63,3.62,0.2999999999999998,-0.6700000000000017
2026-06-25,73.74,72.67,3.21,18.89,121.0559,4.09,4.4,4.86,3.63,3.64,0.3100000000000005,-1.0699999999999932
2026-06-26,70.16,70.3,3.26,18.41,120.8866,4.07,4.38,4.87,3.63,3.62,0.3099999999999996,0.14000000000000057
2026-06-29,71.59,71.87,3.33,17.65,120.9525,4.1,4.38,4.86,3.63,3.62,0.28000000000000025,0.28000000000000114
2026-06-30,70.46,70.56,3.34,16.45,120.9248,4.14,4.44,4.91,3.63,3.68,0.3000000000000007,0.10000000000000853
2026-07-01,69.24,69.74,3.34,16.59,121.1455,4.17,4.48,4.97,3.63,3.66,0.3100000000000005,0.5
2026-07-02,68.53,69.73,3.34,16.15,120.6902,4.14,4.49,4.98,3.63,3.64,0.35000000000000053,1.2000000000000028
2026-07-03,68.68,,,15.81,,,,,3.63,,,
2026-07-06,69.56,69.6,3.29,15.57,120.835,4.13,4.48,4.99,3.63,3.63,0.35000000000000053,0.03999999999999204
2026-07-07,71.78,71.53,3.13,16.13,120.8145,4.19,4.55,5.05,3.63,3.62,0.35999999999999943,-0.25
2026-07-08,76.5,74.56,3.13,16.9,121.1307,4.21,4.56,5.06,3.62,3.58,0.34999999999999964,-1.9399999999999977
2026-07-09,74.46,73.15,3.17,15.84,120.753,4.16,4.54,5.05,3.62,3.53,0.3799999999999999,-1.309999999999988
2026-07-10,74.34,72.45,2.73,15.03,120.5046,4.21,4.56,5.06,3.62,3.55,0.34999999999999964,-1.8900000000000006
2026-07-13,81.62,79.2,2.83,17.16,120.7413,4.26,4.62,5.1,3.62,3.6,0.3600000000000003,-2.4200000000000017
2026-07-14,83.69,80.44,2.76,16.5,120.4728,4.18,4.58,5.08,3.63,3.63,0.40000000000000036,-3.25
2026-07-15,83.08,80.73,2.8,15.67,120.3088,4.13,4.55,5.08,3.63,3.64,0.41999999999999993,-2.3499999999999943
2026-07-16,81.23,80.03,2.83,16.73,120.331,4.16,4.57,5.09,3.63,3.62,0.41000000000000014,-1.2000000000000028
2026-07-17,85.01,83.43,2.75,18.77,120.5315,4.18,4.55,5.06,3.63,3.59,0.3700000000000001,-1.5799999999999983
2026-07-20,86.99,84.38,2.8,18.65,120.5401,4.21,4.6,5.11,3.63,3.57,0.3899999999999997,-2.6099999999999994
2026-07-21,93.85,86.04,2.8,17.05,120.5779,4.26,4.63,5.13,3.63,3.61,0.3700000000000001,-7.809999999999988
2026-07-22,94.12,87.66,2.93,16.64,120.5736,4.31,4.67,5.15,3.63,3.62,0.3600000000000003,-6.460000000000008
2026-07-23,105.32,93.08,2.92,18.7,120.9075,4.37,4.71,5.17,3.63,3.64,0.33999999999999986,-12.239999999999995
2026-07-24,100.31,91.74,2.87,18.58,120.7105,4.33,4.69,5.16,3.63,3.64,0.3600000000000003,-8.570000000000007
2026-07-27,91.82,84.25,2.63,18.67,120.7739,4.31,4.65,5.12,3.63,3.64,0.34000000000000075,-7.569999999999993
2026-07-28,85.51,80.91,2.65,18.21,120.6247,4.26,4.61,5.09,3.63,3.65,0.35000000000000053,-4.6000000000000085
2026-07-29,91.95,86.08,2.58,20.66,120.7892,4.22,4.67,5.2,3.63,3.65,0.4500000000000002,-5.8700000000000045
2026-07-30,91.91,85.15,2.65,17.09,119.6753,4.23,4.68,5.21,3.63,3.65,0.4499999999999993,-6.759999999999991
2026-07-31,96.95,86.16,2.59,15.99,119.7034,4.28,4.75,5.27,3.63,3.66,0.46999999999999975,-10.790000000000006
2026-08-03,88.9,81.96,2.81,15.86,119.6951,4.25,4.7,5.23,3.63,3.65,0.4500000000000002,-6.940000000000012
2026-08-04,86.47,77.33,2.74,16.5,119.5977,4.2,4.63,5.18,3.63,3.66,0.4299999999999997,-9.14
2026-08-05,86.65,76.78,2.6,15.81,119.3881,4.18,4.63,5.17,3.63,3.64,0.4500000000000002,-9.870000000000005
2026-08-06,89.65,78.88,2.6,15.15,119.5113,4.25,4.69,5.22,3.63,3.65,0.4400000000000004,-10.77000000000001
2026-08-07,87.62,79.77,2.56,14.9,119.0649,4.19,4.65,5.19,3.63,3.62,0.45999999999999996,-7.8500000000000085
2026-08-10,92.74,83.76,2.72,15.46,119.1187,4.25,4.72,5.25,3.63,3.63,0.46999999999999975,-8.97999999999999
2026-08-11,93.26,84.77,2.79,15.28,119.179,4.22,4.7,5.24,3.63,3.64,0.4800000000000004,-8.490000000000009
2026-08-12,92.52,84.97,2.82,14.55,119.1179,4.2,4.68,5.24,3.63,3.62,0.47999999999999954,-7.549999999999997
2026-08-13,92.03,82.77,2.82,14.63,119.1848,4.15,4.63,5.21,3.63,3.62,0.47999999999999954,-9.260000000000005
2026-08-14,92.02,83.99,2.79,14.25,118.9028,4.17,4.68,5.25,3.63,3.62,0.5099999999999998,-8.030000000000001
2026-08-17,92.43,86.04,2.77,15.19,118.814,4.19,4.72,5.31,3.63,3.66,0.5299999999999994,-6.390000000000001
2026-08-18,95.29,86.48,2.82,15.84,118.9831,4.19,4.71,5.28,3.63,3.65,0.5199999999999996,-8.810000000000002
2026-08-19,92.37,87.28,2.94,14.89,118.3328,4.19,4.65,5.19,3.63,3.62,0.45999999999999996,-5.090000000000003
2026-08-20,94.0,89.75,2.94,16.01,118.2548,4.19,4.69,5.23,3.63,3.63,0.5,-4.25
2026-08-21,96.92,87.21,2.82,15.13,118.0628,4.24,4.74,5.27,3.63,3.65,0.5,-9.710000000000008
2026-08-24,92.71,86.34,2.83,15.85,118.3195,4.24,4.7,5.23,3.63,3.65,0.45999999999999996,-6.36999999999999
2026-08-25,88.24,83.9,2.7,15.45,118.2283,4.17,4.64,5.17,3.63,3.66,0.46999999999999975,-4.339999999999989
2026-08-26,87.77,83.46,2.81,15.21,118.4461,4.19,4.66,5.18,3.63,3.64,0.46999999999999975,-4.310000000000002
2026-08-27,90.18,84.81,2.89,14.51,118.3583,4.2,4.67,5.19,3.63,3.64,0.46999999999999975,-5.3700000000000045
2026-08-28,89.75,84.57,2.82,14.43,118.7479,4.34,4.73,5.22,3.63,3.65,0.39000000000000057,-5.180000000000007
2026-08-31,,87.03,2.9,14.92,118.5679,4.34,4.75,5.25,3.63,3.68,0.41000000000000014,
2026-09-01,96.02,91.48,2.9,16.34,118.6568,4.39,4.79,5.27,3.63,3.66,0.40000000000000036,-4.539999999999992
2026-09-02,97.59,92.15,2.88,15.2,118.5296,4.39,4.79,5.27,3.63,3.65,0.40000000000000036,-5.439999999999998
2026-09-03,100.52,92.55,2.95,14.32,118.127,4.34,4.77,5.25,3.63,3.66,0.4299999999999997,-7.969999999999999
2026-09-04,102.24,92.69,2.92,14.53,118.0732,4.37,4.78,5.24,3.63,3.65,0.41000000000000014,-9.549999999999997
2026-09-07,104.47,,,15.3,,,,,3.63,,,
2026-09-08,106.12,94.21,2.9,15.72,,4.39,4.8,5.25,3.63,3.64,0.41000000000000014,-11.91000000000001
2026-09-09,109.51,97.26,2.81,16.46,,4.43,4.83,5.28,3.63,3.64,0.40000000000000036,-12.25
2026-09-10,,,,17.84,,,,,,3.62,,
