year,date,model,funding,penalty,hedge_bps,hp,hf,reserve_eur,shortfall_eur,residual_loss_eur,total_cost_eur
2024,2024-01-02,tabular,0.01,0.25,10,0.25,0.0,145000.0,0.0,45613.03353748196,307.53968253968253
2024,2024-01-16,tabular,0.01,0.25,10,0.25,0.0,145000.0,0.0,40820.6756440102,307.53968253968253
2024,2024-01-30,tabular,0.01,0.25,10,0.25,0.0,145000.0,0.0,10114.395073918586,307.53968253968253
2024,2024-02-13,tabular,0.01,0.25,10,0.25,0.0,145000.0,0.0,-13884.699209429107,307.53968253968253
2024,2024-02-27,tabular,0.01,0.25,10,0.25,0.0,145000.0,0.0,-6740.319436512746,307.53968253968253
2024,2024-03-12,tabular,0.01,0.25,10,0.25,0.0,145000.0,0.0,25941.594990933536,307.53968253968253
2024,2024-03-26,tabular,0.01,0.25,10,0.25,0.0,145000.0,0.0,61220.4263340526,307.53968253968253
2024,2024-04-11,tabular,0.01,0.25,10,0.25,0.0,145000.0,0.0,-26981.47827916935,307.53968253968253
2024,2024-04-25,tabular,0.01,0.25,10,0.25,0.0,145000.0,0.0,-48443.886925831925,307.53968253968253
2024,2024-05-13,tabular,0.01,0.25,10,0.25,0.0,145000.0,0.0,-24408.528674934358,307.53968253968253
2024,2024-05-28,tabular,0.01,0.25,10,0.25,0.0,145000.0,0.0,2986.18251464129,307.53968253968253
2024,2024-06-11,tabular,0.01,0.25,10,0.25,0.0,145000.0,0.0,63938.112585476825,307.53968253968253
2024,2024-06-25,tabular,0.01,0.25,10,0.25,0.0,145000.0,0.0,-12063.17345114901,307.53968253968253
2024,2024-07-09,tabular,0.01,0.25,10,0.25,0.0,145000.0,0.0,-41144.50503677293,307.53968253968253
2024,2024-07-23,tabular,0.01,0.25,10,0.25,0.0,145000.0,0.0,-55609.28675799373,307.53968253968253
2024,2024-08-06,tabular,0.01,0.25,10,0.25,0.0,145000.0,0.0,6137.536277632286,307.53968253968253
2024,2024-08-20,tabular,0.01,0.25,10,0.25,0.0,145000.0,0.0,-36845.22706209434,307.53968253968253
2024,2024-09-04,tabular,0.01,0.25,10,0.25,0.0,145000.0,0.0,-8145.54915414248,307.53968253968253
2024,2024-09-18,tabular,0.01,0.25,10,0.25,0.0,145000.0,0.0,8231.024384501547,307.53968253968253
2024,2024-10-02,tabular,0.01,0.25,10,0.25,0.0,145000.0,0.0,3586.9746619005346,307.53968253968253
2024,2024-10-16,tabular,0.01,0.25,10,0.25,0.0,145000.0,0.0,3056.1134478243434,307.53968253968253
2024,2024-10-30,tabular,0.01,0.25,10,0.25,0.0,145000.0,0.0,13830.058581704448,307.53968253968253
2024,2024-11-13,tabular,0.01,0.25,10,0.25,0.0,145000.0,0.0,20248.36715298244,307.53968253968253
2024,2024-11-27,tabular,0.01,0.25,10,0.25,0.0,145000.0,0.0,7068.0308906688815,307.53968253968253
2024,2024-12-11,tabular,0.01,0.25,10,0.25,0.0,145000.0,0.0,692.4226375828961,307.53968253968253
2024,2024-12-27,tabular,0.01,0.25,10,0.25,0.0,145000.0,0.0,116737.2004222855,307.53968253968253
2024,2024-01-02,tabular,0.01,0.25,50,0.0,0.0,150000.0,0.0,58434.38715762887,59.523809523809526
2024,2024-01-16,tabular,0.01,0.25,50,0.0,0.0,150000.0,0.0,53266.090491171744,59.523809523809526
2024,2024-01-30,tabular,0.01,0.25,50,0.0,0.0,150000.0,0.0,11837.71335297728,59.523809523809526
2024,2024-02-13,tabular,0.01,0.25,50,0.0,0.0,150000.0,0.0,-16599.524516322403,59.523809523809526
2024,2024-02-27,tabular,0.01,0.25,50,0.0,0.0,150000.0,0.0,-7157.980534364764,59.523809523809526
2024,2024-03-12,tabular,0.01,0.25,50,0.0,0.0,150000.0,0.0,32665.23830912623,59.523809523809526
2024,2024-03-26,tabular,0.01,0.25,50,0.0,0.0,150000.0,0.0,77458.3497422705,59.523809523809526
2024,2024-04-11,tabular,0.01,0.25,50,0.0,0.0,150000.0,0.0,-36244.78574446609,59.523809523809526
2024,2024-04-25,tabular,0.01,0.25,50,0.0,0.0,150000.0,0.0,-62405.29441731884,59.523809523809526
2024,2024-05-13,tabular,0.01,0.25,50,0.0,0.0,150000.0,0.0,-29938.704197896608,59.523809523809526
2024,2024-05-28,tabular,0.01,0.25,50,0.0,0.0,150000.0,0.0,-671.3045765807274,59.523809523809526
2024,2024-06-11,tabular,0.01,0.25,50,0.0,0.0,150000.0,0.0,84711.6621799871,59.523809523809526
2024,2024-06-25,tabular,0.01,0.25,50,0.0,0.0,150000.0,0.0,-13013.524793160306,59.523809523809526
2024,2024-07-09,tabular,0.01,0.25,50,0.0,0.0,150000.0,0.0,-53517.30799699496,59.523809523809526
2024,2024-07-23,tabular,0.01,0.25,50,0.0,0.0,150000.0,0.0,-72580.08967770175,59.523809523809526
2024,2024-08-06,tabular,0.01,0.25,50,0.0,0.0,150000.0,0.0,13413.704379955409,59.523809523809526
2024,2024-08-20,tabular,0.01,0.25,50,0.0,0.0,150000.0,0.0,-50098.23911028708,59.523809523809526
2024,2024-09-04,tabular,0.01,0.25,50,0.0,0.0,150000.0,0.0,-8647.758876922737,59.523809523809526
2024,2024-09-18,tabular,0.01,0.25,50,0.0,0.0,150000.0,0.0,9371.657771511753,59.523809523809526
2024,2024-10-02,tabular,0.01,0.25,50,0.0,0.0,150000.0,0.0,-453.9016405306554,59.523809523809526
2024,2024-10-16,tabular,0.01,0.25,50,0.0,0.0,150000.0,0.0,1562.5628707706785,59.523809523809526
2024,2024-10-30,tabular,0.01,0.25,50,0.0,0.0,150000.0,0.0,12634.866668031464,59.523809523809526
2024,2024-11-13,tabular,0.01,0.25,50,0.0,0.0,150000.0,0.0,23851.167043182788,59.523809523809526
2024,2024-11-27,tabular,0.01,0.25,50,0.0,0.0,150000.0,0.0,8657.802234194774,59.523809523809526
2024,2024-12-11,tabular,0.01,0.25,50,0.0,0.0,150000.0,0.0,-1357.8596963778384,59.523809523809526
2024,2024-12-27,tabular,0.01,0.25,50,0.0,0.0,150000.0,0.0,146966.29083844385,59.523809523809526
2024,2024-01-02,tabular,0.01,0.25,100,0.0,0.0,150000.0,0.0,58434.38715762887,59.523809523809526
2024,2024-01-16,tabular,0.01,0.25,100,0.0,0.0,150000.0,0.0,53266.090491171744,59.523809523809526
2024,2024-01-30,tabular,0.01,0.25,100,0.0,0.0,150000.0,0.0,11837.71335297728,59.523809523809526
2024,2024-02-13,tabular,0.01,0.25,100,0.0,0.0,150000.0,0.0,-16599.524516322403,59.523809523809526
2024,2024-02-27,tabular,0.01,0.25,100,0.0,0.0,150000.0,0.0,-7157.980534364764,59.523809523809526
2024,2024-03-12,tabular,0.01,0.25,100,0.0,0.0,150000.0,0.0,32665.23830912623,59.523809523809526
2024,2024-03-26,tabular,0.01,0.25,100,0.0,0.0,150000.0,0.0,77458.3497422705,59.523809523809526
2024,2024-04-11,tabular,0.01,0.25,100,0.0,0.0,150000.0,0.0,-36244.78574446609,59.523809523809526
2024,2024-04-25,tabular,0.01,0.25,100,0.0,0.0,150000.0,0.0,-62405.29441731884,59.523809523809526
2024,2024-05-13,tabular,0.01,0.25,100,0.0,0.0,150000.0,0.0,-29938.704197896608,59.523809523809526
2024,2024-05-28,tabular,0.01,0.25,100,0.0,0.0,150000.0,0.0,-671.3045765807274,59.523809523809526
2024,2024-06-11,tabular,0.01,0.25,100,0.0,0.0,150000.0,0.0,84711.6621799871,59.523809523809526
2024,2024-06-25,tabular,0.01,0.25,100,0.0,0.0,150000.0,0.0,-13013.524793160306,59.523809523809526
2024,2024-07-09,tabular,0.01,0.25,100,0.0,0.0,150000.0,0.0,-53517.30799699496,59.523809523809526
2024,2024-07-23,tabular,0.01,0.25,100,0.0,0.0,150000.0,0.0,-72580.08967770175,59.523809523809526
2024,2024-08-06,tabular,0.01,0.25,100,0.0,0.0,150000.0,0.0,13413.704379955409,59.523809523809526
2024,2024-08-20,tabular,0.01,0.25,100,0.0,0.0,150000.0,0.0,-50098.23911028708,59.523809523809526
2024,2024-09-04,tabular,0.01,0.25,100,0.0,0.0,150000.0,0.0,-8647.758876922737,59.523809523809526
2024,2024-09-18,tabular,0.01,0.25,100,0.0,0.0,150000.0,0.0,9371.657771511753,59.523809523809526
2024,2024-10-02,tabular,0.01,0.25,100,0.0,0.0,150000.0,0.0,-453.9016405306554,59.523809523809526
2024,2024-10-16,tabular,0.01,0.25,100,0.0,0.0,150000.0,0.0,1562.5628707706785,59.523809523809526
2024,2024-10-30,tabular,0.01,0.25,100,0.0,0.0,150000.0,0.0,12634.866668031464,59.523809523809526
2024,2024-11-13,tabular,0.01,0.25,100,0.0,0.0,150000.0,0.0,23851.167043182788,59.523809523809526
2024,2024-11-27,tabular,0.01,0.25,100,0.0,0.0,150000.0,0.0,8657.802234194774,59.523809523809526
2024,2024-12-11,tabular,0.01,0.25,100,0.0,0.0,150000.0,0.0,-1357.8596963778384,59.523809523809526
2024,2024-12-27,tabular,0.01,0.25,100,0.0,0.0,150000.0,0.0,146966.29083844385,59.523809523809526
2024,2024-01-02,tabular,0.01,1.0,10,0.75,0.0,145000.0,0.0,19970.326297188123,807.5396825396825
2024,2024-01-16,tabular,0.01,1.0,10,0.75,0.0,145000.0,0.0,15929.845949687093,807.5396825396825
2024,2024-01-30,tabular,0.01,1.0,10,0.75,0.0,145000.0,0.0,6667.758515801198,807.5396825396825
2024,2024-02-13,tabular,0.01,1.0,10,0.75,0.0,145000.0,0.0,-8455.048595642525,807.5396825396825
2024,2024-02-27,tabular,0.01,1.0,10,0.75,0.0,145000.0,0.0,-5904.997240808711,807.5396825396825
2024,2024-03-12,tabular,0.01,1.0,10,0.75,0.0,145000.0,0.0,12494.308354548144,807.5396825396825
2024,2024-03-26,tabular,0.01,1.0,10,0.75,0.0,145000.0,0.0,28744.579517616818,807.5396825396825
2024,2024-04-11,tabular,0.01,1.0,10,0.75,0.0,145000.0,0.0,-8454.863348575862,807.5396825396825
2024,2024-04-25,tabular,0.01,1.0,10,0.75,0.0,145000.0,0.0,-20521.07194285809,807.5396825396825
2024,2024-05-13,tabular,0.01,1.0,10,0.75,0.0,145000.0,0.0,-13348.177629009844,807.5396825396825
2024,2024-05-28,tabular,0.01,1.0,10,0.75,0.0,145000.0,0.0,10301.156697085324,807.5396825396825
2024,2024-06-11,tabular,0.01,1.0,10,0.75,0.0,145000.0,0.0,22391.01339645627,807.5396825396825
2024,2024-06-25,tabular,0.01,1.0,10,0.75,0.0,145000.0,0.0,-10162.47076712642,807.5396825396825
2024,2024-07-09,tabular,0.01,1.0,10,0.75,0.0,145000.0,0.0,-16398.89911632887,807.5396825396825
2024,2024-07-23,tabular,0.01,1.0,10,0.75,0.0,145000.0,0.0,-21667.68091857771,807.5396825396825
2024,2024-08-06,tabular,0.01,1.0,10,0.75,0.0,145000.0,0.0,-8414.799927013957,807.5396825396825
2024,2024-08-20,tabular,0.01,1.0,10,0.75,0.0,145000.0,0.0,-10339.202965708866,807.5396825396825
2024,2024-09-04,tabular,0.01,1.0,10,0.75,0.0,145000.0,0.0,-7141.129708581969,807.5396825396825
2024,2024-09-18,tabular,0.01,1.0,10,0.75,0.0,145000.0,0.0,5949.75761048114,807.5396825396825
2024,2024-10-02,tabular,0.01,1.0,10,0.75,0.0,145000.0,0.0,11668.727266762917,807.5396825396825
2024,2024-10-16,tabular,0.01,1.0,10,0.75,0.0,145000.0,0.0,6043.214601931673,807.5396825396825
2024,2024-10-30,tabular,0.01,1.0,10,0.75,0.0,145000.0,0.0,16220.442409050413,807.5396825396825
2024,2024-11-13,tabular,0.01,1.0,10,0.75,0.0,145000.0,0.0,13042.767372581744,807.5396825396825
2024,2024-11-27,tabular,0.01,1.0,10,0.75,0.0,145000.0,0.0,3888.488203617098,807.5396825396825
2024,2024-12-11,tabular,0.01,1.0,10,0.75,0.0,145000.0,0.0,4792.987305504365,807.5396825396825
2024,2024-12-27,tabular,0.01,1.0,10,0.75,0.0,145000.0,0.0,56279.01958996881,807.5396825396825
2024,2024-01-02,tabular,0.01,1.0,50,0.25,0.0,145000.0,0.0,45613.03353748196,1307.5396825396826
2024,2024-01-16,tabular,0.01,1.0,50,0.25,0.0,145000.0,0.0,40820.6756440102,1307.5396825396826
2024,2024-01-30,tabular,0.01,1.0,50,0.0,0.0,150000.0,0.0,11837.71335297728,59.523809523809526
2024,2024-02-13,tabular,0.01,1.0,50,0.25,0.0,145000.0,0.0,-13884.699209429107,1307.5396825396826
2024,2024-02-27,tabular,0.01,1.0,50,0.25,0.0,145000.0,0.0,-6740.319436512746,1307.5396825396826
2024,2024-03-12,tabular,0.01,1.0,50,0.25,0.0,145000.0,0.0,25941.594990933536,1307.5396825396826
2024,2024-03-26,tabular,0.01,1.0,50,0.25,0.0,145000.0,0.0,61220.4263340526,1307.5396825396826
2024,2024-04-11,tabular,0.01,1.0,50,0.25,0.0,145000.0,0.0,-26981.47827916935,1307.5396825396826
2024,2024-04-25,tabular,0.01,1.0,50,0.25,0.0,145000.0,0.0,-48443.886925831925,1307.5396825396826
2024,2024-05-13,tabular,0.01,1.0,50,0.25,0.0,145000.0,0.0,-24408.528674934358,1307.5396825396826
2024,2024-05-28,tabular,0.01,1.0,50,0.25,0.0,145000.0,0.0,2986.18251464129,1307.5396825396826
2024,2024-06-11,tabular,0.01,1.0,50,0.25,0.0,145000.0,0.0,63938.112585476825,1307.5396825396826
2024,2024-06-25,tabular,0.01,1.0,50,0.25,0.0,145000.0,0.0,-12063.17345114901,1307.5396825396826
2024,2024-07-09,tabular,0.01,1.0,50,0.25,0.0,145000.0,0.0,-41144.50503677293,1307.5396825396826
2024,2024-07-23,tabular,0.01,1.0,50,0.25,0.0,145000.0,0.0,-55609.28675799373,1307.5396825396826
2024,2024-08-06,tabular,0.01,1.0,50,0.25,0.0,145000.0,0.0,6137.536277632286,1307.5396825396826
2024,2024-08-20,tabular,0.01,1.0,50,0.25,0.0,145000.0,0.0,-36845.22706209434,1307.5396825396826
2024,2024-09-04,tabular,0.01,1.0,50,0.25,0.0,145000.0,0.0,-8145.54915414248,1307.5396825396826
2024,2024-09-18,tabular,0.01,1.0,50,0.0,0.0,150000.0,0.0,9371.657771511753,59.523809523809526
2024,2024-10-02,tabular,0.01,1.0,50,0.25,0.0,145000.0,0.0,3586.9746619005346,1307.5396825396826
2024,2024-10-16,tabular,0.01,1.0,50,0.25,0.0,145000.0,0.0,3056.1134478243434,1307.5396825396826
2024,2024-10-30,tabular,0.01,1.0,50,0.25,0.0,145000.0,0.0,13830.058581704448,1307.5396825396826
2024,2024-11-13,tabular,0.01,1.0,50,0.25,0.0,145000.0,0.0,20248.36715298244,1307.5396825396826
2024,2024-11-27,tabular,0.01,1.0,50,0.0,0.0,150000.0,0.0,8657.802234194774,59.523809523809526
2024,2024-12-11,tabular,0.01,1.0,50,0.25,0.0,145000.0,0.0,692.4226375828961,1307.5396825396826
2024,2024-12-27,tabular,0.01,1.0,50,0.25,0.0,145000.0,0.0,116737.2004222855,1307.5396825396826
2024,2024-01-02,tabular,0.01,1.0,100,0.0,0.0,150000.0,0.0,58434.38715762887,59.523809523809526
2024,2024-01-16,tabular,0.01,1.0,100,0.0,0.0,150000.0,0.0,53266.090491171744,59.523809523809526
2024,2024-01-30,tabular,0.01,1.0,100,0.0,0.0,150000.0,0.0,11837.71335297728,59.523809523809526
2024,2024-02-13,tabular,0.01,1.0,100,0.0,0.0,150000.0,0.0,-16599.524516322403,59.523809523809526
2024,2024-02-27,tabular,0.01,1.0,100,0.0,0.0,150000.0,0.0,-7157.980534364764,59.523809523809526
2024,2024-03-12,tabular,0.01,1.0,100,0.0,0.0,150000.0,0.0,32665.23830912623,59.523809523809526
2024,2024-03-26,tabular,0.01,1.0,100,0.0,0.0,150000.0,0.0,77458.3497422705,59.523809523809526
2024,2024-04-11,tabular,0.01,1.0,100,0.0,0.0,150000.0,0.0,-36244.78574446609,59.523809523809526
2024,2024-04-25,tabular,0.01,1.0,100,0.0,0.0,150000.0,0.0,-62405.29441731884,59.523809523809526
2024,2024-05-13,tabular,0.01,1.0,100,0.0,0.0,150000.0,0.0,-29938.704197896608,59.523809523809526
2024,2024-05-28,tabular,0.01,1.0,100,0.0,0.0,150000.0,0.0,-671.3045765807274,59.523809523809526
2024,2024-06-11,tabular,0.01,1.0,100,0.0,0.0,150000.0,0.0,84711.6621799871,59.523809523809526
2024,2024-06-25,tabular,0.01,1.0,100,0.0,0.0,150000.0,0.0,-13013.524793160306,59.523809523809526
2024,2024-07-09,tabular,0.01,1.0,100,0.0,0.0,150000.0,0.0,-53517.30799699496,59.523809523809526
2024,2024-07-23,tabular,0.01,1.0,100,0.0,0.0,150000.0,0.0,-72580.08967770175,59.523809523809526
2024,2024-08-06,tabular,0.01,1.0,100,0.0,0.0,150000.0,0.0,13413.704379955409,59.523809523809526
2024,2024-08-20,tabular,0.01,1.0,100,0.0,0.0,150000.0,0.0,-50098.23911028708,59.523809523809526
2024,2024-09-04,tabular,0.01,1.0,100,0.0,0.0,150000.0,0.0,-8647.758876922737,59.523809523809526
2024,2024-09-18,tabular,0.01,1.0,100,0.0,0.0,150000.0,0.0,9371.657771511753,59.523809523809526
2024,2024-10-02,tabular,0.01,1.0,100,0.0,0.0,150000.0,0.0,-453.9016405306554,59.523809523809526
2024,2024-10-16,tabular,0.01,1.0,100,0.0,0.0,150000.0,0.0,1562.5628707706785,59.523809523809526
2024,2024-10-30,tabular,0.01,1.0,100,0.0,0.0,150000.0,0.0,12634.866668031464,59.523809523809526
2024,2024-11-13,tabular,0.01,1.0,100,0.0,0.0,150000.0,0.0,23851.167043182788,59.523809523809526
2024,2024-11-27,tabular,0.01,1.0,100,0.0,0.0,150000.0,0.0,8657.802234194774,59.523809523809526
2024,2024-12-11,tabular,0.01,1.0,100,0.0,0.0,150000.0,0.0,-1357.8596963778384,59.523809523809526
2024,2024-12-27,tabular,0.01,1.0,100,0.0,0.0,150000.0,0.0,146966.29083844385,59.523809523809526
2024,2024-01-02,tabular,0.01,2.0,10,0.75,0.0,145000.0,0.0,19970.326297188123,807.5396825396825
2024,2024-01-16,tabular,0.01,2.0,10,0.75,0.0,145000.0,0.0,15929.845949687093,807.5396825396825
2024,2024-01-30,tabular,0.01,2.0,10,0.75,0.0,145000.0,0.0,6667.758515801198,807.5396825396825
2024,2024-02-13,tabular,0.01,2.0,10,0.75,0.0,145000.0,0.0,-8455.048595642525,807.5396825396825
2024,2024-02-27,tabular,0.01,2.0,10,0.75,0.0,145000.0,0.0,-5904.997240808711,807.5396825396825
2024,2024-03-12,tabular,0.01,2.0,10,0.75,0.0,145000.0,0.0,12494.308354548144,807.5396825396825
2024,2024-03-26,tabular,0.01,2.0,10,0.75,0.0,145000.0,0.0,28744.579517616818,807.5396825396825
2024,2024-04-11,tabular,0.01,2.0,10,0.75,0.0,145000.0,0.0,-8454.863348575862,807.5396825396825
2024,2024-04-25,tabular,0.01,2.0,10,0.75,0.0,145000.0,0.0,-20521.07194285809,807.5396825396825
2024,2024-05-13,tabular,0.01,2.0,10,0.75,0.0,145000.0,0.0,-13348.177629009844,807.5396825396825
2024,2024-05-28,tabular,0.01,2.0,10,0.75,0.0,145000.0,0.0,10301.156697085324,807.5396825396825
2024,2024-06-11,tabular,0.01,2.0,10,0.75,0.0,145000.0,0.0,22391.01339645627,807.5396825396825
2024,2024-06-25,tabular,0.01,2.0,10,0.75,0.0,145000.0,0.0,-10162.47076712642,807.5396825396825
2024,2024-07-09,tabular,0.01,2.0,10,0.75,0.0,145000.0,0.0,-16398.89911632887,807.5396825396825
2024,2024-07-23,tabular,0.01,2.0,10,0.75,0.0,145000.0,0.0,-21667.68091857771,807.5396825396825
2024,2024-08-06,tabular,0.01,2.0,10,0.75,0.0,145000.0,0.0,-8414.799927013957,807.5396825396825
2024,2024-08-20,tabular,0.01,2.0,10,0.75,0.0,145000.0,0.0,-10339.202965708866,807.5396825396825
2024,2024-09-04,tabular,0.01,2.0,10,0.75,0.0,145000.0,0.0,-7141.129708581969,807.5396825396825
2024,2024-09-18,tabular,0.01,2.0,10,0.75,0.0,145000.0,0.0,5949.75761048114,807.5396825396825
2024,2024-10-02,tabular,0.01,2.0,10,0.75,0.0,145000.0,0.0,11668.727266762917,807.5396825396825
2024,2024-10-16,tabular,0.01,2.0,10,0.75,0.0,145000.0,0.0,6043.214601931673,807.5396825396825
2024,2024-10-30,tabular,0.01,2.0,10,0.75,0.0,145000.0,0.0,16220.442409050413,807.5396825396825
2024,2024-11-13,tabular,0.01,2.0,10,0.75,0.0,145000.0,0.0,13042.767372581744,807.5396825396825
2024,2024-11-27,tabular,0.01,2.0,10,0.75,0.0,145000.0,0.0,3888.488203617098,807.5396825396825
2024,2024-12-11,tabular,0.01,2.0,10,0.75,0.0,145000.0,0.0,4792.987305504365,807.5396825396825
2024,2024-12-27,tabular,0.01,2.0,10,0.75,0.0,145000.0,0.0,56279.01958996881,807.5396825396825
2024,2024-01-02,tabular,0.01,2.0,50,0.5,0.0,145000.0,0.0,32791.67991733504,2557.5396825396824
2024,2024-01-16,tabular,0.01,2.0,50,0.5,0.0,145000.0,0.0,28375.26079684864,2557.5396825396824
2024,2024-01-30,tabular,0.01,2.0,50,0.25,0.0,145000.0,0.0,10114.395073918586,1307.5396825396826
2024,2024-02-13,tabular,0.01,2.0,50,0.5,0.0,145000.0,0.0,-11169.873902535815,2557.5396825396824
2024,2024-02-27,tabular,0.01,2.0,50,0.5,0.0,145000.0,0.0,-6322.658338660728,2557.5396825396824
2024,2024-03-12,tabular,0.01,2.0,50,0.5,0.0,145000.0,0.0,19217.95167274084,2557.5396825396824
2024,2024-03-26,tabular,0.01,2.0,50,0.5,0.0,145000.0,0.0,44982.50292583471,2557.5396825396824
2024,2024-04-11,tabular,0.01,2.0,50,0.5,0.0,145000.0,0.0,-17718.170813872606,2557.5396825396824
2024,2024-04-25,tabular,0.01,2.0,50,0.5,0.0,145000.0,0.0,-34482.479434345005,2557.5396825396824
2024,2024-05-13,tabular,0.01,2.0,50,0.5,0.0,145000.0,0.0,-18878.3531519721,2557.5396825396824
2024,2024-05-28,tabular,0.01,2.0,50,0.5,0.0,145000.0,0.0,6643.669605863307,2557.5396825396824
2024,2024-06-11,tabular,0.01,2.0,50,0.5,0.0,145000.0,0.0,43164.56299096655,2557.5396825396824
2024,2024-06-25,tabular,0.01,2.0,50,0.5,0.0,145000.0,0.0,-11112.822109137716,2557.5396825396824
2024,2024-07-09,tabular,0.01,2.0,50,0.5,0.0,145000.0,0.0,-28771.7020765509,2557.5396825396824
2024,2024-07-23,tabular,0.01,2.0,50,0.5,0.0,145000.0,0.0,-38638.48383828572,2557.5396825396824
2024,2024-08-06,tabular,0.01,2.0,50,0.5,0.0,145000.0,0.0,-1138.631824690836,2557.5396825396824
2024,2024-08-20,tabular,0.01,2.0,50,0.5,0.0,145000.0,0.0,-23592.2150139016,2557.5396825396824
2024,2024-09-04,tabular,0.01,2.0,50,0.5,0.0,145000.0,0.0,-7643.339431362225,2557.5396825396824
2024,2024-09-18,tabular,0.01,2.0,50,0.5,0.0,145000.0,0.0,7090.390997491343,2557.5396825396824
2024,2024-10-02,tabular,0.01,2.0,50,0.5,0.0,145000.0,0.0,7627.850964331725,2557.5396825396824
2024,2024-10-16,tabular,0.01,2.0,50,0.5,0.0,145000.0,0.0,4549.664024878009,2557.5396825396824
2024,2024-10-30,tabular,0.01,2.0,50,0.5,0.0,145000.0,0.0,15025.25049537743,2557.5396825396824
2024,2024-11-13,tabular,0.01,2.0,50,0.5,0.0,145000.0,0.0,16645.56726278209,2557.5396825396824
2024,2024-11-27,tabular,0.01,2.0,50,0.5,0.0,145000.0,0.0,5478.2595471429895,2557.5396825396824
2024,2024-12-11,tabular,0.01,2.0,50,0.5,0.0,145000.0,0.0,2742.7049715436306,2557.5396825396824
2024,2024-12-27,tabular,0.01,2.0,50,0.5,0.0,145000.0,0.0,86508.11000612716,2557.5396825396824
2024,2024-01-02,tabular,0.01,2.0,100,0.25,0.0,145000.0,0.0,45613.03353748196,2557.5396825396824
2024,2024-01-16,tabular,0.01,2.0,100,0.25,0.0,145000.0,0.0,40820.6756440102,2557.5396825396824
2024,2024-01-30,tabular,0.01,2.0,100,0.0,0.0,150000.0,0.0,11837.71335297728,59.523809523809526
2024,2024-02-13,tabular,0.01,2.0,100,0.25,0.0,145000.0,0.0,-13884.699209429107,2557.5396825396824
2024,2024-02-27,tabular,0.01,2.0,100,0.25,0.0,145000.0,0.0,-6740.319436512746,2557.5396825396824
2024,2024-03-12,tabular,0.01,2.0,100,0.25,0.0,145000.0,0.0,25941.594990933536,2557.5396825396824
2024,2024-03-26,tabular,0.01,2.0,100,0.25,0.0,145000.0,0.0,61220.4263340526,2557.5396825396824
2024,2024-04-11,tabular,0.01,2.0,100,0.25,0.0,145000.0,0.0,-26981.47827916935,2557.5396825396824
2024,2024-04-25,tabular,0.01,2.0,100,0.25,0.0,145000.0,0.0,-48443.886925831925,2557.5396825396824
2024,2024-05-13,tabular,0.01,2.0,100,0.25,0.0,145000.0,0.0,-24408.528674934358,2557.5396825396824
2024,2024-05-28,tabular,0.01,2.0,100,0.25,0.0,145000.0,0.0,2986.18251464129,2557.5396825396824
2024,2024-06-11,tabular,0.01,2.0,100,0.25,0.0,145000.0,0.0,63938.112585476825,2557.5396825396824
2024,2024-06-25,tabular,0.01,2.0,100,0.25,0.0,145000.0,0.0,-12063.17345114901,2557.5396825396824
2024,2024-07-09,tabular,0.01,2.0,100,0.25,0.0,145000.0,0.0,-41144.50503677293,2557.5396825396824
2024,2024-07-23,tabular,0.01,2.0,100,0.25,0.0,145000.0,0.0,-55609.28675799373,2557.5396825396824
2024,2024-08-06,tabular,0.01,2.0,100,0.25,0.0,145000.0,0.0,6137.536277632286,2557.5396825396824
2024,2024-08-20,tabular,0.01,2.0,100,0.25,0.0,145000.0,0.0,-36845.22706209434,2557.5396825396824
2024,2024-09-04,tabular,0.01,2.0,100,0.25,0.0,145000.0,0.0,-8145.54915414248,2557.5396825396824
2024,2024-09-18,tabular,0.01,2.0,100,0.0,0.0,150000.0,0.0,9371.657771511753,59.523809523809526
2024,2024-10-02,tabular,0.01,2.0,100,0.25,0.0,145000.0,0.0,3586.9746619005346,2557.5396825396824
2024,2024-10-16,tabular,0.01,2.0,100,0.25,0.0,145000.0,0.0,3056.1134478243434,2557.5396825396824
2024,2024-10-30,tabular,0.01,2.0,100,0.25,0.0,145000.0,0.0,13830.058581704448,2557.5396825396824
2024,2024-11-13,tabular,0.01,2.0,100,0.25,0.0,145000.0,0.0,20248.36715298244,2557.5396825396824
2024,2024-11-27,tabular,0.01,2.0,100,0.0,0.0,150000.0,0.0,8657.802234194774,59.523809523809526
2024,2024-12-11,tabular,0.01,2.0,100,0.25,0.0,145000.0,0.0,692.4226375828961,2557.5396825396824
2024,2024-12-27,tabular,0.01,2.0,100,0.25,0.0,145000.0,0.0,116737.2004222855,2557.5396825396824
2024,2024-01-02,tabular,0.05,0.25,10,0.25,0.0,145000.0,0.0,45613.03353748196,537.6984126984128
2024,2024-01-16,tabular,0.05,0.25,10,0.25,0.0,145000.0,0.0,40820.6756440102,537.6984126984128
2024,2024-01-30,tabular,0.05,0.25,10,0.25,0.0,145000.0,0.0,10114.395073918586,537.6984126984128
2024,2024-02-13,tabular,0.05,0.25,10,0.5,0.0,140000.0,0.0,-11169.873902535815,777.7777777777778
2024,2024-02-27,tabular,0.05,0.25,10,0.25,0.0,145000.0,0.0,-6740.319436512746,537.6984126984128
2024,2024-03-12,tabular,0.05,0.25,10,0.25,0.0,145000.0,0.0,25941.594990933536,537.6984126984128
2024,2024-03-26,tabular,0.05,0.25,10,0.25,0.0,145000.0,0.0,61220.4263340526,537.6984126984128
2024,2024-04-11,tabular,0.05,0.25,10,0.25,0.0,145000.0,0.0,-26981.47827916935,537.6984126984128
2024,2024-04-25,tabular,0.05,0.25,10,0.25,0.0,145000.0,0.0,-48443.886925831925,537.6984126984128
2024,2024-05-13,tabular,0.05,0.25,10,0.25,0.0,145000.0,0.0,-24408.528674934358,537.6984126984128
2024,2024-05-28,tabular,0.05,0.25,10,0.25,0.0,145000.0,0.0,2986.18251464129,537.6984126984128
2024,2024-06-11,tabular,0.05,0.25,10,0.25,0.0,145000.0,0.0,63938.112585476825,537.6984126984128
2024,2024-06-25,tabular,0.05,0.25,10,0.25,0.0,145000.0,0.0,-12063.17345114901,537.6984126984128
2024,2024-07-09,tabular,0.05,0.25,10,0.25,0.0,145000.0,0.0,-41144.50503677293,537.6984126984128
2024,2024-07-23,tabular,0.05,0.25,10,0.25,0.0,145000.0,0.0,-55609.28675799373,537.6984126984128
2024,2024-08-06,tabular,0.05,0.25,10,0.25,0.0,145000.0,0.0,6137.536277632286,537.6984126984128
2024,2024-08-20,tabular,0.05,0.25,10,0.25,0.0,145000.0,0.0,-36845.22706209434,537.6984126984128
2024,2024-09-04,tabular,0.05,0.25,10,0.25,0.0,145000.0,0.0,-8145.54915414248,537.6984126984128
2024,2024-09-18,tabular,0.05,0.25,10,0.25,0.0,145000.0,0.0,8231.024384501547,537.6984126984128
2024,2024-10-02,tabular,0.05,0.25,10,0.25,0.0,145000.0,0.0,3586.9746619005346,537.6984126984128
2024,2024-10-16,tabular,0.05,0.25,10,0.25,0.0,145000.0,0.0,3056.1134478243434,537.6984126984128
2024,2024-10-30,tabular,0.05,0.25,10,0.25,0.0,145000.0,0.0,13830.058581704448,537.6984126984128
2024,2024-11-13,tabular,0.05,0.25,10,0.25,0.0,145000.0,0.0,20248.36715298244,537.6984126984128
2024,2024-11-27,tabular,0.05,0.25,10,0.25,0.0,145000.0,0.0,7068.0308906688815,537.6984126984128
2024,2024-12-11,tabular,0.05,0.25,10,0.25,0.0,145000.0,0.0,692.4226375828961,537.6984126984128
2024,2024-12-27,tabular,0.05,0.25,10,0.25,0.0,145000.0,0.0,116737.2004222855,537.6984126984128
2024,2024-01-02,tabular,0.05,0.25,50,0.0,0.0,150000.0,0.0,58434.38715762887,297.6190476190476
2024,2024-01-16,tabular,0.05,0.25,50,0.0,0.0,150000.0,0.0,53266.090491171744,297.6190476190476
2024,2024-01-30,tabular,0.05,0.25,50,0.0,0.0,150000.0,0.0,11837.71335297728,297.6190476190476
2024,2024-02-13,tabular,0.05,0.25,50,0.0,0.0,150000.0,0.0,-16599.524516322403,297.6190476190476
2024,2024-02-27,tabular,0.05,0.25,50,0.0,0.0,150000.0,0.0,-7157.980534364764,297.6190476190476
2024,2024-03-12,tabular,0.05,0.25,50,0.0,0.0,150000.0,0.0,32665.23830912623,297.6190476190476
2024,2024-03-26,tabular,0.05,0.25,50,0.0,0.0,150000.0,0.0,77458.3497422705,297.6190476190476
2024,2024-04-11,tabular,0.05,0.25,50,0.0,0.0,150000.0,0.0,-36244.78574446609,297.6190476190476
2024,2024-04-25,tabular,0.05,0.25,50,0.0,0.0,150000.0,0.0,-62405.29441731884,297.6190476190476
2024,2024-05-13,tabular,0.05,0.25,50,0.0,0.0,150000.0,0.0,-29938.704197896608,297.6190476190476
2024,2024-05-28,tabular,0.05,0.25,50,0.0,0.0,150000.0,0.0,-671.3045765807274,297.6190476190476
2024,2024-06-11,tabular,0.05,0.25,50,0.0,0.0,150000.0,0.0,84711.6621799871,297.6190476190476
2024,2024-06-25,tabular,0.05,0.25,50,0.0,0.0,150000.0,0.0,-13013.524793160306,297.6190476190476
2024,2024-07-09,tabular,0.05,0.25,50,0.0,0.0,150000.0,0.0,-53517.30799699496,297.6190476190476
2024,2024-07-23,tabular,0.05,0.25,50,0.0,0.0,150000.0,0.0,-72580.08967770175,297.6190476190476
2024,2024-08-06,tabular,0.05,0.25,50,0.0,0.0,150000.0,0.0,13413.704379955409,297.6190476190476
2024,2024-08-20,tabular,0.05,0.25,50,0.0,0.0,150000.0,0.0,-50098.23911028708,297.6190476190476
2024,2024-09-04,tabular,0.05,0.25,50,0.0,0.0,150000.0,0.0,-8647.758876922737,297.6190476190476
2024,2024-09-18,tabular,0.05,0.25,50,0.0,0.0,150000.0,0.0,9371.657771511753,297.6190476190476
2024,2024-10-02,tabular,0.05,0.25,50,0.0,0.0,150000.0,0.0,-453.9016405306554,297.6190476190476
2024,2024-10-16,tabular,0.05,0.25,50,0.0,0.0,150000.0,0.0,1562.5628707706785,297.6190476190476
2024,2024-10-30,tabular,0.05,0.25,50,0.0,0.0,150000.0,0.0,12634.866668031464,297.6190476190476
2024,2024-11-13,tabular,0.05,0.25,50,0.0,0.0,150000.0,0.0,23851.167043182788,297.6190476190476
2024,2024-11-27,tabular,0.05,0.25,50,0.0,0.0,150000.0,0.0,8657.802234194774,297.6190476190476
2024,2024-12-11,tabular,0.05,0.25,50,0.0,0.0,150000.0,0.0,-1357.8596963778384,297.6190476190476
2024,2024-12-27,tabular,0.05,0.25,50,0.0,0.0,150000.0,0.0,146966.29083844385,297.6190476190476
2024,2024-01-02,tabular,0.05,0.25,100,0.0,0.0,150000.0,0.0,58434.38715762887,297.6190476190476
2024,2024-01-16,tabular,0.05,0.25,100,0.0,0.0,150000.0,0.0,53266.090491171744,297.6190476190476
2024,2024-01-30,tabular,0.05,0.25,100,0.0,0.0,150000.0,0.0,11837.71335297728,297.6190476190476
2024,2024-02-13,tabular,0.05,0.25,100,0.0,0.0,150000.0,0.0,-16599.524516322403,297.6190476190476
2024,2024-02-27,tabular,0.05,0.25,100,0.0,0.0,150000.0,0.0,-7157.980534364764,297.6190476190476
2024,2024-03-12,tabular,0.05,0.25,100,0.0,0.0,150000.0,0.0,32665.23830912623,297.6190476190476
2024,2024-03-26,tabular,0.05,0.25,100,0.0,0.0,150000.0,0.0,77458.3497422705,297.6190476190476
2024,2024-04-11,tabular,0.05,0.25,100,0.0,0.0,150000.0,0.0,-36244.78574446609,297.6190476190476
2024,2024-04-25,tabular,0.05,0.25,100,0.0,0.0,150000.0,0.0,-62405.29441731884,297.6190476190476
2024,2024-05-13,tabular,0.05,0.25,100,0.0,0.0,150000.0,0.0,-29938.704197896608,297.6190476190476
2024,2024-05-28,tabular,0.05,0.25,100,0.0,0.0,150000.0,0.0,-671.3045765807274,297.6190476190476
2024,2024-06-11,tabular,0.05,0.25,100,0.0,0.0,150000.0,0.0,84711.6621799871,297.6190476190476
2024,2024-06-25,tabular,0.05,0.25,100,0.0,0.0,150000.0,0.0,-13013.524793160306,297.6190476190476
2024,2024-07-09,tabular,0.05,0.25,100,0.0,0.0,150000.0,0.0,-53517.30799699496,297.6190476190476
2024,2024-07-23,tabular,0.05,0.25,100,0.0,0.0,150000.0,0.0,-72580.08967770175,297.6190476190476
2024,2024-08-06,tabular,0.05,0.25,100,0.0,0.0,150000.0,0.0,13413.704379955409,297.6190476190476
2024,2024-08-20,tabular,0.05,0.25,100,0.0,0.0,150000.0,0.0,-50098.23911028708,297.6190476190476
2024,2024-09-04,tabular,0.05,0.25,100,0.0,0.0,150000.0,0.0,-8647.758876922737,297.6190476190476
2024,2024-09-18,tabular,0.05,0.25,100,0.0,0.0,150000.0,0.0,9371.657771511753,297.6190476190476
2024,2024-10-02,tabular,0.05,0.25,100,0.0,0.0,150000.0,0.0,-453.9016405306554,297.6190476190476
2024,2024-10-16,tabular,0.05,0.25,100,0.0,0.0,150000.0,0.0,1562.5628707706785,297.6190476190476
2024,2024-10-30,tabular,0.05,0.25,100,0.0,0.0,150000.0,0.0,12634.866668031464,297.6190476190476
2024,2024-11-13,tabular,0.05,0.25,100,0.0,0.0,150000.0,0.0,23851.167043182788,297.6190476190476
2024,2024-11-27,tabular,0.05,0.25,100,0.0,0.0,150000.0,0.0,8657.802234194774,297.6190476190476
2024,2024-12-11,tabular,0.05,0.25,100,0.0,0.0,150000.0,0.0,-1357.8596963778384,297.6190476190476
2024,2024-12-27,tabular,0.05,0.25,100,0.0,0.0,150000.0,0.0,146966.29083844385,297.6190476190476
2024,2024-01-02,tabular,0.05,1.0,10,0.75,0.0,120000.0,0.0,19970.326297188123,988.095238095238
2024,2024-01-16,tabular,0.05,1.0,10,0.75,0.0,130000.0,0.0,15929.845949687093,1007.936507936508
2024,2024-01-30,tabular,0.05,1.0,10,0.75,0.0,100000.0,0.0,6667.758515801198,948.4126984126984
2024,2024-02-13,tabular,0.05,1.0,10,0.75,0.0,140000.0,0.0,-8455.048595642525,1027.7777777777778
2024,2024-02-27,tabular,0.05,1.0,10,0.75,0.0,125000.0,0.0,-5904.997240808711,998.015873015873
2024,2024-03-12,tabular,0.05,1.0,10,0.75,0.0,130000.0,0.0,12494.308354548144,1007.936507936508
2024,2024-03-26,tabular,0.05,1.0,10,0.75,0.0,125000.0,0.0,28744.579517616818,998.015873015873
2024,2024-04-11,tabular,0.05,1.0,10,0.75,0.0,125000.0,0.0,-8454.863348575862,998.015873015873
2024,2024-04-25,tabular,0.05,1.0,10,0.75,0.0,125000.0,0.0,-20521.07194285809,998.015873015873
2024,2024-05-13,tabular,0.05,1.0,10,0.75,0.0,130000.0,0.0,-13348.177629009844,1007.936507936508
2024,2024-05-28,tabular,0.05,1.0,10,0.75,0.0,130000.0,0.0,10301.156697085324,1007.936507936508
2024,2024-06-11,tabular,0.05,1.0,10,0.75,0.0,120000.0,0.0,22391.01339645627,988.095238095238
2024,2024-06-25,tabular,0.05,1.0,10,0.75,0.0,90000.0,0.0,-10162.47076712642,928.5714285714286
2024,2024-07-09,tabular,0.05,1.0,10,0.75,0.0,130000.0,0.0,-16398.89911632887,1007.936507936508
2024,2024-07-23,tabular,0.05,1.0,10,0.75,0.0,140000.0,0.0,-21667.68091857771,1027.7777777777778
2024,2024-08-06,tabular,0.05,1.0,10,0.75,0.0,125000.0,0.0,-8414.799927013957,998.015873015873
2024,2024-08-20,tabular,0.05,1.0,10,0.75,0.0,120000.0,0.0,-10339.202965708866,988.095238095238
2024,2024-09-04,tabular,0.05,1.0,10,0.75,0.0,120000.0,0.0,-7141.129708581969,988.095238095238
2024,2024-09-18,tabular,0.05,1.0,10,0.75,0.0,100000.0,0.0,5949.75761048114,948.4126984126984
2024,2024-10-02,tabular,0.05,1.0,10,0.75,0.0,130000.0,0.0,11668.727266762917,1007.936507936508
2024,2024-10-16,tabular,0.05,1.0,10,1.0,0.0,55000.0,0.0,7536.765178985339,1109.126984126984
2024,2024-10-30,tabular,0.05,1.0,10,0.75,0.0,125000.0,0.0,16220.442409050413,998.015873015873
2024,2024-11-13,tabular,0.05,1.0,10,0.75,0.0,130000.0,0.0,13042.767372581744,1007.936507936508
2024,2024-11-27,tabular,0.05,1.0,10,0.75,0.0,125000.0,0.0,3888.488203617098,998.015873015873
2024,2024-12-11,tabular,0.05,1.0,10,1.0,0.0,60000.0,0.0,6843.269639465099,1119.047619047619
2024,2024-12-27,tabular,0.05,1.0,10,0.75,0.0,140000.0,0.0,56279.01958996881,1027.7777777777778
2024,2024-01-02,tabular,0.05,1.0,50,0.25,0.0,145000.0,0.0,45613.03353748196,1537.6984126984128
2024,2024-01-16,tabular,0.05,1.0,50,0.25,0.0,145000.0,0.0,40820.6756440102,1537.6984126984128
2024,2024-01-30,tabular,0.05,1.0,50,0.0,0.0,150000.0,0.0,11837.71335297728,297.6190476190476
2024,2024-02-13,tabular,0.05,1.0,50,0.25,0.0,145000.0,0.0,-13884.699209429107,1537.6984126984128
2024,2024-02-27,tabular,0.05,1.0,50,0.25,0.0,145000.0,0.0,-6740.319436512746,1537.6984126984128
2024,2024-03-12,tabular,0.05,1.0,50,0.25,0.0,145000.0,0.0,25941.594990933536,1537.6984126984128
2024,2024-03-26,tabular,0.05,1.0,50,0.25,0.0,145000.0,0.0,61220.4263340526,1537.6984126984128
2024,2024-04-11,tabular,0.05,1.0,50,0.25,0.0,145000.0,0.0,-26981.47827916935,1537.6984126984128
2024,2024-04-25,tabular,0.05,1.0,50,0.25,0.0,145000.0,0.0,-48443.886925831925,1537.6984126984128
2024,2024-05-13,tabular,0.05,1.0,50,0.25,0.0,145000.0,0.0,-24408.528674934358,1537.6984126984128
2024,2024-05-28,tabular,0.05,1.0,50,0.25,0.0,145000.0,0.0,2986.18251464129,1537.6984126984128
2024,2024-06-11,tabular,0.05,1.0,50,0.25,0.0,145000.0,0.0,63938.112585476825,1537.6984126984128
2024,2024-06-25,tabular,0.05,1.0,50,0.25,0.0,145000.0,0.0,-12063.17345114901,1537.6984126984128
2024,2024-07-09,tabular,0.05,1.0,50,0.25,0.0,145000.0,0.0,-41144.50503677293,1537.6984126984128
2024,2024-07-23,tabular,0.05,1.0,50,0.25,0.0,145000.0,0.0,-55609.28675799373,1537.6984126984128
2024,2024-08-06,tabular,0.05,1.0,50,0.25,0.0,145000.0,0.0,6137.536277632286,1537.6984126984128
2024,2024-08-20,tabular,0.05,1.0,50,0.25,0.0,145000.0,0.0,-36845.22706209434,1537.6984126984128
2024,2024-09-04,tabular,0.05,1.0,50,0.25,0.0,145000.0,0.0,-8145.54915414248,1537.6984126984128
2024,2024-09-18,tabular,0.05,1.0,50,0.0,0.0,150000.0,0.0,9371.657771511753,297.6190476190476
2024,2024-10-02,tabular,0.05,1.0,50,0.25,0.0,145000.0,0.0,3586.9746619005346,1537.6984126984128
2024,2024-10-16,tabular,0.05,1.0,50,0.25,0.0,145000.0,0.0,3056.1134478243434,1537.6984126984128
2024,2024-10-30,tabular,0.05,1.0,50,0.25,0.0,145000.0,0.0,13830.058581704448,1537.6984126984128
2024,2024-11-13,tabular,0.05,1.0,50,0.25,0.0,145000.0,0.0,20248.36715298244,1537.6984126984128
2024,2024-11-27,tabular,0.05,1.0,50,0.0,0.0,150000.0,0.0,8657.802234194774,297.6190476190476
2024,2024-12-11,tabular,0.05,1.0,50,0.25,0.0,145000.0,0.0,692.4226375828961,1537.6984126984128
2024,2024-12-27,tabular,0.05,1.0,50,0.25,0.0,145000.0,0.0,116737.2004222855,1537.6984126984128
2024,2024-01-02,tabular,0.05,1.0,100,0.0,0.0,150000.0,0.0,58434.38715762887,297.6190476190476
2024,2024-01-16,tabular,0.05,1.0,100,0.0,0.0,150000.0,0.0,53266.090491171744,297.6190476190476
2024,2024-01-30,tabular,0.05,1.0,100,0.0,0.0,150000.0,0.0,11837.71335297728,297.6190476190476
2024,2024-02-13,tabular,0.05,1.0,100,0.0,0.0,150000.0,0.0,-16599.524516322403,297.6190476190476
2024,2024-02-27,tabular,0.05,1.0,100,0.0,0.0,150000.0,0.0,-7157.980534364764,297.6190476190476
2024,2024-03-12,tabular,0.05,1.0,100,0.0,0.0,150000.0,0.0,32665.23830912623,297.6190476190476
2024,2024-03-26,tabular,0.05,1.0,100,0.0,0.0,150000.0,0.0,77458.3497422705,297.6190476190476
2024,2024-04-11,tabular,0.05,1.0,100,0.0,0.0,150000.0,0.0,-36244.78574446609,297.6190476190476
2024,2024-04-25,tabular,0.05,1.0,100,0.0,0.0,150000.0,0.0,-62405.29441731884,297.6190476190476
2024,2024-05-13,tabular,0.05,1.0,100,0.0,0.0,150000.0,0.0,-29938.704197896608,297.6190476190476
2024,2024-05-28,tabular,0.05,1.0,100,0.0,0.0,150000.0,0.0,-671.3045765807274,297.6190476190476
2024,2024-06-11,tabular,0.05,1.0,100,0.0,0.0,150000.0,0.0,84711.6621799871,297.6190476190476
2024,2024-06-25,tabular,0.05,1.0,100,0.0,0.0,150000.0,0.0,-13013.524793160306,297.6190476190476
2024,2024-07-09,tabular,0.05,1.0,100,0.0,0.0,150000.0,0.0,-53517.30799699496,297.6190476190476
2024,2024-07-23,tabular,0.05,1.0,100,0.0,0.0,150000.0,0.0,-72580.08967770175,297.6190476190476
2024,2024-08-06,tabular,0.05,1.0,100,0.0,0.0,150000.0,0.0,13413.704379955409,297.6190476190476
2024,2024-08-20,tabular,0.05,1.0,100,0.0,0.0,150000.0,0.0,-50098.23911028708,297.6190476190476
2024,2024-09-04,tabular,0.05,1.0,100,0.0,0.0,150000.0,0.0,-8647.758876922737,297.6190476190476
2024,2024-09-18,tabular,0.05,1.0,100,0.0,0.0,150000.0,0.0,9371.657771511753,297.6190476190476
2024,2024-10-02,tabular,0.05,1.0,100,0.0,0.0,150000.0,0.0,-453.9016405306554,297.6190476190476
2024,2024-10-16,tabular,0.05,1.0,100,0.0,0.0,150000.0,0.0,1562.5628707706785,297.6190476190476
2024,2024-10-30,tabular,0.05,1.0,100,0.0,0.0,150000.0,0.0,12634.866668031464,297.6190476190476
2024,2024-11-13,tabular,0.05,1.0,100,0.0,0.0,150000.0,0.0,23851.167043182788,297.6190476190476
2024,2024-11-27,tabular,0.05,1.0,100,0.0,0.0,150000.0,0.0,8657.802234194774,297.6190476190476
2024,2024-12-11,tabular,0.05,1.0,100,0.0,0.0,150000.0,0.0,-1357.8596963778384,297.6190476190476
2024,2024-12-27,tabular,0.05,1.0,100,0.0,0.0,150000.0,0.0,146966.29083844385,297.6190476190476
2024,2024-01-02,tabular,0.05,2.0,10,1.0,0.0,60000.0,0.0,7148.972677041212,1119.047619047619
2024,2024-01-16,tabular,0.05,2.0,10,1.0,0.0,60000.0,0.0,3484.43110252554,1119.047619047619
2024,2024-01-30,tabular,0.05,2.0,10,1.0,0.0,55000.0,0.0,4944.440236742504,1109.126984126984
2024,2024-02-13,tabular,0.05,2.0,10,1.0,0.0,65000.0,0.0,-5740.223288749232,1128.968253968254
2024,2024-02-27,tabular,0.05,2.0,10,1.0,0.0,60000.0,0.0,-5487.336142956692,1119.047619047619
2024,2024-03-12,tabular,0.05,2.0,10,1.0,0.0,60000.0,0.0,5770.665036355447,1119.047619047619
2024,2024-03-26,tabular,0.05,2.0,10,1.0,0.0,60000.0,0.0,12506.656109398926,1119.047619047619
2024,2024-04-11,tabular,0.05,2.0,10,1.0,0.0,60000.0,0.0,808.4441167208814,1119.047619047619
2024,2024-04-25,tabular,0.05,2.0,10,1.0,0.0,60000.0,0.0,-6559.664451371176,1119.047619047619
2024,2024-05-13,tabular,0.05,2.0,10,1.0,0.0,60000.0,0.0,-7818.002106047588,1119.047619047619
2024,2024-05-28,tabular,0.05,2.0,10,1.0,0.0,65000.0,0.0,13958.64378830734,1128.968253968254
2024,2024-06-11,tabular,0.05,2.0,10,1.0,0.0,60000.0,0.0,1617.463801945995,1119.047619047619
2024,2024-06-25,tabular,0.05,2.0,10,1.0,0.0,55000.0,0.0,-9212.11942511512,1109.126984126984
2024,2024-07-09,tabular,0.05,2.0,10,1.0,0.0,60000.0,0.0,-4026.0961561068425,1119.047619047619
2024,2024-07-23,tabular,0.05,2.0,10,1.0,0.0,65000.0,0.0,-4696.877998869697,1128.968253968254
2024,2024-08-06,tabular,0.05,2.0,10,1.0,0.0,60000.0,0.0,-15690.96802933708,1119.047619047619
2024,2024-08-20,tabular,0.05,2.0,10,1.0,0.0,60000.0,0.0,2913.8090824838705,1119.047619047619
2024,2024-09-04,tabular,0.05,2.0,10,1.0,0.0,55000.0,0.0,-6638.919985801713,1109.126984126984
2024,2024-09-18,tabular,0.05,2.0,10,1.0,0.0,55000.0,0.0,4809.124223470936,1109.126984126984
2024,2024-10-02,tabular,0.05,2.0,10,1.0,0.0,65000.0,0.0,15709.603569194103,1128.968253968254
2024,2024-10-16,tabular,0.05,2.0,10,1.0,0.0,60000.0,0.0,7536.765178985339,1119.047619047619
2024,2024-10-30,tabular,0.05,2.0,10,1.0,0.0,60000.0,0.0,17415.634322723396,1119.047619047619
2024,2024-11-13,tabular,0.05,2.0,10,1.0,0.0,60000.0,0.0,9439.967482381397,1119.047619047619
2024,2024-11-27,tabular,0.05,2.0,10,1.0,0.0,60000.0,0.0,2298.716860091206,1119.047619047619
2024,2024-12-11,tabular,0.05,2.0,10,1.0,0.0,65000.0,0.0,6843.269639465099,1128.968253968254
2024,2024-12-27,tabular,0.05,2.0,10,1.0,0.0,65000.0,0.0,26049.929173810466,1128.968253968254
2024,2024-01-02,tabular,0.05,2.0,50,0.5,0.0,145000.0,0.0,32791.67991733504,2787.6984126984125
2024,2024-01-16,tabular,0.05,2.0,50,0.5,0.0,145000.0,0.0,28375.26079684864,2787.6984126984125
2024,2024-01-30,tabular,0.05,2.0,50,0.25,0.0,145000.0,0.0,10114.395073918586,1537.6984126984128
2024,2024-02-13,tabular,0.05,2.0,50,0.5,0.0,145000.0,0.0,-11169.873902535815,2787.6984126984125
2024,2024-02-27,tabular,0.05,2.0,50,0.5,0.0,145000.0,0.0,-6322.658338660728,2787.6984126984125
2024,2024-03-12,tabular,0.05,2.0,50,0.5,0.0,145000.0,0.0,19217.95167274084,2787.6984126984125
2024,2024-03-26,tabular,0.05,2.0,50,0.5,0.0,145000.0,0.0,44982.50292583471,2787.6984126984125
2024,2024-04-11,tabular,0.05,2.0,50,0.5,0.0,145000.0,0.0,-17718.170813872606,2787.6984126984125
2024,2024-04-25,tabular,0.05,2.0,50,0.5,0.0,145000.0,0.0,-34482.479434345005,2787.6984126984125
2024,2024-05-13,tabular,0.05,2.0,50,0.5,0.0,145000.0,0.0,-18878.3531519721,2787.6984126984125
2024,2024-05-28,tabular,0.05,2.0,50,0.5,0.0,145000.0,0.0,6643.669605863307,2787.6984126984125
2024,2024-06-11,tabular,0.05,2.0,50,0.5,0.0,145000.0,0.0,43164.56299096655,2787.6984126984125
2024,2024-06-25,tabular,0.05,2.0,50,0.5,0.0,145000.0,0.0,-11112.822109137716,2787.6984126984125
2024,2024-07-09,tabular,0.05,2.0,50,0.5,0.0,145000.0,0.0,-28771.7020765509,2787.6984126984125
2024,2024-07-23,tabular,0.05,2.0,50,0.5,0.0,145000.0,0.0,-38638.48383828572,2787.6984126984125
2024,2024-08-06,tabular,0.05,2.0,50,0.5,0.0,145000.0,0.0,-1138.631824690836,2787.6984126984125
2024,2024-08-20,tabular,0.05,2.0,50,0.5,0.0,145000.0,0.0,-23592.2150139016,2787.6984126984125
2024,2024-09-04,tabular,0.05,2.0,50,0.5,0.0,145000.0,0.0,-7643.339431362225,2787.6984126984125
2024,2024-09-18,tabular,0.05,2.0,50,0.5,0.0,145000.0,0.0,7090.390997491343,2787.6984126984125
2024,2024-10-02,tabular,0.05,2.0,50,0.5,0.0,145000.0,0.0,7627.850964331725,2787.6984126984125
2024,2024-10-16,tabular,0.05,2.0,50,0.5,0.0,145000.0,0.0,4549.664024878009,2787.6984126984125
2024,2024-10-30,tabular,0.05,2.0,50,0.5,0.0,145000.0,0.0,15025.25049537743,2787.6984126984125
2024,2024-11-13,tabular,0.05,2.0,50,0.5,0.0,145000.0,0.0,16645.56726278209,2787.6984126984125
2024,2024-11-27,tabular,0.05,2.0,50,0.5,0.0,145000.0,0.0,5478.2595471429895,2787.6984126984125
2024,2024-12-11,tabular,0.05,2.0,50,0.5,0.0,145000.0,0.0,2742.7049715436306,2787.6984126984125
2024,2024-12-27,tabular,0.05,2.0,50,0.5,0.0,145000.0,0.0,86508.11000612716,2787.6984126984125
2024,2024-01-02,tabular,0.05,2.0,100,0.25,0.0,145000.0,0.0,45613.03353748196,2787.6984126984125
2024,2024-01-16,tabular,0.05,2.0,100,0.25,0.0,145000.0,0.0,40820.6756440102,2787.6984126984125
2024,2024-01-30,tabular,0.05,2.0,100,0.0,0.0,150000.0,0.0,11837.71335297728,297.6190476190476
2024,2024-02-13,tabular,0.05,2.0,100,0.25,0.0,145000.0,0.0,-13884.699209429107,2787.6984126984125
2024,2024-02-27,tabular,0.05,2.0,100,0.25,0.0,145000.0,0.0,-6740.319436512746,2787.6984126984125
2024,2024-03-12,tabular,0.05,2.0,100,0.25,0.0,145000.0,0.0,25941.594990933536,2787.6984126984125
2024,2024-03-26,tabular,0.05,2.0,100,0.25,0.0,145000.0,0.0,61220.4263340526,2787.6984126984125
2024,2024-04-11,tabular,0.05,2.0,100,0.25,0.0,145000.0,0.0,-26981.47827916935,2787.6984126984125
2024,2024-04-25,tabular,0.05,2.0,100,0.25,0.0,145000.0,0.0,-48443.886925831925,2787.6984126984125
2024,2024-05-13,tabular,0.05,2.0,100,0.25,0.0,145000.0,0.0,-24408.528674934358,2787.6984126984125
2024,2024-05-28,tabular,0.05,2.0,100,0.25,0.0,145000.0,0.0,2986.18251464129,2787.6984126984125
2024,2024-06-11,tabular,0.05,2.0,100,0.25,0.0,145000.0,0.0,63938.112585476825,2787.6984126984125
2024,2024-06-25,tabular,0.05,2.0,100,0.25,0.0,145000.0,0.0,-12063.17345114901,2787.6984126984125
2024,2024-07-09,tabular,0.05,2.0,100,0.25,0.0,145000.0,0.0,-41144.50503677293,2787.6984126984125
2024,2024-07-23,tabular,0.05,2.0,100,0.25,0.0,145000.0,0.0,-55609.28675799373,2787.6984126984125
2024,2024-08-06,tabular,0.05,2.0,100,0.25,0.0,145000.0,0.0,6137.536277632286,2787.6984126984125
2024,2024-08-20,tabular,0.05,2.0,100,0.25,0.0,145000.0,0.0,-36845.22706209434,2787.6984126984125
2024,2024-09-04,tabular,0.05,2.0,100,0.25,0.0,145000.0,0.0,-8145.54915414248,2787.6984126984125
2024,2024-09-18,tabular,0.05,2.0,100,0.0,0.0,150000.0,0.0,9371.657771511753,297.6190476190476
2024,2024-10-02,tabular,0.05,2.0,100,0.25,0.0,145000.0,0.0,3586.9746619005346,2787.6984126984125
2024,2024-10-16,tabular,0.05,2.0,100,0.25,0.0,145000.0,0.0,3056.1134478243434,2787.6984126984125
2024,2024-10-30,tabular,0.05,2.0,100,0.25,0.0,145000.0,0.0,13830.058581704448,2787.6984126984125
2024,2024-11-13,tabular,0.05,2.0,100,0.25,0.0,145000.0,0.0,20248.36715298244,2787.6984126984125
2024,2024-11-27,tabular,0.05,2.0,100,0.0,0.0,150000.0,0.0,8657.802234194774,297.6190476190476
2024,2024-12-11,tabular,0.05,2.0,100,0.25,0.0,145000.0,0.0,692.4226375828961,2787.6984126984125
2024,2024-12-27,tabular,0.05,2.0,100,0.25,0.0,145000.0,0.0,116737.2004222855,2787.6984126984125
2024,2024-01-02,tabular,0.1,0.25,10,0.75,0.0,55000.0,0.0,19970.326297188123,968.2539682539682
2024,2024-01-16,tabular,0.1,0.25,10,0.75,0.0,60000.0,0.0,15929.845949687093,988.095238095238
2024,2024-01-30,tabular,0.1,0.25,10,0.75,0.0,50000.0,0.0,6667.758515801198,948.4126984126984
2024,2024-02-13,tabular,0.1,0.25,10,0.75,0.0,70000.0,0.0,-8455.048595642525,1027.7777777777778
2024,2024-02-27,tabular,0.1,0.25,10,0.75,0.0,55000.0,0.0,-5904.997240808711,968.2539682539682
2024,2024-03-12,tabular,0.1,0.25,10,0.75,0.0,60000.0,0.0,12494.308354548144,988.095238095238
2024,2024-03-26,tabular,0.1,0.25,10,0.75,0.0,55000.0,0.0,28744.579517616818,968.2539682539682
2024,2024-04-11,tabular,0.1,0.25,10,0.75,0.0,55000.0,0.0,-8454.863348575862,968.2539682539682
2024,2024-04-25,tabular,0.1,0.25,10,0.75,0.0,55000.0,0.0,-20521.07194285809,968.2539682539682
2024,2024-05-13,tabular,0.1,0.25,10,0.75,0.0,60000.0,0.0,-13348.177629009844,988.095238095238
2024,2024-05-28,tabular,0.1,0.25,10,0.75,0.0,60000.0,0.0,10301.156697085324,988.095238095238
2024,2024-06-11,tabular,0.1,0.25,10,0.75,0.0,55000.0,0.0,22391.01339645627,968.2539682539682
2024,2024-06-25,tabular,0.1,0.25,10,0.75,0.0,55000.0,0.0,-10162.47076712642,968.2539682539682
2024,2024-07-09,tabular,0.1,0.25,10,0.75,0.0,60000.0,0.0,-16398.89911632887,988.095238095238
2024,2024-07-23,tabular,0.1,0.25,10,0.75,0.0,60000.0,0.0,-21667.68091857771,988.095238095238
2024,2024-08-06,tabular,0.1,0.25,10,0.75,0.0,55000.0,0.0,-8414.799927013957,968.2539682539682
2024,2024-08-20,tabular,0.1,0.25,10,0.75,0.0,55000.0,0.0,-10339.202965708866,968.2539682539682
2024,2024-09-04,tabular,0.1,0.25,10,0.75,0.0,55000.0,0.0,-7141.129708581969,968.2539682539682
2024,2024-09-18,tabular,0.1,0.25,10,0.75,0.0,50000.0,0.0,5949.75761048114,948.4126984126984
2024,2024-10-02,tabular,0.1,0.25,10,0.75,0.0,60000.0,0.0,11668.727266762917,988.095238095238
2024,2024-10-16,tabular,0.1,0.25,10,0.75,0.0,55000.0,0.0,6043.214601931673,968.2539682539682
2024,2024-10-30,tabular,0.1,0.25,10,0.75,0.0,55000.0,0.0,16220.442409050413,968.2539682539682
2024,2024-11-13,tabular,0.1,0.25,10,0.75,0.0,60000.0,0.0,13042.767372581744,988.095238095238
2024,2024-11-27,tabular,0.1,0.25,10,0.75,0.0,55000.0,0.0,3888.488203617098,968.2539682539682
2024,2024-12-11,tabular,0.1,0.25,10,0.75,0.0,60000.0,0.0,4792.987305504365,988.095238095238
2024,2024-12-27,tabular,0.1,0.25,10,0.75,0.0,60000.0,0.0,56279.01958996881,988.095238095238
2024,2024-01-02,tabular,0.1,0.25,50,0.0,0.0,150000.0,0.0,58434.38715762887,595.2380952380952
2024,2024-01-16,tabular,0.1,0.25,50,0.0,0.0,150000.0,0.0,53266.090491171744,595.2380952380952
2024,2024-01-30,tabular,0.1,0.25,50,0.0,0.0,150000.0,0.0,11837.71335297728,595.2380952380952
2024,2024-02-13,tabular,0.1,0.25,50,0.0,0.0,150000.0,0.0,-16599.524516322403,595.2380952380952
2024,2024-02-27,tabular,0.1,0.25,50,0.0,0.0,150000.0,0.0,-7157.980534364764,595.2380952380952
2024,2024-03-12,tabular,0.1,0.25,50,0.0,0.0,150000.0,0.0,32665.23830912623,595.2380952380952
2024,2024-03-26,tabular,0.1,0.25,50,0.0,0.0,150000.0,0.0,77458.3497422705,595.2380952380952
2024,2024-04-11,tabular,0.1,0.25,50,0.0,0.0,150000.0,0.0,-36244.78574446609,595.2380952380952
2024,2024-04-25,tabular,0.1,0.25,50,0.0,0.0,150000.0,0.0,-62405.29441731884,595.2380952380952
2024,2024-05-13,tabular,0.1,0.25,50,0.0,0.0,150000.0,0.0,-29938.704197896608,595.2380952380952
2024,2024-05-28,tabular,0.1,0.25,50,0.0,0.0,150000.0,0.0,-671.3045765807274,595.2380952380952
2024,2024-06-11,tabular,0.1,0.25,50,0.0,0.0,150000.0,0.0,84711.6621799871,595.2380952380952
2024,2024-06-25,tabular,0.1,0.25,50,0.0,0.0,150000.0,0.0,-13013.524793160306,595.2380952380952
2024,2024-07-09,tabular,0.1,0.25,50,0.0,0.0,150000.0,0.0,-53517.30799699496,595.2380952380952
2024,2024-07-23,tabular,0.1,0.25,50,0.0,0.0,150000.0,0.0,-72580.08967770175,595.2380952380952
2024,2024-08-06,tabular,0.1,0.25,50,0.0,0.0,150000.0,0.0,13413.704379955409,595.2380952380952
2024,2024-08-20,tabular,0.1,0.25,50,0.0,0.0,150000.0,0.0,-50098.23911028708,595.2380952380952
2024,2024-09-04,tabular,0.1,0.25,50,0.0,0.0,150000.0,0.0,-8647.758876922737,595.2380952380952
2024,2024-09-18,tabular,0.1,0.25,50,0.0,0.0,150000.0,0.0,9371.657771511753,595.2380952380952
2024,2024-10-02,tabular,0.1,0.25,50,0.0,0.0,150000.0,0.0,-453.9016405306554,595.2380952380952
2024,2024-10-16,tabular,0.1,0.25,50,0.0,0.0,150000.0,0.0,1562.5628707706785,595.2380952380952
2024,2024-10-30,tabular,0.1,0.25,50,0.0,0.0,150000.0,0.0,12634.866668031464,595.2380952380952
2024,2024-11-13,tabular,0.1,0.25,50,0.0,0.0,150000.0,0.0,23851.167043182788,595.2380952380952
2024,2024-11-27,tabular,0.1,0.25,50,0.0,0.0,150000.0,0.0,8657.802234194774,595.2380952380952
2024,2024-12-11,tabular,0.1,0.25,50,0.0,0.0,150000.0,0.0,-1357.8596963778384,595.2380952380952
2024,2024-12-27,tabular,0.1,0.25,50,0.0,0.0,150000.0,0.0,146966.29083844385,595.2380952380952
2024,2024-01-02,tabular,0.1,0.25,100,0.0,0.0,150000.0,0.0,58434.38715762887,595.2380952380952
2024,2024-01-16,tabular,0.1,0.25,100,0.0,0.0,150000.0,0.0,53266.090491171744,595.2380952380952
2024,2024-01-30,tabular,0.1,0.25,100,0.0,0.0,150000.0,0.0,11837.71335297728,595.2380952380952
2024,2024-02-13,tabular,0.1,0.25,100,0.0,0.0,150000.0,0.0,-16599.524516322403,595.2380952380952
2024,2024-02-27,tabular,0.1,0.25,100,0.0,0.0,150000.0,0.0,-7157.980534364764,595.2380952380952
2024,2024-03-12,tabular,0.1,0.25,100,0.0,0.0,150000.0,0.0,32665.23830912623,595.2380952380952
2024,2024-03-26,tabular,0.1,0.25,100,0.0,0.0,150000.0,0.0,77458.3497422705,595.2380952380952
2024,2024-04-11,tabular,0.1,0.25,100,0.0,0.0,150000.0,0.0,-36244.78574446609,595.2380952380952
2024,2024-04-25,tabular,0.1,0.25,100,0.0,0.0,150000.0,0.0,-62405.29441731884,595.2380952380952
2024,2024-05-13,tabular,0.1,0.25,100,0.0,0.0,150000.0,0.0,-29938.704197896608,595.2380952380952
2024,2024-05-28,tabular,0.1,0.25,100,0.0,0.0,150000.0,0.0,-671.3045765807274,595.2380952380952
2024,2024-06-11,tabular,0.1,0.25,100,0.0,0.0,150000.0,0.0,84711.6621799871,595.2380952380952
2024,2024-06-25,tabular,0.1,0.25,100,0.0,0.0,150000.0,0.0,-13013.524793160306,595.2380952380952
2024,2024-07-09,tabular,0.1,0.25,100,0.0,0.0,150000.0,0.0,-53517.30799699496,595.2380952380952
2024,2024-07-23,tabular,0.1,0.25,100,0.0,0.0,150000.0,0.0,-72580.08967770175,595.2380952380952
2024,2024-08-06,tabular,0.1,0.25,100,0.0,0.0,150000.0,0.0,13413.704379955409,595.2380952380952
2024,2024-08-20,tabular,0.1,0.25,100,0.0,0.0,150000.0,0.0,-50098.23911028708,595.2380952380952
2024,2024-09-04,tabular,0.1,0.25,100,0.0,0.0,150000.0,0.0,-8647.758876922737,595.2380952380952
2024,2024-09-18,tabular,0.1,0.25,100,0.0,0.0,150000.0,0.0,9371.657771511753,595.2380952380952
2024,2024-10-02,tabular,0.1,0.25,100,0.0,0.0,150000.0,0.0,-453.9016405306554,595.2380952380952
2024,2024-10-16,tabular,0.1,0.25,100,0.0,0.0,150000.0,0.0,1562.5628707706785,595.2380952380952
2024,2024-10-30,tabular,0.1,0.25,100,0.0,0.0,150000.0,0.0,12634.866668031464,595.2380952380952
2024,2024-11-13,tabular,0.1,0.25,100,0.0,0.0,150000.0,0.0,23851.167043182788,595.2380952380952
2024,2024-11-27,tabular,0.1,0.25,100,0.0,0.0,150000.0,0.0,8657.802234194774,595.2380952380952
2024,2024-12-11,tabular,0.1,0.25,100,0.0,0.0,150000.0,0.0,-1357.8596963778384,595.2380952380952
2024,2024-12-27,tabular,0.1,0.25,100,0.0,0.0,150000.0,0.0,146966.29083844385,595.2380952380952
2024,2024-01-02,tabular,0.1,1.0,10,1.0,0.0,45000.0,0.0,7148.972677041212,1178.5714285714284
2024,2024-01-16,tabular,0.1,1.0,10,1.0,0.0,50000.0,0.0,3484.43110252554,1198.4126984126983
2024,2024-01-30,tabular,0.1,1.0,10,1.0,0.0,45000.0,0.0,4944.440236742504,1178.5714285714284
2024,2024-02-13,tabular,0.1,1.0,10,1.0,0.0,55000.0,0.0,-5740.223288749232,1218.2539682539682
2024,2024-02-27,tabular,0.1,1.0,10,1.0,0.0,50000.0,0.0,-5487.336142956692,1198.4126984126983
2024,2024-03-12,tabular,0.1,1.0,10,1.0,0.0,50000.0,0.0,5770.665036355447,1198.4126984126983
2024,2024-03-26,tabular,0.1,1.0,10,1.0,0.0,50000.0,0.0,12506.656109398926,1198.4126984126983
2024,2024-04-11,tabular,0.1,1.0,10,1.0,0.0,50000.0,0.0,808.4441167208814,1198.4126984126983
2024,2024-04-25,tabular,0.1,1.0,10,1.0,0.0,50000.0,0.0,-6559.664451371176,1198.4126984126983
2024,2024-05-13,tabular,0.1,1.0,10,1.0,0.0,50000.0,0.0,-7818.002106047588,1198.4126984126983
2024,2024-05-28,tabular,0.1,1.0,10,1.0,0.0,55000.0,0.0,13958.64378830734,1218.2539682539682
2024,2024-06-11,tabular,0.1,1.0,10,1.0,0.0,45000.0,0.0,1617.463801945995,1178.5714285714284
2024,2024-06-25,tabular,0.1,1.0,10,1.0,0.0,45000.0,0.0,-9212.11942511512,1178.5714285714284
2024,2024-07-09,tabular,0.1,1.0,10,1.0,0.0,50000.0,0.0,-4026.0961561068425,1198.4126984126983
2024,2024-07-23,tabular,0.1,1.0,10,1.0,0.0,55000.0,0.0,-4696.877998869697,1218.2539682539682
2024,2024-08-06,tabular,0.1,1.0,10,1.0,0.0,50000.0,0.0,-15690.96802933708,1198.4126984126983
2024,2024-08-20,tabular,0.1,1.0,10,1.0,0.0,50000.0,0.0,2913.8090824838705,1198.4126984126983
2024,2024-09-04,tabular,0.1,1.0,10,1.0,0.0,45000.0,0.0,-6638.919985801713,1178.5714285714284
2024,2024-09-18,tabular,0.1,1.0,10,1.0,0.0,45000.0,0.0,4809.124223470936,1178.5714285714284
2024,2024-10-02,tabular,0.1,1.0,10,1.0,0.0,55000.0,0.0,15709.603569194103,1218.2539682539682
2024,2024-10-16,tabular,0.1,1.0,10,1.0,0.0,50000.0,0.0,7536.765178985339,1198.4126984126983
2024,2024-10-30,tabular,0.1,1.0,10,1.0,0.0,50000.0,0.0,17415.634322723396,1198.4126984126983
2024,2024-11-13,tabular,0.1,1.0,10,1.0,0.0,50000.0,0.0,9439.967482381397,1198.4126984126983
2024,2024-11-27,tabular,0.1,1.0,10,1.0,0.0,50000.0,0.0,2298.716860091206,1198.4126984126983
2024,2024-12-11,tabular,0.1,1.0,10,1.0,0.0,55000.0,0.0,6843.269639465099,1218.2539682539682
2024,2024-12-27,tabular,0.1,1.0,10,1.0,0.0,55000.0,0.0,26049.929173810466,1218.2539682539682
2024,2024-01-02,tabular,0.1,1.0,50,0.25,0.0,145000.0,0.0,45613.03353748196,1825.3968253968253
2024,2024-01-16,tabular,0.1,1.0,50,0.25,0.0,145000.0,0.0,40820.6756440102,1825.3968253968253
2024,2024-01-30,tabular,0.1,1.0,50,0.0,0.0,150000.0,0.0,11837.71335297728,595.2380952380952
2024,2024-02-13,tabular,0.1,1.0,50,0.25,0.0,145000.0,0.0,-13884.699209429107,1825.3968253968253
2024,2024-02-27,tabular,0.1,1.0,50,0.25,0.0,145000.0,0.0,-6740.319436512746,1825.3968253968253
2024,2024-03-12,tabular,0.1,1.0,50,0.25,0.0,145000.0,0.0,25941.594990933536,1825.3968253968253
2024,2024-03-26,tabular,0.1,1.0,50,0.25,0.0,145000.0,0.0,61220.4263340526,1825.3968253968253
2024,2024-04-11,tabular,0.1,1.0,50,0.25,0.0,145000.0,0.0,-26981.47827916935,1825.3968253968253
2024,2024-04-25,tabular,0.1,1.0,50,0.25,0.0,145000.0,0.0,-48443.886925831925,1825.3968253968253
2024,2024-05-13,tabular,0.1,1.0,50,0.25,0.0,145000.0,0.0,-24408.528674934358,1825.3968253968253
2024,2024-05-28,tabular,0.1,1.0,50,0.25,0.0,145000.0,0.0,2986.18251464129,1825.3968253968253
2024,2024-06-11,tabular,0.1,1.0,50,0.25,0.0,145000.0,0.0,63938.112585476825,1825.3968253968253
2024,2024-06-25,tabular,0.1,1.0,50,0.25,0.0,145000.0,0.0,-12063.17345114901,1825.3968253968253
2024,2024-07-09,tabular,0.1,1.0,50,0.25,0.0,145000.0,0.0,-41144.50503677293,1825.3968253968253
2024,2024-07-23,tabular,0.1,1.0,50,0.25,0.0,145000.0,0.0,-55609.28675799373,1825.3968253968253
2024,2024-08-06,tabular,0.1,1.0,50,0.25,0.0,145000.0,0.0,6137.536277632286,1825.3968253968253
2024,2024-08-20,tabular,0.1,1.0,50,0.25,0.0,145000.0,0.0,-36845.22706209434,1825.3968253968253
2024,2024-09-04,tabular,0.1,1.0,50,0.25,0.0,145000.0,0.0,-8145.54915414248,1825.3968253968253
2024,2024-09-18,tabular,0.1,1.0,50,0.0,0.0,150000.0,0.0,9371.657771511753,595.2380952380952
2024,2024-10-02,tabular,0.1,1.0,50,0.25,0.0,145000.0,0.0,3586.9746619005346,1825.3968253968253
2024,2024-10-16,tabular,0.1,1.0,50,0.25,0.0,145000.0,0.0,3056.1134478243434,1825.3968253968253
2024,2024-10-30,tabular,0.1,1.0,50,0.25,0.0,145000.0,0.0,13830.058581704448,1825.3968253968253
2024,2024-11-13,tabular,0.1,1.0,50,0.25,0.0,145000.0,0.0,20248.36715298244,1825.3968253968253
2024,2024-11-27,tabular,0.1,1.0,50,0.0,0.0,150000.0,0.0,8657.802234194774,595.2380952380952
2024,2024-12-11,tabular,0.1,1.0,50,0.25,0.0,145000.0,0.0,692.4226375828961,1825.3968253968253
2024,2024-12-27,tabular,0.1,1.0,50,0.25,0.0,145000.0,0.0,116737.2004222855,1825.3968253968253
2024,2024-01-02,tabular,0.1,1.0,100,0.0,0.0,150000.0,0.0,58434.38715762887,595.2380952380952
2024,2024-01-16,tabular,0.1,1.0,100,0.0,0.0,150000.0,0.0,53266.090491171744,595.2380952380952
2024,2024-01-30,tabular,0.1,1.0,100,0.0,0.0,150000.0,0.0,11837.71335297728,595.2380952380952
2024,2024-02-13,tabular,0.1,1.0,100,0.0,0.0,150000.0,0.0,-16599.524516322403,595.2380952380952
2024,2024-02-27,tabular,0.1,1.0,100,0.0,0.0,150000.0,0.0,-7157.980534364764,595.2380952380952
2024,2024-03-12,tabular,0.1,1.0,100,0.0,0.0,150000.0,0.0,32665.23830912623,595.2380952380952
2024,2024-03-26,tabular,0.1,1.0,100,0.0,0.0,150000.0,0.0,77458.3497422705,595.2380952380952
2024,2024-04-11,tabular,0.1,1.0,100,0.0,0.0,150000.0,0.0,-36244.78574446609,595.2380952380952
2024,2024-04-25,tabular,0.1,1.0,100,0.0,0.0,150000.0,0.0,-62405.29441731884,595.2380952380952
2024,2024-05-13,tabular,0.1,1.0,100,0.0,0.0,150000.0,0.0,-29938.704197896608,595.2380952380952
2024,2024-05-28,tabular,0.1,1.0,100,0.0,0.0,150000.0,0.0,-671.3045765807274,595.2380952380952
2024,2024-06-11,tabular,0.1,1.0,100,0.0,0.0,150000.0,0.0,84711.6621799871,595.2380952380952
2024,2024-06-25,tabular,0.1,1.0,100,0.0,0.0,150000.0,0.0,-13013.524793160306,595.2380952380952
2024,2024-07-09,tabular,0.1,1.0,100,0.0,0.0,150000.0,0.0,-53517.30799699496,595.2380952380952
2024,2024-07-23,tabular,0.1,1.0,100,0.0,0.0,150000.0,0.0,-72580.08967770175,595.2380952380952
2024,2024-08-06,tabular,0.1,1.0,100,0.0,0.0,150000.0,0.0,13413.704379955409,595.2380952380952
2024,2024-08-20,tabular,0.1,1.0,100,0.0,0.0,150000.0,0.0,-50098.23911028708,595.2380952380952
2024,2024-09-04,tabular,0.1,1.0,100,0.0,0.0,150000.0,0.0,-8647.758876922737,595.2380952380952
2024,2024-09-18,tabular,0.1,1.0,100,0.0,0.0,150000.0,0.0,9371.657771511753,595.2380952380952
2024,2024-10-02,tabular,0.1,1.0,100,0.0,0.0,150000.0,0.0,-453.9016405306554,595.2380952380952
2024,2024-10-16,tabular,0.1,1.0,100,0.0,0.0,150000.0,0.0,1562.5628707706785,595.2380952380952
2024,2024-10-30,tabular,0.1,1.0,100,0.0,0.0,150000.0,0.0,12634.866668031464,595.2380952380952
2024,2024-11-13,tabular,0.1,1.0,100,0.0,0.0,150000.0,0.0,23851.167043182788,595.2380952380952
2024,2024-11-27,tabular,0.1,1.0,100,0.0,0.0,150000.0,0.0,8657.802234194774,595.2380952380952
2024,2024-12-11,tabular,0.1,1.0,100,0.0,0.0,150000.0,0.0,-1357.8596963778384,595.2380952380952
2024,2024-12-27,tabular,0.1,1.0,100,0.0,0.0,150000.0,0.0,146966.29083844385,595.2380952380952
2024,2024-01-02,tabular,0.1,2.0,10,1.0,0.0,55000.0,0.0,7148.972677041212,1218.2539682539682
2024,2024-01-16,tabular,0.1,2.0,10,1.0,0.0,55000.0,0.0,3484.43110252554,1218.2539682539682
2024,2024-01-30,tabular,0.1,2.0,10,1.0,0.0,50000.0,0.0,4944.440236742504,1198.4126984126983
2024,2024-02-13,tabular,0.1,2.0,10,1.0,0.0,60000.0,0.0,-5740.223288749232,1238.095238095238
2024,2024-02-27,tabular,0.1,2.0,10,1.0,0.0,55000.0,0.0,-5487.336142956692,1218.2539682539682
2024,2024-03-12,tabular,0.1,2.0,10,1.0,0.0,55000.0,0.0,5770.665036355447,1218.2539682539682
2024,2024-03-26,tabular,0.1,2.0,10,1.0,0.0,55000.0,0.0,12506.656109398926,1218.2539682539682
2024,2024-04-11,tabular,0.1,2.0,10,1.0,0.0,55000.0,0.0,808.4441167208814,1218.2539682539682
2024,2024-04-25,tabular,0.1,2.0,10,1.0,0.0,55000.0,0.0,-6559.664451371176,1218.2539682539682
2024,2024-05-13,tabular,0.1,2.0,10,1.0,0.0,55000.0,0.0,-7818.002106047588,1218.2539682539682
2024,2024-05-28,tabular,0.1,2.0,10,1.0,0.0,60000.0,0.0,13958.64378830734,1238.095238095238
2024,2024-06-11,tabular,0.1,2.0,10,1.0,0.0,55000.0,0.0,1617.463801945995,1218.2539682539682
2024,2024-06-25,tabular,0.1,2.0,10,1.0,0.0,50000.0,0.0,-9212.11942511512,1198.4126984126983
2024,2024-07-09,tabular,0.1,2.0,10,1.0,0.0,55000.0,0.0,-4026.0961561068425,1218.2539682539682
2024,2024-07-23,tabular,0.1,2.0,10,1.0,0.0,60000.0,0.0,-4696.877998869697,1238.095238095238
2024,2024-08-06,tabular,0.1,2.0,10,1.0,0.0,55000.0,0.0,-15690.96802933708,1218.2539682539682
2024,2024-08-20,tabular,0.1,2.0,10,1.0,0.0,55000.0,0.0,2913.8090824838705,1218.2539682539682
2024,2024-09-04,tabular,0.1,2.0,10,1.0,0.0,50000.0,0.0,-6638.919985801713,1198.4126984126983
2024,2024-09-18,tabular,0.1,2.0,10,1.0,0.0,50000.0,0.0,4809.124223470936,1198.4126984126983
2024,2024-10-02,tabular,0.1,2.0,10,1.0,0.0,60000.0,0.0,15709.603569194103,1238.095238095238
2024,2024-10-16,tabular,0.1,2.0,10,1.0,0.0,55000.0,0.0,7536.765178985339,1218.2539682539682
2024,2024-10-30,tabular,0.1,2.0,10,1.0,0.0,55000.0,0.0,17415.634322723396,1218.2539682539682
2024,2024-11-13,tabular,0.1,2.0,10,1.0,0.0,55000.0,0.0,9439.967482381397,1218.2539682539682
2024,2024-11-27,tabular,0.1,2.0,10,1.0,0.0,55000.0,0.0,2298.716860091206,1218.2539682539682
2024,2024-12-11,tabular,0.1,2.0,10,1.0,0.0,60000.0,0.0,6843.269639465099,1238.095238095238
2024,2024-12-27,tabular,0.1,2.0,10,1.0,0.0,60000.0,0.0,26049.929173810466,1238.095238095238
2024,2024-01-02,tabular,0.1,2.0,50,0.5,0.0,145000.0,0.0,32791.67991733504,3075.396825396825
2024,2024-01-16,tabular,0.1,2.0,50,0.5,0.0,145000.0,0.0,28375.26079684864,3075.396825396825
2024,2024-01-30,tabular,0.1,2.0,50,0.25,0.0,145000.0,0.0,10114.395073918586,1825.3968253968253
2024,2024-02-13,tabular,0.1,2.0,50,0.5,0.0,145000.0,0.0,-11169.873902535815,3075.396825396825
2024,2024-02-27,tabular,0.1,2.0,50,0.5,0.0,145000.0,0.0,-6322.658338660728,3075.396825396825
2024,2024-03-12,tabular,0.1,2.0,50,0.5,0.0,145000.0,0.0,19217.95167274084,3075.396825396825
2024,2024-03-26,tabular,0.1,2.0,50,0.5,0.0,145000.0,0.0,44982.50292583471,3075.396825396825
2024,2024-04-11,tabular,0.1,2.0,50,0.5,0.0,145000.0,0.0,-17718.170813872606,3075.396825396825
2024,2024-04-25,tabular,0.1,2.0,50,0.5,0.0,145000.0,0.0,-34482.479434345005,3075.396825396825
2024,2024-05-13,tabular,0.1,2.0,50,0.5,0.0,145000.0,0.0,-18878.3531519721,3075.396825396825
2024,2024-05-28,tabular,0.1,2.0,50,0.5,0.0,145000.0,0.0,6643.669605863307,3075.396825396825
2024,2024-06-11,tabular,0.1,2.0,50,0.5,0.0,145000.0,0.0,43164.56299096655,3075.396825396825
2024,2024-06-25,tabular,0.1,2.0,50,0.5,0.0,145000.0,0.0,-11112.822109137716,3075.396825396825
2024,2024-07-09,tabular,0.1,2.0,50,0.5,0.0,145000.0,0.0,-28771.7020765509,3075.396825396825
2024,2024-07-23,tabular,0.1,2.0,50,0.5,0.0,145000.0,0.0,-38638.48383828572,3075.396825396825
2024,2024-08-06,tabular,0.1,2.0,50,0.5,0.0,145000.0,0.0,-1138.631824690836,3075.396825396825
2024,2024-08-20,tabular,0.1,2.0,50,0.5,0.0,145000.0,0.0,-23592.2150139016,3075.396825396825
2024,2024-09-04,tabular,0.1,2.0,50,0.5,0.0,145000.0,0.0,-7643.339431362225,3075.396825396825
2024,2024-09-18,tabular,0.1,2.0,50,0.5,0.0,145000.0,0.0,7090.390997491343,3075.396825396825
2024,2024-10-02,tabular,0.1,2.0,50,0.5,0.0,145000.0,0.0,7627.850964331725,3075.396825396825
2024,2024-10-16,tabular,0.1,2.0,50,0.5,0.0,145000.0,0.0,4549.664024878009,3075.396825396825
2024,2024-10-30,tabular,0.1,2.0,50,0.5,0.0,145000.0,0.0,15025.25049537743,3075.396825396825
2024,2024-11-13,tabular,0.1,2.0,50,0.5,0.0,145000.0,0.0,16645.56726278209,3075.396825396825
2024,2024-11-27,tabular,0.1,2.0,50,0.5,0.0,145000.0,0.0,5478.2595471429895,3075.396825396825
2024,2024-12-11,tabular,0.1,2.0,50,0.5,0.0,145000.0,0.0,2742.7049715436306,3075.396825396825
2024,2024-12-27,tabular,0.1,2.0,50,0.5,0.0,145000.0,0.0,86508.11000612716,3075.396825396825
2024,2024-01-02,tabular,0.1,2.0,100,0.25,0.0,145000.0,0.0,45613.03353748196,3075.396825396825
2024,2024-01-16,tabular,0.1,2.0,100,0.25,0.0,145000.0,0.0,40820.6756440102,3075.396825396825
2024,2024-01-30,tabular,0.1,2.0,100,0.0,0.0,150000.0,0.0,11837.71335297728,595.2380952380952
2024,2024-02-13,tabular,0.1,2.0,100,0.25,0.0,145000.0,0.0,-13884.699209429107,3075.396825396825
2024,2024-02-27,tabular,0.1,2.0,100,0.25,0.0,145000.0,0.0,-6740.319436512746,3075.396825396825
2024,2024-03-12,tabular,0.1,2.0,100,0.25,0.0,145000.0,0.0,25941.594990933536,3075.396825396825
2024,2024-03-26,tabular,0.1,2.0,100,0.25,0.0,145000.0,0.0,61220.4263340526,3075.396825396825
2024,2024-04-11,tabular,0.1,2.0,100,0.25,0.0,145000.0,0.0,-26981.47827916935,3075.396825396825
2024,2024-04-25,tabular,0.1,2.0,100,0.25,0.0,145000.0,0.0,-48443.886925831925,3075.396825396825
2024,2024-05-13,tabular,0.1,2.0,100,0.25,0.0,145000.0,0.0,-24408.528674934358,3075.396825396825
2024,2024-05-28,tabular,0.1,2.0,100,0.25,0.0,145000.0,0.0,2986.18251464129,3075.396825396825
2024,2024-06-11,tabular,0.1,2.0,100,0.25,0.0,145000.0,0.0,63938.112585476825,3075.396825396825
2024,2024-06-25,tabular,0.1,2.0,100,0.25,0.0,145000.0,0.0,-12063.17345114901,3075.396825396825
2024,2024-07-09,tabular,0.1,2.0,100,0.25,0.0,145000.0,0.0,-41144.50503677293,3075.396825396825
2024,2024-07-23,tabular,0.1,2.0,100,0.25,0.0,145000.0,0.0,-55609.28675799373,3075.396825396825
2024,2024-08-06,tabular,0.1,2.0,100,0.25,0.0,145000.0,0.0,6137.536277632286,3075.396825396825
2024,2024-08-20,tabular,0.1,2.0,100,0.25,0.0,145000.0,0.0,-36845.22706209434,3075.396825396825
2024,2024-09-04,tabular,0.1,2.0,100,0.25,0.0,145000.0,0.0,-8145.54915414248,3075.396825396825
2024,2024-09-18,tabular,0.1,2.0,100,0.0,0.0,150000.0,0.0,9371.657771511753,595.2380952380952
2024,2024-10-02,tabular,0.1,2.0,100,0.25,0.0,145000.0,0.0,3586.9746619005346,3075.396825396825
2024,2024-10-16,tabular,0.1,2.0,100,0.25,0.0,145000.0,0.0,3056.1134478243434,3075.396825396825
2024,2024-10-30,tabular,0.1,2.0,100,0.25,0.0,145000.0,0.0,13830.058581704448,3075.396825396825
2024,2024-11-13,tabular,0.1,2.0,100,0.25,0.0,145000.0,0.0,20248.36715298244,3075.396825396825
2024,2024-11-27,tabular,0.1,2.0,100,0.0,0.0,150000.0,0.0,8657.802234194774,595.2380952380952
2024,2024-12-11,tabular,0.1,2.0,100,0.25,0.0,145000.0,0.0,692.4226375828961,3075.396825396825
2024,2024-12-27,tabular,0.1,2.0,100,0.25,0.0,145000.0,0.0,116737.2004222855,3075.396825396825
2024,2024-01-02,cnn_1d,0.01,0.25,10,0.25,0.0,145000.0,0.0,45613.03353748196,307.53968253968253
2024,2024-01-16,cnn_1d,0.01,0.25,10,0.25,0.0,145000.0,0.0,40820.6756440102,307.53968253968253
2024,2024-01-30,cnn_1d,0.01,0.25,10,0.25,0.0,145000.0,0.0,10114.395073918586,307.53968253968253
2024,2024-02-13,cnn_1d,0.01,0.25,10,0.25,0.0,145000.0,0.0,-13884.699209429107,307.53968253968253
2024,2024-02-27,cnn_1d,0.01,0.25,10,0.25,0.0,145000.0,0.0,-6740.319436512746,307.53968253968253
2024,2024-03-12,cnn_1d,0.01,0.25,10,0.25,0.0,145000.0,0.0,25941.594990933536,307.53968253968253
2024,2024-03-26,cnn_1d,0.01,0.25,10,0.25,0.0,145000.0,0.0,61220.4263340526,307.53968253968253
2024,2024-04-11,cnn_1d,0.01,0.25,10,0.25,0.0,145000.0,0.0,-26981.47827916935,307.53968253968253
2024,2024-04-25,cnn_1d,0.01,0.25,10,0.25,0.0,145000.0,0.0,-48443.886925831925,307.53968253968253
2024,2024-05-13,cnn_1d,0.01,0.25,10,0.25,0.0,145000.0,0.0,-24408.528674934358,307.53968253968253
2024,2024-05-28,cnn_1d,0.01,0.25,10,0.25,0.0,145000.0,0.0,2986.18251464129,307.53968253968253
2024,2024-06-11,cnn_1d,0.01,0.25,10,0.25,0.0,145000.0,0.0,63938.112585476825,307.53968253968253
2024,2024-06-25,cnn_1d,0.01,0.25,10,0.25,0.0,145000.0,0.0,-12063.17345114901,307.53968253968253
2024,2024-07-09,cnn_1d,0.01,0.25,10,0.25,0.0,145000.0,0.0,-41144.50503677293,307.53968253968253
2024,2024-07-23,cnn_1d,0.01,0.25,10,0.25,0.0,145000.0,0.0,-55609.28675799373,307.53968253968253
2024,2024-08-06,cnn_1d,0.01,0.25,10,0.5,0.0,145000.0,0.0,-1138.631824690836,557.5396825396825
2024,2024-08-20,cnn_1d,0.01,0.25,10,0.25,0.0,145000.0,0.0,-36845.22706209434,307.53968253968253
2024,2024-09-04,cnn_1d,0.01,0.25,10,0.25,0.0,145000.0,0.0,-8145.54915414248,307.53968253968253
2024,2024-09-18,cnn_1d,0.01,0.25,10,0.5,0.0,145000.0,0.0,7090.390997491343,557.5396825396825
2024,2024-10-02,cnn_1d,0.01,0.25,10,0.5,0.0,145000.0,0.0,7627.850964331725,557.5396825396825
2024,2024-10-16,cnn_1d,0.01,0.25,10,0.25,0.0,145000.0,0.0,3056.1134478243434,307.53968253968253
2024,2024-10-30,cnn_1d,0.01,0.25,10,0.25,0.0,145000.0,0.0,13830.058581704448,307.53968253968253
2024,2024-11-13,cnn_1d,0.01,0.25,10,0.25,0.0,145000.0,0.0,20248.36715298244,307.53968253968253
2024,2024-11-27,cnn_1d,0.01,0.25,10,0.25,0.0,145000.0,0.0,7068.0308906688815,307.53968253968253
2024,2024-12-11,cnn_1d,0.01,0.25,10,0.25,0.0,145000.0,0.0,692.4226375828961,307.53968253968253
2024,2024-12-27,cnn_1d,0.01,0.25,10,0.25,0.0,145000.0,0.0,116737.2004222855,307.53968253968253
2024,2024-01-02,cnn_1d,0.01,0.25,50,0.0,0.0,150000.0,0.0,58434.38715762887,59.523809523809526
2024,2024-01-16,cnn_1d,0.01,0.25,50,0.0,0.0,150000.0,0.0,53266.090491171744,59.523809523809526
2024,2024-01-30,cnn_1d,0.01,0.25,50,0.0,0.0,150000.0,0.0,11837.71335297728,59.523809523809526
2024,2024-02-13,cnn_1d,0.01,0.25,50,0.0,0.0,150000.0,0.0,-16599.524516322403,59.523809523809526
2024,2024-02-27,cnn_1d,0.01,0.25,50,0.0,0.0,150000.0,0.0,-7157.980534364764,59.523809523809526
2024,2024-03-12,cnn_1d,0.01,0.25,50,0.0,0.0,150000.0,0.0,32665.23830912623,59.523809523809526
2024,2024-03-26,cnn_1d,0.01,0.25,50,0.0,0.0,150000.0,0.0,77458.3497422705,59.523809523809526
2024,2024-04-11,cnn_1d,0.01,0.25,50,0.0,0.0,150000.0,0.0,-36244.78574446609,59.523809523809526
2024,2024-04-25,cnn_1d,0.01,0.25,50,0.0,0.0,150000.0,0.0,-62405.29441731884,59.523809523809526
2024,2024-05-13,cnn_1d,0.01,0.25,50,0.0,0.0,150000.0,0.0,-29938.704197896608,59.523809523809526
2024,2024-05-28,cnn_1d,0.01,0.25,50,0.0,0.0,150000.0,0.0,-671.3045765807274,59.523809523809526
2024,2024-06-11,cnn_1d,0.01,0.25,50,0.0,0.0,150000.0,0.0,84711.6621799871,59.523809523809526
2024,2024-06-25,cnn_1d,0.01,0.25,50,0.0,0.0,150000.0,0.0,-13013.524793160306,59.523809523809526
2024,2024-07-09,cnn_1d,0.01,0.25,50,0.0,0.0,150000.0,0.0,-53517.30799699496,59.523809523809526
2024,2024-07-23,cnn_1d,0.01,0.25,50,0.0,0.0,150000.0,0.0,-72580.08967770175,59.523809523809526
2024,2024-08-06,cnn_1d,0.01,0.25,50,0.0,0.0,150000.0,0.0,13413.704379955409,59.523809523809526
2024,2024-08-20,cnn_1d,0.01,0.25,50,0.0,0.0,150000.0,0.0,-50098.23911028708,59.523809523809526
2024,2024-09-04,cnn_1d,0.01,0.25,50,0.0,0.0,150000.0,0.0,-8647.758876922737,59.523809523809526
2024,2024-09-18,cnn_1d,0.01,0.25,50,0.0,0.0,150000.0,0.0,9371.657771511753,59.523809523809526
2024,2024-10-02,cnn_1d,0.01,0.25,50,0.0,0.0,150000.0,0.0,-453.9016405306554,59.523809523809526
2024,2024-10-16,cnn_1d,0.01,0.25,50,0.0,0.0,150000.0,0.0,1562.5628707706785,59.523809523809526
2024,2024-10-30,cnn_1d,0.01,0.25,50,0.0,0.0,150000.0,0.0,12634.866668031464,59.523809523809526
2024,2024-11-13,cnn_1d,0.01,0.25,50,0.0,0.0,150000.0,0.0,23851.167043182788,59.523809523809526
2024,2024-11-27,cnn_1d,0.01,0.25,50,0.0,0.0,150000.0,0.0,8657.802234194774,59.523809523809526
2024,2024-12-11,cnn_1d,0.01,0.25,50,0.0,0.0,150000.0,0.0,-1357.8596963778384,59.523809523809526
2024,2024-12-27,cnn_1d,0.01,0.25,50,0.0,0.0,150000.0,0.0,146966.29083844385,59.523809523809526
2024,2024-01-02,cnn_1d,0.01,0.25,100,0.0,0.0,150000.0,0.0,58434.38715762887,59.523809523809526
2024,2024-01-16,cnn_1d,0.01,0.25,100,0.0,0.0,150000.0,0.0,53266.090491171744,59.523809523809526
2024,2024-01-30,cnn_1d,0.01,0.25,100,0.0,0.0,150000.0,0.0,11837.71335297728,59.523809523809526
2024,2024-02-13,cnn_1d,0.01,0.25,100,0.0,0.0,150000.0,0.0,-16599.524516322403,59.523809523809526
2024,2024-02-27,cnn_1d,0.01,0.25,100,0.0,0.0,150000.0,0.0,-7157.980534364764,59.523809523809526
2024,2024-03-12,cnn_1d,0.01,0.25,100,0.0,0.0,150000.0,0.0,32665.23830912623,59.523809523809526
2024,2024-03-26,cnn_1d,0.01,0.25,100,0.0,0.0,150000.0,0.0,77458.3497422705,59.523809523809526
2024,2024-04-11,cnn_1d,0.01,0.25,100,0.0,0.0,150000.0,0.0,-36244.78574446609,59.523809523809526
2024,2024-04-25,cnn_1d,0.01,0.25,100,0.0,0.0,150000.0,0.0,-62405.29441731884,59.523809523809526
2024,2024-05-13,cnn_1d,0.01,0.25,100,0.0,0.0,150000.0,0.0,-29938.704197896608,59.523809523809526
2024,2024-05-28,cnn_1d,0.01,0.25,100,0.0,0.0,150000.0,0.0,-671.3045765807274,59.523809523809526
2024,2024-06-11,cnn_1d,0.01,0.25,100,0.0,0.0,150000.0,0.0,84711.6621799871,59.523809523809526
2024,2024-06-25,cnn_1d,0.01,0.25,100,0.0,0.0,150000.0,0.0,-13013.524793160306,59.523809523809526
2024,2024-07-09,cnn_1d,0.01,0.25,100,0.0,0.0,150000.0,0.0,-53517.30799699496,59.523809523809526
2024,2024-07-23,cnn_1d,0.01,0.25,100,0.0,0.0,150000.0,0.0,-72580.08967770175,59.523809523809526
2024,2024-08-06,cnn_1d,0.01,0.25,100,0.0,0.0,150000.0,0.0,13413.704379955409,59.523809523809526
2024,2024-08-20,cnn_1d,0.01,0.25,100,0.0,0.0,150000.0,0.0,-50098.23911028708,59.523809523809526
2024,2024-09-04,cnn_1d,0.01,0.25,100,0.0,0.0,150000.0,0.0,-8647.758876922737,59.523809523809526
2024,2024-09-18,cnn_1d,0.01,0.25,100,0.0,0.0,150000.0,0.0,9371.657771511753,59.523809523809526
2024,2024-10-02,cnn_1d,0.01,0.25,100,0.0,0.0,150000.0,0.0,-453.9016405306554,59.523809523809526
2024,2024-10-16,cnn_1d,0.01,0.25,100,0.0,0.0,150000.0,0.0,1562.5628707706785,59.523809523809526
2024,2024-10-30,cnn_1d,0.01,0.25,100,0.0,0.0,150000.0,0.0,12634.866668031464,59.523809523809526
2024,2024-11-13,cnn_1d,0.01,0.25,100,0.0,0.0,150000.0,0.0,23851.167043182788,59.523809523809526
2024,2024-11-27,cnn_1d,0.01,0.25,100,0.0,0.0,150000.0,0.0,8657.802234194774,59.523809523809526
2024,2024-12-11,cnn_1d,0.01,0.25,100,0.0,0.0,150000.0,0.0,-1357.8596963778384,59.523809523809526
2024,2024-12-27,cnn_1d,0.01,0.25,100,0.0,0.0,150000.0,0.0,146966.29083844385,59.523809523809526
2024,2024-01-02,cnn_1d,0.01,1.0,10,0.75,0.0,145000.0,0.0,19970.326297188123,807.5396825396825
2024,2024-01-16,cnn_1d,0.01,1.0,10,0.75,0.0,145000.0,0.0,15929.845949687093,807.5396825396825
2024,2024-01-30,cnn_1d,0.01,1.0,10,0.75,0.0,145000.0,0.0,6667.758515801198,807.5396825396825
2024,2024-02-13,cnn_1d,0.01,1.0,10,0.75,0.0,145000.0,0.0,-8455.048595642525,807.5396825396825
2024,2024-02-27,cnn_1d,0.01,1.0,10,0.75,0.0,145000.0,0.0,-5904.997240808711,807.5396825396825
2024,2024-03-12,cnn_1d,0.01,1.0,10,0.75,0.0,145000.0,0.0,12494.308354548144,807.5396825396825
2024,2024-03-26,cnn_1d,0.01,1.0,10,0.75,0.0,145000.0,0.0,28744.579517616818,807.5396825396825
2024,2024-04-11,cnn_1d,0.01,1.0,10,0.75,0.0,145000.0,0.0,-8454.863348575862,807.5396825396825
2024,2024-04-25,cnn_1d,0.01,1.0,10,0.75,0.0,145000.0,0.0,-20521.07194285809,807.5396825396825
2024,2024-05-13,cnn_1d,0.01,1.0,10,0.75,0.0,145000.0,0.0,-13348.177629009844,807.5396825396825
2024,2024-05-28,cnn_1d,0.01,1.0,10,0.75,0.0,145000.0,0.0,10301.156697085324,807.5396825396825
2024,2024-06-11,cnn_1d,0.01,1.0,10,0.75,0.0,145000.0,0.0,22391.01339645627,807.5396825396825
2024,2024-06-25,cnn_1d,0.01,1.0,10,0.75,0.0,145000.0,0.0,-10162.47076712642,807.5396825396825
2024,2024-07-09,cnn_1d,0.01,1.0,10,0.75,0.0,145000.0,0.0,-16398.89911632887,807.5396825396825
2024,2024-07-23,cnn_1d,0.01,1.0,10,0.75,0.0,145000.0,0.0,-21667.68091857771,807.5396825396825
2024,2024-08-06,cnn_1d,0.01,1.0,10,0.75,0.0,145000.0,0.0,-8414.799927013957,807.5396825396825
2024,2024-08-20,cnn_1d,0.01,1.0,10,0.75,0.0,145000.0,0.0,-10339.202965708866,807.5396825396825
2024,2024-09-04,cnn_1d,0.01,1.0,10,0.75,0.0,145000.0,0.0,-7141.129708581969,807.5396825396825
2024,2024-09-18,cnn_1d,0.01,1.0,10,0.75,0.0,145000.0,0.0,5949.75761048114,807.5396825396825
2024,2024-10-02,cnn_1d,0.01,1.0,10,0.75,0.0,145000.0,0.0,11668.727266762917,807.5396825396825
2024,2024-10-16,cnn_1d,0.01,1.0,10,0.75,0.0,145000.0,0.0,6043.214601931673,807.5396825396825
2024,2024-10-30,cnn_1d,0.01,1.0,10,0.75,0.0,145000.0,0.0,16220.442409050413,807.5396825396825
2024,2024-11-13,cnn_1d,0.01,1.0,10,0.75,0.0,145000.0,0.0,13042.767372581744,807.5396825396825
2024,2024-11-27,cnn_1d,0.01,1.0,10,0.75,0.0,145000.0,0.0,3888.488203617098,807.5396825396825
2024,2024-12-11,cnn_1d,0.01,1.0,10,0.75,0.0,145000.0,0.0,4792.987305504365,807.5396825396825
2024,2024-12-27,cnn_1d,0.01,1.0,10,0.75,0.0,145000.0,0.0,56279.01958996881,807.5396825396825
2024,2024-01-02,cnn_1d,0.01,1.0,50,0.25,0.0,145000.0,0.0,45613.03353748196,1307.5396825396826
2024,2024-01-16,cnn_1d,0.01,1.0,50,0.25,0.0,145000.0,0.0,40820.6756440102,1307.5396825396826
2024,2024-01-30,cnn_1d,0.01,1.0,50,0.25,0.0,145000.0,0.0,10114.395073918586,1307.5396825396826
2024,2024-02-13,cnn_1d,0.01,1.0,50,0.25,0.0,145000.0,0.0,-13884.699209429107,1307.5396825396826
2024,2024-02-27,cnn_1d,0.01,1.0,50,0.25,0.0,145000.0,0.0,-6740.319436512746,1307.5396825396826
2024,2024-03-12,cnn_1d,0.01,1.0,50,0.25,0.0,145000.0,0.0,25941.594990933536,1307.5396825396826
2024,2024-03-26,cnn_1d,0.01,1.0,50,0.25,0.0,145000.0,0.0,61220.4263340526,1307.5396825396826
2024,2024-04-11,cnn_1d,0.01,1.0,50,0.25,0.0,145000.0,0.0,-26981.47827916935,1307.5396825396826
2024,2024-04-25,cnn_1d,0.01,1.0,50,0.25,0.0,145000.0,0.0,-48443.886925831925,1307.5396825396826
2024,2024-05-13,cnn_1d,0.01,1.0,50,0.25,0.0,145000.0,0.0,-24408.528674934358,1307.5396825396826
2024,2024-05-28,cnn_1d,0.01,1.0,50,0.25,0.0,145000.0,0.0,2986.18251464129,1307.5396825396826
2024,2024-06-11,cnn_1d,0.01,1.0,50,0.25,0.0,145000.0,0.0,63938.112585476825,1307.5396825396826
2024,2024-06-25,cnn_1d,0.01,1.0,50,0.25,0.0,145000.0,0.0,-12063.17345114901,1307.5396825396826
2024,2024-07-09,cnn_1d,0.01,1.0,50,0.25,0.0,145000.0,0.0,-41144.50503677293,1307.5396825396826
2024,2024-07-23,cnn_1d,0.01,1.0,50,0.25,0.0,145000.0,0.0,-55609.28675799373,1307.5396825396826
2024,2024-08-06,cnn_1d,0.01,1.0,50,0.25,0.0,145000.0,0.0,6137.536277632286,1307.5396825396826
2024,2024-08-20,cnn_1d,0.01,1.0,50,0.25,0.0,145000.0,0.0,-36845.22706209434,1307.5396825396826
2024,2024-09-04,cnn_1d,0.01,1.0,50,0.25,0.0,145000.0,0.0,-8145.54915414248,1307.5396825396826
2024,2024-09-18,cnn_1d,0.01,1.0,50,0.25,0.0,145000.0,0.0,8231.024384501547,1307.5396825396826
2024,2024-10-02,cnn_1d,0.01,1.0,50,0.25,0.0,145000.0,0.0,3586.9746619005346,1307.5396825396826
2024,2024-10-16,cnn_1d,0.01,1.0,50,0.25,0.0,145000.0,0.0,3056.1134478243434,1307.5396825396826
2024,2024-10-30,cnn_1d,0.01,1.0,50,0.25,0.0,145000.0,0.0,13830.058581704448,1307.5396825396826
2024,2024-11-13,cnn_1d,0.01,1.0,50,0.25,0.0,145000.0,0.0,20248.36715298244,1307.5396825396826
2024,2024-11-27,cnn_1d,0.01,1.0,50,0.25,0.0,145000.0,0.0,7068.0308906688815,1307.5396825396826
2024,2024-12-11,cnn_1d,0.01,1.0,50,0.0,0.0,150000.0,0.0,-1357.8596963778384,59.523809523809526
2024,2024-12-27,cnn_1d,0.01,1.0,50,0.25,0.0,145000.0,0.0,116737.2004222855,1307.5396825396826
2024,2024-01-02,cnn_1d,0.01,1.0,100,0.0,0.0,150000.0,0.0,58434.38715762887,59.523809523809526
2024,2024-01-16,cnn_1d,0.01,1.0,100,0.0,0.0,150000.0,0.0,53266.090491171744,59.523809523809526
2024,2024-01-30,cnn_1d,0.01,1.0,100,0.0,0.0,150000.0,0.0,11837.71335297728,59.523809523809526
2024,2024-02-13,cnn_1d,0.01,1.0,100,0.0,0.0,150000.0,0.0,-16599.524516322403,59.523809523809526
2024,2024-02-27,cnn_1d,0.01,1.0,100,0.0,0.0,150000.0,0.0,-7157.980534364764,59.523809523809526
2024,2024-03-12,cnn_1d,0.01,1.0,100,0.0,0.0,150000.0,0.0,32665.23830912623,59.523809523809526
2024,2024-03-26,cnn_1d,0.01,1.0,100,0.0,0.0,150000.0,0.0,77458.3497422705,59.523809523809526
2024,2024-04-11,cnn_1d,0.01,1.0,100,0.0,0.0,150000.0,0.0,-36244.78574446609,59.523809523809526
2024,2024-04-25,cnn_1d,0.01,1.0,100,0.0,0.0,150000.0,0.0,-62405.29441731884,59.523809523809526
2024,2024-05-13,cnn_1d,0.01,1.0,100,0.0,0.0,150000.0,0.0,-29938.704197896608,59.523809523809526
2024,2024-05-28,cnn_1d,0.01,1.0,100,0.0,0.0,150000.0,0.0,-671.3045765807274,59.523809523809526
2024,2024-06-11,cnn_1d,0.01,1.0,100,0.0,0.0,150000.0,0.0,84711.6621799871,59.523809523809526
2024,2024-06-25,cnn_1d,0.01,1.0,100,0.0,0.0,150000.0,0.0,-13013.524793160306,59.523809523809526
2024,2024-07-09,cnn_1d,0.01,1.0,100,0.0,0.0,150000.0,0.0,-53517.30799699496,59.523809523809526
2024,2024-07-23,cnn_1d,0.01,1.0,100,0.0,0.0,150000.0,0.0,-72580.08967770175,59.523809523809526
2024,2024-08-06,cnn_1d,0.01,1.0,100,0.0,0.0,150000.0,0.0,13413.704379955409,59.523809523809526
2024,2024-08-20,cnn_1d,0.01,1.0,100,0.0,0.0,150000.0,0.0,-50098.23911028708,59.523809523809526
2024,2024-09-04,cnn_1d,0.01,1.0,100,0.0,0.0,150000.0,0.0,-8647.758876922737,59.523809523809526
2024,2024-09-18,cnn_1d,0.01,1.0,100,0.0,0.0,150000.0,0.0,9371.657771511753,59.523809523809526
2024,2024-10-02,cnn_1d,0.01,1.0,100,0.0,0.0,150000.0,0.0,-453.9016405306554,59.523809523809526
2024,2024-10-16,cnn_1d,0.01,1.0,100,0.0,0.0,150000.0,0.0,1562.5628707706785,59.523809523809526
2024,2024-10-30,cnn_1d,0.01,1.0,100,0.0,0.0,150000.0,0.0,12634.866668031464,59.523809523809526
2024,2024-11-13,cnn_1d,0.01,1.0,100,0.0,0.0,150000.0,0.0,23851.167043182788,59.523809523809526
2024,2024-11-27,cnn_1d,0.01,1.0,100,0.0,0.0,150000.0,0.0,8657.802234194774,59.523809523809526
2024,2024-12-11,cnn_1d,0.01,1.0,100,0.0,0.0,150000.0,0.0,-1357.8596963778384,59.523809523809526
2024,2024-12-27,cnn_1d,0.01,1.0,100,0.0,0.0,150000.0,0.0,146966.29083844385,59.523809523809526
2024,2024-01-02,cnn_1d,0.01,2.0,10,0.75,0.0,145000.0,0.0,19970.326297188123,807.5396825396825
2024,2024-01-16,cnn_1d,0.01,2.0,10,0.75,0.0,145000.0,0.0,15929.845949687093,807.5396825396825
2024,2024-01-30,cnn_1d,0.01,2.0,10,0.75,0.0,145000.0,0.0,6667.758515801198,807.5396825396825
2024,2024-02-13,cnn_1d,0.01,2.0,10,0.75,0.0,145000.0,0.0,-8455.048595642525,807.5396825396825
2024,2024-02-27,cnn_1d,0.01,2.0,10,0.75,0.0,145000.0,0.0,-5904.997240808711,807.5396825396825
2024,2024-03-12,cnn_1d,0.01,2.0,10,0.75,0.0,145000.0,0.0,12494.308354548144,807.5396825396825
2024,2024-03-26,cnn_1d,0.01,2.0,10,0.75,0.0,145000.0,0.0,28744.579517616818,807.5396825396825
2024,2024-04-11,cnn_1d,0.01,2.0,10,0.75,0.0,145000.0,0.0,-8454.863348575862,807.5396825396825
2024,2024-04-25,cnn_1d,0.01,2.0,10,0.75,0.0,145000.0,0.0,-20521.07194285809,807.5396825396825
2024,2024-05-13,cnn_1d,0.01,2.0,10,0.75,0.0,145000.0,0.0,-13348.177629009844,807.5396825396825
2024,2024-05-28,cnn_1d,0.01,2.0,10,1.0,0.0,70000.0,0.0,13958.64378830734,1027.7777777777778
2024,2024-06-11,cnn_1d,0.01,2.0,10,1.0,0.0,70000.0,0.0,1617.463801945995,1027.7777777777778
2024,2024-06-25,cnn_1d,0.01,2.0,10,0.75,0.0,145000.0,0.0,-10162.47076712642,807.5396825396825
2024,2024-07-09,cnn_1d,0.01,2.0,10,1.0,0.0,70000.0,0.0,-4026.0961561068425,1027.7777777777778
2024,2024-07-23,cnn_1d,0.01,2.0,10,1.0,0.0,70000.0,0.0,-4696.877998869697,1027.7777777777778
2024,2024-08-06,cnn_1d,0.01,2.0,10,1.0,0.0,70000.0,0.0,-15690.96802933708,1027.7777777777778
2024,2024-08-20,cnn_1d,0.01,2.0,10,0.75,0.0,145000.0,0.0,-10339.202965708866,807.5396825396825
2024,2024-09-04,cnn_1d,0.01,2.0,10,0.75,0.0,145000.0,0.0,-7141.129708581969,807.5396825396825
2024,2024-09-18,cnn_1d,0.01,2.0,10,1.0,0.0,70000.0,0.0,4809.124223470936,1027.7777777777778
2024,2024-10-02,cnn_1d,0.01,2.0,10,1.0,0.0,70000.0,0.0,15709.603569194103,1027.7777777777778
2024,2024-10-16,cnn_1d,0.01,2.0,10,1.0,0.0,70000.0,0.0,7536.765178985339,1027.7777777777778
2024,2024-10-30,cnn_1d,0.01,2.0,10,1.0,0.0,70000.0,0.0,17415.634322723396,1027.7777777777778
2024,2024-11-13,cnn_1d,0.01,2.0,10,0.75,0.0,145000.0,0.0,13042.767372581744,807.5396825396825
2024,2024-11-27,cnn_1d,0.01,2.0,10,0.75,0.0,145000.0,0.0,3888.488203617098,807.5396825396825
2024,2024-12-11,cnn_1d,0.01,2.0,10,0.75,0.0,145000.0,0.0,4792.987305504365,807.5396825396825
2024,2024-12-27,cnn_1d,0.01,2.0,10,0.75,0.0,145000.0,0.0,56279.01958996881,807.5396825396825
2024,2024-01-02,cnn_1d,0.01,2.0,50,0.5,0.0,145000.0,0.0,32791.67991733504,2557.5396825396824
2024,2024-01-16,cnn_1d,0.01,2.0,50,0.5,0.0,145000.0,0.0,28375.26079684864,2557.5396825396824
2024,2024-01-30,cnn_1d,0.01,2.0,50,0.5,0.0,145000.0,0.0,8391.076794859891,2557.5396825396824
2024,2024-02-13,cnn_1d,0.01,2.0,50,0.5,0.0,145000.0,0.0,-11169.873902535815,2557.5396825396824
2024,2024-02-27,cnn_1d,0.01,2.0,50,0.5,0.0,145000.0,0.0,-6322.658338660728,2557.5396825396824
2024,2024-03-12,cnn_1d,0.01,2.0,50,0.5,0.0,145000.0,0.0,19217.95167274084,2557.5396825396824
2024,2024-03-26,cnn_1d,0.01,2.0,50,0.5,0.0,145000.0,0.0,44982.50292583471,2557.5396825396824
2024,2024-04-11,cnn_1d,0.01,2.0,50,0.5,0.0,145000.0,0.0,-17718.170813872606,2557.5396825396824
2024,2024-04-25,cnn_1d,0.01,2.0,50,0.5,0.0,145000.0,0.0,-34482.479434345005,2557.5396825396824
2024,2024-05-13,cnn_1d,0.01,2.0,50,0.5,0.0,145000.0,0.0,-18878.3531519721,2557.5396825396824
2024,2024-05-28,cnn_1d,0.01,2.0,50,0.5,0.0,145000.0,0.0,6643.669605863307,2557.5396825396824
2024,2024-06-11,cnn_1d,0.01,2.0,50,0.5,0.0,145000.0,0.0,43164.56299096655,2557.5396825396824
2024,2024-06-25,cnn_1d,0.01,2.0,50,0.5,0.0,145000.0,0.0,-11112.822109137716,2557.5396825396824
2024,2024-07-09,cnn_1d,0.01,2.0,50,0.5,0.0,145000.0,0.0,-28771.7020765509,2557.5396825396824
2024,2024-07-23,cnn_1d,0.01,2.0,50,0.5,0.0,145000.0,0.0,-38638.48383828572,2557.5396825396824
2024,2024-08-06,cnn_1d,0.01,2.0,50,0.5,0.0,145000.0,0.0,-1138.631824690836,2557.5396825396824
2024,2024-08-20,cnn_1d,0.01,2.0,50,0.5,0.0,145000.0,0.0,-23592.2150139016,2557.5396825396824
2024,2024-09-04,cnn_1d,0.01,2.0,50,0.5,0.0,145000.0,0.0,-7643.339431362225,2557.5396825396824
2024,2024-09-18,cnn_1d,0.01,2.0,50,0.75,0.0,145000.0,0.0,5949.75761048114,3807.5396825396815
2024,2024-10-02,cnn_1d,0.01,2.0,50,0.75,0.0,145000.0,0.0,11668.727266762917,3807.5396825396815
2024,2024-10-16,cnn_1d,0.01,2.0,50,0.5,0.0,145000.0,0.0,4549.664024878009,2557.5396825396824
2024,2024-10-30,cnn_1d,0.01,2.0,50,0.5,0.0,145000.0,0.0,15025.25049537743,2557.5396825396824
2024,2024-11-13,cnn_1d,0.01,2.0,50,0.5,0.0,145000.0,0.0,16645.56726278209,2557.5396825396824
2024,2024-11-27,cnn_1d,0.01,2.0,50,0.5,0.0,145000.0,0.0,5478.2595471429895,2557.5396825396824
2024,2024-12-11,cnn_1d,0.01,2.0,50,0.5,0.0,145000.0,0.0,2742.7049715436306,2557.5396825396824
2024,2024-12-27,cnn_1d,0.01,2.0,50,0.5,0.0,145000.0,0.0,86508.11000612716,2557.5396825396824
2024,2024-01-02,cnn_1d,0.01,2.0,100,0.25,0.0,145000.0,0.0,45613.03353748196,2557.5396825396824
2024,2024-01-16,cnn_1d,0.01,2.0,100,0.25,0.0,145000.0,0.0,40820.6756440102,2557.5396825396824
2024,2024-01-30,cnn_1d,0.01,2.0,100,0.25,0.0,145000.0,0.0,10114.395073918586,2557.5396825396824
2024,2024-02-13,cnn_1d,0.01,2.0,100,0.25,0.0,145000.0,0.0,-13884.699209429107,2557.5396825396824
2024,2024-02-27,cnn_1d,0.01,2.0,100,0.25,0.0,145000.0,0.0,-6740.319436512746,2557.5396825396824
2024,2024-03-12,cnn_1d,0.01,2.0,100,0.25,0.0,145000.0,0.0,25941.594990933536,2557.5396825396824
2024,2024-03-26,cnn_1d,0.01,2.0,100,0.25,0.0,145000.0,0.0,61220.4263340526,2557.5396825396824
2024,2024-04-11,cnn_1d,0.01,2.0,100,0.25,0.0,145000.0,0.0,-26981.47827916935,2557.5396825396824
2024,2024-04-25,cnn_1d,0.01,2.0,100,0.25,0.0,145000.0,0.0,-48443.886925831925,2557.5396825396824
2024,2024-05-13,cnn_1d,0.01,2.0,100,0.25,0.0,145000.0,0.0,-24408.528674934358,2557.5396825396824
2024,2024-05-28,cnn_1d,0.01,2.0,100,0.25,0.0,145000.0,0.0,2986.18251464129,2557.5396825396824
2024,2024-06-11,cnn_1d,0.01,2.0,100,0.25,0.0,145000.0,0.0,63938.112585476825,2557.5396825396824
2024,2024-06-25,cnn_1d,0.01,2.0,100,0.25,0.0,145000.0,0.0,-12063.17345114901,2557.5396825396824
2024,2024-07-09,cnn_1d,0.01,2.0,100,0.25,0.0,145000.0,0.0,-41144.50503677293,2557.5396825396824
2024,2024-07-23,cnn_1d,0.01,2.0,100,0.25,0.0,145000.0,0.0,-55609.28675799373,2557.5396825396824
2024,2024-08-06,cnn_1d,0.01,2.0,100,0.25,0.0,145000.0,0.0,6137.536277632286,2557.5396825396824
2024,2024-08-20,cnn_1d,0.01,2.0,100,0.25,0.0,145000.0,0.0,-36845.22706209434,2557.5396825396824
2024,2024-09-04,cnn_1d,0.01,2.0,100,0.25,0.0,145000.0,0.0,-8145.54915414248,2557.5396825396824
2024,2024-09-18,cnn_1d,0.01,2.0,100,0.25,0.0,145000.0,0.0,8231.024384501547,2557.5396825396824
2024,2024-10-02,cnn_1d,0.01,2.0,100,0.25,0.0,145000.0,0.0,3586.9746619005346,2557.5396825396824
2024,2024-10-16,cnn_1d,0.01,2.0,100,0.25,0.0,145000.0,0.0,3056.1134478243434,2557.5396825396824
2024,2024-10-30,cnn_1d,0.01,2.0,100,0.25,0.0,145000.0,0.0,13830.058581704448,2557.5396825396824
2024,2024-11-13,cnn_1d,0.01,2.0,100,0.25,0.0,145000.0,0.0,20248.36715298244,2557.5396825396824
2024,2024-11-27,cnn_1d,0.01,2.0,100,0.25,0.0,145000.0,0.0,7068.0308906688815,2557.5396825396824
2024,2024-12-11,cnn_1d,0.01,2.0,100,0.0,0.0,150000.0,0.0,-1357.8596963778384,59.523809523809526
2024,2024-12-27,cnn_1d,0.01,2.0,100,0.25,0.0,145000.0,0.0,116737.2004222855,2557.5396825396824
2024,2024-01-02,cnn_1d,0.05,0.25,10,0.25,0.0,145000.0,0.0,45613.03353748196,537.6984126984128
2024,2024-01-16,cnn_1d,0.05,0.25,10,0.25,0.0,145000.0,0.0,40820.6756440102,537.6984126984128
2024,2024-01-30,cnn_1d,0.05,0.25,10,0.25,0.0,145000.0,0.0,10114.395073918586,537.6984126984128
2024,2024-02-13,cnn_1d,0.05,0.25,10,0.25,0.0,145000.0,0.0,-13884.699209429107,537.6984126984128
2024,2024-02-27,cnn_1d,0.05,0.25,10,0.25,0.0,145000.0,0.0,-6740.319436512746,537.6984126984128
2024,2024-03-12,cnn_1d,0.05,0.25,10,0.25,0.0,145000.0,0.0,25941.594990933536,537.6984126984128
2024,2024-03-26,cnn_1d,0.05,0.25,10,0.25,0.0,145000.0,0.0,61220.4263340526,537.6984126984128
2024,2024-04-11,cnn_1d,0.05,0.25,10,0.25,0.0,145000.0,0.0,-26981.47827916935,537.6984126984128
2024,2024-04-25,cnn_1d,0.05,0.25,10,0.25,0.0,145000.0,0.0,-48443.886925831925,537.6984126984128
2024,2024-05-13,cnn_1d,0.05,0.25,10,0.25,0.0,145000.0,0.0,-24408.528674934358,537.6984126984128
2024,2024-05-28,cnn_1d,0.05,0.25,10,0.5,0.0,125000.0,0.0,6643.669605863307,748.015873015873
2024,2024-06-11,cnn_1d,0.05,0.25,10,0.25,0.0,145000.0,0.0,63938.112585476825,537.6984126984128
2024,2024-06-25,cnn_1d,0.05,0.25,10,0.25,0.0,145000.0,0.0,-12063.17345114901,537.6984126984128
2024,2024-07-09,cnn_1d,0.05,0.25,10,0.25,0.0,145000.0,0.0,-41144.50503677293,537.6984126984128
2024,2024-07-23,cnn_1d,0.05,0.25,10,0.5,0.0,125000.0,0.0,-38638.48383828572,748.015873015873
2024,2024-08-06,cnn_1d,0.05,0.25,10,0.5,0.0,125000.0,0.0,-1138.631824690836,748.015873015873
2024,2024-08-20,cnn_1d,0.05,0.25,10,0.25,0.0,145000.0,0.0,-36845.22706209434,537.6984126984128
2024,2024-09-04,cnn_1d,0.05,0.25,10,0.25,0.0,145000.0,0.0,-8145.54915414248,537.6984126984128
2024,2024-09-18,cnn_1d,0.05,0.25,10,0.5,0.0,130000.0,0.0,7090.390997491343,757.936507936508
2024,2024-10-02,cnn_1d,0.05,0.25,10,0.5,0.0,130000.0,0.0,7627.850964331725,757.936507936508
2024,2024-10-16,cnn_1d,0.05,0.25,10,0.25,0.0,145000.0,0.0,3056.1134478243434,537.6984126984128
2024,2024-10-30,cnn_1d,0.05,0.25,10,0.25,0.0,145000.0,0.0,13830.058581704448,537.6984126984128
2024,2024-11-13,cnn_1d,0.05,0.25,10,0.25,0.0,145000.0,0.0,20248.36715298244,537.6984126984128
2024,2024-11-27,cnn_1d,0.05,0.25,10,0.25,0.0,145000.0,0.0,7068.0308906688815,537.6984126984128
2024,2024-12-11,cnn_1d,0.05,0.25,10,0.25,0.0,145000.0,0.0,692.4226375828961,537.6984126984128
2024,2024-12-27,cnn_1d,0.05,0.25,10,0.25,0.0,145000.0,0.0,116737.2004222855,537.6984126984128
2024,2024-01-02,cnn_1d,0.05,0.25,50,0.0,0.0,150000.0,0.0,58434.38715762887,297.6190476190476
2024,2024-01-16,cnn_1d,0.05,0.25,50,0.0,0.0,150000.0,0.0,53266.090491171744,297.6190476190476
2024,2024-01-30,cnn_1d,0.05,0.25,50,0.0,0.0,150000.0,0.0,11837.71335297728,297.6190476190476
2024,2024-02-13,cnn_1d,0.05,0.25,50,0.0,0.0,150000.0,0.0,-16599.524516322403,297.6190476190476
2024,2024-02-27,cnn_1d,0.05,0.25,50,0.0,0.0,150000.0,0.0,-7157.980534364764,297.6190476190476
2024,2024-03-12,cnn_1d,0.05,0.25,50,0.0,0.0,150000.0,0.0,32665.23830912623,297.6190476190476
2024,2024-03-26,cnn_1d,0.05,0.25,50,0.0,0.0,150000.0,0.0,77458.3497422705,297.6190476190476
2024,2024-04-11,cnn_1d,0.05,0.25,50,0.0,0.0,150000.0,0.0,-36244.78574446609,297.6190476190476
2024,2024-04-25,cnn_1d,0.05,0.25,50,0.0,0.0,150000.0,0.0,-62405.29441731884,297.6190476190476
2024,2024-05-13,cnn_1d,0.05,0.25,50,0.0,0.0,150000.0,0.0,-29938.704197896608,297.6190476190476
2024,2024-05-28,cnn_1d,0.05,0.25,50,0.0,0.0,150000.0,0.0,-671.3045765807274,297.6190476190476
2024,2024-06-11,cnn_1d,0.05,0.25,50,0.0,0.0,150000.0,0.0,84711.6621799871,297.6190476190476
2024,2024-06-25,cnn_1d,0.05,0.25,50,0.0,0.0,150000.0,0.0,-13013.524793160306,297.6190476190476
2024,2024-07-09,cnn_1d,0.05,0.25,50,0.0,0.0,150000.0,0.0,-53517.30799699496,297.6190476190476
2024,2024-07-23,cnn_1d,0.05,0.25,50,0.0,0.0,150000.0,0.0,-72580.08967770175,297.6190476190476
2024,2024-08-06,cnn_1d,0.05,0.25,50,0.0,0.0,150000.0,0.0,13413.704379955409,297.6190476190476
2024,2024-08-20,cnn_1d,0.05,0.25,50,0.0,0.0,150000.0,0.0,-50098.23911028708,297.6190476190476
2024,2024-09-04,cnn_1d,0.05,0.25,50,0.0,0.0,150000.0,0.0,-8647.758876922737,297.6190476190476
2024,2024-09-18,cnn_1d,0.05,0.25,50,0.0,0.0,150000.0,0.0,9371.657771511753,297.6190476190476
2024,2024-10-02,cnn_1d,0.05,0.25,50,0.0,0.0,150000.0,0.0,-453.9016405306554,297.6190476190476
2024,2024-10-16,cnn_1d,0.05,0.25,50,0.0,0.0,150000.0,0.0,1562.5628707706785,297.6190476190476
2024,2024-10-30,cnn_1d,0.05,0.25,50,0.0,0.0,150000.0,0.0,12634.866668031464,297.6190476190476
2024,2024-11-13,cnn_1d,0.05,0.25,50,0.0,0.0,150000.0,0.0,23851.167043182788,297.6190476190476
2024,2024-11-27,cnn_1d,0.05,0.25,50,0.0,0.0,150000.0,0.0,8657.802234194774,297.6190476190476
2024,2024-12-11,cnn_1d,0.05,0.25,50,0.0,0.0,150000.0,0.0,-1357.8596963778384,297.6190476190476
2024,2024-12-27,cnn_1d,0.05,0.25,50,0.0,0.0,150000.0,0.0,146966.29083844385,297.6190476190476
2024,2024-01-02,cnn_1d,0.05,0.25,100,0.0,0.0,150000.0,0.0,58434.38715762887,297.6190476190476
2024,2024-01-16,cnn_1d,0.05,0.25,100,0.0,0.0,150000.0,0.0,53266.090491171744,297.6190476190476
2024,2024-01-30,cnn_1d,0.05,0.25,100,0.0,0.0,150000.0,0.0,11837.71335297728,297.6190476190476
2024,2024-02-13,cnn_1d,0.05,0.25,100,0.0,0.0,150000.0,0.0,-16599.524516322403,297.6190476190476
2024,2024-02-27,cnn_1d,0.05,0.25,100,0.0,0.0,150000.0,0.0,-7157.980534364764,297.6190476190476
2024,2024-03-12,cnn_1d,0.05,0.25,100,0.0,0.0,150000.0,0.0,32665.23830912623,297.6190476190476
2024,2024-03-26,cnn_1d,0.05,0.25,100,0.0,0.0,150000.0,0.0,77458.3497422705,297.6190476190476
2024,2024-04-11,cnn_1d,0.05,0.25,100,0.0,0.0,150000.0,0.0,-36244.78574446609,297.6190476190476
2024,2024-04-25,cnn_1d,0.05,0.25,100,0.0,0.0,150000.0,0.0,-62405.29441731884,297.6190476190476
2024,2024-05-13,cnn_1d,0.05,0.25,100,0.0,0.0,150000.0,0.0,-29938.704197896608,297.6190476190476
2024,2024-05-28,cnn_1d,0.05,0.25,100,0.0,0.0,150000.0,0.0,-671.3045765807274,297.6190476190476
2024,2024-06-11,cnn_1d,0.05,0.25,100,0.0,0.0,150000.0,0.0,84711.6621799871,297.6190476190476
2024,2024-06-25,cnn_1d,0.05,0.25,100,0.0,0.0,150000.0,0.0,-13013.524793160306,297.6190476190476
2024,2024-07-09,cnn_1d,0.05,0.25,100,0.0,0.0,150000.0,0.0,-53517.30799699496,297.6190476190476
2024,2024-07-23,cnn_1d,0.05,0.25,100,0.0,0.0,150000.0,0.0,-72580.08967770175,297.6190476190476
2024,2024-08-06,cnn_1d,0.05,0.25,100,0.0,0.0,150000.0,0.0,13413.704379955409,297.6190476190476
2024,2024-08-20,cnn_1d,0.05,0.25,100,0.0,0.0,150000.0,0.0,-50098.23911028708,297.6190476190476
2024,2024-09-04,cnn_1d,0.05,0.25,100,0.0,0.0,150000.0,0.0,-8647.758876922737,297.6190476190476
2024,2024-09-18,cnn_1d,0.05,0.25,100,0.0,0.0,150000.0,0.0,9371.657771511753,297.6190476190476
2024,2024-10-02,cnn_1d,0.05,0.25,100,0.0,0.0,150000.0,0.0,-453.9016405306554,297.6190476190476
2024,2024-10-16,cnn_1d,0.05,0.25,100,0.0,0.0,150000.0,0.0,1562.5628707706785,297.6190476190476
2024,2024-10-30,cnn_1d,0.05,0.25,100,0.0,0.0,150000.0,0.0,12634.866668031464,297.6190476190476
2024,2024-11-13,cnn_1d,0.05,0.25,100,0.0,0.0,150000.0,0.0,23851.167043182788,297.6190476190476
2024,2024-11-27,cnn_1d,0.05,0.25,100,0.0,0.0,150000.0,0.0,8657.802234194774,297.6190476190476
2024,2024-12-11,cnn_1d,0.05,0.25,100,0.0,0.0,150000.0,0.0,-1357.8596963778384,297.6190476190476
2024,2024-12-27,cnn_1d,0.05,0.25,100,0.0,0.0,150000.0,0.0,146966.29083844385,297.6190476190476
2024,2024-01-02,cnn_1d,0.05,1.0,10,1.0,0.0,55000.0,0.0,7148.972677041212,1109.126984126984
2024,2024-01-16,cnn_1d,0.05,1.0,10,0.75,0.0,125000.0,0.0,15929.845949687093,998.015873015873
2024,2024-01-30,cnn_1d,0.05,1.0,10,0.75,0.0,125000.0,0.0,6667.758515801198,998.015873015873
2024,2024-02-13,cnn_1d,0.05,1.0,10,0.75,0.0,125000.0,0.0,-8455.048595642525,998.015873015873
2024,2024-02-27,cnn_1d,0.05,1.0,10,0.75,0.0,125000.0,0.0,-5904.997240808711,998.015873015873
2024,2024-03-12,cnn_1d,0.05,1.0,10,0.75,0.0,125000.0,0.0,12494.308354548144,998.015873015873
2024,2024-03-26,cnn_1d,0.05,1.0,10,1.0,0.0,55000.0,0.0,12506.656109398926,1109.126984126984
2024,2024-04-11,cnn_1d,0.05,1.0,10,0.75,0.0,125000.0,0.0,-8454.863348575862,998.015873015873
2024,2024-04-25,cnn_1d,0.05,1.0,10,0.75,0.0,125000.0,0.0,-20521.07194285809,998.015873015873
2024,2024-05-13,cnn_1d,0.05,1.0,10,1.0,0.0,55000.0,0.0,-7818.002106047588,1109.126984126984
2024,2024-05-28,cnn_1d,0.05,1.0,10,1.0,0.0,55000.0,0.0,13958.64378830734,1109.126984126984
2024,2024-06-11,cnn_1d,0.05,1.0,10,1.0,0.0,55000.0,0.0,1617.463801945995,1109.126984126984
2024,2024-06-25,cnn_1d,0.05,1.0,10,0.75,0.0,125000.0,0.0,-10162.47076712642,998.015873015873
2024,2024-07-09,cnn_1d,0.05,1.0,10,1.0,0.0,55000.0,0.0,-4026.0961561068425,1109.126984126984
2024,2024-07-23,cnn_1d,0.05,1.0,10,1.0,0.0,55000.0,0.0,-4696.877998869697,1109.126984126984
2024,2024-08-06,cnn_1d,0.05,1.0,10,1.0,0.0,55000.0,0.0,-15690.96802933708,1109.126984126984
2024,2024-08-20,cnn_1d,0.05,1.0,10,1.0,0.0,55000.0,0.0,2913.8090824838705,1109.126984126984
2024,2024-09-04,cnn_1d,0.05,1.0,10,1.0,0.0,55000.0,0.0,-6638.919985801713,1109.126984126984
2024,2024-09-18,cnn_1d,0.05,1.0,10,1.0,0.0,55000.0,0.0,4809.124223470936,1109.126984126984
2024,2024-10-02,cnn_1d,0.05,1.0,10,1.0,0.0,55000.0,0.0,15709.603569194103,1109.126984126984
2024,2024-10-16,cnn_1d,0.05,1.0,10,1.0,0.0,55000.0,0.0,7536.765178985339,1109.126984126984
2024,2024-10-30,cnn_1d,0.05,1.0,10,1.0,0.0,55000.0,0.0,17415.634322723396,1109.126984126984
2024,2024-11-13,cnn_1d,0.05,1.0,10,1.0,0.0,55000.0,0.0,9439.967482381397,1109.126984126984
2024,2024-11-27,cnn_1d,0.05,1.0,10,0.75,0.0,125000.0,0.0,3888.488203617098,998.015873015873
2024,2024-12-11,cnn_1d,0.05,1.0,10,0.75,0.0,125000.0,0.0,4792.987305504365,998.015873015873
2024,2024-12-27,cnn_1d,0.05,1.0,10,0.75,0.0,125000.0,0.0,56279.01958996881,998.015873015873
2024,2024-01-02,cnn_1d,0.05,1.0,50,0.25,0.0,145000.0,0.0,45613.03353748196,1537.6984126984128
2024,2024-01-16,cnn_1d,0.05,1.0,50,0.25,0.0,145000.0,0.0,40820.6756440102,1537.6984126984128
2024,2024-01-30,cnn_1d,0.05,1.0,50,0.25,0.0,145000.0,0.0,10114.395073918586,1537.6984126984128
2024,2024-02-13,cnn_1d,0.05,1.0,50,0.25,0.0,145000.0,0.0,-13884.699209429107,1537.6984126984128
2024,2024-02-27,cnn_1d,0.05,1.0,50,0.25,0.0,145000.0,0.0,-6740.319436512746,1537.6984126984128
2024,2024-03-12,cnn_1d,0.05,1.0,50,0.25,0.0,145000.0,0.0,25941.594990933536,1537.6984126984128
2024,2024-03-26,cnn_1d,0.05,1.0,50,0.25,0.0,145000.0,0.0,61220.4263340526,1537.6984126984128
2024,2024-04-11,cnn_1d,0.05,1.0,50,0.25,0.0,145000.0,0.0,-26981.47827916935,1537.6984126984128
2024,2024-04-25,cnn_1d,0.05,1.0,50,0.25,0.0,145000.0,0.0,-48443.886925831925,1537.6984126984128
2024,2024-05-13,cnn_1d,0.05,1.0,50,0.25,0.0,145000.0,0.0,-24408.528674934358,1537.6984126984128
2024,2024-05-28,cnn_1d,0.05,1.0,50,0.25,0.0,145000.0,0.0,2986.18251464129,1537.6984126984128
2024,2024-06-11,cnn_1d,0.05,1.0,50,0.25,0.0,145000.0,0.0,63938.112585476825,1537.6984126984128
2024,2024-06-25,cnn_1d,0.05,1.0,50,0.25,0.0,145000.0,0.0,-12063.17345114901,1537.6984126984128
2024,2024-07-09,cnn_1d,0.05,1.0,50,0.25,0.0,145000.0,0.0,-41144.50503677293,1537.6984126984128
2024,2024-07-23,cnn_1d,0.05,1.0,50,0.25,0.0,145000.0,0.0,-55609.28675799373,1537.6984126984128
2024,2024-08-06,cnn_1d,0.05,1.0,50,0.25,0.0,145000.0,0.0,6137.536277632286,1537.6984126984128
2024,2024-08-20,cnn_1d,0.05,1.0,50,0.25,0.0,145000.0,0.0,-36845.22706209434,1537.6984126984128
2024,2024-09-04,cnn_1d,0.05,1.0,50,0.25,0.0,145000.0,0.0,-8145.54915414248,1537.6984126984128
2024,2024-09-18,cnn_1d,0.05,1.0,50,0.25,0.0,145000.0,0.0,8231.024384501547,1537.6984126984128
2024,2024-10-02,cnn_1d,0.05,1.0,50,0.25,0.0,145000.0,0.0,3586.9746619005346,1537.6984126984128
2024,2024-10-16,cnn_1d,0.05,1.0,50,0.25,0.0,145000.0,0.0,3056.1134478243434,1537.6984126984128
2024,2024-10-30,cnn_1d,0.05,1.0,50,0.25,0.0,145000.0,0.0,13830.058581704448,1537.6984126984128
2024,2024-11-13,cnn_1d,0.05,1.0,50,0.25,0.0,145000.0,0.0,20248.36715298244,1537.6984126984128
2024,2024-11-27,cnn_1d,0.05,1.0,50,0.25,0.0,145000.0,0.0,7068.0308906688815,1537.6984126984128
2024,2024-12-11,cnn_1d,0.05,1.0,50,0.25,0.0,145000.0,0.0,692.4226375828961,1537.6984126984128
2024,2024-12-27,cnn_1d,0.05,1.0,50,0.25,0.0,145000.0,0.0,116737.2004222855,1537.6984126984128
2024,2024-01-02,cnn_1d,0.05,1.0,100,0.0,0.0,150000.0,0.0,58434.38715762887,297.6190476190476
2024,2024-01-16,cnn_1d,0.05,1.0,100,0.0,0.0,150000.0,0.0,53266.090491171744,297.6190476190476
2024,2024-01-30,cnn_1d,0.05,1.0,100,0.0,0.0,150000.0,0.0,11837.71335297728,297.6190476190476
2024,2024-02-13,cnn_1d,0.05,1.0,100,0.0,0.0,150000.0,0.0,-16599.524516322403,297.6190476190476
2024,2024-02-27,cnn_1d,0.05,1.0,100,0.0,0.0,150000.0,0.0,-7157.980534364764,297.6190476190476
2024,2024-03-12,cnn_1d,0.05,1.0,100,0.0,0.0,150000.0,0.0,32665.23830912623,297.6190476190476
2024,2024-03-26,cnn_1d,0.05,1.0,100,0.0,0.0,150000.0,0.0,77458.3497422705,297.6190476190476
2024,2024-04-11,cnn_1d,0.05,1.0,100,0.0,0.0,150000.0,0.0,-36244.78574446609,297.6190476190476
2024,2024-04-25,cnn_1d,0.05,1.0,100,0.0,0.0,150000.0,0.0,-62405.29441731884,297.6190476190476
2024,2024-05-13,cnn_1d,0.05,1.0,100,0.0,0.0,150000.0,0.0,-29938.704197896608,297.6190476190476
2024,2024-05-28,cnn_1d,0.05,1.0,100,0.0,0.0,150000.0,0.0,-671.3045765807274,297.6190476190476
2024,2024-06-11,cnn_1d,0.05,1.0,100,0.0,0.0,150000.0,0.0,84711.6621799871,297.6190476190476
2024,2024-06-25,cnn_1d,0.05,1.0,100,0.0,0.0,150000.0,0.0,-13013.524793160306,297.6190476190476
2024,2024-07-09,cnn_1d,0.05,1.0,100,0.0,0.0,150000.0,0.0,-53517.30799699496,297.6190476190476
2024,2024-07-23,cnn_1d,0.05,1.0,100,0.0,0.0,150000.0,0.0,-72580.08967770175,297.6190476190476
2024,2024-08-06,cnn_1d,0.05,1.0,100,0.0,0.0,150000.0,0.0,13413.704379955409,297.6190476190476
2024,2024-08-20,cnn_1d,0.05,1.0,100,0.0,0.0,150000.0,0.0,-50098.23911028708,297.6190476190476
2024,2024-09-04,cnn_1d,0.05,1.0,100,0.0,0.0,150000.0,0.0,-8647.758876922737,297.6190476190476
2024,2024-09-18,cnn_1d,0.05,1.0,100,0.0,0.0,150000.0,0.0,9371.657771511753,297.6190476190476
2024,2024-10-02,cnn_1d,0.05,1.0,100,0.0,0.0,150000.0,0.0,-453.9016405306554,297.6190476190476
2024,2024-10-16,cnn_1d,0.05,1.0,100,0.0,0.0,150000.0,0.0,1562.5628707706785,297.6190476190476
2024,2024-10-30,cnn_1d,0.05,1.0,100,0.0,0.0,150000.0,0.0,12634.866668031464,297.6190476190476
2024,2024-11-13,cnn_1d,0.05,1.0,100,0.0,0.0,150000.0,0.0,23851.167043182788,297.6190476190476
2024,2024-11-27,cnn_1d,0.05,1.0,100,0.0,0.0,150000.0,0.0,8657.802234194774,297.6190476190476
2024,2024-12-11,cnn_1d,0.05,1.0,100,0.0,0.0,150000.0,0.0,-1357.8596963778384,297.6190476190476
2024,2024-12-27,cnn_1d,0.05,1.0,100,0.0,0.0,150000.0,0.0,146966.29083844385,297.6190476190476
2024,2024-01-02,cnn_1d,0.05,2.0,10,1.0,0.0,60000.0,0.0,7148.972677041212,1119.047619047619
2024,2024-01-16,cnn_1d,0.05,2.0,10,1.0,0.0,60000.0,0.0,3484.43110252554,1119.047619047619
2024,2024-01-30,cnn_1d,0.05,2.0,10,1.0,0.0,60000.0,0.0,4944.440236742504,1119.047619047619
2024,2024-02-13,cnn_1d,0.05,2.0,10,1.0,0.0,60000.0,0.0,-5740.223288749232,1119.047619047619
2024,2024-02-27,cnn_1d,0.05,2.0,10,1.0,0.0,60000.0,0.0,-5487.336142956692,1119.047619047619
2024,2024-03-12,cnn_1d,0.05,2.0,10,1.0,0.0,60000.0,0.0,5770.665036355447,1119.047619047619
2024,2024-03-26,cnn_1d,0.05,2.0,10,1.0,0.0,60000.0,0.0,12506.656109398926,1119.047619047619
2024,2024-04-11,cnn_1d,0.05,2.0,10,1.0,0.0,60000.0,0.0,808.4441167208814,1119.047619047619
2024,2024-04-25,cnn_1d,0.05,2.0,10,1.0,0.0,60000.0,0.0,-6559.664451371176,1119.047619047619
2024,2024-05-13,cnn_1d,0.05,2.0,10,1.0,0.0,60000.0,0.0,-7818.002106047588,1119.047619047619
2024,2024-05-28,cnn_1d,0.05,2.0,10,1.0,0.0,60000.0,0.0,13958.64378830734,1119.047619047619
2024,2024-06-11,cnn_1d,0.05,2.0,10,1.0,0.0,60000.0,0.0,1617.463801945995,1119.047619047619
2024,2024-06-25,cnn_1d,0.05,2.0,10,1.0,0.0,60000.0,0.0,-9212.11942511512,1119.047619047619
2024,2024-07-09,cnn_1d,0.05,2.0,10,1.0,0.0,60000.0,0.0,-4026.0961561068425,1119.047619047619
2024,2024-07-23,cnn_1d,0.05,2.0,10,1.0,0.0,60000.0,0.0,-4696.877998869697,1119.047619047619
2024,2024-08-06,cnn_1d,0.05,2.0,10,1.0,0.0,60000.0,0.0,-15690.96802933708,1119.047619047619
2024,2024-08-20,cnn_1d,0.05,2.0,10,1.0,0.0,60000.0,0.0,2913.8090824838705,1119.047619047619
2024,2024-09-04,cnn_1d,0.05,2.0,10,1.0,0.0,60000.0,0.0,-6638.919985801713,1119.047619047619
2024,2024-09-18,cnn_1d,0.05,2.0,10,1.0,0.0,60000.0,0.0,4809.124223470936,1119.047619047619
2024,2024-10-02,cnn_1d,0.05,2.0,10,1.0,0.0,60000.0,0.0,15709.603569194103,1119.047619047619
2024,2024-10-16,cnn_1d,0.05,2.0,10,1.0,0.0,60000.0,0.0,7536.765178985339,1119.047619047619
2024,2024-10-30,cnn_1d,0.05,2.0,10,1.0,0.0,60000.0,0.0,17415.634322723396,1119.047619047619
2024,2024-11-13,cnn_1d,0.05,2.0,10,1.0,0.0,60000.0,0.0,9439.967482381397,1119.047619047619
2024,2024-11-27,cnn_1d,0.05,2.0,10,1.0,0.0,60000.0,0.0,2298.716860091206,1119.047619047619
2024,2024-12-11,cnn_1d,0.05,2.0,10,1.0,0.0,60000.0,0.0,6843.269639465099,1119.047619047619
2024,2024-12-27,cnn_1d,0.05,2.0,10,1.0,0.0,60000.0,0.0,26049.929173810466,1119.047619047619
2024,2024-01-02,cnn_1d,0.05,2.0,50,0.5,0.0,145000.0,0.0,32791.67991733504,2787.6984126984125
2024,2024-01-16,cnn_1d,0.05,2.0,50,0.5,0.0,145000.0,0.0,28375.26079684864,2787.6984126984125
2024,2024-01-30,cnn_1d,0.05,2.0,50,0.5,0.0,145000.0,0.0,8391.076794859891,2787.6984126984125
2024,2024-02-13,cnn_1d,0.05,2.0,50,0.5,0.0,145000.0,0.0,-11169.873902535815,2787.6984126984125
2024,2024-02-27,cnn_1d,0.05,2.0,50,0.5,0.0,145000.0,0.0,-6322.658338660728,2787.6984126984125
2024,2024-03-12,cnn_1d,0.05,2.0,50,0.5,0.0,145000.0,0.0,19217.95167274084,2787.6984126984125
2024,2024-03-26,cnn_1d,0.05,2.0,50,0.5,0.0,145000.0,0.0,44982.50292583471,2787.6984126984125
2024,2024-04-11,cnn_1d,0.05,2.0,50,0.5,0.0,145000.0,0.0,-17718.170813872606,2787.6984126984125
2024,2024-04-25,cnn_1d,0.05,2.0,50,0.5,0.0,145000.0,0.0,-34482.479434345005,2787.6984126984125
2024,2024-05-13,cnn_1d,0.05,2.0,50,0.5,0.0,145000.0,0.0,-18878.3531519721,2787.6984126984125
2024,2024-05-28,cnn_1d,0.05,2.0,50,0.5,0.0,145000.0,0.0,6643.669605863307,2787.6984126984125
2024,2024-06-11,cnn_1d,0.05,2.0,50,0.5,0.0,145000.0,0.0,43164.56299096655,2787.6984126984125
2024,2024-06-25,cnn_1d,0.05,2.0,50,0.5,0.0,145000.0,0.0,-11112.822109137716,2787.6984126984125
2024,2024-07-09,cnn_1d,0.05,2.0,50,0.5,0.0,145000.0,0.0,-28771.7020765509,2787.6984126984125
2024,2024-07-23,cnn_1d,0.05,2.0,50,0.5,0.0,145000.0,0.0,-38638.48383828572,2787.6984126984125
2024,2024-08-06,cnn_1d,0.05,2.0,50,0.5,0.0,145000.0,0.0,-1138.631824690836,2787.6984126984125
2024,2024-08-20,cnn_1d,0.05,2.0,50,0.5,0.0,145000.0,0.0,-23592.2150139016,2787.6984126984125
2024,2024-09-04,cnn_1d,0.05,2.0,50,0.5,0.0,145000.0,0.0,-7643.339431362225,2787.6984126984125
2024,2024-09-18,cnn_1d,0.05,2.0,50,0.75,0.0,145000.0,0.0,5949.75761048114,4037.698412698413
2024,2024-10-02,cnn_1d,0.05,2.0,50,0.75,0.0,145000.0,0.0,11668.727266762917,4037.698412698413
2024,2024-10-16,cnn_1d,0.05,2.0,50,0.5,0.0,145000.0,0.0,4549.664024878009,2787.6984126984125
2024,2024-10-30,cnn_1d,0.05,2.0,50,0.5,0.0,145000.0,0.0,15025.25049537743,2787.6984126984125
2024,2024-11-13,cnn_1d,0.05,2.0,50,0.5,0.0,145000.0,0.0,16645.56726278209,2787.6984126984125
2024,2024-11-27,cnn_1d,0.05,2.0,50,0.5,0.0,145000.0,0.0,5478.2595471429895,2787.6984126984125
2024,2024-12-11,cnn_1d,0.05,2.0,50,0.5,0.0,145000.0,0.0,2742.7049715436306,2787.6984126984125
2024,2024-12-27,cnn_1d,0.05,2.0,50,0.5,0.0,145000.0,0.0,86508.11000612716,2787.6984126984125
2024,2024-01-02,cnn_1d,0.05,2.0,100,0.25,0.0,145000.0,0.0,45613.03353748196,2787.6984126984125
2024,2024-01-16,cnn_1d,0.05,2.0,100,0.25,0.0,145000.0,0.0,40820.6756440102,2787.6984126984125
2024,2024-01-30,cnn_1d,0.05,2.0,100,0.25,0.0,145000.0,0.0,10114.395073918586,2787.6984126984125
2024,2024-02-13,cnn_1d,0.05,2.0,100,0.25,0.0,145000.0,0.0,-13884.699209429107,2787.6984126984125
2024,2024-02-27,cnn_1d,0.05,2.0,100,0.25,0.0,145000.0,0.0,-6740.319436512746,2787.6984126984125
2024,2024-03-12,cnn_1d,0.05,2.0,100,0.25,0.0,145000.0,0.0,25941.594990933536,2787.6984126984125
2024,2024-03-26,cnn_1d,0.05,2.0,100,0.25,0.0,145000.0,0.0,61220.4263340526,2787.6984126984125
2024,2024-04-11,cnn_1d,0.05,2.0,100,0.25,0.0,145000.0,0.0,-26981.47827916935,2787.6984126984125
2024,2024-04-25,cnn_1d,0.05,2.0,100,0.25,0.0,145000.0,0.0,-48443.886925831925,2787.6984126984125
2024,2024-05-13,cnn_1d,0.05,2.0,100,0.25,0.0,145000.0,0.0,-24408.528674934358,2787.6984126984125
2024,2024-05-28,cnn_1d,0.05,2.0,100,0.25,0.0,145000.0,0.0,2986.18251464129,2787.6984126984125
2024,2024-06-11,cnn_1d,0.05,2.0,100,0.25,0.0,145000.0,0.0,63938.112585476825,2787.6984126984125
2024,2024-06-25,cnn_1d,0.05,2.0,100,0.25,0.0,145000.0,0.0,-12063.17345114901,2787.6984126984125
2024,2024-07-09,cnn_1d,0.05,2.0,100,0.25,0.0,145000.0,0.0,-41144.50503677293,2787.6984126984125
2024,2024-07-23,cnn_1d,0.05,2.0,100,0.25,0.0,145000.0,0.0,-55609.28675799373,2787.6984126984125
2024,2024-08-06,cnn_1d,0.05,2.0,100,0.25,0.0,145000.0,0.0,6137.536277632286,2787.6984126984125
2024,2024-08-20,cnn_1d,0.05,2.0,100,0.25,0.0,145000.0,0.0,-36845.22706209434,2787.6984126984125
2024,2024-09-04,cnn_1d,0.05,2.0,100,0.25,0.0,145000.0,0.0,-8145.54915414248,2787.6984126984125
2024,2024-09-18,cnn_1d,0.05,2.0,100,0.25,0.0,145000.0,0.0,8231.024384501547,2787.6984126984125
2024,2024-10-02,cnn_1d,0.05,2.0,100,0.25,0.0,145000.0,0.0,3586.9746619005346,2787.6984126984125
2024,2024-10-16,cnn_1d,0.05,2.0,100,0.25,0.0,145000.0,0.0,3056.1134478243434,2787.6984126984125
2024,2024-10-30,cnn_1d,0.05,2.0,100,0.25,0.0,145000.0,0.0,13830.058581704448,2787.6984126984125
2024,2024-11-13,cnn_1d,0.05,2.0,100,0.25,0.0,145000.0,0.0,20248.36715298244,2787.6984126984125
2024,2024-11-27,cnn_1d,0.05,2.0,100,0.25,0.0,145000.0,0.0,7068.0308906688815,2787.6984126984125
2024,2024-12-11,cnn_1d,0.05,2.0,100,0.25,0.0,145000.0,0.0,692.4226375828961,2787.6984126984125
2024,2024-12-27,cnn_1d,0.05,2.0,100,0.25,0.0,145000.0,0.0,116737.2004222855,2787.6984126984125
2024,2024-01-02,cnn_1d,0.1,0.25,10,0.75,0.0,55000.0,0.0,19970.326297188123,968.2539682539682
2024,2024-01-16,cnn_1d,0.1,0.25,10,0.75,0.0,55000.0,0.0,15929.845949687093,968.2539682539682
2024,2024-01-30,cnn_1d,0.1,0.25,10,0.75,0.0,55000.0,0.0,6667.758515801198,968.2539682539682
2024,2024-02-13,cnn_1d,0.1,0.25,10,0.75,0.0,55000.0,0.0,-8455.048595642525,968.2539682539682
2024,2024-02-27,cnn_1d,0.1,0.25,10,0.75,0.0,55000.0,0.0,-5904.997240808711,968.2539682539682
2024,2024-03-12,cnn_1d,0.1,0.25,10,0.75,0.0,55000.0,0.0,12494.308354548144,968.2539682539682
2024,2024-03-26,cnn_1d,0.1,0.25,10,0.75,0.0,55000.0,0.0,28744.579517616818,968.2539682539682
2024,2024-04-11,cnn_1d,0.1,0.25,10,0.75,0.0,55000.0,0.0,-8454.863348575862,968.2539682539682
2024,2024-04-25,cnn_1d,0.1,0.25,10,0.75,0.0,55000.0,0.0,-20521.07194285809,968.2539682539682
2024,2024-05-13,cnn_1d,0.1,0.25,10,0.75,0.0,55000.0,0.0,-13348.177629009844,968.2539682539682
2024,2024-05-28,cnn_1d,0.1,0.25,10,0.75,0.0,55000.0,0.0,10301.156697085324,968.2539682539682
2024,2024-06-11,cnn_1d,0.1,0.25,10,0.75,0.0,55000.0,0.0,22391.01339645627,968.2539682539682
2024,2024-06-25,cnn_1d,0.1,0.25,10,0.75,0.0,55000.0,0.0,-10162.47076712642,968.2539682539682
2024,2024-07-09,cnn_1d,0.1,0.25,10,0.75,0.0,55000.0,0.0,-16398.89911632887,968.2539682539682
2024,2024-07-23,cnn_1d,0.1,0.25,10,0.75,0.0,55000.0,0.0,-21667.68091857771,968.2539682539682
2024,2024-08-06,cnn_1d,0.1,0.25,10,0.75,0.0,55000.0,0.0,-8414.799927013957,968.2539682539682
2024,2024-08-20,cnn_1d,0.1,0.25,10,0.75,0.0,55000.0,0.0,-10339.202965708866,968.2539682539682
2024,2024-09-04,cnn_1d,0.1,0.25,10,0.75,0.0,55000.0,0.0,-7141.129708581969,968.2539682539682
2024,2024-09-18,cnn_1d,0.1,0.25,10,0.75,0.0,55000.0,0.0,5949.75761048114,968.2539682539682
2024,2024-10-02,cnn_1d,0.1,0.25,10,0.75,0.0,55000.0,0.0,11668.727266762917,968.2539682539682
2024,2024-10-16,cnn_1d,0.1,0.25,10,0.75,0.0,55000.0,0.0,6043.214601931673,968.2539682539682
2024,2024-10-30,cnn_1d,0.1,0.25,10,0.75,0.0,55000.0,0.0,16220.442409050413,968.2539682539682
2024,2024-11-13,cnn_1d,0.1,0.25,10,0.75,0.0,55000.0,0.0,13042.767372581744,968.2539682539682
2024,2024-11-27,cnn_1d,0.1,0.25,10,0.75,0.0,55000.0,0.0,3888.488203617098,968.2539682539682
2024,2024-12-11,cnn_1d,0.1,0.25,10,0.75,0.0,55000.0,0.0,4792.987305504365,968.2539682539682
2024,2024-12-27,cnn_1d,0.1,0.25,10,0.75,0.0,55000.0,1279.0195899688115,56279.01958996881,1288.008865746171
2024,2024-01-02,cnn_1d,0.1,0.25,50,0.0,0.0,150000.0,0.0,58434.38715762887,595.2380952380952
2024,2024-01-16,cnn_1d,0.1,0.25,50,0.0,0.0,150000.0,0.0,53266.090491171744,595.2380952380952
2024,2024-01-30,cnn_1d,0.1,0.25,50,0.0,0.0,150000.0,0.0,11837.71335297728,595.2380952380952
2024,2024-02-13,cnn_1d,0.1,0.25,50,0.0,0.0,150000.0,0.0,-16599.524516322403,595.2380952380952
2024,2024-02-27,cnn_1d,0.1,0.25,50,0.0,0.0,150000.0,0.0,-7157.980534364764,595.2380952380952
2024,2024-03-12,cnn_1d,0.1,0.25,50,0.0,0.0,150000.0,0.0,32665.23830912623,595.2380952380952
2024,2024-03-26,cnn_1d,0.1,0.25,50,0.0,0.0,150000.0,0.0,77458.3497422705,595.2380952380952
2024,2024-04-11,cnn_1d,0.1,0.25,50,0.0,0.0,150000.0,0.0,-36244.78574446609,595.2380952380952
2024,2024-04-25,cnn_1d,0.1,0.25,50,0.0,0.0,150000.0,0.0,-62405.29441731884,595.2380952380952
2024,2024-05-13,cnn_1d,0.1,0.25,50,0.0,0.0,150000.0,0.0,-29938.704197896608,595.2380952380952
2024,2024-05-28,cnn_1d,0.1,0.25,50,0.0,0.0,150000.0,0.0,-671.3045765807274,595.2380952380952
2024,2024-06-11,cnn_1d,0.1,0.25,50,0.0,0.0,150000.0,0.0,84711.6621799871,595.2380952380952
2024,2024-06-25,cnn_1d,0.1,0.25,50,0.0,0.0,150000.0,0.0,-13013.524793160306,595.2380952380952
2024,2024-07-09,cnn_1d,0.1,0.25,50,0.0,0.0,150000.0,0.0,-53517.30799699496,595.2380952380952
2024,2024-07-23,cnn_1d,0.1,0.25,50,0.0,0.0,150000.0,0.0,-72580.08967770175,595.2380952380952
2024,2024-08-06,cnn_1d,0.1,0.25,50,0.0,0.0,150000.0,0.0,13413.704379955409,595.2380952380952
2024,2024-08-20,cnn_1d,0.1,0.25,50,0.0,0.0,150000.0,0.0,-50098.23911028708,595.2380952380952
2024,2024-09-04,cnn_1d,0.1,0.25,50,0.0,0.0,150000.0,0.0,-8647.758876922737,595.2380952380952
2024,2024-09-18,cnn_1d,0.1,0.25,50,0.0,0.0,150000.0,0.0,9371.657771511753,595.2380952380952
2024,2024-10-02,cnn_1d,0.1,0.25,50,0.0,0.0,150000.0,0.0,-453.9016405306554,595.2380952380952
2024,2024-10-16,cnn_1d,0.1,0.25,50,0.0,0.0,150000.0,0.0,1562.5628707706785,595.2380952380952
2024,2024-10-30,cnn_1d,0.1,0.25,50,0.0,0.0,150000.0,0.0,12634.866668031464,595.2380952380952
2024,2024-11-13,cnn_1d,0.1,0.25,50,0.0,0.0,150000.0,0.0,23851.167043182788,595.2380952380952
2024,2024-11-27,cnn_1d,0.1,0.25,50,0.0,0.0,150000.0,0.0,8657.802234194774,595.2380952380952
2024,2024-12-11,cnn_1d,0.1,0.25,50,0.0,0.0,150000.0,0.0,-1357.8596963778384,595.2380952380952
2024,2024-12-27,cnn_1d,0.1,0.25,50,0.0,0.0,150000.0,0.0,146966.29083844385,595.2380952380952
2024,2024-01-02,cnn_1d,0.1,0.25,100,0.0,0.0,150000.0,0.0,58434.38715762887,595.2380952380952
2024,2024-01-16,cnn_1d,0.1,0.25,100,0.0,0.0,150000.0,0.0,53266.090491171744,595.2380952380952
2024,2024-01-30,cnn_1d,0.1,0.25,100,0.0,0.0,150000.0,0.0,11837.71335297728,595.2380952380952
2024,2024-02-13,cnn_1d,0.1,0.25,100,0.0,0.0,150000.0,0.0,-16599.524516322403,595.2380952380952
2024,2024-02-27,cnn_1d,0.1,0.25,100,0.0,0.0,150000.0,0.0,-7157.980534364764,595.2380952380952
2024,2024-03-12,cnn_1d,0.1,0.25,100,0.0,0.0,150000.0,0.0,32665.23830912623,595.2380952380952
2024,2024-03-26,cnn_1d,0.1,0.25,100,0.0,0.0,150000.0,0.0,77458.3497422705,595.2380952380952
2024,2024-04-11,cnn_1d,0.1,0.25,100,0.0,0.0,150000.0,0.0,-36244.78574446609,595.2380952380952
2024,2024-04-25,cnn_1d,0.1,0.25,100,0.0,0.0,150000.0,0.0,-62405.29441731884,595.2380952380952
2024,2024-05-13,cnn_1d,0.1,0.25,100,0.0,0.0,150000.0,0.0,-29938.704197896608,595.2380952380952
2024,2024-05-28,cnn_1d,0.1,0.25,100,0.0,0.0,150000.0,0.0,-671.3045765807274,595.2380952380952
2024,2024-06-11,cnn_1d,0.1,0.25,100,0.0,0.0,150000.0,0.0,84711.6621799871,595.2380952380952
2024,2024-06-25,cnn_1d,0.1,0.25,100,0.0,0.0,150000.0,0.0,-13013.524793160306,595.2380952380952
2024,2024-07-09,cnn_1d,0.1,0.25,100,0.0,0.0,150000.0,0.0,-53517.30799699496,595.2380952380952
2024,2024-07-23,cnn_1d,0.1,0.25,100,0.0,0.0,150000.0,0.0,-72580.08967770175,595.2380952380952
2024,2024-08-06,cnn_1d,0.1,0.25,100,0.0,0.0,150000.0,0.0,13413.704379955409,595.2380952380952
2024,2024-08-20,cnn_1d,0.1,0.25,100,0.0,0.0,150000.0,0.0,-50098.23911028708,595.2380952380952
2024,2024-09-04,cnn_1d,0.1,0.25,100,0.0,0.0,150000.0,0.0,-8647.758876922737,595.2380952380952
2024,2024-09-18,cnn_1d,0.1,0.25,100,0.0,0.0,150000.0,0.0,9371.657771511753,595.2380952380952
2024,2024-10-02,cnn_1d,0.1,0.25,100,0.0,0.0,150000.0,0.0,-453.9016405306554,595.2380952380952
2024,2024-10-16,cnn_1d,0.1,0.25,100,0.0,0.0,150000.0,0.0,1562.5628707706785,595.2380952380952
2024,2024-10-30,cnn_1d,0.1,0.25,100,0.0,0.0,150000.0,0.0,12634.866668031464,595.2380952380952
2024,2024-11-13,cnn_1d,0.1,0.25,100,0.0,0.0,150000.0,0.0,23851.167043182788,595.2380952380952
2024,2024-11-27,cnn_1d,0.1,0.25,100,0.0,0.0,150000.0,0.0,8657.802234194774,595.2380952380952
2024,2024-12-11,cnn_1d,0.1,0.25,100,0.0,0.0,150000.0,0.0,-1357.8596963778384,595.2380952380952
2024,2024-12-27,cnn_1d,0.1,0.25,100,0.0,0.0,150000.0,0.0,146966.29083844385,595.2380952380952
2024,2024-01-02,cnn_1d,0.1,1.0,10,1.0,0.0,50000.0,0.0,7148.972677041212,1198.4126984126983
2024,2024-01-16,cnn_1d,0.1,1.0,10,1.0,0.0,50000.0,0.0,3484.43110252554,1198.4126984126983
2024,2024-01-30,cnn_1d,0.1,1.0,10,1.0,0.0,50000.0,0.0,4944.440236742504,1198.4126984126983
2024,2024-02-13,cnn_1d,0.1,1.0,10,1.0,0.0,50000.0,0.0,-5740.223288749232,1198.4126984126983
2024,2024-02-27,cnn_1d,0.1,1.0,10,1.0,0.0,50000.0,0.0,-5487.336142956692,1198.4126984126983
2024,2024-03-12,cnn_1d,0.1,1.0,10,1.0,0.0,50000.0,0.0,5770.665036355447,1198.4126984126983
2024,2024-03-26,cnn_1d,0.1,1.0,10,1.0,0.0,50000.0,0.0,12506.656109398926,1198.4126984126983
2024,2024-04-11,cnn_1d,0.1,1.0,10,1.0,0.0,50000.0,0.0,808.4441167208814,1198.4126984126983
2024,2024-04-25,cnn_1d,0.1,1.0,10,1.0,0.0,50000.0,0.0,-6559.664451371176,1198.4126984126983
2024,2024-05-13,cnn_1d,0.1,1.0,10,1.0,0.0,50000.0,0.0,-7818.002106047588,1198.4126984126983
2024,2024-05-28,cnn_1d,0.1,1.0,10,1.0,0.0,45000.0,0.0,13958.64378830734,1178.5714285714284
2024,2024-06-11,cnn_1d,0.1,1.0,10,1.0,0.0,50000.0,0.0,1617.463801945995,1198.4126984126983
2024,2024-06-25,cnn_1d,0.1,1.0,10,1.0,0.0,50000.0,0.0,-9212.11942511512,1198.4126984126983
2024,2024-07-09,cnn_1d,0.1,1.0,10,1.0,0.0,50000.0,0.0,-4026.0961561068425,1198.4126984126983
2024,2024-07-23,cnn_1d,0.1,1.0,10,1.0,0.0,45000.0,0.0,-4696.877998869697,1178.5714285714284
2024,2024-08-06,cnn_1d,0.1,1.0,10,1.0,0.0,45000.0,0.0,-15690.96802933708,1178.5714285714284
2024,2024-08-20,cnn_1d,0.1,1.0,10,1.0,0.0,50000.0,0.0,2913.8090824838705,1198.4126984126983
2024,2024-09-04,cnn_1d,0.1,1.0,10,1.0,0.0,50000.0,0.0,-6638.919985801713,1198.4126984126983
2024,2024-09-18,cnn_1d,0.1,1.0,10,1.0,0.0,45000.0,0.0,4809.124223470936,1178.5714285714284
2024,2024-10-02,cnn_1d,0.1,1.0,10,1.0,0.0,45000.0,0.0,15709.603569194103,1178.5714285714284
2024,2024-10-16,cnn_1d,0.1,1.0,10,1.0,0.0,50000.0,0.0,7536.765178985339,1198.4126984126983
2024,2024-10-30,cnn_1d,0.1,1.0,10,1.0,0.0,50000.0,0.0,17415.634322723396,1198.4126984126983
2024,2024-11-13,cnn_1d,0.1,1.0,10,1.0,0.0,50000.0,0.0,9439.967482381397,1198.4126984126983
2024,2024-11-27,cnn_1d,0.1,1.0,10,1.0,0.0,50000.0,0.0,2298.716860091206,1198.4126984126983
2024,2024-12-11,cnn_1d,0.1,1.0,10,1.0,0.0,50000.0,0.0,6843.269639465099,1198.4126984126983
2024,2024-12-27,cnn_1d,0.1,1.0,10,1.0,0.0,50000.0,0.0,26049.929173810466,1198.4126984126983
2024,2024-01-02,cnn_1d,0.1,1.0,50,0.25,0.0,145000.0,0.0,45613.03353748196,1825.3968253968253
2024,2024-01-16,cnn_1d,0.1,1.0,50,0.25,0.0,145000.0,0.0,40820.6756440102,1825.3968253968253
2024,2024-01-30,cnn_1d,0.1,1.0,50,0.25,0.0,145000.0,0.0,10114.395073918586,1825.3968253968253
2024,2024-02-13,cnn_1d,0.1,1.0,50,0.25,0.0,145000.0,0.0,-13884.699209429107,1825.3968253968253
2024,2024-02-27,cnn_1d,0.1,1.0,50,0.25,0.0,145000.0,0.0,-6740.319436512746,1825.3968253968253
2024,2024-03-12,cnn_1d,0.1,1.0,50,0.25,0.0,145000.0,0.0,25941.594990933536,1825.3968253968253
2024,2024-03-26,cnn_1d,0.1,1.0,50,0.25,0.0,145000.0,0.0,61220.4263340526,1825.3968253968253
2024,2024-04-11,cnn_1d,0.1,1.0,50,0.25,0.0,145000.0,0.0,-26981.47827916935,1825.3968253968253
2024,2024-04-25,cnn_1d,0.1,1.0,50,0.25,0.0,145000.0,0.0,-48443.886925831925,1825.3968253968253
2024,2024-05-13,cnn_1d,0.1,1.0,50,0.25,0.0,145000.0,0.0,-24408.528674934358,1825.3968253968253
2024,2024-05-28,cnn_1d,0.1,1.0,50,0.25,0.0,145000.0,0.0,2986.18251464129,1825.3968253968253
2024,2024-06-11,cnn_1d,0.1,1.0,50,0.25,0.0,145000.0,0.0,63938.112585476825,1825.3968253968253
2024,2024-06-25,cnn_1d,0.1,1.0,50,0.25,0.0,145000.0,0.0,-12063.17345114901,1825.3968253968253
2024,2024-07-09,cnn_1d,0.1,1.0,50,0.25,0.0,145000.0,0.0,-41144.50503677293,1825.3968253968253
2024,2024-07-23,cnn_1d,0.1,1.0,50,0.25,0.0,145000.0,0.0,-55609.28675799373,1825.3968253968253
2024,2024-08-06,cnn_1d,0.1,1.0,50,0.25,0.0,145000.0,0.0,6137.536277632286,1825.3968253968253
2024,2024-08-20,cnn_1d,0.1,1.0,50,0.25,0.0,145000.0,0.0,-36845.22706209434,1825.3968253968253
2024,2024-09-04,cnn_1d,0.1,1.0,50,0.25,0.0,145000.0,0.0,-8145.54915414248,1825.3968253968253
2024,2024-09-18,cnn_1d,0.1,1.0,50,0.25,0.0,145000.0,0.0,8231.024384501547,1825.3968253968253
2024,2024-10-02,cnn_1d,0.1,1.0,50,0.25,0.0,145000.0,0.0,3586.9746619005346,1825.3968253968253
2024,2024-10-16,cnn_1d,0.1,1.0,50,0.25,0.0,145000.0,0.0,3056.1134478243434,1825.3968253968253
2024,2024-10-30,cnn_1d,0.1,1.0,50,0.25,0.0,145000.0,0.0,13830.058581704448,1825.3968253968253
2024,2024-11-13,cnn_1d,0.1,1.0,50,0.25,0.0,145000.0,0.0,20248.36715298244,1825.3968253968253
2024,2024-11-27,cnn_1d,0.1,1.0,50,0.25,0.0,145000.0,0.0,7068.0308906688815,1825.3968253968253
2024,2024-12-11,cnn_1d,0.1,1.0,50,0.25,0.0,145000.0,0.0,692.4226375828961,1825.3968253968253
2024,2024-12-27,cnn_1d,0.1,1.0,50,0.25,0.0,145000.0,0.0,116737.2004222855,1825.3968253968253
2024,2024-01-02,cnn_1d,0.1,1.0,100,0.0,0.0,150000.0,0.0,58434.38715762887,595.2380952380952
2024,2024-01-16,cnn_1d,0.1,1.0,100,0.0,0.0,150000.0,0.0,53266.090491171744,595.2380952380952
2024,2024-01-30,cnn_1d,0.1,1.0,100,0.0,0.0,150000.0,0.0,11837.71335297728,595.2380952380952
2024,2024-02-13,cnn_1d,0.1,1.0,100,0.0,0.0,150000.0,0.0,-16599.524516322403,595.2380952380952
2024,2024-02-27,cnn_1d,0.1,1.0,100,0.0,0.0,150000.0,0.0,-7157.980534364764,595.2380952380952
2024,2024-03-12,cnn_1d,0.1,1.0,100,0.0,0.0,150000.0,0.0,32665.23830912623,595.2380952380952
2024,2024-03-26,cnn_1d,0.1,1.0,100,0.0,0.0,150000.0,0.0,77458.3497422705,595.2380952380952
2024,2024-04-11,cnn_1d,0.1,1.0,100,0.0,0.0,150000.0,0.0,-36244.78574446609,595.2380952380952
2024,2024-04-25,cnn_1d,0.1,1.0,100,0.0,0.0,150000.0,0.0,-62405.29441731884,595.2380952380952
2024,2024-05-13,cnn_1d,0.1,1.0,100,0.0,0.0,150000.0,0.0,-29938.704197896608,595.2380952380952
2024,2024-05-28,cnn_1d,0.1,1.0,100,0.0,0.0,150000.0,0.0,-671.3045765807274,595.2380952380952
2024,2024-06-11,cnn_1d,0.1,1.0,100,0.0,0.0,150000.0,0.0,84711.6621799871,595.2380952380952
2024,2024-06-25,cnn_1d,0.1,1.0,100,0.0,0.0,150000.0,0.0,-13013.524793160306,595.2380952380952
2024,2024-07-09,cnn_1d,0.1,1.0,100,0.0,0.0,150000.0,0.0,-53517.30799699496,595.2380952380952
2024,2024-07-23,cnn_1d,0.1,1.0,100,0.0,0.0,150000.0,0.0,-72580.08967770175,595.2380952380952
2024,2024-08-06,cnn_1d,0.1,1.0,100,0.0,0.0,150000.0,0.0,13413.704379955409,595.2380952380952
2024,2024-08-20,cnn_1d,0.1,1.0,100,0.0,0.0,150000.0,0.0,-50098.23911028708,595.2380952380952
2024,2024-09-04,cnn_1d,0.1,1.0,100,0.0,0.0,150000.0,0.0,-8647.758876922737,595.2380952380952
2024,2024-09-18,cnn_1d,0.1,1.0,100,0.0,0.0,150000.0,0.0,9371.657771511753,595.2380952380952
2024,2024-10-02,cnn_1d,0.1,1.0,100,0.0,0.0,150000.0,0.0,-453.9016405306554,595.2380952380952
2024,2024-10-16,cnn_1d,0.1,1.0,100,0.0,0.0,150000.0,0.0,1562.5628707706785,595.2380952380952
2024,2024-10-30,cnn_1d,0.1,1.0,100,0.0,0.0,150000.0,0.0,12634.866668031464,595.2380952380952
2024,2024-11-13,cnn_1d,0.1,1.0,100,0.0,0.0,150000.0,0.0,23851.167043182788,595.2380952380952
2024,2024-11-27,cnn_1d,0.1,1.0,100,0.0,0.0,150000.0,0.0,8657.802234194774,595.2380952380952
2024,2024-12-11,cnn_1d,0.1,1.0,100,0.0,0.0,150000.0,0.0,-1357.8596963778384,595.2380952380952
2024,2024-12-27,cnn_1d,0.1,1.0,100,0.0,0.0,150000.0,0.0,146966.29083844385,595.2380952380952
2024,2024-01-02,cnn_1d,0.1,2.0,10,1.0,0.0,55000.0,0.0,7148.972677041212,1218.2539682539682
2024,2024-01-16,cnn_1d,0.1,2.0,10,1.0,0.0,55000.0,0.0,3484.43110252554,1218.2539682539682
2024,2024-01-30,cnn_1d,0.1,2.0,10,1.0,0.0,55000.0,0.0,4944.440236742504,1218.2539682539682
2024,2024-02-13,cnn_1d,0.1,2.0,10,1.0,0.0,55000.0,0.0,-5740.223288749232,1218.2539682539682
2024,2024-02-27,cnn_1d,0.1,2.0,10,1.0,0.0,55000.0,0.0,-5487.336142956692,1218.2539682539682
2024,2024-03-12,cnn_1d,0.1,2.0,10,1.0,0.0,55000.0,0.0,5770.665036355447,1218.2539682539682
2024,2024-03-26,cnn_1d,0.1,2.0,10,1.0,0.0,55000.0,0.0,12506.656109398926,1218.2539682539682
2024,2024-04-11,cnn_1d,0.1,2.0,10,1.0,0.0,55000.0,0.0,808.4441167208814,1218.2539682539682
2024,2024-04-25,cnn_1d,0.1,2.0,10,1.0,0.0,55000.0,0.0,-6559.664451371176,1218.2539682539682
2024,2024-05-13,cnn_1d,0.1,2.0,10,1.0,0.0,55000.0,0.0,-7818.002106047588,1218.2539682539682
2024,2024-05-28,cnn_1d,0.1,2.0,10,1.0,0.0,55000.0,0.0,13958.64378830734,1218.2539682539682
2024,2024-06-11,cnn_1d,0.1,2.0,10,1.0,0.0,55000.0,0.0,1617.463801945995,1218.2539682539682
2024,2024-06-25,cnn_1d,0.1,2.0,10,1.0,0.0,55000.0,0.0,-9212.11942511512,1218.2539682539682
2024,2024-07-09,cnn_1d,0.1,2.0,10,1.0,0.0,55000.0,0.0,-4026.0961561068425,1218.2539682539682
2024,2024-07-23,cnn_1d,0.1,2.0,10,1.0,0.0,55000.0,0.0,-4696.877998869697,1218.2539682539682
2024,2024-08-06,cnn_1d,0.1,2.0,10,1.0,0.0,55000.0,0.0,-15690.96802933708,1218.2539682539682
2024,2024-08-20,cnn_1d,0.1,2.0,10,1.0,0.0,55000.0,0.0,2913.8090824838705,1218.2539682539682
2024,2024-09-04,cnn_1d,0.1,2.0,10,1.0,0.0,55000.0,0.0,-6638.919985801713,1218.2539682539682
2024,2024-09-18,cnn_1d,0.1,2.0,10,1.0,0.0,55000.0,0.0,4809.124223470936,1218.2539682539682
2024,2024-10-02,cnn_1d,0.1,2.0,10,1.0,0.0,55000.0,0.0,15709.603569194103,1218.2539682539682
2024,2024-10-16,cnn_1d,0.1,2.0,10,1.0,0.0,55000.0,0.0,7536.765178985339,1218.2539682539682
2024,2024-10-30,cnn_1d,0.1,2.0,10,1.0,0.0,55000.0,0.0,17415.634322723396,1218.2539682539682
2024,2024-11-13,cnn_1d,0.1,2.0,10,1.0,0.0,55000.0,0.0,9439.967482381397,1218.2539682539682
2024,2024-11-27,cnn_1d,0.1,2.0,10,1.0,0.0,55000.0,0.0,2298.716860091206,1218.2539682539682
2024,2024-12-11,cnn_1d,0.1,2.0,10,1.0,0.0,55000.0,0.0,6843.269639465099,1218.2539682539682
2024,2024-12-27,cnn_1d,0.1,2.0,10,1.0,0.0,55000.0,0.0,26049.929173810466,1218.2539682539682
2024,2024-01-02,cnn_1d,0.1,2.0,50,0.5,0.0,145000.0,0.0,32791.67991733504,3075.396825396825
2024,2024-01-16,cnn_1d,0.1,2.0,50,0.5,0.0,145000.0,0.0,28375.26079684864,3075.396825396825
2024,2024-01-30,cnn_1d,0.1,2.0,50,0.5,0.0,145000.0,0.0,8391.076794859891,3075.396825396825
2024,2024-02-13,cnn_1d,0.1,2.0,50,0.5,0.0,145000.0,0.0,-11169.873902535815,3075.396825396825
2024,2024-02-27,cnn_1d,0.1,2.0,50,0.5,0.0,145000.0,0.0,-6322.658338660728,3075.396825396825
2024,2024-03-12,cnn_1d,0.1,2.0,50,0.5,0.0,145000.0,0.0,19217.95167274084,3075.396825396825
2024,2024-03-26,cnn_1d,0.1,2.0,50,0.5,0.0,145000.0,0.0,44982.50292583471,3075.396825396825
2024,2024-04-11,cnn_1d,0.1,2.0,50,0.5,0.0,145000.0,0.0,-17718.170813872606,3075.396825396825
2024,2024-04-25,cnn_1d,0.1,2.0,50,0.5,0.0,145000.0,0.0,-34482.479434345005,3075.396825396825
2024,2024-05-13,cnn_1d,0.1,2.0,50,0.5,0.0,145000.0,0.0,-18878.3531519721,3075.396825396825
2024,2024-05-28,cnn_1d,0.1,2.0,50,0.5,0.0,145000.0,0.0,6643.669605863307,3075.396825396825
2024,2024-06-11,cnn_1d,0.1,2.0,50,0.5,0.0,145000.0,0.0,43164.56299096655,3075.396825396825
2024,2024-06-25,cnn_1d,0.1,2.0,50,0.5,0.0,145000.0,0.0,-11112.822109137716,3075.396825396825
2024,2024-07-09,cnn_1d,0.1,2.0,50,0.5,0.0,145000.0,0.0,-28771.7020765509,3075.396825396825
2024,2024-07-23,cnn_1d,0.1,2.0,50,0.5,0.0,145000.0,0.0,-38638.48383828572,3075.396825396825
2024,2024-08-06,cnn_1d,0.1,2.0,50,0.5,0.0,145000.0,0.0,-1138.631824690836,3075.396825396825
2024,2024-08-20,cnn_1d,0.1,2.0,50,0.5,0.0,145000.0,0.0,-23592.2150139016,3075.396825396825
2024,2024-09-04,cnn_1d,0.1,2.0,50,0.5,0.0,145000.0,0.0,-7643.339431362225,3075.396825396825
2024,2024-09-18,cnn_1d,0.1,2.0,50,0.75,0.0,145000.0,0.0,5949.75761048114,4325.396825396825
2024,2024-10-02,cnn_1d,0.1,2.0,50,0.75,0.0,145000.0,0.0,11668.727266762917,4325.396825396825
2024,2024-10-16,cnn_1d,0.1,2.0,50,0.5,0.0,145000.0,0.0,4549.664024878009,3075.396825396825
2024,2024-10-30,cnn_1d,0.1,2.0,50,0.5,0.0,145000.0,0.0,15025.25049537743,3075.396825396825
2024,2024-11-13,cnn_1d,0.1,2.0,50,0.5,0.0,145000.0,0.0,16645.56726278209,3075.396825396825
2024,2024-11-27,cnn_1d,0.1,2.0,50,0.5,0.0,145000.0,0.0,5478.2595471429895,3075.396825396825
2024,2024-12-11,cnn_1d,0.1,2.0,50,0.5,0.0,145000.0,0.0,2742.7049715436306,3075.396825396825
2024,2024-12-27,cnn_1d,0.1,2.0,50,0.5,0.0,145000.0,0.0,86508.11000612716,3075.396825396825
2024,2024-01-02,cnn_1d,0.1,2.0,100,0.25,0.0,145000.0,0.0,45613.03353748196,3075.396825396825
2024,2024-01-16,cnn_1d,0.1,2.0,100,0.25,0.0,145000.0,0.0,40820.6756440102,3075.396825396825
2024,2024-01-30,cnn_1d,0.1,2.0,100,0.25,0.0,145000.0,0.0,10114.395073918586,3075.396825396825
2024,2024-02-13,cnn_1d,0.1,2.0,100,0.25,0.0,145000.0,0.0,-13884.699209429107,3075.396825396825
2024,2024-02-27,cnn_1d,0.1,2.0,100,0.25,0.0,145000.0,0.0,-6740.319436512746,3075.396825396825
2024,2024-03-12,cnn_1d,0.1,2.0,100,0.25,0.0,145000.0,0.0,25941.594990933536,3075.396825396825
2024,2024-03-26,cnn_1d,0.1,2.0,100,0.25,0.0,145000.0,0.0,61220.4263340526,3075.396825396825
2024,2024-04-11,cnn_1d,0.1,2.0,100,0.25,0.0,145000.0,0.0,-26981.47827916935,3075.396825396825
2024,2024-04-25,cnn_1d,0.1,2.0,100,0.25,0.0,145000.0,0.0,-48443.886925831925,3075.396825396825
2024,2024-05-13,cnn_1d,0.1,2.0,100,0.25,0.0,145000.0,0.0,-24408.528674934358,3075.396825396825
2024,2024-05-28,cnn_1d,0.1,2.0,100,0.25,0.0,145000.0,0.0,2986.18251464129,3075.396825396825
2024,2024-06-11,cnn_1d,0.1,2.0,100,0.25,0.0,145000.0,0.0,63938.112585476825,3075.396825396825
2024,2024-06-25,cnn_1d,0.1,2.0,100,0.25,0.0,145000.0,0.0,-12063.17345114901,3075.396825396825
2024,2024-07-09,cnn_1d,0.1,2.0,100,0.25,0.0,145000.0,0.0,-41144.50503677293,3075.396825396825
2024,2024-07-23,cnn_1d,0.1,2.0,100,0.25,0.0,145000.0,0.0,-55609.28675799373,3075.396825396825
2024,2024-08-06,cnn_1d,0.1,2.0,100,0.25,0.0,145000.0,0.0,6137.536277632286,3075.396825396825
2024,2024-08-20,cnn_1d,0.1,2.0,100,0.25,0.0,145000.0,0.0,-36845.22706209434,3075.396825396825
2024,2024-09-04,cnn_1d,0.1,2.0,100,0.25,0.0,145000.0,0.0,-8145.54915414248,3075.396825396825
2024,2024-09-18,cnn_1d,0.1,2.0,100,0.25,0.0,145000.0,0.0,8231.024384501547,3075.396825396825
2024,2024-10-02,cnn_1d,0.1,2.0,100,0.25,0.0,145000.0,0.0,3586.9746619005346,3075.396825396825
2024,2024-10-16,cnn_1d,0.1,2.0,100,0.25,0.0,145000.0,0.0,3056.1134478243434,3075.396825396825
2024,2024-10-30,cnn_1d,0.1,2.0,100,0.25,0.0,145000.0,0.0,13830.058581704448,3075.396825396825
2024,2024-11-13,cnn_1d,0.1,2.0,100,0.25,0.0,145000.0,0.0,20248.36715298244,3075.396825396825
2024,2024-11-27,cnn_1d,0.1,2.0,100,0.25,0.0,145000.0,0.0,7068.0308906688815,3075.396825396825
2024,2024-12-11,cnn_1d,0.1,2.0,100,0.25,0.0,145000.0,0.0,692.4226375828961,3075.396825396825
2024,2024-12-27,cnn_1d,0.1,2.0,100,0.25,0.0,145000.0,0.0,116737.2004222855,3075.396825396825
2024,2024-01-02,cnn_visual,0.01,0.25,10,0.25,0.0,145000.0,0.0,45613.03353748196,307.53968253968253
2024,2024-01-16,cnn_visual,0.01,0.25,10,0.25,0.0,145000.0,0.0,40820.6756440102,307.53968253968253
2024,2024-01-30,cnn_visual,0.01,0.25,10,0.25,0.0,145000.0,0.0,10114.395073918586,307.53968253968253
2024,2024-02-13,cnn_visual,0.01,0.25,10,0.25,0.0,145000.0,0.0,-13884.699209429107,307.53968253968253
2024,2024-02-27,cnn_visual,0.01,0.25,10,0.25,0.0,145000.0,0.0,-6740.319436512746,307.53968253968253
2024,2024-03-12,cnn_visual,0.01,0.25,10,0.25,0.0,145000.0,0.0,25941.594990933536,307.53968253968253
2024,2024-03-26,cnn_visual,0.01,0.25,10,0.25,0.0,145000.0,0.0,61220.4263340526,307.53968253968253
2024,2024-04-11,cnn_visual,0.01,0.25,10,0.25,0.0,145000.0,0.0,-26981.47827916935,307.53968253968253
2024,2024-04-25,cnn_visual,0.01,0.25,10,0.25,0.0,145000.0,0.0,-48443.886925831925,307.53968253968253
2024,2024-05-13,cnn_visual,0.01,0.25,10,0.25,0.0,145000.0,0.0,-24408.528674934358,307.53968253968253
2024,2024-05-28,cnn_visual,0.01,0.25,10,0.25,0.0,145000.0,0.0,2986.18251464129,307.53968253968253
2024,2024-06-11,cnn_visual,0.01,0.25,10,0.25,0.0,145000.0,0.0,63938.112585476825,307.53968253968253
2024,2024-06-25,cnn_visual,0.01,0.25,10,0.25,0.0,145000.0,0.0,-12063.17345114901,307.53968253968253
2024,2024-07-09,cnn_visual,0.01,0.25,10,0.25,0.0,145000.0,0.0,-41144.50503677293,307.53968253968253
2024,2024-07-23,cnn_visual,0.01,0.25,10,0.25,0.0,145000.0,0.0,-55609.28675799373,307.53968253968253
2024,2024-08-06,cnn_visual,0.01,0.25,10,0.25,0.0,145000.0,0.0,6137.536277632286,307.53968253968253
2024,2024-08-20,cnn_visual,0.01,0.25,10,0.25,0.0,145000.0,0.0,-36845.22706209434,307.53968253968253
2024,2024-09-04,cnn_visual,0.01,0.25,10,0.25,0.0,145000.0,0.0,-8145.54915414248,307.53968253968253
2024,2024-09-18,cnn_visual,0.01,0.25,10,0.25,0.0,145000.0,0.0,8231.024384501547,307.53968253968253
2024,2024-10-02,cnn_visual,0.01,0.25,10,0.25,0.0,145000.0,0.0,3586.9746619005346,307.53968253968253
2024,2024-10-16,cnn_visual,0.01,0.25,10,0.25,0.0,145000.0,0.0,3056.1134478243434,307.53968253968253
2024,2024-10-30,cnn_visual,0.01,0.25,10,0.25,0.0,145000.0,0.0,13830.058581704448,307.53968253968253
2024,2024-11-13,cnn_visual,0.01,0.25,10,0.25,0.0,145000.0,0.0,20248.36715298244,307.53968253968253
2024,2024-11-27,cnn_visual,0.01,0.25,10,0.25,0.0,145000.0,0.0,7068.0308906688815,307.53968253968253
2024,2024-12-11,cnn_visual,0.01,0.25,10,0.25,0.0,145000.0,0.0,692.4226375828961,307.53968253968253
2024,2024-12-27,cnn_visual,0.01,0.25,10,0.25,0.0,145000.0,0.0,116737.2004222855,307.53968253968253
2024,2024-01-02,cnn_visual,0.01,0.25,50,0.0,0.0,150000.0,0.0,58434.38715762887,59.523809523809526
2024,2024-01-16,cnn_visual,0.01,0.25,50,0.0,0.0,150000.0,0.0,53266.090491171744,59.523809523809526
2024,2024-01-30,cnn_visual,0.01,0.25,50,0.0,0.0,150000.0,0.0,11837.71335297728,59.523809523809526
2024,2024-02-13,cnn_visual,0.01,0.25,50,0.0,0.0,150000.0,0.0,-16599.524516322403,59.523809523809526
2024,2024-02-27,cnn_visual,0.01,0.25,50,0.0,0.0,150000.0,0.0,-7157.980534364764,59.523809523809526
2024,2024-03-12,cnn_visual,0.01,0.25,50,0.0,0.0,150000.0,0.0,32665.23830912623,59.523809523809526
2024,2024-03-26,cnn_visual,0.01,0.25,50,0.0,0.0,150000.0,0.0,77458.3497422705,59.523809523809526
2024,2024-04-11,cnn_visual,0.01,0.25,50,0.0,0.0,150000.0,0.0,-36244.78574446609,59.523809523809526
2024,2024-04-25,cnn_visual,0.01,0.25,50,0.0,0.0,150000.0,0.0,-62405.29441731884,59.523809523809526
2024,2024-05-13,cnn_visual,0.01,0.25,50,0.0,0.0,150000.0,0.0,-29938.704197896608,59.523809523809526
2024,2024-05-28,cnn_visual,0.01,0.25,50,0.0,0.0,150000.0,0.0,-671.3045765807274,59.523809523809526
2024,2024-06-11,cnn_visual,0.01,0.25,50,0.0,0.0,150000.0,0.0,84711.6621799871,59.523809523809526
2024,2024-06-25,cnn_visual,0.01,0.25,50,0.0,0.0,150000.0,0.0,-13013.524793160306,59.523809523809526
2024,2024-07-09,cnn_visual,0.01,0.25,50,0.0,0.0,150000.0,0.0,-53517.30799699496,59.523809523809526
2024,2024-07-23,cnn_visual,0.01,0.25,50,0.0,0.0,150000.0,0.0,-72580.08967770175,59.523809523809526
2024,2024-08-06,cnn_visual,0.01,0.25,50,0.0,0.0,150000.0,0.0,13413.704379955409,59.523809523809526
2024,2024-08-20,cnn_visual,0.01,0.25,50,0.0,0.0,150000.0,0.0,-50098.23911028708,59.523809523809526
2024,2024-09-04,cnn_visual,0.01,0.25,50,0.0,0.0,150000.0,0.0,-8647.758876922737,59.523809523809526
2024,2024-09-18,cnn_visual,0.01,0.25,50,0.0,0.0,150000.0,0.0,9371.657771511753,59.523809523809526
2024,2024-10-02,cnn_visual,0.01,0.25,50,0.0,0.0,150000.0,0.0,-453.9016405306554,59.523809523809526
2024,2024-10-16,cnn_visual,0.01,0.25,50,0.0,0.0,150000.0,0.0,1562.5628707706785,59.523809523809526
2024,2024-10-30,cnn_visual,0.01,0.25,50,0.0,0.0,150000.0,0.0,12634.866668031464,59.523809523809526
2024,2024-11-13,cnn_visual,0.01,0.25,50,0.0,0.0,150000.0,0.0,23851.167043182788,59.523809523809526
2024,2024-11-27,cnn_visual,0.01,0.25,50,0.0,0.0,150000.0,0.0,8657.802234194774,59.523809523809526
2024,2024-12-11,cnn_visual,0.01,0.25,50,0.0,0.0,150000.0,0.0,-1357.8596963778384,59.523809523809526
2024,2024-12-27,cnn_visual,0.01,0.25,50,0.0,0.0,150000.0,0.0,146966.29083844385,59.523809523809526
2024,2024-01-02,cnn_visual,0.01,0.25,100,0.0,0.0,150000.0,0.0,58434.38715762887,59.523809523809526
2024,2024-01-16,cnn_visual,0.01,0.25,100,0.0,0.0,150000.0,0.0,53266.090491171744,59.523809523809526
2024,2024-01-30,cnn_visual,0.01,0.25,100,0.0,0.0,150000.0,0.0,11837.71335297728,59.523809523809526
2024,2024-02-13,cnn_visual,0.01,0.25,100,0.0,0.0,150000.0,0.0,-16599.524516322403,59.523809523809526
2024,2024-02-27,cnn_visual,0.01,0.25,100,0.0,0.0,150000.0,0.0,-7157.980534364764,59.523809523809526
2024,2024-03-12,cnn_visual,0.01,0.25,100,0.0,0.0,150000.0,0.0,32665.23830912623,59.523809523809526
2024,2024-03-26,cnn_visual,0.01,0.25,100,0.0,0.0,150000.0,0.0,77458.3497422705,59.523809523809526
2024,2024-04-11,cnn_visual,0.01,0.25,100,0.0,0.0,150000.0,0.0,-36244.78574446609,59.523809523809526
2024,2024-04-25,cnn_visual,0.01,0.25,100,0.0,0.0,150000.0,0.0,-62405.29441731884,59.523809523809526
2024,2024-05-13,cnn_visual,0.01,0.25,100,0.0,0.0,150000.0,0.0,-29938.704197896608,59.523809523809526
2024,2024-05-28,cnn_visual,0.01,0.25,100,0.0,0.0,150000.0,0.0,-671.3045765807274,59.523809523809526
2024,2024-06-11,cnn_visual,0.01,0.25,100,0.0,0.0,150000.0,0.0,84711.6621799871,59.523809523809526
2024,2024-06-25,cnn_visual,0.01,0.25,100,0.0,0.0,150000.0,0.0,-13013.524793160306,59.523809523809526
2024,2024-07-09,cnn_visual,0.01,0.25,100,0.0,0.0,150000.0,0.0,-53517.30799699496,59.523809523809526
2024,2024-07-23,cnn_visual,0.01,0.25,100,0.0,0.0,150000.0,0.0,-72580.08967770175,59.523809523809526
2024,2024-08-06,cnn_visual,0.01,0.25,100,0.0,0.0,150000.0,0.0,13413.704379955409,59.523809523809526
2024,2024-08-20,cnn_visual,0.01,0.25,100,0.0,0.0,150000.0,0.0,-50098.23911028708,59.523809523809526
2024,2024-09-04,cnn_visual,0.01,0.25,100,0.0,0.0,150000.0,0.0,-8647.758876922737,59.523809523809526
2024,2024-09-18,cnn_visual,0.01,0.25,100,0.0,0.0,150000.0,0.0,9371.657771511753,59.523809523809526
2024,2024-10-02,cnn_visual,0.01,0.25,100,0.0,0.0,150000.0,0.0,-453.9016405306554,59.523809523809526
2024,2024-10-16,cnn_visual,0.01,0.25,100,0.0,0.0,150000.0,0.0,1562.5628707706785,59.523809523809526
2024,2024-10-30,cnn_visual,0.01,0.25,100,0.0,0.0,150000.0,0.0,12634.866668031464,59.523809523809526
2024,2024-11-13,cnn_visual,0.01,0.25,100,0.0,0.0,150000.0,0.0,23851.167043182788,59.523809523809526
2024,2024-11-27,cnn_visual,0.01,0.25,100,0.0,0.0,150000.0,0.0,8657.802234194774,59.523809523809526
2024,2024-12-11,cnn_visual,0.01,0.25,100,0.0,0.0,150000.0,0.0,-1357.8596963778384,59.523809523809526
2024,2024-12-27,cnn_visual,0.01,0.25,100,0.0,0.0,150000.0,0.0,146966.29083844385,59.523809523809526
2024,2024-01-02,cnn_visual,0.01,1.0,10,0.75,0.0,145000.0,0.0,19970.326297188123,807.5396825396825
2024,2024-01-16,cnn_visual,0.01,1.0,10,0.75,0.0,145000.0,0.0,15929.845949687093,807.5396825396825
2024,2024-01-30,cnn_visual,0.01,1.0,10,0.75,0.0,145000.0,0.0,6667.758515801198,807.5396825396825
2024,2024-02-13,cnn_visual,0.01,1.0,10,0.75,0.0,145000.0,0.0,-8455.048595642525,807.5396825396825
2024,2024-02-27,cnn_visual,0.01,1.0,10,0.75,0.0,145000.0,0.0,-5904.997240808711,807.5396825396825
2024,2024-03-12,cnn_visual,0.01,1.0,10,0.75,0.0,145000.0,0.0,12494.308354548144,807.5396825396825
2024,2024-03-26,cnn_visual,0.01,1.0,10,0.75,0.0,145000.0,0.0,28744.579517616818,807.5396825396825
2024,2024-04-11,cnn_visual,0.01,1.0,10,0.75,0.0,145000.0,0.0,-8454.863348575862,807.5396825396825
2024,2024-04-25,cnn_visual,0.01,1.0,10,0.75,0.0,145000.0,0.0,-20521.07194285809,807.5396825396825
2024,2024-05-13,cnn_visual,0.01,1.0,10,0.75,0.0,145000.0,0.0,-13348.177629009844,807.5396825396825
2024,2024-05-28,cnn_visual,0.01,1.0,10,0.75,0.0,145000.0,0.0,10301.156697085324,807.5396825396825
2024,2024-06-11,cnn_visual,0.01,1.0,10,0.75,0.0,145000.0,0.0,22391.01339645627,807.5396825396825
2024,2024-06-25,cnn_visual,0.01,1.0,10,0.75,0.0,145000.0,0.0,-10162.47076712642,807.5396825396825
2024,2024-07-09,cnn_visual,0.01,1.0,10,0.75,0.0,145000.0,0.0,-16398.89911632887,807.5396825396825
2024,2024-07-23,cnn_visual,0.01,1.0,10,0.75,0.0,145000.0,0.0,-21667.68091857771,807.5396825396825
2024,2024-08-06,cnn_visual,0.01,1.0,10,0.75,0.0,145000.0,0.0,-8414.799927013957,807.5396825396825
2024,2024-08-20,cnn_visual,0.01,1.0,10,0.75,0.0,145000.0,0.0,-10339.202965708866,807.5396825396825
2024,2024-09-04,cnn_visual,0.01,1.0,10,0.75,0.0,145000.0,0.0,-7141.129708581969,807.5396825396825
2024,2024-09-18,cnn_visual,0.01,1.0,10,0.75,0.0,145000.0,0.0,5949.75761048114,807.5396825396825
2024,2024-10-02,cnn_visual,0.01,1.0,10,0.75,0.0,145000.0,0.0,11668.727266762917,807.5396825396825
2024,2024-10-16,cnn_visual,0.01,1.0,10,0.75,0.0,145000.0,0.0,6043.214601931673,807.5396825396825
2024,2024-10-30,cnn_visual,0.01,1.0,10,0.75,0.0,145000.0,0.0,16220.442409050413,807.5396825396825
2024,2024-11-13,cnn_visual,0.01,1.0,10,0.75,0.0,145000.0,0.0,13042.767372581744,807.5396825396825
2024,2024-11-27,cnn_visual,0.01,1.0,10,0.75,0.0,145000.0,0.0,3888.488203617098,807.5396825396825
2024,2024-12-11,cnn_visual,0.01,1.0,10,0.75,0.0,145000.0,0.0,4792.987305504365,807.5396825396825
2024,2024-12-27,cnn_visual,0.01,1.0,10,0.75,0.0,145000.0,0.0,56279.01958996881,807.5396825396825
2024,2024-01-02,cnn_visual,0.01,1.0,50,0.25,0.0,145000.0,0.0,45613.03353748196,1307.5396825396826
2024,2024-01-16,cnn_visual,0.01,1.0,50,0.25,0.0,145000.0,0.0,40820.6756440102,1307.5396825396826
2024,2024-01-30,cnn_visual,0.01,1.0,50,0.25,0.0,145000.0,0.0,10114.395073918586,1307.5396825396826
2024,2024-02-13,cnn_visual,0.01,1.0,50,0.25,0.0,145000.0,0.0,-13884.699209429107,1307.5396825396826
2024,2024-02-27,cnn_visual,0.01,1.0,50,0.25,0.0,145000.0,0.0,-6740.319436512746,1307.5396825396826
2024,2024-03-12,cnn_visual,0.01,1.0,50,0.25,0.0,145000.0,0.0,25941.594990933536,1307.5396825396826
2024,2024-03-26,cnn_visual,0.01,1.0,50,0.25,0.0,145000.0,0.0,61220.4263340526,1307.5396825396826
2024,2024-04-11,cnn_visual,0.01,1.0,50,0.25,0.0,145000.0,0.0,-26981.47827916935,1307.5396825396826
2024,2024-04-25,cnn_visual,0.01,1.0,50,0.25,0.0,145000.0,0.0,-48443.886925831925,1307.5396825396826
2024,2024-05-13,cnn_visual,0.01,1.0,50,0.25,0.0,145000.0,0.0,-24408.528674934358,1307.5396825396826
2024,2024-05-28,cnn_visual,0.01,1.0,50,0.25,0.0,145000.0,0.0,2986.18251464129,1307.5396825396826
2024,2024-06-11,cnn_visual,0.01,1.0,50,0.25,0.0,145000.0,0.0,63938.112585476825,1307.5396825396826
2024,2024-06-25,cnn_visual,0.01,1.0,50,0.25,0.0,145000.0,0.0,-12063.17345114901,1307.5396825396826
2024,2024-07-09,cnn_visual,0.01,1.0,50,0.25,0.0,145000.0,0.0,-41144.50503677293,1307.5396825396826
2024,2024-07-23,cnn_visual,0.01,1.0,50,0.25,0.0,145000.0,0.0,-55609.28675799373,1307.5396825396826
2024,2024-08-06,cnn_visual,0.01,1.0,50,0.25,0.0,145000.0,0.0,6137.536277632286,1307.5396825396826
2024,2024-08-20,cnn_visual,0.01,1.0,50,0.25,0.0,145000.0,0.0,-36845.22706209434,1307.5396825396826
2024,2024-09-04,cnn_visual,0.01,1.0,50,0.25,0.0,145000.0,0.0,-8145.54915414248,1307.5396825396826
2024,2024-09-18,cnn_visual,0.01,1.0,50,0.25,0.0,145000.0,0.0,8231.024384501547,1307.5396825396826
2024,2024-10-02,cnn_visual,0.01,1.0,50,0.25,0.0,145000.0,0.0,3586.9746619005346,1307.5396825396826
2024,2024-10-16,cnn_visual,0.01,1.0,50,0.25,0.0,145000.0,0.0,3056.1134478243434,1307.5396825396826
2024,2024-10-30,cnn_visual,0.01,1.0,50,0.25,0.0,145000.0,0.0,13830.058581704448,1307.5396825396826
2024,2024-11-13,cnn_visual,0.01,1.0,50,0.25,0.0,145000.0,0.0,20248.36715298244,1307.5396825396826
2024,2024-11-27,cnn_visual,0.01,1.0,50,0.25,0.0,145000.0,0.0,7068.0308906688815,1307.5396825396826
2024,2024-12-11,cnn_visual,0.01,1.0,50,0.25,0.0,145000.0,0.0,692.4226375828961,1307.5396825396826
2024,2024-12-27,cnn_visual,0.01,1.0,50,0.25,0.0,145000.0,0.0,116737.2004222855,1307.5396825396826
2024,2024-01-02,cnn_visual,0.01,1.0,100,0.0,0.0,150000.0,0.0,58434.38715762887,59.523809523809526
2024,2024-01-16,cnn_visual,0.01,1.0,100,0.0,0.0,150000.0,0.0,53266.090491171744,59.523809523809526
2024,2024-01-30,cnn_visual,0.01,1.0,100,0.0,0.0,150000.0,0.0,11837.71335297728,59.523809523809526
2024,2024-02-13,cnn_visual,0.01,1.0,100,0.0,0.0,150000.0,0.0,-16599.524516322403,59.523809523809526
2024,2024-02-27,cnn_visual,0.01,1.0,100,0.0,0.0,150000.0,0.0,-7157.980534364764,59.523809523809526
2024,2024-03-12,cnn_visual,0.01,1.0,100,0.0,0.0,150000.0,0.0,32665.23830912623,59.523809523809526
2024,2024-03-26,cnn_visual,0.01,1.0,100,0.0,0.0,150000.0,0.0,77458.3497422705,59.523809523809526
2024,2024-04-11,cnn_visual,0.01,1.0,100,0.0,0.0,150000.0,0.0,-36244.78574446609,59.523809523809526
2024,2024-04-25,cnn_visual,0.01,1.0,100,0.0,0.0,150000.0,0.0,-62405.29441731884,59.523809523809526
2024,2024-05-13,cnn_visual,0.01,1.0,100,0.0,0.0,150000.0,0.0,-29938.704197896608,59.523809523809526
2024,2024-05-28,cnn_visual,0.01,1.0,100,0.0,0.0,150000.0,0.0,-671.3045765807274,59.523809523809526
2024,2024-06-11,cnn_visual,0.01,1.0,100,0.0,0.0,150000.0,0.0,84711.6621799871,59.523809523809526
2024,2024-06-25,cnn_visual,0.01,1.0,100,0.0,0.0,150000.0,0.0,-13013.524793160306,59.523809523809526
2024,2024-07-09,cnn_visual,0.01,1.0,100,0.0,0.0,150000.0,0.0,-53517.30799699496,59.523809523809526
2024,2024-07-23,cnn_visual,0.01,1.0,100,0.0,0.0,150000.0,0.0,-72580.08967770175,59.523809523809526
2024,2024-08-06,cnn_visual,0.01,1.0,100,0.0,0.0,150000.0,0.0,13413.704379955409,59.523809523809526
2024,2024-08-20,cnn_visual,0.01,1.0,100,0.0,0.0,150000.0,0.0,-50098.23911028708,59.523809523809526
2024,2024-09-04,cnn_visual,0.01,1.0,100,0.0,0.0,150000.0,0.0,-8647.758876922737,59.523809523809526
2024,2024-09-18,cnn_visual,0.01,1.0,100,0.0,0.0,150000.0,0.0,9371.657771511753,59.523809523809526
2024,2024-10-02,cnn_visual,0.01,1.0,100,0.0,0.0,150000.0,0.0,-453.9016405306554,59.523809523809526
2024,2024-10-16,cnn_visual,0.01,1.0,100,0.0,0.0,150000.0,0.0,1562.5628707706785,59.523809523809526
2024,2024-10-30,cnn_visual,0.01,1.0,100,0.0,0.0,150000.0,0.0,12634.866668031464,59.523809523809526
2024,2024-11-13,cnn_visual,0.01,1.0,100,0.0,0.0,150000.0,0.0,23851.167043182788,59.523809523809526
2024,2024-11-27,cnn_visual,0.01,1.0,100,0.0,0.0,150000.0,0.0,8657.802234194774,59.523809523809526
2024,2024-12-11,cnn_visual,0.01,1.0,100,0.0,0.0,150000.0,0.0,-1357.8596963778384,59.523809523809526
2024,2024-12-27,cnn_visual,0.01,1.0,100,0.0,0.0,150000.0,0.0,146966.29083844385,59.523809523809526
2024,2024-01-02,cnn_visual,0.01,2.0,10,1.0,0.0,70000.0,0.0,7148.972677041212,1027.7777777777778
2024,2024-01-16,cnn_visual,0.01,2.0,10,1.0,0.0,70000.0,0.0,3484.43110252554,1027.7777777777778
2024,2024-01-30,cnn_visual,0.01,2.0,10,0.75,0.0,145000.0,0.0,6667.758515801198,807.5396825396825
2024,2024-02-13,cnn_visual,0.01,2.0,10,0.75,0.0,145000.0,0.0,-8455.048595642525,807.5396825396825
2024,2024-02-27,cnn_visual,0.01,2.0,10,0.75,0.0,145000.0,0.0,-5904.997240808711,807.5396825396825
2024,2024-03-12,cnn_visual,0.01,2.0,10,0.75,0.0,145000.0,0.0,12494.308354548144,807.5396825396825
2024,2024-03-26,cnn_visual,0.01,2.0,10,0.75,0.0,145000.0,0.0,28744.579517616818,807.5396825396825
2024,2024-04-11,cnn_visual,0.01,2.0,10,0.75,0.0,145000.0,0.0,-8454.863348575862,807.5396825396825
2024,2024-04-25,cnn_visual,0.01,2.0,10,0.75,0.0,145000.0,0.0,-20521.07194285809,807.5396825396825
2024,2024-05-13,cnn_visual,0.01,2.0,10,0.75,0.0,145000.0,0.0,-13348.177629009844,807.5396825396825
2024,2024-05-28,cnn_visual,0.01,2.0,10,0.75,0.0,145000.0,0.0,10301.156697085324,807.5396825396825
2024,2024-06-11,cnn_visual,0.01,2.0,10,0.75,0.0,145000.0,0.0,22391.01339645627,807.5396825396825
2024,2024-06-25,cnn_visual,0.01,2.0,10,0.75,0.0,145000.0,0.0,-10162.47076712642,807.5396825396825
2024,2024-07-09,cnn_visual,0.01,2.0,10,0.75,0.0,145000.0,0.0,-16398.89911632887,807.5396825396825
2024,2024-07-23,cnn_visual,0.01,2.0,10,0.75,0.0,145000.0,0.0,-21667.68091857771,807.5396825396825
2024,2024-08-06,cnn_visual,0.01,2.0,10,0.75,0.0,145000.0,0.0,-8414.799927013957,807.5396825396825
2024,2024-08-20,cnn_visual,0.01,2.0,10,0.75,0.0,145000.0,0.0,-10339.202965708866,807.5396825396825
2024,2024-09-04,cnn_visual,0.01,2.0,10,0.75,0.0,145000.0,0.0,-7141.129708581969,807.5396825396825
2024,2024-09-18,cnn_visual,0.01,2.0,10,0.75,0.0,145000.0,0.0,5949.75761048114,807.5396825396825
2024,2024-10-02,cnn_visual,0.01,2.0,10,0.75,0.0,145000.0,0.0,11668.727266762917,807.5396825396825
2024,2024-10-16,cnn_visual,0.01,2.0,10,0.75,0.0,145000.0,0.0,6043.214601931673,807.5396825396825
2024,2024-10-30,cnn_visual,0.01,2.0,10,0.75,0.0,145000.0,0.0,16220.442409050413,807.5396825396825
2024,2024-11-13,cnn_visual,0.01,2.0,10,0.75,0.0,145000.0,0.0,13042.767372581744,807.5396825396825
2024,2024-11-27,cnn_visual,0.01,2.0,10,0.75,0.0,145000.0,0.0,3888.488203617098,807.5396825396825
2024,2024-12-11,cnn_visual,0.01,2.0,10,0.75,0.0,145000.0,0.0,4792.987305504365,807.5396825396825
2024,2024-12-27,cnn_visual,0.01,2.0,10,0.75,0.0,145000.0,0.0,56279.01958996881,807.5396825396825
2024,2024-01-02,cnn_visual,0.01,2.0,50,0.5,0.0,145000.0,0.0,32791.67991733504,2557.5396825396824
2024,2024-01-16,cnn_visual,0.01,2.0,50,0.5,0.0,145000.0,0.0,28375.26079684864,2557.5396825396824
2024,2024-01-30,cnn_visual,0.01,2.0,50,0.5,0.0,145000.0,0.0,8391.076794859891,2557.5396825396824
2024,2024-02-13,cnn_visual,0.01,2.0,50,0.5,0.0,145000.0,0.0,-11169.873902535815,2557.5396825396824
2024,2024-02-27,cnn_visual,0.01,2.0,50,0.5,0.0,145000.0,0.0,-6322.658338660728,2557.5396825396824
2024,2024-03-12,cnn_visual,0.01,2.0,50,0.5,0.0,145000.0,0.0,19217.95167274084,2557.5396825396824
2024,2024-03-26,cnn_visual,0.01,2.0,50,0.5,0.0,145000.0,0.0,44982.50292583471,2557.5396825396824
2024,2024-04-11,cnn_visual,0.01,2.0,50,0.5,0.0,145000.0,0.0,-17718.170813872606,2557.5396825396824
2024,2024-04-25,cnn_visual,0.01,2.0,50,0.5,0.0,145000.0,0.0,-34482.479434345005,2557.5396825396824
2024,2024-05-13,cnn_visual,0.01,2.0,50,0.5,0.0,145000.0,0.0,-18878.3531519721,2557.5396825396824
2024,2024-05-28,cnn_visual,0.01,2.0,50,0.5,0.0,145000.0,0.0,6643.669605863307,2557.5396825396824
2024,2024-06-11,cnn_visual,0.01,2.0,50,0.5,0.0,145000.0,0.0,43164.56299096655,2557.5396825396824
2024,2024-06-25,cnn_visual,0.01,2.0,50,0.5,0.0,145000.0,0.0,-11112.822109137716,2557.5396825396824
2024,2024-07-09,cnn_visual,0.01,2.0,50,0.5,0.0,145000.0,0.0,-28771.7020765509,2557.5396825396824
2024,2024-07-23,cnn_visual,0.01,2.0,50,0.5,0.0,145000.0,0.0,-38638.48383828572,2557.5396825396824
2024,2024-08-06,cnn_visual,0.01,2.0,50,0.5,0.0,145000.0,0.0,-1138.631824690836,2557.5396825396824
2024,2024-08-20,cnn_visual,0.01,2.0,50,0.5,0.0,145000.0,0.0,-23592.2150139016,2557.5396825396824
2024,2024-09-04,cnn_visual,0.01,2.0,50,0.5,0.0,145000.0,0.0,-7643.339431362225,2557.5396825396824
2024,2024-09-18,cnn_visual,0.01,2.0,50,0.5,0.0,145000.0,0.0,7090.390997491343,2557.5396825396824
2024,2024-10-02,cnn_visual,0.01,2.0,50,0.5,0.0,145000.0,0.0,7627.850964331725,2557.5396825396824
2024,2024-10-16,cnn_visual,0.01,2.0,50,0.5,0.0,145000.0,0.0,4549.664024878009,2557.5396825396824
2024,2024-10-30,cnn_visual,0.01,2.0,50,0.5,0.0,145000.0,0.0,15025.25049537743,2557.5396825396824
2024,2024-11-13,cnn_visual,0.01,2.0,50,0.5,0.0,145000.0,0.0,16645.56726278209,2557.5396825396824
2024,2024-11-27,cnn_visual,0.01,2.0,50,0.5,0.0,145000.0,0.0,5478.2595471429895,2557.5396825396824
2024,2024-12-11,cnn_visual,0.01,2.0,50,0.5,0.0,145000.0,0.0,2742.7049715436306,2557.5396825396824
2024,2024-12-27,cnn_visual,0.01,2.0,50,0.5,0.0,145000.0,0.0,86508.11000612716,2557.5396825396824
2024,2024-01-02,cnn_visual,0.01,2.0,100,0.25,0.0,145000.0,0.0,45613.03353748196,2557.5396825396824
2024,2024-01-16,cnn_visual,0.01,2.0,100,0.25,0.0,145000.0,0.0,40820.6756440102,2557.5396825396824
2024,2024-01-30,cnn_visual,0.01,2.0,100,0.25,0.0,145000.0,0.0,10114.395073918586,2557.5396825396824
2024,2024-02-13,cnn_visual,0.01,2.0,100,0.25,0.0,145000.0,0.0,-13884.699209429107,2557.5396825396824
2024,2024-02-27,cnn_visual,0.01,2.0,100,0.25,0.0,145000.0,0.0,-6740.319436512746,2557.5396825396824
2024,2024-03-12,cnn_visual,0.01,2.0,100,0.25,0.0,145000.0,0.0,25941.594990933536,2557.5396825396824
2024,2024-03-26,cnn_visual,0.01,2.0,100,0.25,0.0,145000.0,0.0,61220.4263340526,2557.5396825396824
2024,2024-04-11,cnn_visual,0.01,2.0,100,0.25,0.0,145000.0,0.0,-26981.47827916935,2557.5396825396824
2024,2024-04-25,cnn_visual,0.01,2.0,100,0.25,0.0,145000.0,0.0,-48443.886925831925,2557.5396825396824
2024,2024-05-13,cnn_visual,0.01,2.0,100,0.25,0.0,145000.0,0.0,-24408.528674934358,2557.5396825396824
2024,2024-05-28,cnn_visual,0.01,2.0,100,0.25,0.0,145000.0,0.0,2986.18251464129,2557.5396825396824
2024,2024-06-11,cnn_visual,0.01,2.0,100,0.25,0.0,145000.0,0.0,63938.112585476825,2557.5396825396824
2024,2024-06-25,cnn_visual,0.01,2.0,100,0.25,0.0,145000.0,0.0,-12063.17345114901,2557.5396825396824
2024,2024-07-09,cnn_visual,0.01,2.0,100,0.25,0.0,145000.0,0.0,-41144.50503677293,2557.5396825396824
2024,2024-07-23,cnn_visual,0.01,2.0,100,0.25,0.0,145000.0,0.0,-55609.28675799373,2557.5396825396824
2024,2024-08-06,cnn_visual,0.01,2.0,100,0.25,0.0,145000.0,0.0,6137.536277632286,2557.5396825396824
2024,2024-08-20,cnn_visual,0.01,2.0,100,0.25,0.0,145000.0,0.0,-36845.22706209434,2557.5396825396824
2024,2024-09-04,cnn_visual,0.01,2.0,100,0.25,0.0,145000.0,0.0,-8145.54915414248,2557.5396825396824
2024,2024-09-18,cnn_visual,0.01,2.0,100,0.25,0.0,145000.0,0.0,8231.024384501547,2557.5396825396824
2024,2024-10-02,cnn_visual,0.01,2.0,100,0.25,0.0,145000.0,0.0,3586.9746619005346,2557.5396825396824
2024,2024-10-16,cnn_visual,0.01,2.0,100,0.25,0.0,145000.0,0.0,3056.1134478243434,2557.5396825396824
2024,2024-10-30,cnn_visual,0.01,2.0,100,0.25,0.0,145000.0,0.0,13830.058581704448,2557.5396825396824
2024,2024-11-13,cnn_visual,0.01,2.0,100,0.25,0.0,145000.0,0.0,20248.36715298244,2557.5396825396824
2024,2024-11-27,cnn_visual,0.01,2.0,100,0.25,0.0,145000.0,0.0,7068.0308906688815,2557.5396825396824
2024,2024-12-11,cnn_visual,0.01,2.0,100,0.25,0.0,145000.0,0.0,692.4226375828961,2557.5396825396824
2024,2024-12-27,cnn_visual,0.01,2.0,100,0.25,0.0,145000.0,0.0,116737.2004222855,2557.5396825396824
2024,2024-01-02,cnn_visual,0.05,0.25,10,0.25,0.0,145000.0,0.0,45613.03353748196,537.6984126984128
2024,2024-01-16,cnn_visual,0.05,0.25,10,0.25,0.0,145000.0,0.0,40820.6756440102,537.6984126984128
2024,2024-01-30,cnn_visual,0.05,0.25,10,0.25,0.0,145000.0,0.0,10114.395073918586,537.6984126984128
2024,2024-02-13,cnn_visual,0.05,0.25,10,0.25,0.0,145000.0,0.0,-13884.699209429107,537.6984126984128
2024,2024-02-27,cnn_visual,0.05,0.25,10,0.25,0.0,145000.0,0.0,-6740.319436512746,537.6984126984128
2024,2024-03-12,cnn_visual,0.05,0.25,10,0.25,0.0,145000.0,0.0,25941.594990933536,537.6984126984128
2024,2024-03-26,cnn_visual,0.05,0.25,10,0.25,0.0,145000.0,0.0,61220.4263340526,537.6984126984128
2024,2024-04-11,cnn_visual,0.05,0.25,10,0.25,0.0,145000.0,0.0,-26981.47827916935,537.6984126984128
2024,2024-04-25,cnn_visual,0.05,0.25,10,0.25,0.0,145000.0,0.0,-48443.886925831925,537.6984126984128
2024,2024-05-13,cnn_visual,0.05,0.25,10,0.25,0.0,145000.0,0.0,-24408.528674934358,537.6984126984128
2024,2024-05-28,cnn_visual,0.05,0.25,10,0.25,0.0,145000.0,0.0,2986.18251464129,537.6984126984128
2024,2024-06-11,cnn_visual,0.05,0.25,10,0.25,0.0,145000.0,0.0,63938.112585476825,537.6984126984128
2024,2024-06-25,cnn_visual,0.05,0.25,10,0.25,0.0,145000.0,0.0,-12063.17345114901,537.6984126984128
2024,2024-07-09,cnn_visual,0.05,0.25,10,0.25,0.0,145000.0,0.0,-41144.50503677293,537.6984126984128
2024,2024-07-23,cnn_visual,0.05,0.25,10,0.25,0.0,145000.0,0.0,-55609.28675799373,537.6984126984128
2024,2024-08-06,cnn_visual,0.05,0.25,10,0.25,0.0,145000.0,0.0,6137.536277632286,537.6984126984128
2024,2024-08-20,cnn_visual,0.05,0.25,10,0.25,0.0,145000.0,0.0,-36845.22706209434,537.6984126984128
2024,2024-09-04,cnn_visual,0.05,0.25,10,0.25,0.0,145000.0,0.0,-8145.54915414248,537.6984126984128
2024,2024-09-18,cnn_visual,0.05,0.25,10,0.25,0.0,145000.0,0.0,8231.024384501547,537.6984126984128
2024,2024-10-02,cnn_visual,0.05,0.25,10,0.25,0.0,145000.0,0.0,3586.9746619005346,537.6984126984128
2024,2024-10-16,cnn_visual,0.05,0.25,10,0.25,0.0,145000.0,0.0,3056.1134478243434,537.6984126984128
2024,2024-10-30,cnn_visual,0.05,0.25,10,0.25,0.0,145000.0,0.0,13830.058581704448,537.6984126984128
2024,2024-11-13,cnn_visual,0.05,0.25,10,0.25,0.0,145000.0,0.0,20248.36715298244,537.6984126984128
2024,2024-11-27,cnn_visual,0.05,0.25,10,0.25,0.0,145000.0,0.0,7068.0308906688815,537.6984126984128
2024,2024-12-11,cnn_visual,0.05,0.25,10,0.25,0.0,145000.0,0.0,692.4226375828961,537.6984126984128
2024,2024-12-27,cnn_visual,0.05,0.25,10,0.25,0.0,145000.0,0.0,116737.2004222855,537.6984126984128
2024,2024-01-02,cnn_visual,0.05,0.25,50,0.0,0.0,150000.0,0.0,58434.38715762887,297.6190476190476
2024,2024-01-16,cnn_visual,0.05,0.25,50,0.0,0.0,150000.0,0.0,53266.090491171744,297.6190476190476
2024,2024-01-30,cnn_visual,0.05,0.25,50,0.0,0.0,150000.0,0.0,11837.71335297728,297.6190476190476
2024,2024-02-13,cnn_visual,0.05,0.25,50,0.0,0.0,150000.0,0.0,-16599.524516322403,297.6190476190476
2024,2024-02-27,cnn_visual,0.05,0.25,50,0.0,0.0,150000.0,0.0,-7157.980534364764,297.6190476190476
2024,2024-03-12,cnn_visual,0.05,0.25,50,0.0,0.0,150000.0,0.0,32665.23830912623,297.6190476190476
2024,2024-03-26,cnn_visual,0.05,0.25,50,0.0,0.0,150000.0,0.0,77458.3497422705,297.6190476190476
2024,2024-04-11,cnn_visual,0.05,0.25,50,0.0,0.0,150000.0,0.0,-36244.78574446609,297.6190476190476
2024,2024-04-25,cnn_visual,0.05,0.25,50,0.0,0.0,150000.0,0.0,-62405.29441731884,297.6190476190476
2024,2024-05-13,cnn_visual,0.05,0.25,50,0.0,0.0,150000.0,0.0,-29938.704197896608,297.6190476190476
2024,2024-05-28,cnn_visual,0.05,0.25,50,0.0,0.0,150000.0,0.0,-671.3045765807274,297.6190476190476
2024,2024-06-11,cnn_visual,0.05,0.25,50,0.0,0.0,150000.0,0.0,84711.6621799871,297.6190476190476
2024,2024-06-25,cnn_visual,0.05,0.25,50,0.0,0.0,150000.0,0.0,-13013.524793160306,297.6190476190476
2024,2024-07-09,cnn_visual,0.05,0.25,50,0.0,0.0,150000.0,0.0,-53517.30799699496,297.6190476190476
2024,2024-07-23,cnn_visual,0.05,0.25,50,0.0,0.0,150000.0,0.0,-72580.08967770175,297.6190476190476
2024,2024-08-06,cnn_visual,0.05,0.25,50,0.0,0.0,150000.0,0.0,13413.704379955409,297.6190476190476
2024,2024-08-20,cnn_visual,0.05,0.25,50,0.0,0.0,150000.0,0.0,-50098.23911028708,297.6190476190476
2024,2024-09-04,cnn_visual,0.05,0.25,50,0.0,0.0,150000.0,0.0,-8647.758876922737,297.6190476190476
2024,2024-09-18,cnn_visual,0.05,0.25,50,0.0,0.0,150000.0,0.0,9371.657771511753,297.6190476190476
2024,2024-10-02,cnn_visual,0.05,0.25,50,0.0,0.0,150000.0,0.0,-453.9016405306554,297.6190476190476
2024,2024-10-16,cnn_visual,0.05,0.25,50,0.0,0.0,150000.0,0.0,1562.5628707706785,297.6190476190476
2024,2024-10-30,cnn_visual,0.05,0.25,50,0.0,0.0,150000.0,0.0,12634.866668031464,297.6190476190476
2024,2024-11-13,cnn_visual,0.05,0.25,50,0.0,0.0,150000.0,0.0,23851.167043182788,297.6190476190476
2024,2024-11-27,cnn_visual,0.05,0.25,50,0.0,0.0,150000.0,0.0,8657.802234194774,297.6190476190476
2024,2024-12-11,cnn_visual,0.05,0.25,50,0.0,0.0,150000.0,0.0,-1357.8596963778384,297.6190476190476
2024,2024-12-27,cnn_visual,0.05,0.25,50,0.0,0.0,150000.0,0.0,146966.29083844385,297.6190476190476
2024,2024-01-02,cnn_visual,0.05,0.25,100,0.0,0.0,150000.0,0.0,58434.38715762887,297.6190476190476
2024,2024-01-16,cnn_visual,0.05,0.25,100,0.0,0.0,150000.0,0.0,53266.090491171744,297.6190476190476
2024,2024-01-30,cnn_visual,0.05,0.25,100,0.0,0.0,150000.0,0.0,11837.71335297728,297.6190476190476
2024,2024-02-13,cnn_visual,0.05,0.25,100,0.0,0.0,150000.0,0.0,-16599.524516322403,297.6190476190476
2024,2024-02-27,cnn_visual,0.05,0.25,100,0.0,0.0,150000.0,0.0,-7157.980534364764,297.6190476190476
2024,2024-03-12,cnn_visual,0.05,0.25,100,0.0,0.0,150000.0,0.0,32665.23830912623,297.6190476190476
2024,2024-03-26,cnn_visual,0.05,0.25,100,0.0,0.0,150000.0,0.0,77458.3497422705,297.6190476190476
2024,2024-04-11,cnn_visual,0.05,0.25,100,0.0,0.0,150000.0,0.0,-36244.78574446609,297.6190476190476
2024,2024-04-25,cnn_visual,0.05,0.25,100,0.0,0.0,150000.0,0.0,-62405.29441731884,297.6190476190476
2024,2024-05-13,cnn_visual,0.05,0.25,100,0.0,0.0,150000.0,0.0,-29938.704197896608,297.6190476190476
2024,2024-05-28,cnn_visual,0.05,0.25,100,0.0,0.0,150000.0,0.0,-671.3045765807274,297.6190476190476
2024,2024-06-11,cnn_visual,0.05,0.25,100,0.0,0.0,150000.0,0.0,84711.6621799871,297.6190476190476
2024,2024-06-25,cnn_visual,0.05,0.25,100,0.0,0.0,150000.0,0.0,-13013.524793160306,297.6190476190476
2024,2024-07-09,cnn_visual,0.05,0.25,100,0.0,0.0,150000.0,0.0,-53517.30799699496,297.6190476190476
2024,2024-07-23,cnn_visual,0.05,0.25,100,0.0,0.0,150000.0,0.0,-72580.08967770175,297.6190476190476
2024,2024-08-06,cnn_visual,0.05,0.25,100,0.0,0.0,150000.0,0.0,13413.704379955409,297.6190476190476
2024,2024-08-20,cnn_visual,0.05,0.25,100,0.0,0.0,150000.0,0.0,-50098.23911028708,297.6190476190476
2024,2024-09-04,cnn_visual,0.05,0.25,100,0.0,0.0,150000.0,0.0,-8647.758876922737,297.6190476190476
2024,2024-09-18,cnn_visual,0.05,0.25,100,0.0,0.0,150000.0,0.0,9371.657771511753,297.6190476190476
2024,2024-10-02,cnn_visual,0.05,0.25,100,0.0,0.0,150000.0,0.0,-453.9016405306554,297.6190476190476
2024,2024-10-16,cnn_visual,0.05,0.25,100,0.0,0.0,150000.0,0.0,1562.5628707706785,297.6190476190476
2024,2024-10-30,cnn_visual,0.05,0.25,100,0.0,0.0,150000.0,0.0,12634.866668031464,297.6190476190476
2024,2024-11-13,cnn_visual,0.05,0.25,100,0.0,0.0,150000.0,0.0,23851.167043182788,297.6190476190476
2024,2024-11-27,cnn_visual,0.05,0.25,100,0.0,0.0,150000.0,0.0,8657.802234194774,297.6190476190476
2024,2024-12-11,cnn_visual,0.05,0.25,100,0.0,0.0,150000.0,0.0,-1357.8596963778384,297.6190476190476
2024,2024-12-27,cnn_visual,0.05,0.25,100,0.0,0.0,150000.0,0.0,146966.29083844385,297.6190476190476
2024,2024-01-02,cnn_visual,0.05,1.0,10,1.0,0.0,55000.0,0.0,7148.972677041212,1109.126984126984
2024,2024-01-16,cnn_visual,0.05,1.0,10,1.0,0.0,55000.0,0.0,3484.43110252554,1109.126984126984
2024,2024-01-30,cnn_visual,0.05,1.0,10,1.0,0.0,55000.0,0.0,4944.440236742504,1109.126984126984
2024,2024-02-13,cnn_visual,0.05,1.0,10,1.0,0.0,55000.0,0.0,-5740.223288749232,1109.126984126984
2024,2024-02-27,cnn_visual,0.05,1.0,10,1.0,0.0,55000.0,0.0,-5487.336142956692,1109.126984126984
2024,2024-03-12,cnn_visual,0.05,1.0,10,1.0,0.0,55000.0,0.0,5770.665036355447,1109.126984126984
2024,2024-03-26,cnn_visual,0.05,1.0,10,1.0,0.0,55000.0,0.0,12506.656109398926,1109.126984126984
2024,2024-04-11,cnn_visual,0.05,1.0,10,1.0,0.0,55000.0,0.0,808.4441167208814,1109.126984126984
2024,2024-04-25,cnn_visual,0.05,1.0,10,1.0,0.0,55000.0,0.0,-6559.664451371176,1109.126984126984
2024,2024-05-13,cnn_visual,0.05,1.0,10,1.0,0.0,55000.0,0.0,-7818.002106047588,1109.126984126984
2024,2024-05-28,cnn_visual,0.05,1.0,10,1.0,0.0,55000.0,0.0,13958.64378830734,1109.126984126984
2024,2024-06-11,cnn_visual,0.05,1.0,10,1.0,0.0,55000.0,0.0,1617.463801945995,1109.126984126984
2024,2024-06-25,cnn_visual,0.05,1.0,10,1.0,0.0,55000.0,0.0,-9212.11942511512,1109.126984126984
2024,2024-07-09,cnn_visual,0.05,1.0,10,1.0,0.0,55000.0,0.0,-4026.0961561068425,1109.126984126984
2024,2024-07-23,cnn_visual,0.05,1.0,10,1.0,0.0,55000.0,0.0,-4696.877998869697,1109.126984126984
2024,2024-08-06,cnn_visual,0.05,1.0,10,1.0,0.0,55000.0,0.0,-15690.96802933708,1109.126984126984
2024,2024-08-20,cnn_visual,0.05,1.0,10,1.0,0.0,55000.0,0.0,2913.8090824838705,1109.126984126984
2024,2024-09-04,cnn_visual,0.05,1.0,10,1.0,0.0,55000.0,0.0,-6638.919985801713,1109.126984126984
2024,2024-09-18,cnn_visual,0.05,1.0,10,1.0,0.0,55000.0,0.0,4809.124223470936,1109.126984126984
2024,2024-10-02,cnn_visual,0.05,1.0,10,1.0,0.0,55000.0,0.0,15709.603569194103,1109.126984126984
2024,2024-10-16,cnn_visual,0.05,1.0,10,1.0,0.0,55000.0,0.0,7536.765178985339,1109.126984126984
2024,2024-10-30,cnn_visual,0.05,1.0,10,1.0,0.0,55000.0,0.0,17415.634322723396,1109.126984126984
2024,2024-11-13,cnn_visual,0.05,1.0,10,1.0,0.0,55000.0,0.0,9439.967482381397,1109.126984126984
2024,2024-11-27,cnn_visual,0.05,1.0,10,1.0,0.0,55000.0,0.0,2298.716860091206,1109.126984126984
2024,2024-12-11,cnn_visual,0.05,1.0,10,1.0,0.0,55000.0,0.0,6843.269639465099,1109.126984126984
2024,2024-12-27,cnn_visual,0.05,1.0,10,1.0,0.0,55000.0,0.0,26049.929173810466,1109.126984126984
2024,2024-01-02,cnn_visual,0.05,1.0,50,0.25,0.0,145000.0,0.0,45613.03353748196,1537.6984126984128
2024,2024-01-16,cnn_visual,0.05,1.0,50,0.25,0.0,145000.0,0.0,40820.6756440102,1537.6984126984128
2024,2024-01-30,cnn_visual,0.05,1.0,50,0.25,0.0,145000.0,0.0,10114.395073918586,1537.6984126984128
2024,2024-02-13,cnn_visual,0.05,1.0,50,0.25,0.0,145000.0,0.0,-13884.699209429107,1537.6984126984128
2024,2024-02-27,cnn_visual,0.05,1.0,50,0.25,0.0,145000.0,0.0,-6740.319436512746,1537.6984126984128
2024,2024-03-12,cnn_visual,0.05,1.0,50,0.25,0.0,145000.0,0.0,25941.594990933536,1537.6984126984128
2024,2024-03-26,cnn_visual,0.05,1.0,50,0.25,0.0,145000.0,0.0,61220.4263340526,1537.6984126984128
2024,2024-04-11,cnn_visual,0.05,1.0,50,0.25,0.0,145000.0,0.0,-26981.47827916935,1537.6984126984128
2024,2024-04-25,cnn_visual,0.05,1.0,50,0.25,0.0,145000.0,0.0,-48443.886925831925,1537.6984126984128
2024,2024-05-13,cnn_visual,0.05,1.0,50,0.25,0.0,145000.0,0.0,-24408.528674934358,1537.6984126984128
2024,2024-05-28,cnn_visual,0.05,1.0,50,0.25,0.0,145000.0,0.0,2986.18251464129,1537.6984126984128
2024,2024-06-11,cnn_visual,0.05,1.0,50,0.25,0.0,145000.0,0.0,63938.112585476825,1537.6984126984128
2024,2024-06-25,cnn_visual,0.05,1.0,50,0.25,0.0,145000.0,0.0,-12063.17345114901,1537.6984126984128
2024,2024-07-09,cnn_visual,0.05,1.0,50,0.25,0.0,145000.0,0.0,-41144.50503677293,1537.6984126984128
2024,2024-07-23,cnn_visual,0.05,1.0,50,0.25,0.0,145000.0,0.0,-55609.28675799373,1537.6984126984128
2024,2024-08-06,cnn_visual,0.05,1.0,50,0.25,0.0,145000.0,0.0,6137.536277632286,1537.6984126984128
2024,2024-08-20,cnn_visual,0.05,1.0,50,0.25,0.0,145000.0,0.0,-36845.22706209434,1537.6984126984128
2024,2024-09-04,cnn_visual,0.05,1.0,50,0.25,0.0,145000.0,0.0,-8145.54915414248,1537.6984126984128
2024,2024-09-18,cnn_visual,0.05,1.0,50,0.25,0.0,145000.0,0.0,8231.024384501547,1537.6984126984128
2024,2024-10-02,cnn_visual,0.05,1.0,50,0.25,0.0,145000.0,0.0,3586.9746619005346,1537.6984126984128
2024,2024-10-16,cnn_visual,0.05,1.0,50,0.25,0.0,145000.0,0.0,3056.1134478243434,1537.6984126984128
2024,2024-10-30,cnn_visual,0.05,1.0,50,0.25,0.0,145000.0,0.0,13830.058581704448,1537.6984126984128
2024,2024-11-13,cnn_visual,0.05,1.0,50,0.25,0.0,145000.0,0.0,20248.36715298244,1537.6984126984128
2024,2024-11-27,cnn_visual,0.05,1.0,50,0.25,0.0,145000.0,0.0,7068.0308906688815,1537.6984126984128
2024,2024-12-11,cnn_visual,0.05,1.0,50,0.25,0.0,145000.0,0.0,692.4226375828961,1537.6984126984128
2024,2024-12-27,cnn_visual,0.05,1.0,50,0.25,0.0,145000.0,0.0,116737.2004222855,1537.6984126984128
2024,2024-01-02,cnn_visual,0.05,1.0,100,0.0,0.0,150000.0,0.0,58434.38715762887,297.6190476190476
2024,2024-01-16,cnn_visual,0.05,1.0,100,0.0,0.0,150000.0,0.0,53266.090491171744,297.6190476190476
2024,2024-01-30,cnn_visual,0.05,1.0,100,0.0,0.0,150000.0,0.0,11837.71335297728,297.6190476190476
2024,2024-02-13,cnn_visual,0.05,1.0,100,0.0,0.0,150000.0,0.0,-16599.524516322403,297.6190476190476
2024,2024-02-27,cnn_visual,0.05,1.0,100,0.0,0.0,150000.0,0.0,-7157.980534364764,297.6190476190476
2024,2024-03-12,cnn_visual,0.05,1.0,100,0.0,0.0,150000.0,0.0,32665.23830912623,297.6190476190476
2024,2024-03-26,cnn_visual,0.05,1.0,100,0.0,0.0,150000.0,0.0,77458.3497422705,297.6190476190476
2024,2024-04-11,cnn_visual,0.05,1.0,100,0.0,0.0,150000.0,0.0,-36244.78574446609,297.6190476190476
2024,2024-04-25,cnn_visual,0.05,1.0,100,0.0,0.0,150000.0,0.0,-62405.29441731884,297.6190476190476
2024,2024-05-13,cnn_visual,0.05,1.0,100,0.0,0.0,150000.0,0.0,-29938.704197896608,297.6190476190476
2024,2024-05-28,cnn_visual,0.05,1.0,100,0.0,0.0,150000.0,0.0,-671.3045765807274,297.6190476190476
2024,2024-06-11,cnn_visual,0.05,1.0,100,0.0,0.0,150000.0,0.0,84711.6621799871,297.6190476190476
2024,2024-06-25,cnn_visual,0.05,1.0,100,0.0,0.0,150000.0,0.0,-13013.524793160306,297.6190476190476
2024,2024-07-09,cnn_visual,0.05,1.0,100,0.0,0.0,150000.0,0.0,-53517.30799699496,297.6190476190476
2024,2024-07-23,cnn_visual,0.05,1.0,100,0.0,0.0,150000.0,0.0,-72580.08967770175,297.6190476190476
2024,2024-08-06,cnn_visual,0.05,1.0,100,0.0,0.0,150000.0,0.0,13413.704379955409,297.6190476190476
2024,2024-08-20,cnn_visual,0.05,1.0,100,0.0,0.0,150000.0,0.0,-50098.23911028708,297.6190476190476
2024,2024-09-04,cnn_visual,0.05,1.0,100,0.0,0.0,150000.0,0.0,-8647.758876922737,297.6190476190476
2024,2024-09-18,cnn_visual,0.05,1.0,100,0.0,0.0,150000.0,0.0,9371.657771511753,297.6190476190476
2024,2024-10-02,cnn_visual,0.05,1.0,100,0.0,0.0,150000.0,0.0,-453.9016405306554,297.6190476190476
2024,2024-10-16,cnn_visual,0.05,1.0,100,0.0,0.0,150000.0,0.0,1562.5628707706785,297.6190476190476
2024,2024-10-30,cnn_visual,0.05,1.0,100,0.0,0.0,150000.0,0.0,12634.866668031464,297.6190476190476
2024,2024-11-13,cnn_visual,0.05,1.0,100,0.0,0.0,150000.0,0.0,23851.167043182788,297.6190476190476
2024,2024-11-27,cnn_visual,0.05,1.0,100,0.0,0.0,150000.0,0.0,8657.802234194774,297.6190476190476
2024,2024-12-11,cnn_visual,0.05,1.0,100,0.0,0.0,150000.0,0.0,-1357.8596963778384,297.6190476190476
2024,2024-12-27,cnn_visual,0.05,1.0,100,0.0,0.0,150000.0,0.0,146966.29083844385,297.6190476190476
2024,2024-01-02,cnn_visual,0.05,2.0,10,1.0,0.0,60000.0,0.0,7148.972677041212,1119.047619047619
2024,2024-01-16,cnn_visual,0.05,2.0,10,1.0,0.0,60000.0,0.0,3484.43110252554,1119.047619047619
2024,2024-01-30,cnn_visual,0.05,2.0,10,1.0,0.0,60000.0,0.0,4944.440236742504,1119.047619047619
2024,2024-02-13,cnn_visual,0.05,2.0,10,1.0,0.0,60000.0,0.0,-5740.223288749232,1119.047619047619
2024,2024-02-27,cnn_visual,0.05,2.0,10,1.0,0.0,60000.0,0.0,-5487.336142956692,1119.047619047619
2024,2024-03-12,cnn_visual,0.05,2.0,10,1.0,0.0,60000.0,0.0,5770.665036355447,1119.047619047619
2024,2024-03-26,cnn_visual,0.05,2.0,10,1.0,0.0,60000.0,0.0,12506.656109398926,1119.047619047619
2024,2024-04-11,cnn_visual,0.05,2.0,10,1.0,0.0,60000.0,0.0,808.4441167208814,1119.047619047619
2024,2024-04-25,cnn_visual,0.05,2.0,10,1.0,0.0,60000.0,0.0,-6559.664451371176,1119.047619047619
2024,2024-05-13,cnn_visual,0.05,2.0,10,1.0,0.0,60000.0,0.0,-7818.002106047588,1119.047619047619
2024,2024-05-28,cnn_visual,0.05,2.0,10,1.0,0.0,60000.0,0.0,13958.64378830734,1119.047619047619
2024,2024-06-11,cnn_visual,0.05,2.0,10,1.0,0.0,60000.0,0.0,1617.463801945995,1119.047619047619
2024,2024-06-25,cnn_visual,0.05,2.0,10,1.0,0.0,60000.0,0.0,-9212.11942511512,1119.047619047619
2024,2024-07-09,cnn_visual,0.05,2.0,10,1.0,0.0,60000.0,0.0,-4026.0961561068425,1119.047619047619
2024,2024-07-23,cnn_visual,0.05,2.0,10,1.0,0.0,60000.0,0.0,-4696.877998869697,1119.047619047619
2024,2024-08-06,cnn_visual,0.05,2.0,10,1.0,0.0,60000.0,0.0,-15690.96802933708,1119.047619047619
2024,2024-08-20,cnn_visual,0.05,2.0,10,1.0,0.0,60000.0,0.0,2913.8090824838705,1119.047619047619
2024,2024-09-04,cnn_visual,0.05,2.0,10,1.0,0.0,60000.0,0.0,-6638.919985801713,1119.047619047619
2024,2024-09-18,cnn_visual,0.05,2.0,10,1.0,0.0,60000.0,0.0,4809.124223470936,1119.047619047619
2024,2024-10-02,cnn_visual,0.05,2.0,10,1.0,0.0,60000.0,0.0,15709.603569194103,1119.047619047619
2024,2024-10-16,cnn_visual,0.05,2.0,10,1.0,0.0,60000.0,0.0,7536.765178985339,1119.047619047619
2024,2024-10-30,cnn_visual,0.05,2.0,10,1.0,0.0,60000.0,0.0,17415.634322723396,1119.047619047619
2024,2024-11-13,cnn_visual,0.05,2.0,10,1.0,0.0,60000.0,0.0,9439.967482381397,1119.047619047619
2024,2024-11-27,cnn_visual,0.05,2.0,10,1.0,0.0,60000.0,0.0,2298.716860091206,1119.047619047619
2024,2024-12-11,cnn_visual,0.05,2.0,10,1.0,0.0,60000.0,0.0,6843.269639465099,1119.047619047619
2024,2024-12-27,cnn_visual,0.05,2.0,10,1.0,0.0,60000.0,0.0,26049.929173810466,1119.047619047619
2024,2024-01-02,cnn_visual,0.05,2.0,50,0.5,0.0,145000.0,0.0,32791.67991733504,2787.6984126984125
2024,2024-01-16,cnn_visual,0.05,2.0,50,0.5,0.0,145000.0,0.0,28375.26079684864,2787.6984126984125
2024,2024-01-30,cnn_visual,0.05,2.0,50,0.5,0.0,145000.0,0.0,8391.076794859891,2787.6984126984125
2024,2024-02-13,cnn_visual,0.05,2.0,50,0.5,0.0,145000.0,0.0,-11169.873902535815,2787.6984126984125
2024,2024-02-27,cnn_visual,0.05,2.0,50,0.5,0.0,145000.0,0.0,-6322.658338660728,2787.6984126984125
2024,2024-03-12,cnn_visual,0.05,2.0,50,0.5,0.0,145000.0,0.0,19217.95167274084,2787.6984126984125
2024,2024-03-26,cnn_visual,0.05,2.0,50,0.5,0.0,145000.0,0.0,44982.50292583471,2787.6984126984125
2024,2024-04-11,cnn_visual,0.05,2.0,50,0.5,0.0,145000.0,0.0,-17718.170813872606,2787.6984126984125
2024,2024-04-25,cnn_visual,0.05,2.0,50,0.5,0.0,145000.0,0.0,-34482.479434345005,2787.6984126984125
2024,2024-05-13,cnn_visual,0.05,2.0,50,0.5,0.0,145000.0,0.0,-18878.3531519721,2787.6984126984125
2024,2024-05-28,cnn_visual,0.05,2.0,50,0.5,0.0,145000.0,0.0,6643.669605863307,2787.6984126984125
2024,2024-06-11,cnn_visual,0.05,2.0,50,0.5,0.0,145000.0,0.0,43164.56299096655,2787.6984126984125
2024,2024-06-25,cnn_visual,0.05,2.0,50,0.5,0.0,145000.0,0.0,-11112.822109137716,2787.6984126984125
2024,2024-07-09,cnn_visual,0.05,2.0,50,0.5,0.0,145000.0,0.0,-28771.7020765509,2787.6984126984125
2024,2024-07-23,cnn_visual,0.05,2.0,50,0.5,0.0,145000.0,0.0,-38638.48383828572,2787.6984126984125
2024,2024-08-06,cnn_visual,0.05,2.0,50,0.5,0.0,145000.0,0.0,-1138.631824690836,2787.6984126984125
2024,2024-08-20,cnn_visual,0.05,2.0,50,0.5,0.0,145000.0,0.0,-23592.2150139016,2787.6984126984125
2024,2024-09-04,cnn_visual,0.05,2.0,50,0.5,0.0,145000.0,0.0,-7643.339431362225,2787.6984126984125
2024,2024-09-18,cnn_visual,0.05,2.0,50,0.5,0.0,145000.0,0.0,7090.390997491343,2787.6984126984125
2024,2024-10-02,cnn_visual,0.05,2.0,50,0.5,0.0,145000.0,0.0,7627.850964331725,2787.6984126984125
2024,2024-10-16,cnn_visual,0.05,2.0,50,0.5,0.0,145000.0,0.0,4549.664024878009,2787.6984126984125
2024,2024-10-30,cnn_visual,0.05,2.0,50,0.5,0.0,145000.0,0.0,15025.25049537743,2787.6984126984125
2024,2024-11-13,cnn_visual,0.05,2.0,50,0.5,0.0,145000.0,0.0,16645.56726278209,2787.6984126984125
2024,2024-11-27,cnn_visual,0.05,2.0,50,0.5,0.0,145000.0,0.0,5478.2595471429895,2787.6984126984125
2024,2024-12-11,cnn_visual,0.05,2.0,50,0.5,0.0,145000.0,0.0,2742.7049715436306,2787.6984126984125
2024,2024-12-27,cnn_visual,0.05,2.0,50,0.5,0.0,145000.0,0.0,86508.11000612716,2787.6984126984125
2024,2024-01-02,cnn_visual,0.05,2.0,100,0.25,0.0,145000.0,0.0,45613.03353748196,2787.6984126984125
2024,2024-01-16,cnn_visual,0.05,2.0,100,0.25,0.0,145000.0,0.0,40820.6756440102,2787.6984126984125
2024,2024-01-30,cnn_visual,0.05,2.0,100,0.25,0.0,145000.0,0.0,10114.395073918586,2787.6984126984125
2024,2024-02-13,cnn_visual,0.05,2.0,100,0.25,0.0,145000.0,0.0,-13884.699209429107,2787.6984126984125
2024,2024-02-27,cnn_visual,0.05,2.0,100,0.25,0.0,145000.0,0.0,-6740.319436512746,2787.6984126984125
2024,2024-03-12,cnn_visual,0.05,2.0,100,0.25,0.0,145000.0,0.0,25941.594990933536,2787.6984126984125
2024,2024-03-26,cnn_visual,0.05,2.0,100,0.25,0.0,145000.0,0.0,61220.4263340526,2787.6984126984125
2024,2024-04-11,cnn_visual,0.05,2.0,100,0.25,0.0,145000.0,0.0,-26981.47827916935,2787.6984126984125
2024,2024-04-25,cnn_visual,0.05,2.0,100,0.25,0.0,145000.0,0.0,-48443.886925831925,2787.6984126984125
2024,2024-05-13,cnn_visual,0.05,2.0,100,0.25,0.0,145000.0,0.0,-24408.528674934358,2787.6984126984125
2024,2024-05-28,cnn_visual,0.05,2.0,100,0.25,0.0,145000.0,0.0,2986.18251464129,2787.6984126984125
2024,2024-06-11,cnn_visual,0.05,2.0,100,0.25,0.0,145000.0,0.0,63938.112585476825,2787.6984126984125
2024,2024-06-25,cnn_visual,0.05,2.0,100,0.25,0.0,145000.0,0.0,-12063.17345114901,2787.6984126984125
2024,2024-07-09,cnn_visual,0.05,2.0,100,0.25,0.0,145000.0,0.0,-41144.50503677293,2787.6984126984125
2024,2024-07-23,cnn_visual,0.05,2.0,100,0.25,0.0,145000.0,0.0,-55609.28675799373,2787.6984126984125
2024,2024-08-06,cnn_visual,0.05,2.0,100,0.25,0.0,145000.0,0.0,6137.536277632286,2787.6984126984125
2024,2024-08-20,cnn_visual,0.05,2.0,100,0.25,0.0,145000.0,0.0,-36845.22706209434,2787.6984126984125
2024,2024-09-04,cnn_visual,0.05,2.0,100,0.25,0.0,145000.0,0.0,-8145.54915414248,2787.6984126984125
2024,2024-09-18,cnn_visual,0.05,2.0,100,0.25,0.0,145000.0,0.0,8231.024384501547,2787.6984126984125
2024,2024-10-02,cnn_visual,0.05,2.0,100,0.25,0.0,145000.0,0.0,3586.9746619005346,2787.6984126984125
2024,2024-10-16,cnn_visual,0.05,2.0,100,0.25,0.0,145000.0,0.0,3056.1134478243434,2787.6984126984125
2024,2024-10-30,cnn_visual,0.05,2.0,100,0.25,0.0,145000.0,0.0,13830.058581704448,2787.6984126984125
2024,2024-11-13,cnn_visual,0.05,2.0,100,0.25,0.0,145000.0,0.0,20248.36715298244,2787.6984126984125
2024,2024-11-27,cnn_visual,0.05,2.0,100,0.25,0.0,145000.0,0.0,7068.0308906688815,2787.6984126984125
2024,2024-12-11,cnn_visual,0.05,2.0,100,0.25,0.0,145000.0,0.0,692.4226375828961,2787.6984126984125
2024,2024-12-27,cnn_visual,0.05,2.0,100,0.25,0.0,145000.0,0.0,116737.2004222855,2787.6984126984125
2024,2024-01-02,cnn_visual,0.1,0.25,10,0.75,0.0,60000.0,0.0,19970.326297188123,988.095238095238
2024,2024-01-16,cnn_visual,0.1,0.25,10,0.75,0.0,60000.0,0.0,15929.845949687093,988.095238095238
2024,2024-01-30,cnn_visual,0.1,0.25,10,0.75,0.0,60000.0,0.0,6667.758515801198,988.095238095238
2024,2024-02-13,cnn_visual,0.1,0.25,10,0.75,0.0,60000.0,0.0,-8455.048595642525,988.095238095238
2024,2024-02-27,cnn_visual,0.1,0.25,10,0.75,0.0,60000.0,0.0,-5904.997240808711,988.095238095238
2024,2024-03-12,cnn_visual,0.1,0.25,10,0.75,0.0,60000.0,0.0,12494.308354548144,988.095238095238
2024,2024-03-26,cnn_visual,0.1,0.25,10,0.75,0.0,60000.0,0.0,28744.579517616818,988.095238095238
2024,2024-04-11,cnn_visual,0.1,0.25,10,0.75,0.0,60000.0,0.0,-8454.863348575862,988.095238095238
2024,2024-04-25,cnn_visual,0.1,0.25,10,0.75,0.0,60000.0,0.0,-20521.07194285809,988.095238095238
2024,2024-05-13,cnn_visual,0.1,0.25,10,0.75,0.0,60000.0,0.0,-13348.177629009844,988.095238095238
2024,2024-05-28,cnn_visual,0.1,0.25,10,0.75,0.0,60000.0,0.0,10301.156697085324,988.095238095238
2024,2024-06-11,cnn_visual,0.1,0.25,10,0.75,0.0,60000.0,0.0,22391.01339645627,988.095238095238
2024,2024-06-25,cnn_visual,0.1,0.25,10,0.75,0.0,60000.0,0.0,-10162.47076712642,988.095238095238
2024,2024-07-09,cnn_visual,0.1,0.25,10,0.75,0.0,60000.0,0.0,-16398.89911632887,988.095238095238
2024,2024-07-23,cnn_visual,0.1,0.25,10,0.75,0.0,60000.0,0.0,-21667.68091857771,988.095238095238
2024,2024-08-06,cnn_visual,0.1,0.25,10,0.75,0.0,60000.0,0.0,-8414.799927013957,988.095238095238
2024,2024-08-20,cnn_visual,0.1,0.25,10,0.75,0.0,60000.0,0.0,-10339.202965708866,988.095238095238
2024,2024-09-04,cnn_visual,0.1,0.25,10,0.75,0.0,60000.0,0.0,-7141.129708581969,988.095238095238
2024,2024-09-18,cnn_visual,0.1,0.25,10,0.75,0.0,60000.0,0.0,5949.75761048114,988.095238095238
2024,2024-10-02,cnn_visual,0.1,0.25,10,0.75,0.0,60000.0,0.0,11668.727266762917,988.095238095238
2024,2024-10-16,cnn_visual,0.1,0.25,10,0.75,0.0,60000.0,0.0,6043.214601931673,988.095238095238
2024,2024-10-30,cnn_visual,0.1,0.25,10,0.75,0.0,60000.0,0.0,16220.442409050413,988.095238095238
2024,2024-11-13,cnn_visual,0.1,0.25,10,0.75,0.0,60000.0,0.0,13042.767372581744,988.095238095238
2024,2024-11-27,cnn_visual,0.1,0.25,10,0.75,0.0,60000.0,0.0,3888.488203617098,988.095238095238
2024,2024-12-11,cnn_visual,0.1,0.25,10,0.75,0.0,60000.0,0.0,4792.987305504365,988.095238095238
2024,2024-12-27,cnn_visual,0.1,0.25,10,0.75,0.0,60000.0,0.0,56279.01958996881,988.095238095238
2024,2024-01-02,cnn_visual,0.1,0.25,50,0.0,0.0,150000.0,0.0,58434.38715762887,595.2380952380952
2024,2024-01-16,cnn_visual,0.1,0.25,50,0.0,0.0,150000.0,0.0,53266.090491171744,595.2380952380952
2024,2024-01-30,cnn_visual,0.1,0.25,50,0.0,0.0,150000.0,0.0,11837.71335297728,595.2380952380952
2024,2024-02-13,cnn_visual,0.1,0.25,50,0.0,0.0,150000.0,0.0,-16599.524516322403,595.2380952380952
2024,2024-02-27,cnn_visual,0.1,0.25,50,0.0,0.0,150000.0,0.0,-7157.980534364764,595.2380952380952
2024,2024-03-12,cnn_visual,0.1,0.25,50,0.0,0.0,150000.0,0.0,32665.23830912623,595.2380952380952
2024,2024-03-26,cnn_visual,0.1,0.25,50,0.0,0.0,150000.0,0.0,77458.3497422705,595.2380952380952
2024,2024-04-11,cnn_visual,0.1,0.25,50,0.0,0.0,150000.0,0.0,-36244.78574446609,595.2380952380952
2024,2024-04-25,cnn_visual,0.1,0.25,50,0.0,0.0,150000.0,0.0,-62405.29441731884,595.2380952380952
2024,2024-05-13,cnn_visual,0.1,0.25,50,0.0,0.0,150000.0,0.0,-29938.704197896608,595.2380952380952
2024,2024-05-28,cnn_visual,0.1,0.25,50,0.0,0.0,150000.0,0.0,-671.3045765807274,595.2380952380952
2024,2024-06-11,cnn_visual,0.1,0.25,50,0.0,0.0,150000.0,0.0,84711.6621799871,595.2380952380952
2024,2024-06-25,cnn_visual,0.1,0.25,50,0.0,0.0,150000.0,0.0,-13013.524793160306,595.2380952380952
2024,2024-07-09,cnn_visual,0.1,0.25,50,0.0,0.0,150000.0,0.0,-53517.30799699496,595.2380952380952
2024,2024-07-23,cnn_visual,0.1,0.25,50,0.0,0.0,150000.0,0.0,-72580.08967770175,595.2380952380952
2024,2024-08-06,cnn_visual,0.1,0.25,50,0.0,0.0,150000.0,0.0,13413.704379955409,595.2380952380952
2024,2024-08-20,cnn_visual,0.1,0.25,50,0.0,0.0,150000.0,0.0,-50098.23911028708,595.2380952380952
2024,2024-09-04,cnn_visual,0.1,0.25,50,0.0,0.0,150000.0,0.0,-8647.758876922737,595.2380952380952
2024,2024-09-18,cnn_visual,0.1,0.25,50,0.0,0.0,150000.0,0.0,9371.657771511753,595.2380952380952
2024,2024-10-02,cnn_visual,0.1,0.25,50,0.0,0.0,150000.0,0.0,-453.9016405306554,595.2380952380952
2024,2024-10-16,cnn_visual,0.1,0.25,50,0.0,0.0,150000.0,0.0,1562.5628707706785,595.2380952380952
2024,2024-10-30,cnn_visual,0.1,0.25,50,0.0,0.0,150000.0,0.0,12634.866668031464,595.2380952380952
2024,2024-11-13,cnn_visual,0.1,0.25,50,0.0,0.0,150000.0,0.0,23851.167043182788,595.2380952380952
2024,2024-11-27,cnn_visual,0.1,0.25,50,0.0,0.0,150000.0,0.0,8657.802234194774,595.2380952380952
2024,2024-12-11,cnn_visual,0.1,0.25,50,0.0,0.0,150000.0,0.0,-1357.8596963778384,595.2380952380952
2024,2024-12-27,cnn_visual,0.1,0.25,50,0.0,0.0,150000.0,0.0,146966.29083844385,595.2380952380952
2024,2024-01-02,cnn_visual,0.1,0.25,100,0.0,0.0,150000.0,0.0,58434.38715762887,595.2380952380952
2024,2024-01-16,cnn_visual,0.1,0.25,100,0.0,0.0,150000.0,0.0,53266.090491171744,595.2380952380952
2024,2024-01-30,cnn_visual,0.1,0.25,100,0.0,0.0,150000.0,0.0,11837.71335297728,595.2380952380952
2024,2024-02-13,cnn_visual,0.1,0.25,100,0.0,0.0,150000.0,0.0,-16599.524516322403,595.2380952380952
2024,2024-02-27,cnn_visual,0.1,0.25,100,0.0,0.0,150000.0,0.0,-7157.980534364764,595.2380952380952
2024,2024-03-12,cnn_visual,0.1,0.25,100,0.0,0.0,150000.0,0.0,32665.23830912623,595.2380952380952
2024,2024-03-26,cnn_visual,0.1,0.25,100,0.0,0.0,150000.0,0.0,77458.3497422705,595.2380952380952
2024,2024-04-11,cnn_visual,0.1,0.25,100,0.0,0.0,150000.0,0.0,-36244.78574446609,595.2380952380952
2024,2024-04-25,cnn_visual,0.1,0.25,100,0.0,0.0,150000.0,0.0,-62405.29441731884,595.2380952380952
2024,2024-05-13,cnn_visual,0.1,0.25,100,0.0,0.0,150000.0,0.0,-29938.704197896608,595.2380952380952
2024,2024-05-28,cnn_visual,0.1,0.25,100,0.0,0.0,150000.0,0.0,-671.3045765807274,595.2380952380952
2024,2024-06-11,cnn_visual,0.1,0.25,100,0.0,0.0,150000.0,0.0,84711.6621799871,595.2380952380952
2024,2024-06-25,cnn_visual,0.1,0.25,100,0.0,0.0,150000.0,0.0,-13013.524793160306,595.2380952380952
2024,2024-07-09,cnn_visual,0.1,0.25,100,0.0,0.0,150000.0,0.0,-53517.30799699496,595.2380952380952
2024,2024-07-23,cnn_visual,0.1,0.25,100,0.0,0.0,150000.0,0.0,-72580.08967770175,595.2380952380952
2024,2024-08-06,cnn_visual,0.1,0.25,100,0.0,0.0,150000.0,0.0,13413.704379955409,595.2380952380952
2024,2024-08-20,cnn_visual,0.1,0.25,100,0.0,0.0,150000.0,0.0,-50098.23911028708,595.2380952380952
2024,2024-09-04,cnn_visual,0.1,0.25,100,0.0,0.0,150000.0,0.0,-8647.758876922737,595.2380952380952
2024,2024-09-18,cnn_visual,0.1,0.25,100,0.0,0.0,150000.0,0.0,9371.657771511753,595.2380952380952
2024,2024-10-02,cnn_visual,0.1,0.25,100,0.0,0.0,150000.0,0.0,-453.9016405306554,595.2380952380952
2024,2024-10-16,cnn_visual,0.1,0.25,100,0.0,0.0,150000.0,0.0,1562.5628707706785,595.2380952380952
2024,2024-10-30,cnn_visual,0.1,0.25,100,0.0,0.0,150000.0,0.0,12634.866668031464,595.2380952380952
2024,2024-11-13,cnn_visual,0.1,0.25,100,0.0,0.0,150000.0,0.0,23851.167043182788,595.2380952380952
2024,2024-11-27,cnn_visual,0.1,0.25,100,0.0,0.0,150000.0,0.0,8657.802234194774,595.2380952380952
2024,2024-12-11,cnn_visual,0.1,0.25,100,0.0,0.0,150000.0,0.0,-1357.8596963778384,595.2380952380952
2024,2024-12-27,cnn_visual,0.1,0.25,100,0.0,0.0,150000.0,0.0,146966.29083844385,595.2380952380952
2024,2024-01-02,cnn_visual,0.1,1.0,10,1.0,0.0,50000.0,0.0,7148.972677041212,1198.4126984126983
2024,2024-01-16,cnn_visual,0.1,1.0,10,1.0,0.0,50000.0,0.0,3484.43110252554,1198.4126984126983
2024,2024-01-30,cnn_visual,0.1,1.0,10,1.0,0.0,50000.0,0.0,4944.440236742504,1198.4126984126983
2024,2024-02-13,cnn_visual,0.1,1.0,10,1.0,0.0,50000.0,0.0,-5740.223288749232,1198.4126984126983
2024,2024-02-27,cnn_visual,0.1,1.0,10,1.0,0.0,50000.0,0.0,-5487.336142956692,1198.4126984126983
2024,2024-03-12,cnn_visual,0.1,1.0,10,1.0,0.0,50000.0,0.0,5770.665036355447,1198.4126984126983
2024,2024-03-26,cnn_visual,0.1,1.0,10,1.0,0.0,50000.0,0.0,12506.656109398926,1198.4126984126983
2024,2024-04-11,cnn_visual,0.1,1.0,10,1.0,0.0,50000.0,0.0,808.4441167208814,1198.4126984126983
2024,2024-04-25,cnn_visual,0.1,1.0,10,1.0,0.0,50000.0,0.0,-6559.664451371176,1198.4126984126983
2024,2024-05-13,cnn_visual,0.1,1.0,10,1.0,0.0,50000.0,0.0,-7818.002106047588,1198.4126984126983
2024,2024-05-28,cnn_visual,0.1,1.0,10,1.0,0.0,50000.0,0.0,13958.64378830734,1198.4126984126983
2024,2024-06-11,cnn_visual,0.1,1.0,10,1.0,0.0,50000.0,0.0,1617.463801945995,1198.4126984126983
2024,2024-06-25,cnn_visual,0.1,1.0,10,1.0,0.0,50000.0,0.0,-9212.11942511512,1198.4126984126983
2024,2024-07-09,cnn_visual,0.1,1.0,10,1.0,0.0,50000.0,0.0,-4026.0961561068425,1198.4126984126983
2024,2024-07-23,cnn_visual,0.1,1.0,10,1.0,0.0,50000.0,0.0,-4696.877998869697,1198.4126984126983
2024,2024-08-06,cnn_visual,0.1,1.0,10,1.0,0.0,50000.0,0.0,-15690.96802933708,1198.4126984126983
2024,2024-08-20,cnn_visual,0.1,1.0,10,1.0,0.0,50000.0,0.0,2913.8090824838705,1198.4126984126983
2024,2024-09-04,cnn_visual,0.1,1.0,10,1.0,0.0,50000.0,0.0,-6638.919985801713,1198.4126984126983
2024,2024-09-18,cnn_visual,0.1,1.0,10,1.0,0.0,50000.0,0.0,4809.124223470936,1198.4126984126983
2024,2024-10-02,cnn_visual,0.1,1.0,10,1.0,0.0,50000.0,0.0,15709.603569194103,1198.4126984126983
2024,2024-10-16,cnn_visual,0.1,1.0,10,1.0,0.0,50000.0,0.0,7536.765178985339,1198.4126984126983
2024,2024-10-30,cnn_visual,0.1,1.0,10,1.0,0.0,50000.0,0.0,17415.634322723396,1198.4126984126983
2024,2024-11-13,cnn_visual,0.1,1.0,10,1.0,0.0,50000.0,0.0,9439.967482381397,1198.4126984126983
2024,2024-11-27,cnn_visual,0.1,1.0,10,1.0,0.0,50000.0,0.0,2298.716860091206,1198.4126984126983
2024,2024-12-11,cnn_visual,0.1,1.0,10,1.0,0.0,50000.0,0.0,6843.269639465099,1198.4126984126983
2024,2024-12-27,cnn_visual,0.1,1.0,10,1.0,0.0,50000.0,0.0,26049.929173810466,1198.4126984126983
2024,2024-01-02,cnn_visual,0.1,1.0,50,0.25,0.0,145000.0,0.0,45613.03353748196,1825.3968253968253
2024,2024-01-16,cnn_visual,0.1,1.0,50,0.25,0.0,145000.0,0.0,40820.6756440102,1825.3968253968253
2024,2024-01-30,cnn_visual,0.1,1.0,50,0.25,0.0,145000.0,0.0,10114.395073918586,1825.3968253968253
2024,2024-02-13,cnn_visual,0.1,1.0,50,0.25,0.0,145000.0,0.0,-13884.699209429107,1825.3968253968253
2024,2024-02-27,cnn_visual,0.1,1.0,50,0.25,0.0,145000.0,0.0,-6740.319436512746,1825.3968253968253
2024,2024-03-12,cnn_visual,0.1,1.0,50,0.25,0.0,145000.0,0.0,25941.594990933536,1825.3968253968253
2024,2024-03-26,cnn_visual,0.1,1.0,50,0.25,0.0,145000.0,0.0,61220.4263340526,1825.3968253968253
2024,2024-04-11,cnn_visual,0.1,1.0,50,0.25,0.0,145000.0,0.0,-26981.47827916935,1825.3968253968253
2024,2024-04-25,cnn_visual,0.1,1.0,50,0.25,0.0,145000.0,0.0,-48443.886925831925,1825.3968253968253
2024,2024-05-13,cnn_visual,0.1,1.0,50,0.25,0.0,145000.0,0.0,-24408.528674934358,1825.3968253968253
2024,2024-05-28,cnn_visual,0.1,1.0,50,0.25,0.0,145000.0,0.0,2986.18251464129,1825.3968253968253
2024,2024-06-11,cnn_visual,0.1,1.0,50,0.25,0.0,145000.0,0.0,63938.112585476825,1825.3968253968253
2024,2024-06-25,cnn_visual,0.1,1.0,50,0.25,0.0,145000.0,0.0,-12063.17345114901,1825.3968253968253
2024,2024-07-09,cnn_visual,0.1,1.0,50,0.25,0.0,145000.0,0.0,-41144.50503677293,1825.3968253968253
2024,2024-07-23,cnn_visual,0.1,1.0,50,0.25,0.0,145000.0,0.0,-55609.28675799373,1825.3968253968253
2024,2024-08-06,cnn_visual,0.1,1.0,50,0.25,0.0,145000.0,0.0,6137.536277632286,1825.3968253968253
2024,2024-08-20,cnn_visual,0.1,1.0,50,0.25,0.0,145000.0,0.0,-36845.22706209434,1825.3968253968253
2024,2024-09-04,cnn_visual,0.1,1.0,50,0.25,0.0,145000.0,0.0,-8145.54915414248,1825.3968253968253
2024,2024-09-18,cnn_visual,0.1,1.0,50,0.25,0.0,145000.0,0.0,8231.024384501547,1825.3968253968253
2024,2024-10-02,cnn_visual,0.1,1.0,50,0.25,0.0,145000.0,0.0,3586.9746619005346,1825.3968253968253
2024,2024-10-16,cnn_visual,0.1,1.0,50,0.25,0.0,145000.0,0.0,3056.1134478243434,1825.3968253968253
2024,2024-10-30,cnn_visual,0.1,1.0,50,0.25,0.0,145000.0,0.0,13830.058581704448,1825.3968253968253
2024,2024-11-13,cnn_visual,0.1,1.0,50,0.25,0.0,145000.0,0.0,20248.36715298244,1825.3968253968253
2024,2024-11-27,cnn_visual,0.1,1.0,50,0.25,0.0,145000.0,0.0,7068.0308906688815,1825.3968253968253
2024,2024-12-11,cnn_visual,0.1,1.0,50,0.25,0.0,145000.0,0.0,692.4226375828961,1825.3968253968253
2024,2024-12-27,cnn_visual,0.1,1.0,50,0.25,0.0,145000.0,0.0,116737.2004222855,1825.3968253968253
2024,2024-01-02,cnn_visual,0.1,1.0,100,0.0,0.0,150000.0,0.0,58434.38715762887,595.2380952380952
2024,2024-01-16,cnn_visual,0.1,1.0,100,0.0,0.0,150000.0,0.0,53266.090491171744,595.2380952380952
2024,2024-01-30,cnn_visual,0.1,1.0,100,0.0,0.0,150000.0,0.0,11837.71335297728,595.2380952380952
2024,2024-02-13,cnn_visual,0.1,1.0,100,0.0,0.0,150000.0,0.0,-16599.524516322403,595.2380952380952
2024,2024-02-27,cnn_visual,0.1,1.0,100,0.0,0.0,150000.0,0.0,-7157.980534364764,595.2380952380952
2024,2024-03-12,cnn_visual,0.1,1.0,100,0.0,0.0,150000.0,0.0,32665.23830912623,595.2380952380952
2024,2024-03-26,cnn_visual,0.1,1.0,100,0.0,0.0,150000.0,0.0,77458.3497422705,595.2380952380952
2024,2024-04-11,cnn_visual,0.1,1.0,100,0.0,0.0,150000.0,0.0,-36244.78574446609,595.2380952380952
2024,2024-04-25,cnn_visual,0.1,1.0,100,0.0,0.0,150000.0,0.0,-62405.29441731884,595.2380952380952
2024,2024-05-13,cnn_visual,0.1,1.0,100,0.0,0.0,150000.0,0.0,-29938.704197896608,595.2380952380952
2024,2024-05-28,cnn_visual,0.1,1.0,100,0.0,0.0,150000.0,0.0,-671.3045765807274,595.2380952380952
2024,2024-06-11,cnn_visual,0.1,1.0,100,0.0,0.0,150000.0,0.0,84711.6621799871,595.2380952380952
2024,2024-06-25,cnn_visual,0.1,1.0,100,0.0,0.0,150000.0,0.0,-13013.524793160306,595.2380952380952
2024,2024-07-09,cnn_visual,0.1,1.0,100,0.0,0.0,150000.0,0.0,-53517.30799699496,595.2380952380952
2024,2024-07-23,cnn_visual,0.1,1.0,100,0.0,0.0,150000.0,0.0,-72580.08967770175,595.2380952380952
2024,2024-08-06,cnn_visual,0.1,1.0,100,0.0,0.0,150000.0,0.0,13413.704379955409,595.2380952380952
2024,2024-08-20,cnn_visual,0.1,1.0,100,0.0,0.0,150000.0,0.0,-50098.23911028708,595.2380952380952
2024,2024-09-04,cnn_visual,0.1,1.0,100,0.0,0.0,150000.0,0.0,-8647.758876922737,595.2380952380952
2024,2024-09-18,cnn_visual,0.1,1.0,100,0.0,0.0,150000.0,0.0,9371.657771511753,595.2380952380952
2024,2024-10-02,cnn_visual,0.1,1.0,100,0.0,0.0,150000.0,0.0,-453.9016405306554,595.2380952380952
2024,2024-10-16,cnn_visual,0.1,1.0,100,0.0,0.0,150000.0,0.0,1562.5628707706785,595.2380952380952
2024,2024-10-30,cnn_visual,0.1,1.0,100,0.0,0.0,150000.0,0.0,12634.866668031464,595.2380952380952
2024,2024-11-13,cnn_visual,0.1,1.0,100,0.0,0.0,150000.0,0.0,23851.167043182788,595.2380952380952
2024,2024-11-27,cnn_visual,0.1,1.0,100,0.0,0.0,150000.0,0.0,8657.802234194774,595.2380952380952
2024,2024-12-11,cnn_visual,0.1,1.0,100,0.0,0.0,150000.0,0.0,-1357.8596963778384,595.2380952380952
2024,2024-12-27,cnn_visual,0.1,1.0,100,0.0,0.0,150000.0,0.0,146966.29083844385,595.2380952380952
2024,2024-01-02,cnn_visual,0.1,2.0,10,1.0,0.0,55000.0,0.0,7148.972677041212,1218.2539682539682
2024,2024-01-16,cnn_visual,0.1,2.0,10,1.0,0.0,55000.0,0.0,3484.43110252554,1218.2539682539682
2024,2024-01-30,cnn_visual,0.1,2.0,10,1.0,0.0,55000.0,0.0,4944.440236742504,1218.2539682539682
2024,2024-02-13,cnn_visual,0.1,2.0,10,1.0,0.0,55000.0,0.0,-5740.223288749232,1218.2539682539682
2024,2024-02-27,cnn_visual,0.1,2.0,10,1.0,0.0,55000.0,0.0,-5487.336142956692,1218.2539682539682
2024,2024-03-12,cnn_visual,0.1,2.0,10,1.0,0.0,55000.0,0.0,5770.665036355447,1218.2539682539682
2024,2024-03-26,cnn_visual,0.1,2.0,10,1.0,0.0,55000.0,0.0,12506.656109398926,1218.2539682539682
2024,2024-04-11,cnn_visual,0.1,2.0,10,1.0,0.0,55000.0,0.0,808.4441167208814,1218.2539682539682
2024,2024-04-25,cnn_visual,0.1,2.0,10,1.0,0.0,55000.0,0.0,-6559.664451371176,1218.2539682539682
2024,2024-05-13,cnn_visual,0.1,2.0,10,1.0,0.0,55000.0,0.0,-7818.002106047588,1218.2539682539682
2024,2024-05-28,cnn_visual,0.1,2.0,10,1.0,0.0,55000.0,0.0,13958.64378830734,1218.2539682539682
2024,2024-06-11,cnn_visual,0.1,2.0,10,1.0,0.0,55000.0,0.0,1617.463801945995,1218.2539682539682
2024,2024-06-25,cnn_visual,0.1,2.0,10,1.0,0.0,55000.0,0.0,-9212.11942511512,1218.2539682539682
2024,2024-07-09,cnn_visual,0.1,2.0,10,1.0,0.0,55000.0,0.0,-4026.0961561068425,1218.2539682539682
2024,2024-07-23,cnn_visual,0.1,2.0,10,1.0,0.0,55000.0,0.0,-4696.877998869697,1218.2539682539682
2024,2024-08-06,cnn_visual,0.1,2.0,10,1.0,0.0,55000.0,0.0,-15690.96802933708,1218.2539682539682
2024,2024-08-20,cnn_visual,0.1,2.0,10,1.0,0.0,55000.0,0.0,2913.8090824838705,1218.2539682539682
2024,2024-09-04,cnn_visual,0.1,2.0,10,1.0,0.0,55000.0,0.0,-6638.919985801713,1218.2539682539682
2024,2024-09-18,cnn_visual,0.1,2.0,10,1.0,0.0,55000.0,0.0,4809.124223470936,1218.2539682539682
2024,2024-10-02,cnn_visual,0.1,2.0,10,1.0,0.0,55000.0,0.0,15709.603569194103,1218.2539682539682
2024,2024-10-16,cnn_visual,0.1,2.0,10,1.0,0.0,55000.0,0.0,7536.765178985339,1218.2539682539682
2024,2024-10-30,cnn_visual,0.1,2.0,10,1.0,0.0,55000.0,0.0,17415.634322723396,1218.2539682539682
2024,2024-11-13,cnn_visual,0.1,2.0,10,1.0,0.0,55000.0,0.0,9439.967482381397,1218.2539682539682
2024,2024-11-27,cnn_visual,0.1,2.0,10,1.0,0.0,55000.0,0.0,2298.716860091206,1218.2539682539682
2024,2024-12-11,cnn_visual,0.1,2.0,10,1.0,0.0,55000.0,0.0,6843.269639465099,1218.2539682539682
2024,2024-12-27,cnn_visual,0.1,2.0,10,1.0,0.0,55000.0,0.0,26049.929173810466,1218.2539682539682
2024,2024-01-02,cnn_visual,0.1,2.0,50,0.5,0.0,145000.0,0.0,32791.67991733504,3075.396825396825
2024,2024-01-16,cnn_visual,0.1,2.0,50,0.5,0.0,145000.0,0.0,28375.26079684864,3075.396825396825
2024,2024-01-30,cnn_visual,0.1,2.0,50,0.5,0.0,145000.0,0.0,8391.076794859891,3075.396825396825
2024,2024-02-13,cnn_visual,0.1,2.0,50,0.5,0.0,145000.0,0.0,-11169.873902535815,3075.396825396825
2024,2024-02-27,cnn_visual,0.1,2.0,50,0.5,0.0,145000.0,0.0,-6322.658338660728,3075.396825396825
2024,2024-03-12,cnn_visual,0.1,2.0,50,0.5,0.0,145000.0,0.0,19217.95167274084,3075.396825396825
2024,2024-03-26,cnn_visual,0.1,2.0,50,0.5,0.0,145000.0,0.0,44982.50292583471,3075.396825396825
2024,2024-04-11,cnn_visual,0.1,2.0,50,0.5,0.0,145000.0,0.0,-17718.170813872606,3075.396825396825
2024,2024-04-25,cnn_visual,0.1,2.0,50,0.5,0.0,145000.0,0.0,-34482.479434345005,3075.396825396825
2024,2024-05-13,cnn_visual,0.1,2.0,50,0.5,0.0,145000.0,0.0,-18878.3531519721,3075.396825396825
2024,2024-05-28,cnn_visual,0.1,2.0,50,0.5,0.0,145000.0,0.0,6643.669605863307,3075.396825396825
2024,2024-06-11,cnn_visual,0.1,2.0,50,0.5,0.0,145000.0,0.0,43164.56299096655,3075.396825396825
2024,2024-06-25,cnn_visual,0.1,2.0,50,0.5,0.0,145000.0,0.0,-11112.822109137716,3075.396825396825
2024,2024-07-09,cnn_visual,0.1,2.0,50,0.5,0.0,145000.0,0.0,-28771.7020765509,3075.396825396825
2024,2024-07-23,cnn_visual,0.1,2.0,50,0.5,0.0,145000.0,0.0,-38638.48383828572,3075.396825396825
2024,2024-08-06,cnn_visual,0.1,2.0,50,0.5,0.0,145000.0,0.0,-1138.631824690836,3075.396825396825
2024,2024-08-20,cnn_visual,0.1,2.0,50,0.5,0.0,145000.0,0.0,-23592.2150139016,3075.396825396825
2024,2024-09-04,cnn_visual,0.1,2.0,50,0.5,0.0,145000.0,0.0,-7643.339431362225,3075.396825396825
2024,2024-09-18,cnn_visual,0.1,2.0,50,0.5,0.0,145000.0,0.0,7090.390997491343,3075.396825396825
2024,2024-10-02,cnn_visual,0.1,2.0,50,0.5,0.0,145000.0,0.0,7627.850964331725,3075.396825396825
2024,2024-10-16,cnn_visual,0.1,2.0,50,0.5,0.0,145000.0,0.0,4549.664024878009,3075.396825396825
2024,2024-10-30,cnn_visual,0.1,2.0,50,0.5,0.0,145000.0,0.0,15025.25049537743,3075.396825396825
2024,2024-11-13,cnn_visual,0.1,2.0,50,0.5,0.0,145000.0,0.0,16645.56726278209,3075.396825396825
2024,2024-11-27,cnn_visual,0.1,2.0,50,0.5,0.0,145000.0,0.0,5478.2595471429895,3075.396825396825
2024,2024-12-11,cnn_visual,0.1,2.0,50,0.5,0.0,145000.0,0.0,2742.7049715436306,3075.396825396825
2024,2024-12-27,cnn_visual,0.1,2.0,50,0.5,0.0,145000.0,0.0,86508.11000612716,3075.396825396825
2024,2024-01-02,cnn_visual,0.1,2.0,100,0.25,0.0,145000.0,0.0,45613.03353748196,3075.396825396825
2024,2024-01-16,cnn_visual,0.1,2.0,100,0.25,0.0,145000.0,0.0,40820.6756440102,3075.396825396825
2024,2024-01-30,cnn_visual,0.1,2.0,100,0.25,0.0,145000.0,0.0,10114.395073918586,3075.396825396825
2024,2024-02-13,cnn_visual,0.1,2.0,100,0.25,0.0,145000.0,0.0,-13884.699209429107,3075.396825396825
2024,2024-02-27,cnn_visual,0.1,2.0,100,0.25,0.0,145000.0,0.0,-6740.319436512746,3075.396825396825
2024,2024-03-12,cnn_visual,0.1,2.0,100,0.25,0.0,145000.0,0.0,25941.594990933536,3075.396825396825
2024,2024-03-26,cnn_visual,0.1,2.0,100,0.25,0.0,145000.0,0.0,61220.4263340526,3075.396825396825
2024,2024-04-11,cnn_visual,0.1,2.0,100,0.25,0.0,145000.0,0.0,-26981.47827916935,3075.396825396825
2024,2024-04-25,cnn_visual,0.1,2.0,100,0.25,0.0,145000.0,0.0,-48443.886925831925,3075.396825396825
2024,2024-05-13,cnn_visual,0.1,2.0,100,0.25,0.0,145000.0,0.0,-24408.528674934358,3075.396825396825
2024,2024-05-28,cnn_visual,0.1,2.0,100,0.25,0.0,145000.0,0.0,2986.18251464129,3075.396825396825
2024,2024-06-11,cnn_visual,0.1,2.0,100,0.25,0.0,145000.0,0.0,63938.112585476825,3075.396825396825
2024,2024-06-25,cnn_visual,0.1,2.0,100,0.25,0.0,145000.0,0.0,-12063.17345114901,3075.396825396825
2024,2024-07-09,cnn_visual,0.1,2.0,100,0.25,0.0,145000.0,0.0,-41144.50503677293,3075.396825396825
2024,2024-07-23,cnn_visual,0.1,2.0,100,0.25,0.0,145000.0,0.0,-55609.28675799373,3075.396825396825
2024,2024-08-06,cnn_visual,0.1,2.0,100,0.25,0.0,145000.0,0.0,6137.536277632286,3075.396825396825
2024,2024-08-20,cnn_visual,0.1,2.0,100,0.25,0.0,145000.0,0.0,-36845.22706209434,3075.396825396825
2024,2024-09-04,cnn_visual,0.1,2.0,100,0.25,0.0,145000.0,0.0,-8145.54915414248,3075.396825396825
2024,2024-09-18,cnn_visual,0.1,2.0,100,0.25,0.0,145000.0,0.0,8231.024384501547,3075.396825396825
2024,2024-10-02,cnn_visual,0.1,2.0,100,0.25,0.0,145000.0,0.0,3586.9746619005346,3075.396825396825
2024,2024-10-16,cnn_visual,0.1,2.0,100,0.25,0.0,145000.0,0.0,3056.1134478243434,3075.396825396825
2024,2024-10-30,cnn_visual,0.1,2.0,100,0.25,0.0,145000.0,0.0,13830.058581704448,3075.396825396825
2024,2024-11-13,cnn_visual,0.1,2.0,100,0.25,0.0,145000.0,0.0,20248.36715298244,3075.396825396825
2024,2024-11-27,cnn_visual,0.1,2.0,100,0.25,0.0,145000.0,0.0,7068.0308906688815,3075.396825396825
2024,2024-12-11,cnn_visual,0.1,2.0,100,0.25,0.0,145000.0,0.0,692.4226375828961,3075.396825396825
2024,2024-12-27,cnn_visual,0.1,2.0,100,0.25,0.0,145000.0,0.0,116737.2004222855,3075.396825396825
2024,2024-01-02,historical,0.01,0.25,10,0.75,0.0,145000.0,0.0,19970.326297188123,807.5396825396825
2024,2024-01-16,historical,0.01,0.25,10,0.75,0.0,145000.0,0.0,15929.845949687093,807.5396825396825
2024,2024-01-30,historical,0.01,0.25,10,0.75,0.0,145000.0,0.0,6667.758515801198,807.5396825396825
2024,2024-02-13,historical,0.01,0.25,10,0.75,0.0,145000.0,0.0,-8455.048595642525,807.5396825396825
2024,2024-02-27,historical,0.01,0.25,10,0.75,0.0,145000.0,0.0,-5904.997240808711,807.5396825396825
2024,2024-03-12,historical,0.01,0.25,10,0.75,0.0,145000.0,0.0,12494.308354548144,807.5396825396825
2024,2024-03-26,historical,0.01,0.25,10,0.75,0.0,145000.0,0.0,28744.579517616818,807.5396825396825
2024,2024-04-11,historical,0.01,0.25,10,0.75,0.0,145000.0,0.0,-8454.863348575862,807.5396825396825
2024,2024-04-25,historical,0.01,0.25,10,0.75,0.0,145000.0,0.0,-20521.07194285809,807.5396825396825
2024,2024-05-13,historical,0.01,0.25,10,0.75,0.0,145000.0,0.0,-13348.177629009844,807.5396825396825
2024,2024-05-28,historical,0.01,0.25,10,0.75,0.0,145000.0,0.0,10301.156697085324,807.5396825396825
2024,2024-06-11,historical,0.01,0.25,10,0.75,0.0,145000.0,0.0,22391.01339645627,807.5396825396825
2024,2024-06-25,historical,0.01,0.25,10,0.75,0.0,145000.0,0.0,-10162.47076712642,807.5396825396825
2024,2024-07-09,historical,0.01,0.25,10,0.75,0.0,145000.0,0.0,-16398.89911632887,807.5396825396825
2024,2024-07-23,historical,0.01,0.25,10,0.75,0.0,145000.0,0.0,-21667.68091857771,807.5396825396825
2024,2024-08-06,historical,0.01,0.25,10,0.75,0.0,145000.0,0.0,-8414.799927013957,807.5396825396825
2024,2024-08-20,historical,0.01,0.25,10,0.75,0.0,145000.0,0.0,-10339.202965708866,807.5396825396825
2024,2024-09-04,historical,0.01,0.25,10,0.75,0.0,145000.0,0.0,-7141.129708581969,807.5396825396825
2024,2024-09-18,historical,0.01,0.25,10,0.75,0.0,145000.0,0.0,5949.75761048114,807.5396825396825
2024,2024-10-02,historical,0.01,0.25,10,0.75,0.0,145000.0,0.0,11668.727266762917,807.5396825396825
2024,2024-10-16,historical,0.01,0.25,10,0.75,0.0,145000.0,0.0,6043.214601931673,807.5396825396825
2024,2024-10-30,historical,0.01,0.25,10,0.75,0.0,145000.0,0.0,16220.442409050413,807.5396825396825
2024,2024-11-13,historical,0.01,0.25,10,0.75,0.0,145000.0,0.0,13042.767372581744,807.5396825396825
2024,2024-11-27,historical,0.01,0.25,10,0.75,0.0,145000.0,0.0,3888.488203617098,807.5396825396825
2024,2024-12-11,historical,0.01,0.25,10,0.75,0.0,145000.0,0.0,4792.987305504365,807.5396825396825
2024,2024-12-27,historical,0.01,0.25,10,0.75,0.0,145000.0,0.0,56279.01958996881,807.5396825396825
2024,2024-01-02,historical,0.01,0.25,50,0.0,0.0,150000.0,0.0,58434.38715762887,59.523809523809526
2024,2024-01-16,historical,0.01,0.25,50,0.0,0.0,150000.0,0.0,53266.090491171744,59.523809523809526
2024,2024-01-30,historical,0.01,0.25,50,0.0,0.0,150000.0,0.0,11837.71335297728,59.523809523809526
2024,2024-02-13,historical,0.01,0.25,50,0.0,0.0,150000.0,0.0,-16599.524516322403,59.523809523809526
2024,2024-02-27,historical,0.01,0.25,50,0.0,0.0,150000.0,0.0,-7157.980534364764,59.523809523809526
2024,2024-03-12,historical,0.01,0.25,50,0.0,0.0,150000.0,0.0,32665.23830912623,59.523809523809526
2024,2024-03-26,historical,0.01,0.25,50,0.0,0.0,150000.0,0.0,77458.3497422705,59.523809523809526
2024,2024-04-11,historical,0.01,0.25,50,0.0,0.0,150000.0,0.0,-36244.78574446609,59.523809523809526
2024,2024-04-25,historical,0.01,0.25,50,0.0,0.0,150000.0,0.0,-62405.29441731884,59.523809523809526
2024,2024-05-13,historical,0.01,0.25,50,0.0,0.0,150000.0,0.0,-29938.704197896608,59.523809523809526
2024,2024-05-28,historical,0.01,0.25,50,0.0,0.0,150000.0,0.0,-671.3045765807274,59.523809523809526
2024,2024-06-11,historical,0.01,0.25,50,0.0,0.0,150000.0,0.0,84711.6621799871,59.523809523809526
2024,2024-06-25,historical,0.01,0.25,50,0.0,0.0,150000.0,0.0,-13013.524793160306,59.523809523809526
2024,2024-07-09,historical,0.01,0.25,50,0.0,0.0,150000.0,0.0,-53517.30799699496,59.523809523809526
2024,2024-07-23,historical,0.01,0.25,50,0.0,0.0,150000.0,0.0,-72580.08967770175,59.523809523809526
2024,2024-08-06,historical,0.01,0.25,50,0.0,0.0,150000.0,0.0,13413.704379955409,59.523809523809526
2024,2024-08-20,historical,0.01,0.25,50,0.0,0.0,150000.0,0.0,-50098.23911028708,59.523809523809526
2024,2024-09-04,historical,0.01,0.25,50,0.0,0.0,150000.0,0.0,-8647.758876922737,59.523809523809526
2024,2024-09-18,historical,0.01,0.25,50,0.0,0.0,150000.0,0.0,9371.657771511753,59.523809523809526
2024,2024-10-02,historical,0.01,0.25,50,0.0,0.0,150000.0,0.0,-453.9016405306554,59.523809523809526
2024,2024-10-16,historical,0.01,0.25,50,0.0,0.0,150000.0,0.0,1562.5628707706785,59.523809523809526
2024,2024-10-30,historical,0.01,0.25,50,0.0,0.0,150000.0,0.0,12634.866668031464,59.523809523809526
2024,2024-11-13,historical,0.01,0.25,50,0.0,0.0,150000.0,0.0,23851.167043182788,59.523809523809526
2024,2024-11-27,historical,0.01,0.25,50,0.0,0.0,150000.0,0.0,8657.802234194774,59.523809523809526
2024,2024-12-11,historical,0.01,0.25,50,0.0,0.0,150000.0,0.0,-1357.8596963778384,59.523809523809526
2024,2024-12-27,historical,0.01,0.25,50,0.0,0.0,150000.0,0.0,146966.29083844385,59.523809523809526
2024,2024-01-02,historical,0.01,0.25,100,0.0,0.0,150000.0,0.0,58434.38715762887,59.523809523809526
2024,2024-01-16,historical,0.01,0.25,100,0.0,0.0,150000.0,0.0,53266.090491171744,59.523809523809526
2024,2024-01-30,historical,0.01,0.25,100,0.0,0.0,150000.0,0.0,11837.71335297728,59.523809523809526
2024,2024-02-13,historical,0.01,0.25,100,0.0,0.0,150000.0,0.0,-16599.524516322403,59.523809523809526
2024,2024-02-27,historical,0.01,0.25,100,0.0,0.0,150000.0,0.0,-7157.980534364764,59.523809523809526
2024,2024-03-12,historical,0.01,0.25,100,0.0,0.0,150000.0,0.0,32665.23830912623,59.523809523809526
2024,2024-03-26,historical,0.01,0.25,100,0.0,0.0,150000.0,0.0,77458.3497422705,59.523809523809526
2024,2024-04-11,historical,0.01,0.25,100,0.0,0.0,150000.0,0.0,-36244.78574446609,59.523809523809526
2024,2024-04-25,historical,0.01,0.25,100,0.0,0.0,150000.0,0.0,-62405.29441731884,59.523809523809526
2024,2024-05-13,historical,0.01,0.25,100,0.0,0.0,150000.0,0.0,-29938.704197896608,59.523809523809526
2024,2024-05-28,historical,0.01,0.25,100,0.0,0.0,150000.0,0.0,-671.3045765807274,59.523809523809526
2024,2024-06-11,historical,0.01,0.25,100,0.0,0.0,150000.0,0.0,84711.6621799871,59.523809523809526
2024,2024-06-25,historical,0.01,0.25,100,0.0,0.0,150000.0,0.0,-13013.524793160306,59.523809523809526
2024,2024-07-09,historical,0.01,0.25,100,0.0,0.0,150000.0,0.0,-53517.30799699496,59.523809523809526
2024,2024-07-23,historical,0.01,0.25,100,0.0,0.0,150000.0,0.0,-72580.08967770175,59.523809523809526
2024,2024-08-06,historical,0.01,0.25,100,0.0,0.0,150000.0,0.0,13413.704379955409,59.523809523809526
2024,2024-08-20,historical,0.01,0.25,100,0.0,0.0,150000.0,0.0,-50098.23911028708,59.523809523809526
2024,2024-09-04,historical,0.01,0.25,100,0.0,0.0,150000.0,0.0,-8647.758876922737,59.523809523809526
2024,2024-09-18,historical,0.01,0.25,100,0.0,0.0,150000.0,0.0,9371.657771511753,59.523809523809526
2024,2024-10-02,historical,0.01,0.25,100,0.0,0.0,150000.0,0.0,-453.9016405306554,59.523809523809526
2024,2024-10-16,historical,0.01,0.25,100,0.0,0.0,150000.0,0.0,1562.5628707706785,59.523809523809526
2024,2024-10-30,historical,0.01,0.25,100,0.0,0.0,150000.0,0.0,12634.866668031464,59.523809523809526
2024,2024-11-13,historical,0.01,0.25,100,0.0,0.0,150000.0,0.0,23851.167043182788,59.523809523809526
2024,2024-11-27,historical,0.01,0.25,100,0.0,0.0,150000.0,0.0,8657.802234194774,59.523809523809526
2024,2024-12-11,historical,0.01,0.25,100,0.0,0.0,150000.0,0.0,-1357.8596963778384,59.523809523809526
2024,2024-12-27,historical,0.01,0.25,100,0.0,0.0,150000.0,0.0,146966.29083844385,59.523809523809526
2024,2024-01-02,historical,0.01,1.0,10,1.0,0.0,65000.0,0.0,7148.972677041212,1025.7936507936508
2024,2024-01-16,historical,0.01,1.0,10,1.0,0.0,65000.0,0.0,3484.43110252554,1025.7936507936508
2024,2024-01-30,historical,0.01,1.0,10,1.0,0.0,65000.0,0.0,4944.440236742504,1025.7936507936508
2024,2024-02-13,historical,0.01,1.0,10,1.0,0.0,65000.0,0.0,-5740.223288749232,1025.7936507936508
2024,2024-02-27,historical,0.01,1.0,10,1.0,0.0,65000.0,0.0,-5487.336142956692,1025.7936507936508
2024,2024-03-12,historical,0.01,1.0,10,1.0,0.0,65000.0,0.0,5770.665036355447,1025.7936507936508
2024,2024-03-26,historical,0.01,1.0,10,1.0,0.0,65000.0,0.0,12506.656109398926,1025.7936507936508
2024,2024-04-11,historical,0.01,1.0,10,1.0,0.0,65000.0,0.0,808.4441167208814,1025.7936507936508
2024,2024-04-25,historical,0.01,1.0,10,1.0,0.0,65000.0,0.0,-6559.664451371176,1025.7936507936508
2024,2024-05-13,historical,0.01,1.0,10,1.0,0.0,65000.0,0.0,-7818.002106047588,1025.7936507936508
2024,2024-05-28,historical,0.01,1.0,10,1.0,0.0,65000.0,0.0,13958.64378830734,1025.7936507936508
2024,2024-06-11,historical,0.01,1.0,10,1.0,0.0,65000.0,0.0,1617.463801945995,1025.7936507936508
2024,2024-06-25,historical,0.01,1.0,10,1.0,0.0,65000.0,0.0,-9212.11942511512,1025.7936507936508
2024,2024-07-09,historical,0.01,1.0,10,1.0,0.0,65000.0,0.0,-4026.0961561068425,1025.7936507936508
2024,2024-07-23,historical,0.01,1.0,10,1.0,0.0,65000.0,0.0,-4696.877998869697,1025.7936507936508
2024,2024-08-06,historical,0.01,1.0,10,1.0,0.0,65000.0,0.0,-15690.96802933708,1025.7936507936508
2024,2024-08-20,historical,0.01,1.0,10,1.0,0.0,65000.0,0.0,2913.8090824838705,1025.7936507936508
2024,2024-09-04,historical,0.01,1.0,10,1.0,0.0,65000.0,0.0,-6638.919985801713,1025.7936507936508
2024,2024-09-18,historical,0.01,1.0,10,1.0,0.0,65000.0,0.0,4809.124223470936,1025.7936507936508
2024,2024-10-02,historical,0.01,1.0,10,1.0,0.0,65000.0,0.0,15709.603569194103,1025.7936507936508
2024,2024-10-16,historical,0.01,1.0,10,1.0,0.0,65000.0,0.0,7536.765178985339,1025.7936507936508
2024,2024-10-30,historical,0.01,1.0,10,1.0,0.0,65000.0,0.0,17415.634322723396,1025.7936507936508
2024,2024-11-13,historical,0.01,1.0,10,1.0,0.0,65000.0,0.0,9439.967482381397,1025.7936507936508
2024,2024-11-27,historical,0.01,1.0,10,1.0,0.0,65000.0,0.0,2298.716860091206,1025.7936507936508
2024,2024-12-11,historical,0.01,1.0,10,1.0,0.0,65000.0,0.0,6843.269639465099,1025.7936507936508
2024,2024-12-27,historical,0.01,1.0,10,1.0,0.0,65000.0,0.0,26049.929173810466,1025.7936507936508
2024,2024-01-02,historical,0.01,1.0,50,0.5,0.0,145000.0,0.0,32791.67991733504,2557.5396825396824
2024,2024-01-16,historical,0.01,1.0,50,0.5,0.0,145000.0,0.0,28375.26079684864,2557.5396825396824
2024,2024-01-30,historical,0.01,1.0,50,0.5,0.0,145000.0,0.0,8391.076794859891,2557.5396825396824
2024,2024-02-13,historical,0.01,1.0,50,0.5,0.0,145000.0,0.0,-11169.873902535815,2557.5396825396824
2024,2024-02-27,historical,0.01,1.0,50,0.5,0.0,145000.0,0.0,-6322.658338660728,2557.5396825396824
2024,2024-03-12,historical,0.01,1.0,50,0.5,0.0,145000.0,0.0,19217.95167274084,2557.5396825396824
2024,2024-03-26,historical,0.01,1.0,50,0.5,0.0,145000.0,0.0,44982.50292583471,2557.5396825396824
2024,2024-04-11,historical,0.01,1.0,50,0.5,0.0,145000.0,0.0,-17718.170813872606,2557.5396825396824
2024,2024-04-25,historical,0.01,1.0,50,0.5,0.0,145000.0,0.0,-34482.479434345005,2557.5396825396824
2024,2024-05-13,historical,0.01,1.0,50,0.5,0.0,145000.0,0.0,-18878.3531519721,2557.5396825396824
2024,2024-05-28,historical,0.01,1.0,50,0.5,0.0,145000.0,0.0,6643.669605863307,2557.5396825396824
2024,2024-06-11,historical,0.01,1.0,50,0.5,0.0,145000.0,0.0,43164.56299096655,2557.5396825396824
2024,2024-06-25,historical,0.01,1.0,50,0.5,0.0,145000.0,0.0,-11112.822109137716,2557.5396825396824
2024,2024-07-09,historical,0.01,1.0,50,0.5,0.0,145000.0,0.0,-28771.7020765509,2557.5396825396824
2024,2024-07-23,historical,0.01,1.0,50,0.5,0.0,145000.0,0.0,-38638.48383828572,2557.5396825396824
2024,2024-08-06,historical,0.01,1.0,50,0.5,0.0,145000.0,0.0,-1138.631824690836,2557.5396825396824
2024,2024-08-20,historical,0.01,1.0,50,0.5,0.0,145000.0,0.0,-23592.2150139016,2557.5396825396824
2024,2024-09-04,historical,0.01,1.0,50,0.5,0.0,145000.0,0.0,-7643.339431362225,2557.5396825396824
2024,2024-09-18,historical,0.01,1.0,50,0.5,0.0,145000.0,0.0,7090.390997491343,2557.5396825396824
2024,2024-10-02,historical,0.01,1.0,50,0.5,0.0,145000.0,0.0,7627.850964331725,2557.5396825396824
2024,2024-10-16,historical,0.01,1.0,50,0.5,0.0,145000.0,0.0,4549.664024878009,2557.5396825396824
2024,2024-10-30,historical,0.01,1.0,50,0.5,0.0,145000.0,0.0,15025.25049537743,2557.5396825396824
2024,2024-11-13,historical,0.01,1.0,50,0.5,0.0,145000.0,0.0,16645.56726278209,2557.5396825396824
2024,2024-11-27,historical,0.01,1.0,50,0.5,0.0,145000.0,0.0,5478.2595471429895,2557.5396825396824
2024,2024-12-11,historical,0.01,1.0,50,0.5,0.0,145000.0,0.0,2742.7049715436306,2557.5396825396824
2024,2024-12-27,historical,0.01,1.0,50,0.5,0.0,145000.0,0.0,86508.11000612716,2557.5396825396824
2024,2024-01-02,historical,0.01,1.0,100,0.0,0.0,150000.0,0.0,58434.38715762887,59.523809523809526
2024,2024-01-16,historical,0.01,1.0,100,0.0,0.0,150000.0,0.0,53266.090491171744,59.523809523809526
2024,2024-01-30,historical,0.01,1.0,100,0.0,0.0,150000.0,0.0,11837.71335297728,59.523809523809526
2024,2024-02-13,historical,0.01,1.0,100,0.0,0.0,150000.0,0.0,-16599.524516322403,59.523809523809526
2024,2024-02-27,historical,0.01,1.0,100,0.0,0.0,150000.0,0.0,-7157.980534364764,59.523809523809526
2024,2024-03-12,historical,0.01,1.0,100,0.0,0.0,150000.0,0.0,32665.23830912623,59.523809523809526
2024,2024-03-26,historical,0.01,1.0,100,0.0,0.0,150000.0,0.0,77458.3497422705,59.523809523809526
2024,2024-04-11,historical,0.01,1.0,100,0.0,0.0,150000.0,0.0,-36244.78574446609,59.523809523809526
2024,2024-04-25,historical,0.01,1.0,100,0.0,0.0,150000.0,0.0,-62405.29441731884,59.523809523809526
2024,2024-05-13,historical,0.01,1.0,100,0.0,0.0,150000.0,0.0,-29938.704197896608,59.523809523809526
2024,2024-05-28,historical,0.01,1.0,100,0.0,0.0,150000.0,0.0,-671.3045765807274,59.523809523809526
2024,2024-06-11,historical,0.01,1.0,100,0.0,0.0,150000.0,0.0,84711.6621799871,59.523809523809526
2024,2024-06-25,historical,0.01,1.0,100,0.0,0.0,150000.0,0.0,-13013.524793160306,59.523809523809526
2024,2024-07-09,historical,0.01,1.0,100,0.0,0.0,150000.0,0.0,-53517.30799699496,59.523809523809526
2024,2024-07-23,historical,0.01,1.0,100,0.0,0.0,150000.0,0.0,-72580.08967770175,59.523809523809526
2024,2024-08-06,historical,0.01,1.0,100,0.0,0.0,150000.0,0.0,13413.704379955409,59.523809523809526
2024,2024-08-20,historical,0.01,1.0,100,0.0,0.0,150000.0,0.0,-50098.23911028708,59.523809523809526
2024,2024-09-04,historical,0.01,1.0,100,0.0,0.0,150000.0,0.0,-8647.758876922737,59.523809523809526
2024,2024-09-18,historical,0.01,1.0,100,0.0,0.0,150000.0,0.0,9371.657771511753,59.523809523809526
2024,2024-10-02,historical,0.01,1.0,100,0.0,0.0,150000.0,0.0,-453.9016405306554,59.523809523809526
2024,2024-10-16,historical,0.01,1.0,100,0.0,0.0,150000.0,0.0,1562.5628707706785,59.523809523809526
2024,2024-10-30,historical,0.01,1.0,100,0.0,0.0,150000.0,0.0,12634.866668031464,59.523809523809526
2024,2024-11-13,historical,0.01,1.0,100,0.0,0.0,150000.0,0.0,23851.167043182788,59.523809523809526
2024,2024-11-27,historical,0.01,1.0,100,0.0,0.0,150000.0,0.0,8657.802234194774,59.523809523809526
2024,2024-12-11,historical,0.01,1.0,100,0.0,0.0,150000.0,0.0,-1357.8596963778384,59.523809523809526
2024,2024-12-27,historical,0.01,1.0,100,0.0,0.0,150000.0,0.0,146966.29083844385,59.523809523809526
2024,2024-01-02,historical,0.01,2.0,10,1.0,0.0,70000.0,0.0,7148.972677041212,1027.7777777777778
2024,2024-01-16,historical,0.01,2.0,10,1.0,0.0,70000.0,0.0,3484.43110252554,1027.7777777777778
2024,2024-01-30,historical,0.01,2.0,10,1.0,0.0,70000.0,0.0,4944.440236742504,1027.7777777777778
2024,2024-02-13,historical,0.01,2.0,10,1.0,0.0,70000.0,0.0,-5740.223288749232,1027.7777777777778
2024,2024-02-27,historical,0.01,2.0,10,1.0,0.0,70000.0,0.0,-5487.336142956692,1027.7777777777778
2024,2024-03-12,historical,0.01,2.0,10,1.0,0.0,70000.0,0.0,5770.665036355447,1027.7777777777778
2024,2024-03-26,historical,0.01,2.0,10,1.0,0.0,70000.0,0.0,12506.656109398926,1027.7777777777778
2024,2024-04-11,historical,0.01,2.0,10,1.0,0.0,70000.0,0.0,808.4441167208814,1027.7777777777778
2024,2024-04-25,historical,0.01,2.0,10,1.0,0.0,70000.0,0.0,-6559.664451371176,1027.7777777777778
2024,2024-05-13,historical,0.01,2.0,10,1.0,0.0,70000.0,0.0,-7818.002106047588,1027.7777777777778
2024,2024-05-28,historical,0.01,2.0,10,1.0,0.0,70000.0,0.0,13958.64378830734,1027.7777777777778
2024,2024-06-11,historical,0.01,2.0,10,1.0,0.0,70000.0,0.0,1617.463801945995,1027.7777777777778
2024,2024-06-25,historical,0.01,2.0,10,1.0,0.0,70000.0,0.0,-9212.11942511512,1027.7777777777778
2024,2024-07-09,historical,0.01,2.0,10,1.0,0.0,70000.0,0.0,-4026.0961561068425,1027.7777777777778
2024,2024-07-23,historical,0.01,2.0,10,1.0,0.0,70000.0,0.0,-4696.877998869697,1027.7777777777778
2024,2024-08-06,historical,0.01,2.0,10,1.0,0.0,70000.0,0.0,-15690.96802933708,1027.7777777777778
2024,2024-08-20,historical,0.01,2.0,10,1.0,0.0,70000.0,0.0,2913.8090824838705,1027.7777777777778
2024,2024-09-04,historical,0.01,2.0,10,1.0,0.0,70000.0,0.0,-6638.919985801713,1027.7777777777778
2024,2024-09-18,historical,0.01,2.0,10,1.0,0.0,70000.0,0.0,4809.124223470936,1027.7777777777778
2024,2024-10-02,historical,0.01,2.0,10,1.0,0.0,70000.0,0.0,15709.603569194103,1027.7777777777778
2024,2024-10-16,historical,0.01,2.0,10,1.0,0.0,70000.0,0.0,7536.765178985339,1027.7777777777778
2024,2024-10-30,historical,0.01,2.0,10,1.0,0.0,70000.0,0.0,17415.634322723396,1027.7777777777778
2024,2024-11-13,historical,0.01,2.0,10,1.0,0.0,70000.0,0.0,9439.967482381397,1027.7777777777778
2024,2024-11-27,historical,0.01,2.0,10,1.0,0.0,70000.0,0.0,2298.716860091206,1027.7777777777778
2024,2024-12-11,historical,0.01,2.0,10,1.0,0.0,70000.0,0.0,6843.269639465099,1027.7777777777778
2024,2024-12-27,historical,0.01,2.0,10,1.0,0.0,70000.0,0.0,26049.929173810466,1027.7777777777778
2024,2024-01-02,historical,0.01,2.0,50,0.75,0.0,145000.0,0.0,19970.326297188123,3807.5396825396815
2024,2024-01-16,historical,0.01,2.0,50,0.75,0.0,145000.0,0.0,15929.845949687093,3807.5396825396815
2024,2024-01-30,historical,0.01,2.0,50,0.75,0.0,145000.0,0.0,6667.758515801198,3807.5396825396815
2024,2024-02-13,historical,0.01,2.0,50,0.75,0.0,145000.0,0.0,-8455.048595642525,3807.5396825396815
2024,2024-02-27,historical,0.01,2.0,50,0.75,0.0,145000.0,0.0,-5904.997240808711,3807.5396825396815
2024,2024-03-12,historical,0.01,2.0,50,0.75,0.0,145000.0,0.0,12494.308354548144,3807.5396825396815
2024,2024-03-26,historical,0.01,2.0,50,0.75,0.0,145000.0,0.0,28744.579517616818,3807.5396825396815
2024,2024-04-11,historical,0.01,2.0,50,0.75,0.0,145000.0,0.0,-8454.863348575862,3807.5396825396815
2024,2024-04-25,historical,0.01,2.0,50,0.75,0.0,145000.0,0.0,-20521.07194285809,3807.5396825396815
2024,2024-05-13,historical,0.01,2.0,50,0.75,0.0,145000.0,0.0,-13348.177629009844,3807.5396825396815
2024,2024-05-28,historical,0.01,2.0,50,0.75,0.0,145000.0,0.0,10301.156697085324,3807.5396825396815
2024,2024-06-11,historical,0.01,2.0,50,0.75,0.0,145000.0,0.0,22391.01339645627,3807.5396825396815
2024,2024-06-25,historical,0.01,2.0,50,0.75,0.0,145000.0,0.0,-10162.47076712642,3807.5396825396815
2024,2024-07-09,historical,0.01,2.0,50,0.75,0.0,145000.0,0.0,-16398.89911632887,3807.5396825396815
2024,2024-07-23,historical,0.01,2.0,50,0.75,0.0,145000.0,0.0,-21667.68091857771,3807.5396825396815
2024,2024-08-06,historical,0.01,2.0,50,0.75,0.0,145000.0,0.0,-8414.799927013957,3807.5396825396815
2024,2024-08-20,historical,0.01,2.0,50,0.75,0.0,145000.0,0.0,-10339.202965708866,3807.5396825396815
2024,2024-09-04,historical,0.01,2.0,50,0.75,0.0,145000.0,0.0,-7141.129708581969,3807.5396825396815
2024,2024-09-18,historical,0.01,2.0,50,0.75,0.0,145000.0,0.0,5949.75761048114,3807.5396825396815
2024,2024-10-02,historical,0.01,2.0,50,0.75,0.0,145000.0,0.0,11668.727266762917,3807.5396825396815
2024,2024-10-16,historical,0.01,2.0,50,0.75,0.0,145000.0,0.0,6043.214601931673,3807.5396825396815
2024,2024-10-30,historical,0.01,2.0,50,0.75,0.0,145000.0,0.0,16220.442409050413,3807.5396825396815
2024,2024-11-13,historical,0.01,2.0,50,0.75,0.0,145000.0,0.0,13042.767372581744,3807.5396825396815
2024,2024-11-27,historical,0.01,2.0,50,0.75,0.0,145000.0,0.0,3888.488203617098,3807.5396825396815
2024,2024-12-11,historical,0.01,2.0,50,0.75,0.0,145000.0,0.0,4792.987305504365,3807.5396825396815
2024,2024-12-27,historical,0.01,2.0,50,0.75,0.0,145000.0,0.0,56279.01958996881,3807.5396825396815
2024,2024-01-02,historical,0.01,2.0,100,0.5,0.0,145000.0,0.0,32791.67991733504,5057.539682539683
2024,2024-01-16,historical,0.01,2.0,100,0.5,0.0,145000.0,0.0,28375.26079684864,5057.539682539683
2024,2024-01-30,historical,0.01,2.0,100,0.5,0.0,145000.0,0.0,8391.076794859891,5057.539682539683
2024,2024-02-13,historical,0.01,2.0,100,0.5,0.0,145000.0,0.0,-11169.873902535815,5057.539682539683
2024,2024-02-27,historical,0.01,2.0,100,0.5,0.0,145000.0,0.0,-6322.658338660728,5057.539682539683
2024,2024-03-12,historical,0.01,2.0,100,0.5,0.0,145000.0,0.0,19217.95167274084,5057.539682539683
2024,2024-03-26,historical,0.01,2.0,100,0.5,0.0,145000.0,0.0,44982.50292583471,5057.539682539683
2024,2024-04-11,historical,0.01,2.0,100,0.5,0.0,145000.0,0.0,-17718.170813872606,5057.539682539683
2024,2024-04-25,historical,0.01,2.0,100,0.5,0.0,145000.0,0.0,-34482.479434345005,5057.539682539683
2024,2024-05-13,historical,0.01,2.0,100,0.5,0.0,145000.0,0.0,-18878.3531519721,5057.539682539683
2024,2024-05-28,historical,0.01,2.0,100,0.5,0.0,145000.0,0.0,6643.669605863307,5057.539682539683
2024,2024-06-11,historical,0.01,2.0,100,0.5,0.0,145000.0,0.0,43164.56299096655,5057.539682539683
2024,2024-06-25,historical,0.01,2.0,100,0.5,0.0,145000.0,0.0,-11112.822109137716,5057.539682539683
2024,2024-07-09,historical,0.01,2.0,100,0.5,0.0,145000.0,0.0,-28771.7020765509,5057.539682539683
2024,2024-07-23,historical,0.01,2.0,100,0.5,0.0,145000.0,0.0,-38638.48383828572,5057.539682539683
2024,2024-08-06,historical,0.01,2.0,100,0.5,0.0,145000.0,0.0,-1138.631824690836,5057.539682539683
2024,2024-08-20,historical,0.01,2.0,100,0.5,0.0,145000.0,0.0,-23592.2150139016,5057.539682539683
2024,2024-09-04,historical,0.01,2.0,100,0.5,0.0,145000.0,0.0,-7643.339431362225,5057.539682539683
2024,2024-09-18,historical,0.01,2.0,100,0.5,0.0,145000.0,0.0,7090.390997491343,5057.539682539683
2024,2024-10-02,historical,0.01,2.0,100,0.5,0.0,145000.0,0.0,7627.850964331725,5057.539682539683
2024,2024-10-16,historical,0.01,2.0,100,0.5,0.0,145000.0,0.0,4549.664024878009,5057.539682539683
2024,2024-10-30,historical,0.01,2.0,100,0.5,0.0,145000.0,0.0,15025.25049537743,5057.539682539683
2024,2024-11-13,historical,0.01,2.0,100,0.5,0.0,145000.0,0.0,16645.56726278209,5057.539682539683
2024,2024-11-27,historical,0.01,2.0,100,0.5,0.0,145000.0,0.0,5478.2595471429895,5057.539682539683
2024,2024-12-11,historical,0.01,2.0,100,0.5,0.0,145000.0,0.0,2742.7049715436306,5057.539682539683
2024,2024-12-27,historical,0.01,2.0,100,0.5,0.0,145000.0,0.0,86508.11000612716,5057.539682539683
2024,2024-01-02,historical,0.05,0.25,10,0.75,0.0,85000.0,0.0,19970.326297188123,918.6507936507936
2024,2024-01-16,historical,0.05,0.25,10,0.75,0.0,85000.0,0.0,15929.845949687093,918.6507936507936
2024,2024-01-30,historical,0.05,0.25,10,0.75,0.0,85000.0,0.0,6667.758515801198,918.6507936507936
2024,2024-02-13,historical,0.05,0.25,10,0.75,0.0,85000.0,0.0,-8455.048595642525,918.6507936507936
2024,2024-02-27,historical,0.05,0.25,10,0.75,0.0,85000.0,0.0,-5904.997240808711,918.6507936507936
2024,2024-03-12,historical,0.05,0.25,10,0.75,0.0,85000.0,0.0,12494.308354548144,918.6507936507936
2024,2024-03-26,historical,0.05,0.25,10,0.75,0.0,85000.0,0.0,28744.579517616818,918.6507936507936
2024,2024-04-11,historical,0.05,0.25,10,0.75,0.0,85000.0,0.0,-8454.863348575862,918.6507936507936
2024,2024-04-25,historical,0.05,0.25,10,0.75,0.0,85000.0,0.0,-20521.07194285809,918.6507936507936
2024,2024-05-13,historical,0.05,0.25,10,0.75,0.0,85000.0,0.0,-13348.177629009844,918.6507936507936
2024,2024-05-28,historical,0.05,0.25,10,0.75,0.0,85000.0,0.0,10301.156697085324,918.6507936507936
2024,2024-06-11,historical,0.05,0.25,10,0.75,0.0,85000.0,0.0,22391.01339645627,918.6507936507936
2024,2024-06-25,historical,0.05,0.25,10,0.75,0.0,85000.0,0.0,-10162.47076712642,918.6507936507936
2024,2024-07-09,historical,0.05,0.25,10,0.75,0.0,85000.0,0.0,-16398.89911632887,918.6507936507936
2024,2024-07-23,historical,0.05,0.25,10,0.75,0.0,85000.0,0.0,-21667.68091857771,918.6507936507936
2024,2024-08-06,historical,0.05,0.25,10,0.75,0.0,85000.0,0.0,-8414.799927013957,918.6507936507936
2024,2024-08-20,historical,0.05,0.25,10,0.75,0.0,85000.0,0.0,-10339.202965708866,918.6507936507936
2024,2024-09-04,historical,0.05,0.25,10,0.75,0.0,85000.0,0.0,-7141.129708581969,918.6507936507936
2024,2024-09-18,historical,0.05,0.25,10,0.75,0.0,85000.0,0.0,5949.75761048114,918.6507936507936
2024,2024-10-02,historical,0.05,0.25,10,0.75,0.0,85000.0,0.0,11668.727266762917,918.6507936507936
2024,2024-10-16,historical,0.05,0.25,10,0.75,0.0,85000.0,0.0,6043.214601931673,918.6507936507936
2024,2024-10-30,historical,0.05,0.25,10,0.75,0.0,85000.0,0.0,16220.442409050413,918.6507936507936
2024,2024-11-13,historical,0.05,0.25,10,0.75,0.0,85000.0,0.0,13042.767372581744,918.6507936507936
2024,2024-11-27,historical,0.05,0.25,10,0.75,0.0,85000.0,0.0,3888.488203617098,918.6507936507936
2024,2024-12-11,historical,0.05,0.25,10,0.75,0.0,85000.0,0.0,4792.987305504365,918.6507936507936
2024,2024-12-27,historical,0.05,0.25,10,0.75,0.0,85000.0,0.0,56279.01958996881,918.6507936507936
2024,2024-01-02,historical,0.05,0.25,50,0.0,0.0,150000.0,0.0,58434.38715762887,297.6190476190476
2024,2024-01-16,historical,0.05,0.25,50,0.0,0.0,150000.0,0.0,53266.090491171744,297.6190476190476
2024,2024-01-30,historical,0.05,0.25,50,0.0,0.0,150000.0,0.0,11837.71335297728,297.6190476190476
2024,2024-02-13,historical,0.05,0.25,50,0.0,0.0,150000.0,0.0,-16599.524516322403,297.6190476190476
2024,2024-02-27,historical,0.05,0.25,50,0.0,0.0,150000.0,0.0,-7157.980534364764,297.6190476190476
2024,2024-03-12,historical,0.05,0.25,50,0.0,0.0,150000.0,0.0,32665.23830912623,297.6190476190476
2024,2024-03-26,historical,0.05,0.25,50,0.0,0.0,150000.0,0.0,77458.3497422705,297.6190476190476
2024,2024-04-11,historical,0.05,0.25,50,0.0,0.0,150000.0,0.0,-36244.78574446609,297.6190476190476
2024,2024-04-25,historical,0.05,0.25,50,0.0,0.0,150000.0,0.0,-62405.29441731884,297.6190476190476
2024,2024-05-13,historical,0.05,0.25,50,0.0,0.0,150000.0,0.0,-29938.704197896608,297.6190476190476
2024,2024-05-28,historical,0.05,0.25,50,0.0,0.0,150000.0,0.0,-671.3045765807274,297.6190476190476
2024,2024-06-11,historical,0.05,0.25,50,0.0,0.0,150000.0,0.0,84711.6621799871,297.6190476190476
2024,2024-06-25,historical,0.05,0.25,50,0.0,0.0,150000.0,0.0,-13013.524793160306,297.6190476190476
2024,2024-07-09,historical,0.05,0.25,50,0.0,0.0,150000.0,0.0,-53517.30799699496,297.6190476190476
2024,2024-07-23,historical,0.05,0.25,50,0.0,0.0,150000.0,0.0,-72580.08967770175,297.6190476190476
2024,2024-08-06,historical,0.05,0.25,50,0.0,0.0,150000.0,0.0,13413.704379955409,297.6190476190476
2024,2024-08-20,historical,0.05,0.25,50,0.0,0.0,150000.0,0.0,-50098.23911028708,297.6190476190476
2024,2024-09-04,historical,0.05,0.25,50,0.0,0.0,150000.0,0.0,-8647.758876922737,297.6190476190476
2024,2024-09-18,historical,0.05,0.25,50,0.0,0.0,150000.0,0.0,9371.657771511753,297.6190476190476
2024,2024-10-02,historical,0.05,0.25,50,0.0,0.0,150000.0,0.0,-453.9016405306554,297.6190476190476
2024,2024-10-16,historical,0.05,0.25,50,0.0,0.0,150000.0,0.0,1562.5628707706785,297.6190476190476
2024,2024-10-30,historical,0.05,0.25,50,0.0,0.0,150000.0,0.0,12634.866668031464,297.6190476190476
2024,2024-11-13,historical,0.05,0.25,50,0.0,0.0,150000.0,0.0,23851.167043182788,297.6190476190476
2024,2024-11-27,historical,0.05,0.25,50,0.0,0.0,150000.0,0.0,8657.802234194774,297.6190476190476
2024,2024-12-11,historical,0.05,0.25,50,0.0,0.0,150000.0,0.0,-1357.8596963778384,297.6190476190476
2024,2024-12-27,historical,0.05,0.25,50,0.0,0.0,150000.0,0.0,146966.29083844385,297.6190476190476
2024,2024-01-02,historical,0.05,0.25,100,0.0,0.0,150000.0,0.0,58434.38715762887,297.6190476190476
2024,2024-01-16,historical,0.05,0.25,100,0.0,0.0,150000.0,0.0,53266.090491171744,297.6190476190476
2024,2024-01-30,historical,0.05,0.25,100,0.0,0.0,150000.0,0.0,11837.71335297728,297.6190476190476
2024,2024-02-13,historical,0.05,0.25,100,0.0,0.0,150000.0,0.0,-16599.524516322403,297.6190476190476
2024,2024-02-27,historical,0.05,0.25,100,0.0,0.0,150000.0,0.0,-7157.980534364764,297.6190476190476
2024,2024-03-12,historical,0.05,0.25,100,0.0,0.0,150000.0,0.0,32665.23830912623,297.6190476190476
2024,2024-03-26,historical,0.05,0.25,100,0.0,0.0,150000.0,0.0,77458.3497422705,297.6190476190476
2024,2024-04-11,historical,0.05,0.25,100,0.0,0.0,150000.0,0.0,-36244.78574446609,297.6190476190476
2024,2024-04-25,historical,0.05,0.25,100,0.0,0.0,150000.0,0.0,-62405.29441731884,297.6190476190476
2024,2024-05-13,historical,0.05,0.25,100,0.0,0.0,150000.0,0.0,-29938.704197896608,297.6190476190476
2024,2024-05-28,historical,0.05,0.25,100,0.0,0.0,150000.0,0.0,-671.3045765807274,297.6190476190476
2024,2024-06-11,historical,0.05,0.25,100,0.0,0.0,150000.0,0.0,84711.6621799871,297.6190476190476
2024,2024-06-25,historical,0.05,0.25,100,0.0,0.0,150000.0,0.0,-13013.524793160306,297.6190476190476
2024,2024-07-09,historical,0.05,0.25,100,0.0,0.0,150000.0,0.0,-53517.30799699496,297.6190476190476
2024,2024-07-23,historical,0.05,0.25,100,0.0,0.0,150000.0,0.0,-72580.08967770175,297.6190476190476
2024,2024-08-06,historical,0.05,0.25,100,0.0,0.0,150000.0,0.0,13413.704379955409,297.6190476190476
2024,2024-08-20,historical,0.05,0.25,100,0.0,0.0,150000.0,0.0,-50098.23911028708,297.6190476190476
2024,2024-09-04,historical,0.05,0.25,100,0.0,0.0,150000.0,0.0,-8647.758876922737,297.6190476190476
2024,2024-09-18,historical,0.05,0.25,100,0.0,0.0,150000.0,0.0,9371.657771511753,297.6190476190476
2024,2024-10-02,historical,0.05,0.25,100,0.0,0.0,150000.0,0.0,-453.9016405306554,297.6190476190476
2024,2024-10-16,historical,0.05,0.25,100,0.0,0.0,150000.0,0.0,1562.5628707706785,297.6190476190476
2024,2024-10-30,historical,0.05,0.25,100,0.0,0.0,150000.0,0.0,12634.866668031464,297.6190476190476
2024,2024-11-13,historical,0.05,0.25,100,0.0,0.0,150000.0,0.0,23851.167043182788,297.6190476190476
2024,2024-11-27,historical,0.05,0.25,100,0.0,0.0,150000.0,0.0,8657.802234194774,297.6190476190476
2024,2024-12-11,historical,0.05,0.25,100,0.0,0.0,150000.0,0.0,-1357.8596963778384,297.6190476190476
2024,2024-12-27,historical,0.05,0.25,100,0.0,0.0,150000.0,0.0,146966.29083844385,297.6190476190476
2024,2024-01-02,historical,0.05,1.0,10,1.0,0.0,55000.0,0.0,7148.972677041212,1109.126984126984
2024,2024-01-16,historical,0.05,1.0,10,1.0,0.0,55000.0,0.0,3484.43110252554,1109.126984126984
2024,2024-01-30,historical,0.05,1.0,10,1.0,0.0,55000.0,0.0,4944.440236742504,1109.126984126984
2024,2024-02-13,historical,0.05,1.0,10,1.0,0.0,55000.0,0.0,-5740.223288749232,1109.126984126984
2024,2024-02-27,historical,0.05,1.0,10,1.0,0.0,55000.0,0.0,-5487.336142956692,1109.126984126984
2024,2024-03-12,historical,0.05,1.0,10,1.0,0.0,55000.0,0.0,5770.665036355447,1109.126984126984
2024,2024-03-26,historical,0.05,1.0,10,1.0,0.0,55000.0,0.0,12506.656109398926,1109.126984126984
2024,2024-04-11,historical,0.05,1.0,10,1.0,0.0,55000.0,0.0,808.4441167208814,1109.126984126984
2024,2024-04-25,historical,0.05,1.0,10,1.0,0.0,55000.0,0.0,-6559.664451371176,1109.126984126984
2024,2024-05-13,historical,0.05,1.0,10,1.0,0.0,55000.0,0.0,-7818.002106047588,1109.126984126984
2024,2024-05-28,historical,0.05,1.0,10,1.0,0.0,55000.0,0.0,13958.64378830734,1109.126984126984
2024,2024-06-11,historical,0.05,1.0,10,1.0,0.0,55000.0,0.0,1617.463801945995,1109.126984126984
2024,2024-06-25,historical,0.05,1.0,10,1.0,0.0,55000.0,0.0,-9212.11942511512,1109.126984126984
2024,2024-07-09,historical,0.05,1.0,10,1.0,0.0,55000.0,0.0,-4026.0961561068425,1109.126984126984
2024,2024-07-23,historical,0.05,1.0,10,1.0,0.0,55000.0,0.0,-4696.877998869697,1109.126984126984
2024,2024-08-06,historical,0.05,1.0,10,1.0,0.0,55000.0,0.0,-15690.96802933708,1109.126984126984
2024,2024-08-20,historical,0.05,1.0,10,1.0,0.0,55000.0,0.0,2913.8090824838705,1109.126984126984
2024,2024-09-04,historical,0.05,1.0,10,1.0,0.0,55000.0,0.0,-6638.919985801713,1109.126984126984
2024,2024-09-18,historical,0.05,1.0,10,1.0,0.0,55000.0,0.0,4809.124223470936,1109.126984126984
2024,2024-10-02,historical,0.05,1.0,10,1.0,0.0,55000.0,0.0,15709.603569194103,1109.126984126984
2024,2024-10-16,historical,0.05,1.0,10,1.0,0.0,55000.0,0.0,7536.765178985339,1109.126984126984
2024,2024-10-30,historical,0.05,1.0,10,1.0,0.0,55000.0,0.0,17415.634322723396,1109.126984126984
2024,2024-11-13,historical,0.05,1.0,10,1.0,0.0,55000.0,0.0,9439.967482381397,1109.126984126984
2024,2024-11-27,historical,0.05,1.0,10,1.0,0.0,55000.0,0.0,2298.716860091206,1109.126984126984
2024,2024-12-11,historical,0.05,1.0,10,1.0,0.0,55000.0,0.0,6843.269639465099,1109.126984126984
2024,2024-12-27,historical,0.05,1.0,10,1.0,0.0,55000.0,0.0,26049.929173810466,1109.126984126984
2024,2024-01-02,historical,0.05,1.0,50,0.5,0.0,145000.0,0.0,32791.67991733504,2787.6984126984125
2024,2024-01-16,historical,0.05,1.0,50,0.5,0.0,145000.0,0.0,28375.26079684864,2787.6984126984125
2024,2024-01-30,historical,0.05,1.0,50,0.5,0.0,145000.0,0.0,8391.076794859891,2787.6984126984125
2024,2024-02-13,historical,0.05,1.0,50,0.5,0.0,145000.0,0.0,-11169.873902535815,2787.6984126984125
2024,2024-02-27,historical,0.05,1.0,50,0.5,0.0,145000.0,0.0,-6322.658338660728,2787.6984126984125
2024,2024-03-12,historical,0.05,1.0,50,0.5,0.0,145000.0,0.0,19217.95167274084,2787.6984126984125
2024,2024-03-26,historical,0.05,1.0,50,0.5,0.0,145000.0,0.0,44982.50292583471,2787.6984126984125
2024,2024-04-11,historical,0.05,1.0,50,0.5,0.0,145000.0,0.0,-17718.170813872606,2787.6984126984125
2024,2024-04-25,historical,0.05,1.0,50,0.5,0.0,145000.0,0.0,-34482.479434345005,2787.6984126984125
2024,2024-05-13,historical,0.05,1.0,50,0.5,0.0,145000.0,0.0,-18878.3531519721,2787.6984126984125
2024,2024-05-28,historical,0.05,1.0,50,0.5,0.0,145000.0,0.0,6643.669605863307,2787.6984126984125
2024,2024-06-11,historical,0.05,1.0,50,0.5,0.0,145000.0,0.0,43164.56299096655,2787.6984126984125
2024,2024-06-25,historical,0.05,1.0,50,0.5,0.0,145000.0,0.0,-11112.822109137716,2787.6984126984125
2024,2024-07-09,historical,0.05,1.0,50,0.5,0.0,145000.0,0.0,-28771.7020765509,2787.6984126984125
2024,2024-07-23,historical,0.05,1.0,50,0.5,0.0,145000.0,0.0,-38638.48383828572,2787.6984126984125
2024,2024-08-06,historical,0.05,1.0,50,0.5,0.0,145000.0,0.0,-1138.631824690836,2787.6984126984125
2024,2024-08-20,historical,0.05,1.0,50,0.5,0.0,145000.0,0.0,-23592.2150139016,2787.6984126984125
2024,2024-09-04,historical,0.05,1.0,50,0.5,0.0,145000.0,0.0,-7643.339431362225,2787.6984126984125
2024,2024-09-18,historical,0.05,1.0,50,0.5,0.0,145000.0,0.0,7090.390997491343,2787.6984126984125
2024,2024-10-02,historical,0.05,1.0,50,0.5,0.0,145000.0,0.0,7627.850964331725,2787.6984126984125
2024,2024-10-16,historical,0.05,1.0,50,0.5,0.0,145000.0,0.0,4549.664024878009,2787.6984126984125
2024,2024-10-30,historical,0.05,1.0,50,0.5,0.0,145000.0,0.0,15025.25049537743,2787.6984126984125
2024,2024-11-13,historical,0.05,1.0,50,0.5,0.0,145000.0,0.0,16645.56726278209,2787.6984126984125
2024,2024-11-27,historical,0.05,1.0,50,0.5,0.0,145000.0,0.0,5478.2595471429895,2787.6984126984125
2024,2024-12-11,historical,0.05,1.0,50,0.5,0.0,145000.0,0.0,2742.7049715436306,2787.6984126984125
2024,2024-12-27,historical,0.05,1.0,50,0.5,0.0,145000.0,0.0,86508.11000612716,2787.6984126984125
2024,2024-01-02,historical,0.05,1.0,100,0.0,0.0,150000.0,0.0,58434.38715762887,297.6190476190476
2024,2024-01-16,historical,0.05,1.0,100,0.0,0.0,150000.0,0.0,53266.090491171744,297.6190476190476
2024,2024-01-30,historical,0.05,1.0,100,0.0,0.0,150000.0,0.0,11837.71335297728,297.6190476190476
2024,2024-02-13,historical,0.05,1.0,100,0.0,0.0,150000.0,0.0,-16599.524516322403,297.6190476190476
2024,2024-02-27,historical,0.05,1.0,100,0.0,0.0,150000.0,0.0,-7157.980534364764,297.6190476190476
2024,2024-03-12,historical,0.05,1.0,100,0.0,0.0,150000.0,0.0,32665.23830912623,297.6190476190476
2024,2024-03-26,historical,0.05,1.0,100,0.0,0.0,150000.0,0.0,77458.3497422705,297.6190476190476
2024,2024-04-11,historical,0.05,1.0,100,0.0,0.0,150000.0,0.0,-36244.78574446609,297.6190476190476
2024,2024-04-25,historical,0.05,1.0,100,0.0,0.0,150000.0,0.0,-62405.29441731884,297.6190476190476
2024,2024-05-13,historical,0.05,1.0,100,0.0,0.0,150000.0,0.0,-29938.704197896608,297.6190476190476
2024,2024-05-28,historical,0.05,1.0,100,0.0,0.0,150000.0,0.0,-671.3045765807274,297.6190476190476
2024,2024-06-11,historical,0.05,1.0,100,0.0,0.0,150000.0,0.0,84711.6621799871,297.6190476190476
2024,2024-06-25,historical,0.05,1.0,100,0.0,0.0,150000.0,0.0,-13013.524793160306,297.6190476190476
2024,2024-07-09,historical,0.05,1.0,100,0.0,0.0,150000.0,0.0,-53517.30799699496,297.6190476190476
2024,2024-07-23,historical,0.05,1.0,100,0.0,0.0,150000.0,0.0,-72580.08967770175,297.6190476190476
2024,2024-08-06,historical,0.05,1.0,100,0.0,0.0,150000.0,0.0,13413.704379955409,297.6190476190476
2024,2024-08-20,historical,0.05,1.0,100,0.0,0.0,150000.0,0.0,-50098.23911028708,297.6190476190476
2024,2024-09-04,historical,0.05,1.0,100,0.0,0.0,150000.0,0.0,-8647.758876922737,297.6190476190476
2024,2024-09-18,historical,0.05,1.0,100,0.0,0.0,150000.0,0.0,9371.657771511753,297.6190476190476
2024,2024-10-02,historical,0.05,1.0,100,0.0,0.0,150000.0,0.0,-453.9016405306554,297.6190476190476
2024,2024-10-16,historical,0.05,1.0,100,0.0,0.0,150000.0,0.0,1562.5628707706785,297.6190476190476
2024,2024-10-30,historical,0.05,1.0,100,0.0,0.0,150000.0,0.0,12634.866668031464,297.6190476190476
2024,2024-11-13,historical,0.05,1.0,100,0.0,0.0,150000.0,0.0,23851.167043182788,297.6190476190476
2024,2024-11-27,historical,0.05,1.0,100,0.0,0.0,150000.0,0.0,8657.802234194774,297.6190476190476
2024,2024-12-11,historical,0.05,1.0,100,0.0,0.0,150000.0,0.0,-1357.8596963778384,297.6190476190476
2024,2024-12-27,historical,0.05,1.0,100,0.0,0.0,150000.0,0.0,146966.29083844385,297.6190476190476
2024,2024-01-02,historical,0.05,2.0,10,1.0,0.0,60000.0,0.0,7148.972677041212,1119.047619047619
2024,2024-01-16,historical,0.05,2.0,10,1.0,0.0,60000.0,0.0,3484.43110252554,1119.047619047619
2024,2024-01-30,historical,0.05,2.0,10,1.0,0.0,60000.0,0.0,4944.440236742504,1119.047619047619
2024,2024-02-13,historical,0.05,2.0,10,1.0,0.0,60000.0,0.0,-5740.223288749232,1119.047619047619
2024,2024-02-27,historical,0.05,2.0,10,1.0,0.0,60000.0,0.0,-5487.336142956692,1119.047619047619
2024,2024-03-12,historical,0.05,2.0,10,1.0,0.0,60000.0,0.0,5770.665036355447,1119.047619047619
2024,2024-03-26,historical,0.05,2.0,10,1.0,0.0,60000.0,0.0,12506.656109398926,1119.047619047619
2024,2024-04-11,historical,0.05,2.0,10,1.0,0.0,60000.0,0.0,808.4441167208814,1119.047619047619
2024,2024-04-25,historical,0.05,2.0,10,1.0,0.0,60000.0,0.0,-6559.664451371176,1119.047619047619
2024,2024-05-13,historical,0.05,2.0,10,1.0,0.0,60000.0,0.0,-7818.002106047588,1119.047619047619
2024,2024-05-28,historical,0.05,2.0,10,1.0,0.0,60000.0,0.0,13958.64378830734,1119.047619047619
2024,2024-06-11,historical,0.05,2.0,10,1.0,0.0,60000.0,0.0,1617.463801945995,1119.047619047619
2024,2024-06-25,historical,0.05,2.0,10,1.0,0.0,60000.0,0.0,-9212.11942511512,1119.047619047619
2024,2024-07-09,historical,0.05,2.0,10,1.0,0.0,60000.0,0.0,-4026.0961561068425,1119.047619047619
2024,2024-07-23,historical,0.05,2.0,10,1.0,0.0,60000.0,0.0,-4696.877998869697,1119.047619047619
2024,2024-08-06,historical,0.05,2.0,10,1.0,0.0,60000.0,0.0,-15690.96802933708,1119.047619047619
2024,2024-08-20,historical,0.05,2.0,10,1.0,0.0,60000.0,0.0,2913.8090824838705,1119.047619047619
2024,2024-09-04,historical,0.05,2.0,10,1.0,0.0,60000.0,0.0,-6638.919985801713,1119.047619047619
2024,2024-09-18,historical,0.05,2.0,10,1.0,0.0,60000.0,0.0,4809.124223470936,1119.047619047619
2024,2024-10-02,historical,0.05,2.0,10,1.0,0.0,60000.0,0.0,15709.603569194103,1119.047619047619
2024,2024-10-16,historical,0.05,2.0,10,1.0,0.0,60000.0,0.0,7536.765178985339,1119.047619047619
2024,2024-10-30,historical,0.05,2.0,10,1.0,0.0,60000.0,0.0,17415.634322723396,1119.047619047619
2024,2024-11-13,historical,0.05,2.0,10,1.0,0.0,60000.0,0.0,9439.967482381397,1119.047619047619
2024,2024-11-27,historical,0.05,2.0,10,1.0,0.0,60000.0,0.0,2298.716860091206,1119.047619047619
2024,2024-12-11,historical,0.05,2.0,10,1.0,0.0,60000.0,0.0,6843.269639465099,1119.047619047619
2024,2024-12-27,historical,0.05,2.0,10,1.0,0.0,60000.0,0.0,26049.929173810466,1119.047619047619
2024,2024-01-02,historical,0.05,2.0,50,0.75,0.0,145000.0,0.0,19970.326297188123,4037.698412698413
2024,2024-01-16,historical,0.05,2.0,50,0.75,0.0,145000.0,0.0,15929.845949687093,4037.698412698413
2024,2024-01-30,historical,0.05,2.0,50,0.75,0.0,145000.0,0.0,6667.758515801198,4037.698412698413
2024,2024-02-13,historical,0.05,2.0,50,0.75,0.0,145000.0,0.0,-8455.048595642525,4037.698412698413
2024,2024-02-27,historical,0.05,2.0,50,0.75,0.0,145000.0,0.0,-5904.997240808711,4037.698412698413
2024,2024-03-12,historical,0.05,2.0,50,0.75,0.0,145000.0,0.0,12494.308354548144,4037.698412698413
2024,2024-03-26,historical,0.05,2.0,50,0.75,0.0,145000.0,0.0,28744.579517616818,4037.698412698413
2024,2024-04-11,historical,0.05,2.0,50,0.75,0.0,145000.0,0.0,-8454.863348575862,4037.698412698413
2024,2024-04-25,historical,0.05,2.0,50,0.75,0.0,145000.0,0.0,-20521.07194285809,4037.698412698413
2024,2024-05-13,historical,0.05,2.0,50,0.75,0.0,145000.0,0.0,-13348.177629009844,4037.698412698413
2024,2024-05-28,historical,0.05,2.0,50,0.75,0.0,145000.0,0.0,10301.156697085324,4037.698412698413
2024,2024-06-11,historical,0.05,2.0,50,0.75,0.0,145000.0,0.0,22391.01339645627,4037.698412698413
2024,2024-06-25,historical,0.05,2.0,50,0.75,0.0,145000.0,0.0,-10162.47076712642,4037.698412698413
2024,2024-07-09,historical,0.05,2.0,50,0.75,0.0,145000.0,0.0,-16398.89911632887,4037.698412698413
2024,2024-07-23,historical,0.05,2.0,50,0.75,0.0,145000.0,0.0,-21667.68091857771,4037.698412698413
2024,2024-08-06,historical,0.05,2.0,50,0.75,0.0,145000.0,0.0,-8414.799927013957,4037.698412698413
2024,2024-08-20,historical,0.05,2.0,50,0.75,0.0,145000.0,0.0,-10339.202965708866,4037.698412698413
2024,2024-09-04,historical,0.05,2.0,50,0.75,0.0,145000.0,0.0,-7141.129708581969,4037.698412698413
2024,2024-09-18,historical,0.05,2.0,50,0.75,0.0,145000.0,0.0,5949.75761048114,4037.698412698413
2024,2024-10-02,historical,0.05,2.0,50,0.75,0.0,145000.0,0.0,11668.727266762917,4037.698412698413
2024,2024-10-16,historical,0.05,2.0,50,0.75,0.0,145000.0,0.0,6043.214601931673,4037.698412698413
2024,2024-10-30,historical,0.05,2.0,50,0.75,0.0,145000.0,0.0,16220.442409050413,4037.698412698413
2024,2024-11-13,historical,0.05,2.0,50,0.75,0.0,145000.0,0.0,13042.767372581744,4037.698412698413
2024,2024-11-27,historical,0.05,2.0,50,0.75,0.0,145000.0,0.0,3888.488203617098,4037.698412698413
2024,2024-12-11,historical,0.05,2.0,50,0.75,0.0,145000.0,0.0,4792.987305504365,4037.698412698413
2024,2024-12-27,historical,0.05,2.0,50,0.75,0.0,145000.0,0.0,56279.01958996881,4037.698412698413
2024,2024-01-02,historical,0.05,2.0,100,0.5,0.0,145000.0,0.0,32791.67991733504,5287.6984126984125
2024,2024-01-16,historical,0.05,2.0,100,0.5,0.0,145000.0,0.0,28375.26079684864,5287.6984126984125
2024,2024-01-30,historical,0.05,2.0,100,0.5,0.0,145000.0,0.0,8391.076794859891,5287.6984126984125
2024,2024-02-13,historical,0.05,2.0,100,0.5,0.0,145000.0,0.0,-11169.873902535815,5287.6984126984125
2024,2024-02-27,historical,0.05,2.0,100,0.5,0.0,145000.0,0.0,-6322.658338660728,5287.6984126984125
2024,2024-03-12,historical,0.05,2.0,100,0.5,0.0,145000.0,0.0,19217.95167274084,5287.6984126984125
2024,2024-03-26,historical,0.05,2.0,100,0.5,0.0,145000.0,0.0,44982.50292583471,5287.6984126984125
2024,2024-04-11,historical,0.05,2.0,100,0.5,0.0,145000.0,0.0,-17718.170813872606,5287.6984126984125
2024,2024-04-25,historical,0.05,2.0,100,0.5,0.0,145000.0,0.0,-34482.479434345005,5287.6984126984125
2024,2024-05-13,historical,0.05,2.0,100,0.5,0.0,145000.0,0.0,-18878.3531519721,5287.6984126984125
2024,2024-05-28,historical,0.05,2.0,100,0.5,0.0,145000.0,0.0,6643.669605863307,5287.6984126984125
2024,2024-06-11,historical,0.05,2.0,100,0.5,0.0,145000.0,0.0,43164.56299096655,5287.6984126984125
2024,2024-06-25,historical,0.05,2.0,100,0.5,0.0,145000.0,0.0,-11112.822109137716,5287.6984126984125
2024,2024-07-09,historical,0.05,2.0,100,0.5,0.0,145000.0,0.0,-28771.7020765509,5287.6984126984125
2024,2024-07-23,historical,0.05,2.0,100,0.5,0.0,145000.0,0.0,-38638.48383828572,5287.6984126984125
2024,2024-08-06,historical,0.05,2.0,100,0.5,0.0,145000.0,0.0,-1138.631824690836,5287.6984126984125
2024,2024-08-20,historical,0.05,2.0,100,0.5,0.0,145000.0,0.0,-23592.2150139016,5287.6984126984125
2024,2024-09-04,historical,0.05,2.0,100,0.5,0.0,145000.0,0.0,-7643.339431362225,5287.6984126984125
2024,2024-09-18,historical,0.05,2.0,100,0.5,0.0,145000.0,0.0,7090.390997491343,5287.6984126984125
2024,2024-10-02,historical,0.05,2.0,100,0.5,0.0,145000.0,0.0,7627.850964331725,5287.6984126984125
2024,2024-10-16,historical,0.05,2.0,100,0.5,0.0,145000.0,0.0,4549.664024878009,5287.6984126984125
2024,2024-10-30,historical,0.05,2.0,100,0.5,0.0,145000.0,0.0,15025.25049537743,5287.6984126984125
2024,2024-11-13,historical,0.05,2.0,100,0.5,0.0,145000.0,0.0,16645.56726278209,5287.6984126984125
2024,2024-11-27,historical,0.05,2.0,100,0.5,0.0,145000.0,0.0,5478.2595471429895,5287.6984126984125
2024,2024-12-11,historical,0.05,2.0,100,0.5,0.0,145000.0,0.0,2742.7049715436306,5287.6984126984125
2024,2024-12-27,historical,0.05,2.0,100,0.5,0.0,145000.0,0.0,86508.11000612716,5287.6984126984125
2024,2024-01-02,historical,0.1,0.25,10,1.0,0.0,40000.0,0.0,7148.972677041212,1158.7301587301588
2024,2024-01-16,historical,0.1,0.25,10,1.0,0.0,40000.0,0.0,3484.43110252554,1158.7301587301588
2024,2024-01-30,historical,0.1,0.25,10,1.0,0.0,40000.0,0.0,4944.440236742504,1158.7301587301588
2024,2024-02-13,historical,0.1,0.25,10,1.0,0.0,40000.0,0.0,-5740.223288749232,1158.7301587301588
2024,2024-02-27,historical,0.1,0.25,10,1.0,0.0,40000.0,0.0,-5487.336142956692,1158.7301587301588
2024,2024-03-12,historical,0.1,0.25,10,1.0,0.0,40000.0,0.0,5770.665036355447,1158.7301587301588
2024,2024-03-26,historical,0.1,0.25,10,1.0,0.0,40000.0,0.0,12506.656109398926,1158.7301587301588
2024,2024-04-11,historical,0.1,0.25,10,1.0,0.0,40000.0,0.0,808.4441167208814,1158.7301587301588
2024,2024-04-25,historical,0.1,0.25,10,1.0,0.0,40000.0,0.0,-6559.664451371176,1158.7301587301588
2024,2024-05-13,historical,0.1,0.25,10,1.0,0.0,40000.0,0.0,-7818.002106047588,1158.7301587301588
2024,2024-05-28,historical,0.1,0.25,10,1.0,0.0,40000.0,0.0,13958.64378830734,1158.7301587301588
2024,2024-06-11,historical,0.1,0.25,10,1.0,0.0,40000.0,0.0,1617.463801945995,1158.7301587301588
2024,2024-06-25,historical,0.1,0.25,10,1.0,0.0,40000.0,0.0,-9212.11942511512,1158.7301587301588
2024,2024-07-09,historical,0.1,0.25,10,1.0,0.0,40000.0,0.0,-4026.0961561068425,1158.7301587301588
2024,2024-07-23,historical,0.1,0.25,10,1.0,0.0,40000.0,0.0,-4696.877998869697,1158.7301587301588
2024,2024-08-06,historical,0.1,0.25,10,1.0,0.0,40000.0,0.0,-15690.96802933708,1158.7301587301588
2024,2024-08-20,historical,0.1,0.25,10,1.0,0.0,40000.0,0.0,2913.8090824838705,1158.7301587301588
2024,2024-09-04,historical,0.1,0.25,10,1.0,0.0,40000.0,0.0,-6638.919985801713,1158.7301587301588
2024,2024-09-18,historical,0.1,0.25,10,1.0,0.0,40000.0,0.0,4809.124223470936,1158.7301587301588
2024,2024-10-02,historical,0.1,0.25,10,1.0,0.0,40000.0,0.0,15709.603569194103,1158.7301587301588
2024,2024-10-16,historical,0.1,0.25,10,1.0,0.0,40000.0,0.0,7536.765178985339,1158.7301587301588
2024,2024-10-30,historical,0.1,0.25,10,1.0,0.0,40000.0,0.0,17415.634322723396,1158.7301587301588
2024,2024-11-13,historical,0.1,0.25,10,1.0,0.0,40000.0,0.0,9439.967482381397,1158.7301587301588
2024,2024-11-27,historical,0.1,0.25,10,1.0,0.0,40000.0,0.0,2298.716860091206,1158.7301587301588
2024,2024-12-11,historical,0.1,0.25,10,1.0,0.0,40000.0,0.0,6843.269639465099,1158.7301587301588
2024,2024-12-27,historical,0.1,0.25,10,1.0,0.0,40000.0,0.0,26049.929173810466,1158.7301587301588
2024,2024-01-02,historical,0.1,0.25,50,0.0,0.0,150000.0,0.0,58434.38715762887,595.2380952380952
2024,2024-01-16,historical,0.1,0.25,50,0.0,0.0,150000.0,0.0,53266.090491171744,595.2380952380952
2024,2024-01-30,historical,0.1,0.25,50,0.0,0.0,150000.0,0.0,11837.71335297728,595.2380952380952
2024,2024-02-13,historical,0.1,0.25,50,0.0,0.0,150000.0,0.0,-16599.524516322403,595.2380952380952
2024,2024-02-27,historical,0.1,0.25,50,0.0,0.0,150000.0,0.0,-7157.980534364764,595.2380952380952
2024,2024-03-12,historical,0.1,0.25,50,0.0,0.0,150000.0,0.0,32665.23830912623,595.2380952380952
2024,2024-03-26,historical,0.1,0.25,50,0.0,0.0,150000.0,0.0,77458.3497422705,595.2380952380952
2024,2024-04-11,historical,0.1,0.25,50,0.0,0.0,150000.0,0.0,-36244.78574446609,595.2380952380952
2024,2024-04-25,historical,0.1,0.25,50,0.0,0.0,150000.0,0.0,-62405.29441731884,595.2380952380952
2024,2024-05-13,historical,0.1,0.25,50,0.0,0.0,150000.0,0.0,-29938.704197896608,595.2380952380952
2024,2024-05-28,historical,0.1,0.25,50,0.0,0.0,150000.0,0.0,-671.3045765807274,595.2380952380952
2024,2024-06-11,historical,0.1,0.25,50,0.0,0.0,150000.0,0.0,84711.6621799871,595.2380952380952
2024,2024-06-25,historical,0.1,0.25,50,0.0,0.0,150000.0,0.0,-13013.524793160306,595.2380952380952
2024,2024-07-09,historical,0.1,0.25,50,0.0,0.0,150000.0,0.0,-53517.30799699496,595.2380952380952
2024,2024-07-23,historical,0.1,0.25,50,0.0,0.0,150000.0,0.0,-72580.08967770175,595.2380952380952
2024,2024-08-06,historical,0.1,0.25,50,0.0,0.0,150000.0,0.0,13413.704379955409,595.2380952380952
2024,2024-08-20,historical,0.1,0.25,50,0.0,0.0,150000.0,0.0,-50098.23911028708,595.2380952380952
2024,2024-09-04,historical,0.1,0.25,50,0.0,0.0,150000.0,0.0,-8647.758876922737,595.2380952380952
2024,2024-09-18,historical,0.1,0.25,50,0.0,0.0,150000.0,0.0,9371.657771511753,595.2380952380952
2024,2024-10-02,historical,0.1,0.25,50,0.0,0.0,150000.0,0.0,-453.9016405306554,595.2380952380952
2024,2024-10-16,historical,0.1,0.25,50,0.0,0.0,150000.0,0.0,1562.5628707706785,595.2380952380952
2024,2024-10-30,historical,0.1,0.25,50,0.0,0.0,150000.0,0.0,12634.866668031464,595.2380952380952
2024,2024-11-13,historical,0.1,0.25,50,0.0,0.0,150000.0,0.0,23851.167043182788,595.2380952380952
2024,2024-11-27,historical,0.1,0.25,50,0.0,0.0,150000.0,0.0,8657.802234194774,595.2380952380952
2024,2024-12-11,historical,0.1,0.25,50,0.0,0.0,150000.0,0.0,-1357.8596963778384,595.2380952380952
2024,2024-12-27,historical,0.1,0.25,50,0.0,0.0,150000.0,0.0,146966.29083844385,595.2380952380952
2024,2024-01-02,historical,0.1,0.25,100,0.0,0.0,150000.0,0.0,58434.38715762887,595.2380952380952
2024,2024-01-16,historical,0.1,0.25,100,0.0,0.0,150000.0,0.0,53266.090491171744,595.2380952380952
2024,2024-01-30,historical,0.1,0.25,100,0.0,0.0,150000.0,0.0,11837.71335297728,595.2380952380952
2024,2024-02-13,historical,0.1,0.25,100,0.0,0.0,150000.0,0.0,-16599.524516322403,595.2380952380952
2024,2024-02-27,historical,0.1,0.25,100,0.0,0.0,150000.0,0.0,-7157.980534364764,595.2380952380952
2024,2024-03-12,historical,0.1,0.25,100,0.0,0.0,150000.0,0.0,32665.23830912623,595.2380952380952
2024,2024-03-26,historical,0.1,0.25,100,0.0,0.0,150000.0,0.0,77458.3497422705,595.2380952380952
2024,2024-04-11,historical,0.1,0.25,100,0.0,0.0,150000.0,0.0,-36244.78574446609,595.2380952380952
2024,2024-04-25,historical,0.1,0.25,100,0.0,0.0,150000.0,0.0,-62405.29441731884,595.2380952380952
2024,2024-05-13,historical,0.1,0.25,100,0.0,0.0,150000.0,0.0,-29938.704197896608,595.2380952380952
2024,2024-05-28,historical,0.1,0.25,100,0.0,0.0,150000.0,0.0,-671.3045765807274,595.2380952380952
2024,2024-06-11,historical,0.1,0.25,100,0.0,0.0,150000.0,0.0,84711.6621799871,595.2380952380952
2024,2024-06-25,historical,0.1,0.25,100,0.0,0.0,150000.0,0.0,-13013.524793160306,595.2380952380952
2024,2024-07-09,historical,0.1,0.25,100,0.0,0.0,150000.0,0.0,-53517.30799699496,595.2380952380952
2024,2024-07-23,historical,0.1,0.25,100,0.0,0.0,150000.0,0.0,-72580.08967770175,595.2380952380952
2024,2024-08-06,historical,0.1,0.25,100,0.0,0.0,150000.0,0.0,13413.704379955409,595.2380952380952
2024,2024-08-20,historical,0.1,0.25,100,0.0,0.0,150000.0,0.0,-50098.23911028708,595.2380952380952
2024,2024-09-04,historical,0.1,0.25,100,0.0,0.0,150000.0,0.0,-8647.758876922737,595.2380952380952
2024,2024-09-18,historical,0.1,0.25,100,0.0,0.0,150000.0,0.0,9371.657771511753,595.2380952380952
2024,2024-10-02,historical,0.1,0.25,100,0.0,0.0,150000.0,0.0,-453.9016405306554,595.2380952380952
2024,2024-10-16,historical,0.1,0.25,100,0.0,0.0,150000.0,0.0,1562.5628707706785,595.2380952380952
2024,2024-10-30,historical,0.1,0.25,100,0.0,0.0,150000.0,0.0,12634.866668031464,595.2380952380952
2024,2024-11-13,historical,0.1,0.25,100,0.0,0.0,150000.0,0.0,23851.167043182788,595.2380952380952
2024,2024-11-27,historical,0.1,0.25,100,0.0,0.0,150000.0,0.0,8657.802234194774,595.2380952380952
2024,2024-12-11,historical,0.1,0.25,100,0.0,0.0,150000.0,0.0,-1357.8596963778384,595.2380952380952
2024,2024-12-27,historical,0.1,0.25,100,0.0,0.0,150000.0,0.0,146966.29083844385,595.2380952380952
2024,2024-01-02,historical,0.1,1.0,10,1.0,0.0,50000.0,0.0,7148.972677041212,1198.4126984126983
2024,2024-01-16,historical,0.1,1.0,10,1.0,0.0,50000.0,0.0,3484.43110252554,1198.4126984126983
2024,2024-01-30,historical,0.1,1.0,10,1.0,0.0,50000.0,0.0,4944.440236742504,1198.4126984126983
2024,2024-02-13,historical,0.1,1.0,10,1.0,0.0,50000.0,0.0,-5740.223288749232,1198.4126984126983
2024,2024-02-27,historical,0.1,1.0,10,1.0,0.0,50000.0,0.0,-5487.336142956692,1198.4126984126983
2024,2024-03-12,historical,0.1,1.0,10,1.0,0.0,50000.0,0.0,5770.665036355447,1198.4126984126983
2024,2024-03-26,historical,0.1,1.0,10,1.0,0.0,50000.0,0.0,12506.656109398926,1198.4126984126983
2024,2024-04-11,historical,0.1,1.0,10,1.0,0.0,50000.0,0.0,808.4441167208814,1198.4126984126983
2024,2024-04-25,historical,0.1,1.0,10,1.0,0.0,50000.0,0.0,-6559.664451371176,1198.4126984126983
2024,2024-05-13,historical,0.1,1.0,10,1.0,0.0,50000.0,0.0,-7818.002106047588,1198.4126984126983
2024,2024-05-28,historical,0.1,1.0,10,1.0,0.0,50000.0,0.0,13958.64378830734,1198.4126984126983
2024,2024-06-11,historical,0.1,1.0,10,1.0,0.0,50000.0,0.0,1617.463801945995,1198.4126984126983
2024,2024-06-25,historical,0.1,1.0,10,1.0,0.0,50000.0,0.0,-9212.11942511512,1198.4126984126983
2024,2024-07-09,historical,0.1,1.0,10,1.0,0.0,50000.0,0.0,-4026.0961561068425,1198.4126984126983
2024,2024-07-23,historical,0.1,1.0,10,1.0,0.0,50000.0,0.0,-4696.877998869697,1198.4126984126983
2024,2024-08-06,historical,0.1,1.0,10,1.0,0.0,50000.0,0.0,-15690.96802933708,1198.4126984126983
2024,2024-08-20,historical,0.1,1.0,10,1.0,0.0,50000.0,0.0,2913.8090824838705,1198.4126984126983
2024,2024-09-04,historical,0.1,1.0,10,1.0,0.0,50000.0,0.0,-6638.919985801713,1198.4126984126983
2024,2024-09-18,historical,0.1,1.0,10,1.0,0.0,50000.0,0.0,4809.124223470936,1198.4126984126983
2024,2024-10-02,historical,0.1,1.0,10,1.0,0.0,50000.0,0.0,15709.603569194103,1198.4126984126983
2024,2024-10-16,historical,0.1,1.0,10,1.0,0.0,50000.0,0.0,7536.765178985339,1198.4126984126983
2024,2024-10-30,historical,0.1,1.0,10,1.0,0.0,50000.0,0.0,17415.634322723396,1198.4126984126983
2024,2024-11-13,historical,0.1,1.0,10,1.0,0.0,50000.0,0.0,9439.967482381397,1198.4126984126983
2024,2024-11-27,historical,0.1,1.0,10,1.0,0.0,50000.0,0.0,2298.716860091206,1198.4126984126983
2024,2024-12-11,historical,0.1,1.0,10,1.0,0.0,50000.0,0.0,6843.269639465099,1198.4126984126983
2024,2024-12-27,historical,0.1,1.0,10,1.0,0.0,50000.0,0.0,26049.929173810466,1198.4126984126983
2024,2024-01-02,historical,0.1,1.0,50,0.5,0.0,145000.0,0.0,32791.67991733504,3075.396825396825
2024,2024-01-16,historical,0.1,1.0,50,0.5,0.0,145000.0,0.0,28375.26079684864,3075.396825396825
2024,2024-01-30,historical,0.1,1.0,50,0.5,0.0,145000.0,0.0,8391.076794859891,3075.396825396825
2024,2024-02-13,historical,0.1,1.0,50,0.5,0.0,145000.0,0.0,-11169.873902535815,3075.396825396825
2024,2024-02-27,historical,0.1,1.0,50,0.5,0.0,145000.0,0.0,-6322.658338660728,3075.396825396825
2024,2024-03-12,historical,0.1,1.0,50,0.5,0.0,145000.0,0.0,19217.95167274084,3075.396825396825
2024,2024-03-26,historical,0.1,1.0,50,0.5,0.0,145000.0,0.0,44982.50292583471,3075.396825396825
2024,2024-04-11,historical,0.1,1.0,50,0.5,0.0,145000.0,0.0,-17718.170813872606,3075.396825396825
2024,2024-04-25,historical,0.1,1.0,50,0.5,0.0,145000.0,0.0,-34482.479434345005,3075.396825396825
2024,2024-05-13,historical,0.1,1.0,50,0.5,0.0,145000.0,0.0,-18878.3531519721,3075.396825396825
2024,2024-05-28,historical,0.1,1.0,50,0.5,0.0,145000.0,0.0,6643.669605863307,3075.396825396825
2024,2024-06-11,historical,0.1,1.0,50,0.5,0.0,145000.0,0.0,43164.56299096655,3075.396825396825
2024,2024-06-25,historical,0.1,1.0,50,0.5,0.0,145000.0,0.0,-11112.822109137716,3075.396825396825
2024,2024-07-09,historical,0.1,1.0,50,0.5,0.0,145000.0,0.0,-28771.7020765509,3075.396825396825
2024,2024-07-23,historical,0.1,1.0,50,0.5,0.0,145000.0,0.0,-38638.48383828572,3075.396825396825
2024,2024-08-06,historical,0.1,1.0,50,0.5,0.0,145000.0,0.0,-1138.631824690836,3075.396825396825
2024,2024-08-20,historical,0.1,1.0,50,0.5,0.0,145000.0,0.0,-23592.2150139016,3075.396825396825
2024,2024-09-04,historical,0.1,1.0,50,0.5,0.0,145000.0,0.0,-7643.339431362225,3075.396825396825
2024,2024-09-18,historical,0.1,1.0,50,0.5,0.0,145000.0,0.0,7090.390997491343,3075.396825396825
2024,2024-10-02,historical,0.1,1.0,50,0.5,0.0,145000.0,0.0,7627.850964331725,3075.396825396825
2024,2024-10-16,historical,0.1,1.0,50,0.5,0.0,145000.0,0.0,4549.664024878009,3075.396825396825
2024,2024-10-30,historical,0.1,1.0,50,0.5,0.0,145000.0,0.0,15025.25049537743,3075.396825396825
2024,2024-11-13,historical,0.1,1.0,50,0.5,0.0,145000.0,0.0,16645.56726278209,3075.396825396825
2024,2024-11-27,historical,0.1,1.0,50,0.5,0.0,145000.0,0.0,5478.2595471429895,3075.396825396825
2024,2024-12-11,historical,0.1,1.0,50,0.5,0.0,145000.0,0.0,2742.7049715436306,3075.396825396825
2024,2024-12-27,historical,0.1,1.0,50,0.5,0.0,145000.0,0.0,86508.11000612716,3075.396825396825
2024,2024-01-02,historical,0.1,1.0,100,0.0,0.0,150000.0,0.0,58434.38715762887,595.2380952380952
2024,2024-01-16,historical,0.1,1.0,100,0.0,0.0,150000.0,0.0,53266.090491171744,595.2380952380952
2024,2024-01-30,historical,0.1,1.0,100,0.0,0.0,150000.0,0.0,11837.71335297728,595.2380952380952
2024,2024-02-13,historical,0.1,1.0,100,0.0,0.0,150000.0,0.0,-16599.524516322403,595.2380952380952
2024,2024-02-27,historical,0.1,1.0,100,0.0,0.0,150000.0,0.0,-7157.980534364764,595.2380952380952
2024,2024-03-12,historical,0.1,1.0,100,0.0,0.0,150000.0,0.0,32665.23830912623,595.2380952380952
2024,2024-03-26,historical,0.1,1.0,100,0.0,0.0,150000.0,0.0,77458.3497422705,595.2380952380952
2024,2024-04-11,historical,0.1,1.0,100,0.0,0.0,150000.0,0.0,-36244.78574446609,595.2380952380952
2024,2024-04-25,historical,0.1,1.0,100,0.0,0.0,150000.0,0.0,-62405.29441731884,595.2380952380952
2024,2024-05-13,historical,0.1,1.0,100,0.0,0.0,150000.0,0.0,-29938.704197896608,595.2380952380952
2024,2024-05-28,historical,0.1,1.0,100,0.0,0.0,150000.0,0.0,-671.3045765807274,595.2380952380952
2024,2024-06-11,historical,0.1,1.0,100,0.0,0.0,150000.0,0.0,84711.6621799871,595.2380952380952
2024,2024-06-25,historical,0.1,1.0,100,0.0,0.0,150000.0,0.0,-13013.524793160306,595.2380952380952
2024,2024-07-09,historical,0.1,1.0,100,0.0,0.0,150000.0,0.0,-53517.30799699496,595.2380952380952
2024,2024-07-23,historical,0.1,1.0,100,0.0,0.0,150000.0,0.0,-72580.08967770175,595.2380952380952
2024,2024-08-06,historical,0.1,1.0,100,0.0,0.0,150000.0,0.0,13413.704379955409,595.2380952380952
2024,2024-08-20,historical,0.1,1.0,100,0.0,0.0,150000.0,0.0,-50098.23911028708,595.2380952380952
2024,2024-09-04,historical,0.1,1.0,100,0.0,0.0,150000.0,0.0,-8647.758876922737,595.2380952380952
2024,2024-09-18,historical,0.1,1.0,100,0.0,0.0,150000.0,0.0,9371.657771511753,595.2380952380952
2024,2024-10-02,historical,0.1,1.0,100,0.0,0.0,150000.0,0.0,-453.9016405306554,595.2380952380952
2024,2024-10-16,historical,0.1,1.0,100,0.0,0.0,150000.0,0.0,1562.5628707706785,595.2380952380952
2024,2024-10-30,historical,0.1,1.0,100,0.0,0.0,150000.0,0.0,12634.866668031464,595.2380952380952
2024,2024-11-13,historical,0.1,1.0,100,0.0,0.0,150000.0,0.0,23851.167043182788,595.2380952380952
2024,2024-11-27,historical,0.1,1.0,100,0.0,0.0,150000.0,0.0,8657.802234194774,595.2380952380952
2024,2024-12-11,historical,0.1,1.0,100,0.0,0.0,150000.0,0.0,-1357.8596963778384,595.2380952380952
2024,2024-12-27,historical,0.1,1.0,100,0.0,0.0,150000.0,0.0,146966.29083844385,595.2380952380952
2024,2024-01-02,historical,0.1,2.0,10,1.0,0.0,55000.0,0.0,7148.972677041212,1218.2539682539682
2024,2024-01-16,historical,0.1,2.0,10,1.0,0.0,55000.0,0.0,3484.43110252554,1218.2539682539682
2024,2024-01-30,historical,0.1,2.0,10,1.0,0.0,55000.0,0.0,4944.440236742504,1218.2539682539682
2024,2024-02-13,historical,0.1,2.0,10,1.0,0.0,55000.0,0.0,-5740.223288749232,1218.2539682539682
2024,2024-02-27,historical,0.1,2.0,10,1.0,0.0,55000.0,0.0,-5487.336142956692,1218.2539682539682
2024,2024-03-12,historical,0.1,2.0,10,1.0,0.0,55000.0,0.0,5770.665036355447,1218.2539682539682
2024,2024-03-26,historical,0.1,2.0,10,1.0,0.0,55000.0,0.0,12506.656109398926,1218.2539682539682
2024,2024-04-11,historical,0.1,2.0,10,1.0,0.0,55000.0,0.0,808.4441167208814,1218.2539682539682
2024,2024-04-25,historical,0.1,2.0,10,1.0,0.0,55000.0,0.0,-6559.664451371176,1218.2539682539682
2024,2024-05-13,historical,0.1,2.0,10,1.0,0.0,55000.0,0.0,-7818.002106047588,1218.2539682539682
2024,2024-05-28,historical,0.1,2.0,10,1.0,0.0,55000.0,0.0,13958.64378830734,1218.2539682539682
2024,2024-06-11,historical,0.1,2.0,10,1.0,0.0,55000.0,0.0,1617.463801945995,1218.2539682539682
2024,2024-06-25,historical,0.1,2.0,10,1.0,0.0,55000.0,0.0,-9212.11942511512,1218.2539682539682
2024,2024-07-09,historical,0.1,2.0,10,1.0,0.0,55000.0,0.0,-4026.0961561068425,1218.2539682539682
2024,2024-07-23,historical,0.1,2.0,10,1.0,0.0,55000.0,0.0,-4696.877998869697,1218.2539682539682
2024,2024-08-06,historical,0.1,2.0,10,1.0,0.0,55000.0,0.0,-15690.96802933708,1218.2539682539682
2024,2024-08-20,historical,0.1,2.0,10,1.0,0.0,55000.0,0.0,2913.8090824838705,1218.2539682539682
2024,2024-09-04,historical,0.1,2.0,10,1.0,0.0,55000.0,0.0,-6638.919985801713,1218.2539682539682
2024,2024-09-18,historical,0.1,2.0,10,1.0,0.0,55000.0,0.0,4809.124223470936,1218.2539682539682
2024,2024-10-02,historical,0.1,2.0,10,1.0,0.0,55000.0,0.0,15709.603569194103,1218.2539682539682
2024,2024-10-16,historical,0.1,2.0,10,1.0,0.0,55000.0,0.0,7536.765178985339,1218.2539682539682
2024,2024-10-30,historical,0.1,2.0,10,1.0,0.0,55000.0,0.0,17415.634322723396,1218.2539682539682
2024,2024-11-13,historical,0.1,2.0,10,1.0,0.0,55000.0,0.0,9439.967482381397,1218.2539682539682
2024,2024-11-27,historical,0.1,2.0,10,1.0,0.0,55000.0,0.0,2298.716860091206,1218.2539682539682
2024,2024-12-11,historical,0.1,2.0,10,1.0,0.0,55000.0,0.0,6843.269639465099,1218.2539682539682
2024,2024-12-27,historical,0.1,2.0,10,1.0,0.0,55000.0,0.0,26049.929173810466,1218.2539682539682
2024,2024-01-02,historical,0.1,2.0,50,0.75,0.0,145000.0,0.0,19970.326297188123,4325.396825396825
2024,2024-01-16,historical,0.1,2.0,50,0.75,0.0,145000.0,0.0,15929.845949687093,4325.396825396825
2024,2024-01-30,historical,0.1,2.0,50,0.75,0.0,145000.0,0.0,6667.758515801198,4325.396825396825
2024,2024-02-13,historical,0.1,2.0,50,0.75,0.0,145000.0,0.0,-8455.048595642525,4325.396825396825
2024,2024-02-27,historical,0.1,2.0,50,0.75,0.0,145000.0,0.0,-5904.997240808711,4325.396825396825
2024,2024-03-12,historical,0.1,2.0,50,0.75,0.0,145000.0,0.0,12494.308354548144,4325.396825396825
2024,2024-03-26,historical,0.1,2.0,50,0.75,0.0,145000.0,0.0,28744.579517616818,4325.396825396825
2024,2024-04-11,historical,0.1,2.0,50,0.75,0.0,145000.0,0.0,-8454.863348575862,4325.396825396825
2024,2024-04-25,historical,0.1,2.0,50,0.75,0.0,145000.0,0.0,-20521.07194285809,4325.396825396825
2024,2024-05-13,historical,0.1,2.0,50,0.75,0.0,145000.0,0.0,-13348.177629009844,4325.396825396825
2024,2024-05-28,historical,0.1,2.0,50,0.75,0.0,145000.0,0.0,10301.156697085324,4325.396825396825
2024,2024-06-11,historical,0.1,2.0,50,0.75,0.0,145000.0,0.0,22391.01339645627,4325.396825396825
2024,2024-06-25,historical,0.1,2.0,50,0.75,0.0,145000.0,0.0,-10162.47076712642,4325.396825396825
2024,2024-07-09,historical,0.1,2.0,50,0.75,0.0,145000.0,0.0,-16398.89911632887,4325.396825396825
2024,2024-07-23,historical,0.1,2.0,50,0.75,0.0,145000.0,0.0,-21667.68091857771,4325.396825396825
2024,2024-08-06,historical,0.1,2.0,50,0.75,0.0,145000.0,0.0,-8414.799927013957,4325.396825396825
2024,2024-08-20,historical,0.1,2.0,50,0.75,0.0,145000.0,0.0,-10339.202965708866,4325.396825396825
2024,2024-09-04,historical,0.1,2.0,50,0.75,0.0,145000.0,0.0,-7141.129708581969,4325.396825396825
2024,2024-09-18,historical,0.1,2.0,50,0.75,0.0,145000.0,0.0,5949.75761048114,4325.396825396825
2024,2024-10-02,historical,0.1,2.0,50,0.75,0.0,145000.0,0.0,11668.727266762917,4325.396825396825
2024,2024-10-16,historical,0.1,2.0,50,0.75,0.0,145000.0,0.0,6043.214601931673,4325.396825396825
2024,2024-10-30,historical,0.1,2.0,50,0.75,0.0,145000.0,0.0,16220.442409050413,4325.396825396825
2024,2024-11-13,historical,0.1,2.0,50,0.75,0.0,145000.0,0.0,13042.767372581744,4325.396825396825
2024,2024-11-27,historical,0.1,2.0,50,0.75,0.0,145000.0,0.0,3888.488203617098,4325.396825396825
2024,2024-12-11,historical,0.1,2.0,50,0.75,0.0,145000.0,0.0,4792.987305504365,4325.396825396825
2024,2024-12-27,historical,0.1,2.0,50,0.75,0.0,145000.0,0.0,56279.01958996881,4325.396825396825
2024,2024-01-02,historical,0.1,2.0,100,0.5,0.0,145000.0,0.0,32791.67991733504,5575.396825396825
2024,2024-01-16,historical,0.1,2.0,100,0.5,0.0,145000.0,0.0,28375.26079684864,5575.396825396825
2024,2024-01-30,historical,0.1,2.0,100,0.5,0.0,145000.0,0.0,8391.076794859891,5575.396825396825
2024,2024-02-13,historical,0.1,2.0,100,0.5,0.0,145000.0,0.0,-11169.873902535815,5575.396825396825
2024,2024-02-27,historical,0.1,2.0,100,0.5,0.0,145000.0,0.0,-6322.658338660728,5575.396825396825
2024,2024-03-12,historical,0.1,2.0,100,0.5,0.0,145000.0,0.0,19217.95167274084,5575.396825396825
2024,2024-03-26,historical,0.1,2.0,100,0.5,0.0,145000.0,0.0,44982.50292583471,5575.396825396825
2024,2024-04-11,historical,0.1,2.0,100,0.5,0.0,145000.0,0.0,-17718.170813872606,5575.396825396825
2024,2024-04-25,historical,0.1,2.0,100,0.5,0.0,145000.0,0.0,-34482.479434345005,5575.396825396825
2024,2024-05-13,historical,0.1,2.0,100,0.5,0.0,145000.0,0.0,-18878.3531519721,5575.396825396825
2024,2024-05-28,historical,0.1,2.0,100,0.5,0.0,145000.0,0.0,6643.669605863307,5575.396825396825
2024,2024-06-11,historical,0.1,2.0,100,0.5,0.0,145000.0,0.0,43164.56299096655,5575.396825396825
2024,2024-06-25,historical,0.1,2.0,100,0.5,0.0,145000.0,0.0,-11112.822109137716,5575.396825396825
2024,2024-07-09,historical,0.1,2.0,100,0.5,0.0,145000.0,0.0,-28771.7020765509,5575.396825396825
2024,2024-07-23,historical,0.1,2.0,100,0.5,0.0,145000.0,0.0,-38638.48383828572,5575.396825396825
2024,2024-08-06,historical,0.1,2.0,100,0.5,0.0,145000.0,0.0,-1138.631824690836,5575.396825396825
2024,2024-08-20,historical,0.1,2.0,100,0.5,0.0,145000.0,0.0,-23592.2150139016,5575.396825396825
2024,2024-09-04,historical,0.1,2.0,100,0.5,0.0,145000.0,0.0,-7643.339431362225,5575.396825396825
2024,2024-09-18,historical,0.1,2.0,100,0.5,0.0,145000.0,0.0,7090.390997491343,5575.396825396825
2024,2024-10-02,historical,0.1,2.0,100,0.5,0.0,145000.0,0.0,7627.850964331725,5575.396825396825
2024,2024-10-16,historical,0.1,2.0,100,0.5,0.0,145000.0,0.0,4549.664024878009,5575.396825396825
2024,2024-10-30,historical,0.1,2.0,100,0.5,0.0,145000.0,0.0,15025.25049537743,5575.396825396825
2024,2024-11-13,historical,0.1,2.0,100,0.5,0.0,145000.0,0.0,16645.56726278209,5575.396825396825
2024,2024-11-27,historical,0.1,2.0,100,0.5,0.0,145000.0,0.0,5478.2595471429895,5575.396825396825
2024,2024-12-11,historical,0.1,2.0,100,0.5,0.0,145000.0,0.0,2742.7049715436306,5575.396825396825
2024,2024-12-27,historical,0.1,2.0,100,0.5,0.0,145000.0,0.0,86508.11000612716,5575.396825396825
2024,2024-01-02,fixed_hedge_reference,0.01,0.25,10,1.0,0.0,60000.0,0.0,7148.972677041213,1023.809523809524
2024,2024-01-16,fixed_hedge_reference,0.01,0.25,10,1.0,0.0,60000.0,0.0,3484.4311025255447,1023.809523809524
2024,2024-01-30,fixed_hedge_reference,0.01,0.25,10,1.0,0.0,60000.0,0.0,4944.440236742503,1023.809523809524
2024,2024-02-13,fixed_hedge_reference,0.01,0.25,10,1.0,0.0,60000.0,0.0,-5740.223288749229,1023.809523809524
2024,2024-02-27,fixed_hedge_reference,0.01,0.25,10,1.0,0.0,60000.0,0.0,-5487.336142956692,1023.809523809524
2024,2024-03-12,fixed_hedge_reference,0.01,0.25,10,1.0,0.0,60000.0,0.0,5770.665036355449,1023.809523809524
2024,2024-03-26,fixed_hedge_reference,0.01,0.25,10,1.0,0.0,60000.0,0.0,12506.65610939893,1023.809523809524
2024,2024-04-11,fixed_hedge_reference,0.01,0.25,10,1.0,0.0,60000.0,0.0,808.4441167208764,1023.809523809524
2024,2024-04-25,fixed_hedge_reference,0.01,0.25,10,1.0,0.0,60000.0,0.0,-6559.6644513711735,1023.809523809524
2024,2024-05-13,fixed_hedge_reference,0.01,0.25,10,1.0,0.0,60000.0,0.0,-7818.002106047588,1023.809523809524
2024,2024-05-28,fixed_hedge_reference,0.01,0.25,10,1.0,0.0,60000.0,0.0,13958.64378830734,1023.809523809524
2024,2024-06-11,fixed_hedge_reference,0.01,0.25,10,1.0,0.0,60000.0,0.0,1617.4638019460017,1023.809523809524
2024,2024-06-25,fixed_hedge_reference,0.01,0.25,10,1.0,0.0,60000.0,0.0,-9212.11942511512,1023.809523809524
2024,2024-07-09,fixed_hedge_reference,0.01,0.25,10,1.0,0.0,60000.0,0.0,-4026.0961561068434,1023.809523809524
2024,2024-07-23,fixed_hedge_reference,0.01,0.25,10,1.0,0.0,60000.0,0.0,-4696.877998869694,1023.809523809524
2024,2024-08-06,fixed_hedge_reference,0.01,0.25,10,1.0,0.0,60000.0,0.0,-15690.96802933708,1023.809523809524
2024,2024-08-20,fixed_hedge_reference,0.01,0.25,10,1.0,0.0,60000.0,0.0,2913.8090824838705,1023.809523809524
2024,2024-09-04,fixed_hedge_reference,0.01,0.25,10,1.0,0.0,60000.0,0.0,-6638.919985801713,1023.809523809524
2024,2024-09-18,fixed_hedge_reference,0.01,0.25,10,1.0,0.0,60000.0,0.0,4809.124223470936,1023.809523809524
2024,2024-10-02,fixed_hedge_reference,0.01,0.25,10,1.0,0.0,60000.0,0.0,15709.603569194103,1023.809523809524
2024,2024-10-16,fixed_hedge_reference,0.01,0.25,10,1.0,0.0,60000.0,0.0,7536.765178985338,1023.809523809524
2024,2024-10-30,fixed_hedge_reference,0.01,0.25,10,1.0,0.0,60000.0,0.0,17415.634322723396,1023.809523809524
2024,2024-11-13,fixed_hedge_reference,0.01,0.25,10,1.0,0.0,60000.0,0.0,9439.967482381397,1023.809523809524
2024,2024-11-27,fixed_hedge_reference,0.01,0.25,10,1.0,0.0,60000.0,0.0,2298.7168600912064,1023.809523809524
2024,2024-12-11,fixed_hedge_reference,0.01,0.25,10,1.0,0.0,60000.0,0.0,6843.269639465101,1023.809523809524
2024,2024-12-27,fixed_hedge_reference,0.01,0.25,10,1.0,0.0,60000.0,0.0,26049.92917381046,1023.809523809524
2024,2024-01-02,fixed_hedge_reference,0.01,0.25,50,1.0,0.0,60000.0,0.0,7148.972677041213,5023.809523809524
2024,2024-01-16,fixed_hedge_reference,0.01,0.25,50,1.0,0.0,60000.0,0.0,3484.4311025255447,5023.809523809524
2024,2024-01-30,fixed_hedge_reference,0.01,0.25,50,1.0,0.0,60000.0,0.0,4944.440236742503,5023.809523809524
2024,2024-02-13,fixed_hedge_reference,0.01,0.25,50,1.0,0.0,60000.0,0.0,-5740.223288749229,5023.809523809524
2024,2024-02-27,fixed_hedge_reference,0.01,0.25,50,1.0,0.0,60000.0,0.0,-5487.336142956692,5023.809523809524
2024,2024-03-12,fixed_hedge_reference,0.01,0.25,50,1.0,0.0,60000.0,0.0,5770.665036355449,5023.809523809524
2024,2024-03-26,fixed_hedge_reference,0.01,0.25,50,1.0,0.0,60000.0,0.0,12506.65610939893,5023.809523809524
2024,2024-04-11,fixed_hedge_reference,0.01,0.25,50,1.0,0.0,60000.0,0.0,808.4441167208764,5023.809523809524
2024,2024-04-25,fixed_hedge_reference,0.01,0.25,50,1.0,0.0,60000.0,0.0,-6559.6644513711735,5023.809523809524
2024,2024-05-13,fixed_hedge_reference,0.01,0.25,50,1.0,0.0,60000.0,0.0,-7818.002106047588,5023.809523809524
2024,2024-05-28,fixed_hedge_reference,0.01,0.25,50,1.0,0.0,60000.0,0.0,13958.64378830734,5023.809523809524
2024,2024-06-11,fixed_hedge_reference,0.01,0.25,50,1.0,0.0,60000.0,0.0,1617.4638019460017,5023.809523809524
2024,2024-06-25,fixed_hedge_reference,0.01,0.25,50,1.0,0.0,60000.0,0.0,-9212.11942511512,5023.809523809524
2024,2024-07-09,fixed_hedge_reference,0.01,0.25,50,1.0,0.0,60000.0,0.0,-4026.0961561068434,5023.809523809524
2024,2024-07-23,fixed_hedge_reference,0.01,0.25,50,1.0,0.0,60000.0,0.0,-4696.877998869694,5023.809523809524
2024,2024-08-06,fixed_hedge_reference,0.01,0.25,50,1.0,0.0,60000.0,0.0,-15690.96802933708,5023.809523809524
2024,2024-08-20,fixed_hedge_reference,0.01,0.25,50,1.0,0.0,60000.0,0.0,2913.8090824838705,5023.809523809524
2024,2024-09-04,fixed_hedge_reference,0.01,0.25,50,1.0,0.0,60000.0,0.0,-6638.919985801713,5023.809523809524
2024,2024-09-18,fixed_hedge_reference,0.01,0.25,50,1.0,0.0,60000.0,0.0,4809.124223470936,5023.809523809524
2024,2024-10-02,fixed_hedge_reference,0.01,0.25,50,1.0,0.0,60000.0,0.0,15709.603569194103,5023.809523809524
2024,2024-10-16,fixed_hedge_reference,0.01,0.25,50,1.0,0.0,60000.0,0.0,7536.765178985338,5023.809523809524
2024,2024-10-30,fixed_hedge_reference,0.01,0.25,50,1.0,0.0,60000.0,0.0,17415.634322723396,5023.809523809524
2024,2024-11-13,fixed_hedge_reference,0.01,0.25,50,1.0,0.0,60000.0,0.0,9439.967482381397,5023.809523809524
2024,2024-11-27,fixed_hedge_reference,0.01,0.25,50,1.0,0.0,60000.0,0.0,2298.7168600912064,5023.809523809524
2024,2024-12-11,fixed_hedge_reference,0.01,0.25,50,1.0,0.0,60000.0,0.0,6843.269639465101,5023.809523809524
2024,2024-12-27,fixed_hedge_reference,0.01,0.25,50,1.0,0.0,60000.0,0.0,26049.92917381046,5023.809523809524
2024,2024-01-02,fixed_hedge_reference,0.01,0.25,100,1.0,0.0,60000.0,0.0,7148.972677041213,10023.809523809525
2024,2024-01-16,fixed_hedge_reference,0.01,0.25,100,1.0,0.0,60000.0,0.0,3484.4311025255447,10023.809523809525
2024,2024-01-30,fixed_hedge_reference,0.01,0.25,100,1.0,0.0,60000.0,0.0,4944.440236742503,10023.809523809525
2024,2024-02-13,fixed_hedge_reference,0.01,0.25,100,1.0,0.0,60000.0,0.0,-5740.223288749229,10023.809523809525
2024,2024-02-27,fixed_hedge_reference,0.01,0.25,100,1.0,0.0,60000.0,0.0,-5487.336142956692,10023.809523809525
2024,2024-03-12,fixed_hedge_reference,0.01,0.25,100,1.0,0.0,60000.0,0.0,5770.665036355449,10023.809523809525
2024,2024-03-26,fixed_hedge_reference,0.01,0.25,100,1.0,0.0,60000.0,0.0,12506.65610939893,10023.809523809525
2024,2024-04-11,fixed_hedge_reference,0.01,0.25,100,1.0,0.0,60000.0,0.0,808.4441167208764,10023.809523809525
2024,2024-04-25,fixed_hedge_reference,0.01,0.25,100,1.0,0.0,60000.0,0.0,-6559.6644513711735,10023.809523809525
2024,2024-05-13,fixed_hedge_reference,0.01,0.25,100,1.0,0.0,60000.0,0.0,-7818.002106047588,10023.809523809525
2024,2024-05-28,fixed_hedge_reference,0.01,0.25,100,1.0,0.0,60000.0,0.0,13958.64378830734,10023.809523809525
2024,2024-06-11,fixed_hedge_reference,0.01,0.25,100,1.0,0.0,60000.0,0.0,1617.4638019460017,10023.809523809525
2024,2024-06-25,fixed_hedge_reference,0.01,0.25,100,1.0,0.0,60000.0,0.0,-9212.11942511512,10023.809523809525
2024,2024-07-09,fixed_hedge_reference,0.01,0.25,100,1.0,0.0,60000.0,0.0,-4026.0961561068434,10023.809523809525
2024,2024-07-23,fixed_hedge_reference,0.01,0.25,100,1.0,0.0,60000.0,0.0,-4696.877998869694,10023.809523809525
2024,2024-08-06,fixed_hedge_reference,0.01,0.25,100,1.0,0.0,60000.0,0.0,-15690.96802933708,10023.809523809525
2024,2024-08-20,fixed_hedge_reference,0.01,0.25,100,1.0,0.0,60000.0,0.0,2913.8090824838705,10023.809523809525
2024,2024-09-04,fixed_hedge_reference,0.01,0.25,100,1.0,0.0,60000.0,0.0,-6638.919985801713,10023.809523809525
2024,2024-09-18,fixed_hedge_reference,0.01,0.25,100,1.0,0.0,60000.0,0.0,4809.124223470936,10023.809523809525
2024,2024-10-02,fixed_hedge_reference,0.01,0.25,100,1.0,0.0,60000.0,0.0,15709.603569194103,10023.809523809525
2024,2024-10-16,fixed_hedge_reference,0.01,0.25,100,1.0,0.0,60000.0,0.0,7536.765178985338,10023.809523809525
2024,2024-10-30,fixed_hedge_reference,0.01,0.25,100,1.0,0.0,60000.0,0.0,17415.634322723396,10023.809523809525
2024,2024-11-13,fixed_hedge_reference,0.01,0.25,100,1.0,0.0,60000.0,0.0,9439.967482381397,10023.809523809525
2024,2024-11-27,fixed_hedge_reference,0.01,0.25,100,1.0,0.0,60000.0,0.0,2298.7168600912064,10023.809523809525
2024,2024-12-11,fixed_hedge_reference,0.01,0.25,100,1.0,0.0,60000.0,0.0,6843.269639465101,10023.809523809525
2024,2024-12-27,fixed_hedge_reference,0.01,0.25,100,1.0,0.0,60000.0,0.0,26049.92917381046,10023.809523809525
2024,2024-01-02,fixed_hedge_reference,0.01,1.0,10,1.0,0.0,60000.0,0.0,7148.972677041213,1023.809523809524
2024,2024-01-16,fixed_hedge_reference,0.01,1.0,10,1.0,0.0,60000.0,0.0,3484.4311025255447,1023.809523809524
2024,2024-01-30,fixed_hedge_reference,0.01,1.0,10,1.0,0.0,60000.0,0.0,4944.440236742503,1023.809523809524
2024,2024-02-13,fixed_hedge_reference,0.01,1.0,10,1.0,0.0,60000.0,0.0,-5740.223288749229,1023.809523809524
2024,2024-02-27,fixed_hedge_reference,0.01,1.0,10,1.0,0.0,60000.0,0.0,-5487.336142956692,1023.809523809524
2024,2024-03-12,fixed_hedge_reference,0.01,1.0,10,1.0,0.0,60000.0,0.0,5770.665036355449,1023.809523809524
2024,2024-03-26,fixed_hedge_reference,0.01,1.0,10,1.0,0.0,60000.0,0.0,12506.65610939893,1023.809523809524
2024,2024-04-11,fixed_hedge_reference,0.01,1.0,10,1.0,0.0,60000.0,0.0,808.4441167208764,1023.809523809524
2024,2024-04-25,fixed_hedge_reference,0.01,1.0,10,1.0,0.0,60000.0,0.0,-6559.6644513711735,1023.809523809524
2024,2024-05-13,fixed_hedge_reference,0.01,1.0,10,1.0,0.0,60000.0,0.0,-7818.002106047588,1023.809523809524
2024,2024-05-28,fixed_hedge_reference,0.01,1.0,10,1.0,0.0,60000.0,0.0,13958.64378830734,1023.809523809524
2024,2024-06-11,fixed_hedge_reference,0.01,1.0,10,1.0,0.0,60000.0,0.0,1617.4638019460017,1023.809523809524
2024,2024-06-25,fixed_hedge_reference,0.01,1.0,10,1.0,0.0,60000.0,0.0,-9212.11942511512,1023.809523809524
2024,2024-07-09,fixed_hedge_reference,0.01,1.0,10,1.0,0.0,60000.0,0.0,-4026.0961561068434,1023.809523809524
2024,2024-07-23,fixed_hedge_reference,0.01,1.0,10,1.0,0.0,60000.0,0.0,-4696.877998869694,1023.809523809524
2024,2024-08-06,fixed_hedge_reference,0.01,1.0,10,1.0,0.0,60000.0,0.0,-15690.96802933708,1023.809523809524
2024,2024-08-20,fixed_hedge_reference,0.01,1.0,10,1.0,0.0,60000.0,0.0,2913.8090824838705,1023.809523809524
2024,2024-09-04,fixed_hedge_reference,0.01,1.0,10,1.0,0.0,60000.0,0.0,-6638.919985801713,1023.809523809524
2024,2024-09-18,fixed_hedge_reference,0.01,1.0,10,1.0,0.0,60000.0,0.0,4809.124223470936,1023.809523809524
2024,2024-10-02,fixed_hedge_reference,0.01,1.0,10,1.0,0.0,60000.0,0.0,15709.603569194103,1023.809523809524
2024,2024-10-16,fixed_hedge_reference,0.01,1.0,10,1.0,0.0,60000.0,0.0,7536.765178985338,1023.809523809524
2024,2024-10-30,fixed_hedge_reference,0.01,1.0,10,1.0,0.0,60000.0,0.0,17415.634322723396,1023.809523809524
2024,2024-11-13,fixed_hedge_reference,0.01,1.0,10,1.0,0.0,60000.0,0.0,9439.967482381397,1023.809523809524
2024,2024-11-27,fixed_hedge_reference,0.01,1.0,10,1.0,0.0,60000.0,0.0,2298.7168600912064,1023.809523809524
2024,2024-12-11,fixed_hedge_reference,0.01,1.0,10,1.0,0.0,60000.0,0.0,6843.269639465101,1023.809523809524
2024,2024-12-27,fixed_hedge_reference,0.01,1.0,10,1.0,0.0,60000.0,0.0,26049.92917381046,1023.809523809524
2024,2024-01-02,fixed_hedge_reference,0.01,1.0,50,1.0,0.0,60000.0,0.0,7148.972677041213,5023.809523809524
2024,2024-01-16,fixed_hedge_reference,0.01,1.0,50,1.0,0.0,60000.0,0.0,3484.4311025255447,5023.809523809524
2024,2024-01-30,fixed_hedge_reference,0.01,1.0,50,1.0,0.0,60000.0,0.0,4944.440236742503,5023.809523809524
2024,2024-02-13,fixed_hedge_reference,0.01,1.0,50,1.0,0.0,60000.0,0.0,-5740.223288749229,5023.809523809524
2024,2024-02-27,fixed_hedge_reference,0.01,1.0,50,1.0,0.0,60000.0,0.0,-5487.336142956692,5023.809523809524
2024,2024-03-12,fixed_hedge_reference,0.01,1.0,50,1.0,0.0,60000.0,0.0,5770.665036355449,5023.809523809524
2024,2024-03-26,fixed_hedge_reference,0.01,1.0,50,1.0,0.0,60000.0,0.0,12506.65610939893,5023.809523809524
2024,2024-04-11,fixed_hedge_reference,0.01,1.0,50,1.0,0.0,60000.0,0.0,808.4441167208764,5023.809523809524
2024,2024-04-25,fixed_hedge_reference,0.01,1.0,50,1.0,0.0,60000.0,0.0,-6559.6644513711735,5023.809523809524
2024,2024-05-13,fixed_hedge_reference,0.01,1.0,50,1.0,0.0,60000.0,0.0,-7818.002106047588,5023.809523809524
2024,2024-05-28,fixed_hedge_reference,0.01,1.0,50,1.0,0.0,60000.0,0.0,13958.64378830734,5023.809523809524
2024,2024-06-11,fixed_hedge_reference,0.01,1.0,50,1.0,0.0,60000.0,0.0,1617.4638019460017,5023.809523809524
2024,2024-06-25,fixed_hedge_reference,0.01,1.0,50,1.0,0.0,60000.0,0.0,-9212.11942511512,5023.809523809524
2024,2024-07-09,fixed_hedge_reference,0.01,1.0,50,1.0,0.0,60000.0,0.0,-4026.0961561068434,5023.809523809524
2024,2024-07-23,fixed_hedge_reference,0.01,1.0,50,1.0,0.0,60000.0,0.0,-4696.877998869694,5023.809523809524
2024,2024-08-06,fixed_hedge_reference,0.01,1.0,50,1.0,0.0,60000.0,0.0,-15690.96802933708,5023.809523809524
2024,2024-08-20,fixed_hedge_reference,0.01,1.0,50,1.0,0.0,60000.0,0.0,2913.8090824838705,5023.809523809524
2024,2024-09-04,fixed_hedge_reference,0.01,1.0,50,1.0,0.0,60000.0,0.0,-6638.919985801713,5023.809523809524
2024,2024-09-18,fixed_hedge_reference,0.01,1.0,50,1.0,0.0,60000.0,0.0,4809.124223470936,5023.809523809524
2024,2024-10-02,fixed_hedge_reference,0.01,1.0,50,1.0,0.0,60000.0,0.0,15709.603569194103,5023.809523809524
2024,2024-10-16,fixed_hedge_reference,0.01,1.0,50,1.0,0.0,60000.0,0.0,7536.765178985338,5023.809523809524
2024,2024-10-30,fixed_hedge_reference,0.01,1.0,50,1.0,0.0,60000.0,0.0,17415.634322723396,5023.809523809524
2024,2024-11-13,fixed_hedge_reference,0.01,1.0,50,1.0,0.0,60000.0,0.0,9439.967482381397,5023.809523809524
2024,2024-11-27,fixed_hedge_reference,0.01,1.0,50,1.0,0.0,60000.0,0.0,2298.7168600912064,5023.809523809524
2024,2024-12-11,fixed_hedge_reference,0.01,1.0,50,1.0,0.0,60000.0,0.0,6843.269639465101,5023.809523809524
2024,2024-12-27,fixed_hedge_reference,0.01,1.0,50,1.0,0.0,60000.0,0.0,26049.92917381046,5023.809523809524
2024,2024-01-02,fixed_hedge_reference,0.01,1.0,100,1.0,0.0,60000.0,0.0,7148.972677041213,10023.809523809525
2024,2024-01-16,fixed_hedge_reference,0.01,1.0,100,1.0,0.0,60000.0,0.0,3484.4311025255447,10023.809523809525
2024,2024-01-30,fixed_hedge_reference,0.01,1.0,100,1.0,0.0,60000.0,0.0,4944.440236742503,10023.809523809525
2024,2024-02-13,fixed_hedge_reference,0.01,1.0,100,1.0,0.0,60000.0,0.0,-5740.223288749229,10023.809523809525
2024,2024-02-27,fixed_hedge_reference,0.01,1.0,100,1.0,0.0,60000.0,0.0,-5487.336142956692,10023.809523809525
2024,2024-03-12,fixed_hedge_reference,0.01,1.0,100,1.0,0.0,60000.0,0.0,5770.665036355449,10023.809523809525
2024,2024-03-26,fixed_hedge_reference,0.01,1.0,100,1.0,0.0,60000.0,0.0,12506.65610939893,10023.809523809525
2024,2024-04-11,fixed_hedge_reference,0.01,1.0,100,1.0,0.0,60000.0,0.0,808.4441167208764,10023.809523809525
2024,2024-04-25,fixed_hedge_reference,0.01,1.0,100,1.0,0.0,60000.0,0.0,-6559.6644513711735,10023.809523809525
2024,2024-05-13,fixed_hedge_reference,0.01,1.0,100,1.0,0.0,60000.0,0.0,-7818.002106047588,10023.809523809525
2024,2024-05-28,fixed_hedge_reference,0.01,1.0,100,1.0,0.0,60000.0,0.0,13958.64378830734,10023.809523809525
2024,2024-06-11,fixed_hedge_reference,0.01,1.0,100,1.0,0.0,60000.0,0.0,1617.4638019460017,10023.809523809525
2024,2024-06-25,fixed_hedge_reference,0.01,1.0,100,1.0,0.0,60000.0,0.0,-9212.11942511512,10023.809523809525
2024,2024-07-09,fixed_hedge_reference,0.01,1.0,100,1.0,0.0,60000.0,0.0,-4026.0961561068434,10023.809523809525
2024,2024-07-23,fixed_hedge_reference,0.01,1.0,100,1.0,0.0,60000.0,0.0,-4696.877998869694,10023.809523809525
2024,2024-08-06,fixed_hedge_reference,0.01,1.0,100,1.0,0.0,60000.0,0.0,-15690.96802933708,10023.809523809525
2024,2024-08-20,fixed_hedge_reference,0.01,1.0,100,1.0,0.0,60000.0,0.0,2913.8090824838705,10023.809523809525
2024,2024-09-04,fixed_hedge_reference,0.01,1.0,100,1.0,0.0,60000.0,0.0,-6638.919985801713,10023.809523809525
2024,2024-09-18,fixed_hedge_reference,0.01,1.0,100,1.0,0.0,60000.0,0.0,4809.124223470936,10023.809523809525
2024,2024-10-02,fixed_hedge_reference,0.01,1.0,100,1.0,0.0,60000.0,0.0,15709.603569194103,10023.809523809525
2024,2024-10-16,fixed_hedge_reference,0.01,1.0,100,1.0,0.0,60000.0,0.0,7536.765178985338,10023.809523809525
2024,2024-10-30,fixed_hedge_reference,0.01,1.0,100,1.0,0.0,60000.0,0.0,17415.634322723396,10023.809523809525
2024,2024-11-13,fixed_hedge_reference,0.01,1.0,100,1.0,0.0,60000.0,0.0,9439.967482381397,10023.809523809525
2024,2024-11-27,fixed_hedge_reference,0.01,1.0,100,1.0,0.0,60000.0,0.0,2298.7168600912064,10023.809523809525
2024,2024-12-11,fixed_hedge_reference,0.01,1.0,100,1.0,0.0,60000.0,0.0,6843.269639465101,10023.809523809525
2024,2024-12-27,fixed_hedge_reference,0.01,1.0,100,1.0,0.0,60000.0,0.0,26049.92917381046,10023.809523809525
2024,2024-01-02,fixed_hedge_reference,0.01,2.0,10,1.0,0.0,60000.0,0.0,7148.972677041213,1023.809523809524
2024,2024-01-16,fixed_hedge_reference,0.01,2.0,10,1.0,0.0,60000.0,0.0,3484.4311025255447,1023.809523809524
2024,2024-01-30,fixed_hedge_reference,0.01,2.0,10,1.0,0.0,60000.0,0.0,4944.440236742503,1023.809523809524
2024,2024-02-13,fixed_hedge_reference,0.01,2.0,10,1.0,0.0,60000.0,0.0,-5740.223288749229,1023.809523809524
2024,2024-02-27,fixed_hedge_reference,0.01,2.0,10,1.0,0.0,60000.0,0.0,-5487.336142956692,1023.809523809524
2024,2024-03-12,fixed_hedge_reference,0.01,2.0,10,1.0,0.0,60000.0,0.0,5770.665036355449,1023.809523809524
2024,2024-03-26,fixed_hedge_reference,0.01,2.0,10,1.0,0.0,60000.0,0.0,12506.65610939893,1023.809523809524
2024,2024-04-11,fixed_hedge_reference,0.01,2.0,10,1.0,0.0,60000.0,0.0,808.4441167208764,1023.809523809524
2024,2024-04-25,fixed_hedge_reference,0.01,2.0,10,1.0,0.0,60000.0,0.0,-6559.6644513711735,1023.809523809524
2024,2024-05-13,fixed_hedge_reference,0.01,2.0,10,1.0,0.0,60000.0,0.0,-7818.002106047588,1023.809523809524
2024,2024-05-28,fixed_hedge_reference,0.01,2.0,10,1.0,0.0,60000.0,0.0,13958.64378830734,1023.809523809524
2024,2024-06-11,fixed_hedge_reference,0.01,2.0,10,1.0,0.0,60000.0,0.0,1617.4638019460017,1023.809523809524
2024,2024-06-25,fixed_hedge_reference,0.01,2.0,10,1.0,0.0,60000.0,0.0,-9212.11942511512,1023.809523809524
2024,2024-07-09,fixed_hedge_reference,0.01,2.0,10,1.0,0.0,60000.0,0.0,-4026.0961561068434,1023.809523809524
2024,2024-07-23,fixed_hedge_reference,0.01,2.0,10,1.0,0.0,60000.0,0.0,-4696.877998869694,1023.809523809524
2024,2024-08-06,fixed_hedge_reference,0.01,2.0,10,1.0,0.0,60000.0,0.0,-15690.96802933708,1023.809523809524
2024,2024-08-20,fixed_hedge_reference,0.01,2.0,10,1.0,0.0,60000.0,0.0,2913.8090824838705,1023.809523809524
2024,2024-09-04,fixed_hedge_reference,0.01,2.0,10,1.0,0.0,60000.0,0.0,-6638.919985801713,1023.809523809524
2024,2024-09-18,fixed_hedge_reference,0.01,2.0,10,1.0,0.0,60000.0,0.0,4809.124223470936,1023.809523809524
2024,2024-10-02,fixed_hedge_reference,0.01,2.0,10,1.0,0.0,60000.0,0.0,15709.603569194103,1023.809523809524
2024,2024-10-16,fixed_hedge_reference,0.01,2.0,10,1.0,0.0,60000.0,0.0,7536.765178985338,1023.809523809524
2024,2024-10-30,fixed_hedge_reference,0.01,2.0,10,1.0,0.0,60000.0,0.0,17415.634322723396,1023.809523809524
2024,2024-11-13,fixed_hedge_reference,0.01,2.0,10,1.0,0.0,60000.0,0.0,9439.967482381397,1023.809523809524
2024,2024-11-27,fixed_hedge_reference,0.01,2.0,10,1.0,0.0,60000.0,0.0,2298.7168600912064,1023.809523809524
2024,2024-12-11,fixed_hedge_reference,0.01,2.0,10,1.0,0.0,60000.0,0.0,6843.269639465101,1023.809523809524
2024,2024-12-27,fixed_hedge_reference,0.01,2.0,10,1.0,0.0,60000.0,0.0,26049.92917381046,1023.809523809524
2024,2024-01-02,fixed_hedge_reference,0.01,2.0,50,1.0,0.0,60000.0,0.0,7148.972677041213,5023.809523809524
2024,2024-01-16,fixed_hedge_reference,0.01,2.0,50,1.0,0.0,60000.0,0.0,3484.4311025255447,5023.809523809524
2024,2024-01-30,fixed_hedge_reference,0.01,2.0,50,1.0,0.0,60000.0,0.0,4944.440236742503,5023.809523809524
2024,2024-02-13,fixed_hedge_reference,0.01,2.0,50,1.0,0.0,60000.0,0.0,-5740.223288749229,5023.809523809524
2024,2024-02-27,fixed_hedge_reference,0.01,2.0,50,1.0,0.0,60000.0,0.0,-5487.336142956692,5023.809523809524
2024,2024-03-12,fixed_hedge_reference,0.01,2.0,50,1.0,0.0,60000.0,0.0,5770.665036355449,5023.809523809524
2024,2024-03-26,fixed_hedge_reference,0.01,2.0,50,1.0,0.0,60000.0,0.0,12506.65610939893,5023.809523809524
2024,2024-04-11,fixed_hedge_reference,0.01,2.0,50,1.0,0.0,60000.0,0.0,808.4441167208764,5023.809523809524
2024,2024-04-25,fixed_hedge_reference,0.01,2.0,50,1.0,0.0,60000.0,0.0,-6559.6644513711735,5023.809523809524
2024,2024-05-13,fixed_hedge_reference,0.01,2.0,50,1.0,0.0,60000.0,0.0,-7818.002106047588,5023.809523809524
2024,2024-05-28,fixed_hedge_reference,0.01,2.0,50,1.0,0.0,60000.0,0.0,13958.64378830734,5023.809523809524
2024,2024-06-11,fixed_hedge_reference,0.01,2.0,50,1.0,0.0,60000.0,0.0,1617.4638019460017,5023.809523809524
2024,2024-06-25,fixed_hedge_reference,0.01,2.0,50,1.0,0.0,60000.0,0.0,-9212.11942511512,5023.809523809524
2024,2024-07-09,fixed_hedge_reference,0.01,2.0,50,1.0,0.0,60000.0,0.0,-4026.0961561068434,5023.809523809524
2024,2024-07-23,fixed_hedge_reference,0.01,2.0,50,1.0,0.0,60000.0,0.0,-4696.877998869694,5023.809523809524
2024,2024-08-06,fixed_hedge_reference,0.01,2.0,50,1.0,0.0,60000.0,0.0,-15690.96802933708,5023.809523809524
2024,2024-08-20,fixed_hedge_reference,0.01,2.0,50,1.0,0.0,60000.0,0.0,2913.8090824838705,5023.809523809524
2024,2024-09-04,fixed_hedge_reference,0.01,2.0,50,1.0,0.0,60000.0,0.0,-6638.919985801713,5023.809523809524
2024,2024-09-18,fixed_hedge_reference,0.01,2.0,50,1.0,0.0,60000.0,0.0,4809.124223470936,5023.809523809524
2024,2024-10-02,fixed_hedge_reference,0.01,2.0,50,1.0,0.0,60000.0,0.0,15709.603569194103,5023.809523809524
2024,2024-10-16,fixed_hedge_reference,0.01,2.0,50,1.0,0.0,60000.0,0.0,7536.765178985338,5023.809523809524
2024,2024-10-30,fixed_hedge_reference,0.01,2.0,50,1.0,0.0,60000.0,0.0,17415.634322723396,5023.809523809524
2024,2024-11-13,fixed_hedge_reference,0.01,2.0,50,1.0,0.0,60000.0,0.0,9439.967482381397,5023.809523809524
2024,2024-11-27,fixed_hedge_reference,0.01,2.0,50,1.0,0.0,60000.0,0.0,2298.7168600912064,5023.809523809524
2024,2024-12-11,fixed_hedge_reference,0.01,2.0,50,1.0,0.0,60000.0,0.0,6843.269639465101,5023.809523809524
2024,2024-12-27,fixed_hedge_reference,0.01,2.0,50,1.0,0.0,60000.0,0.0,26049.92917381046,5023.809523809524
2024,2024-01-02,fixed_hedge_reference,0.01,2.0,100,1.0,0.0,60000.0,0.0,7148.972677041213,10023.809523809525
2024,2024-01-16,fixed_hedge_reference,0.01,2.0,100,1.0,0.0,60000.0,0.0,3484.4311025255447,10023.809523809525
2024,2024-01-30,fixed_hedge_reference,0.01,2.0,100,1.0,0.0,60000.0,0.0,4944.440236742503,10023.809523809525
2024,2024-02-13,fixed_hedge_reference,0.01,2.0,100,1.0,0.0,60000.0,0.0,-5740.223288749229,10023.809523809525
2024,2024-02-27,fixed_hedge_reference,0.01,2.0,100,1.0,0.0,60000.0,0.0,-5487.336142956692,10023.809523809525
2024,2024-03-12,fixed_hedge_reference,0.01,2.0,100,1.0,0.0,60000.0,0.0,5770.665036355449,10023.809523809525
2024,2024-03-26,fixed_hedge_reference,0.01,2.0,100,1.0,0.0,60000.0,0.0,12506.65610939893,10023.809523809525
2024,2024-04-11,fixed_hedge_reference,0.01,2.0,100,1.0,0.0,60000.0,0.0,808.4441167208764,10023.809523809525
2024,2024-04-25,fixed_hedge_reference,0.01,2.0,100,1.0,0.0,60000.0,0.0,-6559.6644513711735,10023.809523809525
2024,2024-05-13,fixed_hedge_reference,0.01,2.0,100,1.0,0.0,60000.0,0.0,-7818.002106047588,10023.809523809525
2024,2024-05-28,fixed_hedge_reference,0.01,2.0,100,1.0,0.0,60000.0,0.0,13958.64378830734,10023.809523809525
2024,2024-06-11,fixed_hedge_reference,0.01,2.0,100,1.0,0.0,60000.0,0.0,1617.4638019460017,10023.809523809525
2024,2024-06-25,fixed_hedge_reference,0.01,2.0,100,1.0,0.0,60000.0,0.0,-9212.11942511512,10023.809523809525
2024,2024-07-09,fixed_hedge_reference,0.01,2.0,100,1.0,0.0,60000.0,0.0,-4026.0961561068434,10023.809523809525
2024,2024-07-23,fixed_hedge_reference,0.01,2.0,100,1.0,0.0,60000.0,0.0,-4696.877998869694,10023.809523809525
2024,2024-08-06,fixed_hedge_reference,0.01,2.0,100,1.0,0.0,60000.0,0.0,-15690.96802933708,10023.809523809525
2024,2024-08-20,fixed_hedge_reference,0.01,2.0,100,1.0,0.0,60000.0,0.0,2913.8090824838705,10023.809523809525
2024,2024-09-04,fixed_hedge_reference,0.01,2.0,100,1.0,0.0,60000.0,0.0,-6638.919985801713,10023.809523809525
2024,2024-09-18,fixed_hedge_reference,0.01,2.0,100,1.0,0.0,60000.0,0.0,4809.124223470936,10023.809523809525
2024,2024-10-02,fixed_hedge_reference,0.01,2.0,100,1.0,0.0,60000.0,0.0,15709.603569194103,10023.809523809525
2024,2024-10-16,fixed_hedge_reference,0.01,2.0,100,1.0,0.0,60000.0,0.0,7536.765178985338,10023.809523809525
2024,2024-10-30,fixed_hedge_reference,0.01,2.0,100,1.0,0.0,60000.0,0.0,17415.634322723396,10023.809523809525
2024,2024-11-13,fixed_hedge_reference,0.01,2.0,100,1.0,0.0,60000.0,0.0,9439.967482381397,10023.809523809525
2024,2024-11-27,fixed_hedge_reference,0.01,2.0,100,1.0,0.0,60000.0,0.0,2298.7168600912064,10023.809523809525
2024,2024-12-11,fixed_hedge_reference,0.01,2.0,100,1.0,0.0,60000.0,0.0,6843.269639465101,10023.809523809525
2024,2024-12-27,fixed_hedge_reference,0.01,2.0,100,1.0,0.0,60000.0,0.0,26049.92917381046,10023.809523809525
2024,2024-01-02,fixed_hedge_reference,0.05,0.25,10,1.0,0.0,60000.0,0.0,7148.972677041213,1119.047619047619
2024,2024-01-16,fixed_hedge_reference,0.05,0.25,10,1.0,0.0,60000.0,0.0,3484.4311025255447,1119.047619047619
2024,2024-01-30,fixed_hedge_reference,0.05,0.25,10,1.0,0.0,60000.0,0.0,4944.440236742503,1119.047619047619
2024,2024-02-13,fixed_hedge_reference,0.05,0.25,10,1.0,0.0,60000.0,0.0,-5740.223288749229,1119.047619047619
2024,2024-02-27,fixed_hedge_reference,0.05,0.25,10,1.0,0.0,60000.0,0.0,-5487.336142956692,1119.047619047619
2024,2024-03-12,fixed_hedge_reference,0.05,0.25,10,1.0,0.0,60000.0,0.0,5770.665036355449,1119.047619047619
2024,2024-03-26,fixed_hedge_reference,0.05,0.25,10,1.0,0.0,60000.0,0.0,12506.65610939893,1119.047619047619
2024,2024-04-11,fixed_hedge_reference,0.05,0.25,10,1.0,0.0,60000.0,0.0,808.4441167208764,1119.047619047619
2024,2024-04-25,fixed_hedge_reference,0.05,0.25,10,1.0,0.0,60000.0,0.0,-6559.6644513711735,1119.047619047619
2024,2024-05-13,fixed_hedge_reference,0.05,0.25,10,1.0,0.0,60000.0,0.0,-7818.002106047588,1119.047619047619
2024,2024-05-28,fixed_hedge_reference,0.05,0.25,10,1.0,0.0,60000.0,0.0,13958.64378830734,1119.047619047619
2024,2024-06-11,fixed_hedge_reference,0.05,0.25,10,1.0,0.0,60000.0,0.0,1617.4638019460017,1119.047619047619
2024,2024-06-25,fixed_hedge_reference,0.05,0.25,10,1.0,0.0,60000.0,0.0,-9212.11942511512,1119.047619047619
2024,2024-07-09,fixed_hedge_reference,0.05,0.25,10,1.0,0.0,60000.0,0.0,-4026.0961561068434,1119.047619047619
2024,2024-07-23,fixed_hedge_reference,0.05,0.25,10,1.0,0.0,60000.0,0.0,-4696.877998869694,1119.047619047619
2024,2024-08-06,fixed_hedge_reference,0.05,0.25,10,1.0,0.0,60000.0,0.0,-15690.96802933708,1119.047619047619
2024,2024-08-20,fixed_hedge_reference,0.05,0.25,10,1.0,0.0,60000.0,0.0,2913.8090824838705,1119.047619047619
2024,2024-09-04,fixed_hedge_reference,0.05,0.25,10,1.0,0.0,60000.0,0.0,-6638.919985801713,1119.047619047619
2024,2024-09-18,fixed_hedge_reference,0.05,0.25,10,1.0,0.0,60000.0,0.0,4809.124223470936,1119.047619047619
2024,2024-10-02,fixed_hedge_reference,0.05,0.25,10,1.0,0.0,60000.0,0.0,15709.603569194103,1119.047619047619
2024,2024-10-16,fixed_hedge_reference,0.05,0.25,10,1.0,0.0,60000.0,0.0,7536.765178985338,1119.047619047619
2024,2024-10-30,fixed_hedge_reference,0.05,0.25,10,1.0,0.0,60000.0,0.0,17415.634322723396,1119.047619047619
2024,2024-11-13,fixed_hedge_reference,0.05,0.25,10,1.0,0.0,60000.0,0.0,9439.967482381397,1119.047619047619
2024,2024-11-27,fixed_hedge_reference,0.05,0.25,10,1.0,0.0,60000.0,0.0,2298.7168600912064,1119.047619047619
2024,2024-12-11,fixed_hedge_reference,0.05,0.25,10,1.0,0.0,60000.0,0.0,6843.269639465101,1119.047619047619
2024,2024-12-27,fixed_hedge_reference,0.05,0.25,10,1.0,0.0,60000.0,0.0,26049.92917381046,1119.047619047619
2024,2024-01-02,fixed_hedge_reference,0.05,0.25,50,1.0,0.0,60000.0,0.0,7148.972677041213,5119.047619047619
2024,2024-01-16,fixed_hedge_reference,0.05,0.25,50,1.0,0.0,60000.0,0.0,3484.4311025255447,5119.047619047619
2024,2024-01-30,fixed_hedge_reference,0.05,0.25,50,1.0,0.0,60000.0,0.0,4944.440236742503,5119.047619047619
2024,2024-02-13,fixed_hedge_reference,0.05,0.25,50,1.0,0.0,60000.0,0.0,-5740.223288749229,5119.047619047619
2024,2024-02-27,fixed_hedge_reference,0.05,0.25,50,1.0,0.0,60000.0,0.0,-5487.336142956692,5119.047619047619
2024,2024-03-12,fixed_hedge_reference,0.05,0.25,50,1.0,0.0,60000.0,0.0,5770.665036355449,5119.047619047619
2024,2024-03-26,fixed_hedge_reference,0.05,0.25,50,1.0,0.0,60000.0,0.0,12506.65610939893,5119.047619047619
2024,2024-04-11,fixed_hedge_reference,0.05,0.25,50,1.0,0.0,60000.0,0.0,808.4441167208764,5119.047619047619
2024,2024-04-25,fixed_hedge_reference,0.05,0.25,50,1.0,0.0,60000.0,0.0,-6559.6644513711735,5119.047619047619
2024,2024-05-13,fixed_hedge_reference,0.05,0.25,50,1.0,0.0,60000.0,0.0,-7818.002106047588,5119.047619047619
2024,2024-05-28,fixed_hedge_reference,0.05,0.25,50,1.0,0.0,60000.0,0.0,13958.64378830734,5119.047619047619
2024,2024-06-11,fixed_hedge_reference,0.05,0.25,50,1.0,0.0,60000.0,0.0,1617.4638019460017,5119.047619047619
2024,2024-06-25,fixed_hedge_reference,0.05,0.25,50,1.0,0.0,60000.0,0.0,-9212.11942511512,5119.047619047619
2024,2024-07-09,fixed_hedge_reference,0.05,0.25,50,1.0,0.0,60000.0,0.0,-4026.0961561068434,5119.047619047619
2024,2024-07-23,fixed_hedge_reference,0.05,0.25,50,1.0,0.0,60000.0,0.0,-4696.877998869694,5119.047619047619
2024,2024-08-06,fixed_hedge_reference,0.05,0.25,50,1.0,0.0,60000.0,0.0,-15690.96802933708,5119.047619047619
2024,2024-08-20,fixed_hedge_reference,0.05,0.25,50,1.0,0.0,60000.0,0.0,2913.8090824838705,5119.047619047619
2024,2024-09-04,fixed_hedge_reference,0.05,0.25,50,1.0,0.0,60000.0,0.0,-6638.919985801713,5119.047619047619
2024,2024-09-18,fixed_hedge_reference,0.05,0.25,50,1.0,0.0,60000.0,0.0,4809.124223470936,5119.047619047619
2024,2024-10-02,fixed_hedge_reference,0.05,0.25,50,1.0,0.0,60000.0,0.0,15709.603569194103,5119.047619047619
2024,2024-10-16,fixed_hedge_reference,0.05,0.25,50,1.0,0.0,60000.0,0.0,7536.765178985338,5119.047619047619
2024,2024-10-30,fixed_hedge_reference,0.05,0.25,50,1.0,0.0,60000.0,0.0,17415.634322723396,5119.047619047619
2024,2024-11-13,fixed_hedge_reference,0.05,0.25,50,1.0,0.0,60000.0,0.0,9439.967482381397,5119.047619047619
2024,2024-11-27,fixed_hedge_reference,0.05,0.25,50,1.0,0.0,60000.0,0.0,2298.7168600912064,5119.047619047619
2024,2024-12-11,fixed_hedge_reference,0.05,0.25,50,1.0,0.0,60000.0,0.0,6843.269639465101,5119.047619047619
2024,2024-12-27,fixed_hedge_reference,0.05,0.25,50,1.0,0.0,60000.0,0.0,26049.92917381046,5119.047619047619
2024,2024-01-02,fixed_hedge_reference,0.05,0.25,100,1.0,0.0,60000.0,0.0,7148.972677041213,10119.047619047618
2024,2024-01-16,fixed_hedge_reference,0.05,0.25,100,1.0,0.0,60000.0,0.0,3484.4311025255447,10119.047619047618
2024,2024-01-30,fixed_hedge_reference,0.05,0.25,100,1.0,0.0,60000.0,0.0,4944.440236742503,10119.047619047618
2024,2024-02-13,fixed_hedge_reference,0.05,0.25,100,1.0,0.0,60000.0,0.0,-5740.223288749229,10119.047619047618
2024,2024-02-27,fixed_hedge_reference,0.05,0.25,100,1.0,0.0,60000.0,0.0,-5487.336142956692,10119.047619047618
2024,2024-03-12,fixed_hedge_reference,0.05,0.25,100,1.0,0.0,60000.0,0.0,5770.665036355449,10119.047619047618
2024,2024-03-26,fixed_hedge_reference,0.05,0.25,100,1.0,0.0,60000.0,0.0,12506.65610939893,10119.047619047618
2024,2024-04-11,fixed_hedge_reference,0.05,0.25,100,1.0,0.0,60000.0,0.0,808.4441167208764,10119.047619047618
2024,2024-04-25,fixed_hedge_reference,0.05,0.25,100,1.0,0.0,60000.0,0.0,-6559.6644513711735,10119.047619047618
2024,2024-05-13,fixed_hedge_reference,0.05,0.25,100,1.0,0.0,60000.0,0.0,-7818.002106047588,10119.047619047618
2024,2024-05-28,fixed_hedge_reference,0.05,0.25,100,1.0,0.0,60000.0,0.0,13958.64378830734,10119.047619047618
2024,2024-06-11,fixed_hedge_reference,0.05,0.25,100,1.0,0.0,60000.0,0.0,1617.4638019460017,10119.047619047618
2024,2024-06-25,fixed_hedge_reference,0.05,0.25,100,1.0,0.0,60000.0,0.0,-9212.11942511512,10119.047619047618
2024,2024-07-09,fixed_hedge_reference,0.05,0.25,100,1.0,0.0,60000.0,0.0,-4026.0961561068434,10119.047619047618
2024,2024-07-23,fixed_hedge_reference,0.05,0.25,100,1.0,0.0,60000.0,0.0,-4696.877998869694,10119.047619047618
2024,2024-08-06,fixed_hedge_reference,0.05,0.25,100,1.0,0.0,60000.0,0.0,-15690.96802933708,10119.047619047618
2024,2024-08-20,fixed_hedge_reference,0.05,0.25,100,1.0,0.0,60000.0,0.0,2913.8090824838705,10119.047619047618
2024,2024-09-04,fixed_hedge_reference,0.05,0.25,100,1.0,0.0,60000.0,0.0,-6638.919985801713,10119.047619047618
2024,2024-09-18,fixed_hedge_reference,0.05,0.25,100,1.0,0.0,60000.0,0.0,4809.124223470936,10119.047619047618
2024,2024-10-02,fixed_hedge_reference,0.05,0.25,100,1.0,0.0,60000.0,0.0,15709.603569194103,10119.047619047618
2024,2024-10-16,fixed_hedge_reference,0.05,0.25,100,1.0,0.0,60000.0,0.0,7536.765178985338,10119.047619047618
2024,2024-10-30,fixed_hedge_reference,0.05,0.25,100,1.0,0.0,60000.0,0.0,17415.634322723396,10119.047619047618
2024,2024-11-13,fixed_hedge_reference,0.05,0.25,100,1.0,0.0,60000.0,0.0,9439.967482381397,10119.047619047618
2024,2024-11-27,fixed_hedge_reference,0.05,0.25,100,1.0,0.0,60000.0,0.0,2298.7168600912064,10119.047619047618
2024,2024-12-11,fixed_hedge_reference,0.05,0.25,100,1.0,0.0,60000.0,0.0,6843.269639465101,10119.047619047618
2024,2024-12-27,fixed_hedge_reference,0.05,0.25,100,1.0,0.0,60000.0,0.0,26049.92917381046,10119.047619047618
2024,2024-01-02,fixed_hedge_reference,0.05,1.0,10,1.0,0.0,60000.0,0.0,7148.972677041213,1119.047619047619
2024,2024-01-16,fixed_hedge_reference,0.05,1.0,10,1.0,0.0,60000.0,0.0,3484.4311025255447,1119.047619047619
2024,2024-01-30,fixed_hedge_reference,0.05,1.0,10,1.0,0.0,60000.0,0.0,4944.440236742503,1119.047619047619
2024,2024-02-13,fixed_hedge_reference,0.05,1.0,10,1.0,0.0,60000.0,0.0,-5740.223288749229,1119.047619047619
2024,2024-02-27,fixed_hedge_reference,0.05,1.0,10,1.0,0.0,60000.0,0.0,-5487.336142956692,1119.047619047619
2024,2024-03-12,fixed_hedge_reference,0.05,1.0,10,1.0,0.0,60000.0,0.0,5770.665036355449,1119.047619047619
2024,2024-03-26,fixed_hedge_reference,0.05,1.0,10,1.0,0.0,60000.0,0.0,12506.65610939893,1119.047619047619
2024,2024-04-11,fixed_hedge_reference,0.05,1.0,10,1.0,0.0,60000.0,0.0,808.4441167208764,1119.047619047619
2024,2024-04-25,fixed_hedge_reference,0.05,1.0,10,1.0,0.0,60000.0,0.0,-6559.6644513711735,1119.047619047619
2024,2024-05-13,fixed_hedge_reference,0.05,1.0,10,1.0,0.0,60000.0,0.0,-7818.002106047588,1119.047619047619
2024,2024-05-28,fixed_hedge_reference,0.05,1.0,10,1.0,0.0,60000.0,0.0,13958.64378830734,1119.047619047619
2024,2024-06-11,fixed_hedge_reference,0.05,1.0,10,1.0,0.0,60000.0,0.0,1617.4638019460017,1119.047619047619
2024,2024-06-25,fixed_hedge_reference,0.05,1.0,10,1.0,0.0,60000.0,0.0,-9212.11942511512,1119.047619047619
2024,2024-07-09,fixed_hedge_reference,0.05,1.0,10,1.0,0.0,60000.0,0.0,-4026.0961561068434,1119.047619047619
2024,2024-07-23,fixed_hedge_reference,0.05,1.0,10,1.0,0.0,60000.0,0.0,-4696.877998869694,1119.047619047619
2024,2024-08-06,fixed_hedge_reference,0.05,1.0,10,1.0,0.0,60000.0,0.0,-15690.96802933708,1119.047619047619
2024,2024-08-20,fixed_hedge_reference,0.05,1.0,10,1.0,0.0,60000.0,0.0,2913.8090824838705,1119.047619047619
2024,2024-09-04,fixed_hedge_reference,0.05,1.0,10,1.0,0.0,60000.0,0.0,-6638.919985801713,1119.047619047619
2024,2024-09-18,fixed_hedge_reference,0.05,1.0,10,1.0,0.0,60000.0,0.0,4809.124223470936,1119.047619047619
2024,2024-10-02,fixed_hedge_reference,0.05,1.0,10,1.0,0.0,60000.0,0.0,15709.603569194103,1119.047619047619
2024,2024-10-16,fixed_hedge_reference,0.05,1.0,10,1.0,0.0,60000.0,0.0,7536.765178985338,1119.047619047619
2024,2024-10-30,fixed_hedge_reference,0.05,1.0,10,1.0,0.0,60000.0,0.0,17415.634322723396,1119.047619047619
2024,2024-11-13,fixed_hedge_reference,0.05,1.0,10,1.0,0.0,60000.0,0.0,9439.967482381397,1119.047619047619
2024,2024-11-27,fixed_hedge_reference,0.05,1.0,10,1.0,0.0,60000.0,0.0,2298.7168600912064,1119.047619047619
2024,2024-12-11,fixed_hedge_reference,0.05,1.0,10,1.0,0.0,60000.0,0.0,6843.269639465101,1119.047619047619
2024,2024-12-27,fixed_hedge_reference,0.05,1.0,10,1.0,0.0,60000.0,0.0,26049.92917381046,1119.047619047619
2024,2024-01-02,fixed_hedge_reference,0.05,1.0,50,1.0,0.0,60000.0,0.0,7148.972677041213,5119.047619047619
2024,2024-01-16,fixed_hedge_reference,0.05,1.0,50,1.0,0.0,60000.0,0.0,3484.4311025255447,5119.047619047619
2024,2024-01-30,fixed_hedge_reference,0.05,1.0,50,1.0,0.0,60000.0,0.0,4944.440236742503,5119.047619047619
2024,2024-02-13,fixed_hedge_reference,0.05,1.0,50,1.0,0.0,60000.0,0.0,-5740.223288749229,5119.047619047619
2024,2024-02-27,fixed_hedge_reference,0.05,1.0,50,1.0,0.0,60000.0,0.0,-5487.336142956692,5119.047619047619
2024,2024-03-12,fixed_hedge_reference,0.05,1.0,50,1.0,0.0,60000.0,0.0,5770.665036355449,5119.047619047619
2024,2024-03-26,fixed_hedge_reference,0.05,1.0,50,1.0,0.0,60000.0,0.0,12506.65610939893,5119.047619047619
2024,2024-04-11,fixed_hedge_reference,0.05,1.0,50,1.0,0.0,60000.0,0.0,808.4441167208764,5119.047619047619
2024,2024-04-25,fixed_hedge_reference,0.05,1.0,50,1.0,0.0,60000.0,0.0,-6559.6644513711735,5119.047619047619
2024,2024-05-13,fixed_hedge_reference,0.05,1.0,50,1.0,0.0,60000.0,0.0,-7818.002106047588,5119.047619047619
2024,2024-05-28,fixed_hedge_reference,0.05,1.0,50,1.0,0.0,60000.0,0.0,13958.64378830734,5119.047619047619
2024,2024-06-11,fixed_hedge_reference,0.05,1.0,50,1.0,0.0,60000.0,0.0,1617.4638019460017,5119.047619047619
2024,2024-06-25,fixed_hedge_reference,0.05,1.0,50,1.0,0.0,60000.0,0.0,-9212.11942511512,5119.047619047619
2024,2024-07-09,fixed_hedge_reference,0.05,1.0,50,1.0,0.0,60000.0,0.0,-4026.0961561068434,5119.047619047619
2024,2024-07-23,fixed_hedge_reference,0.05,1.0,50,1.0,0.0,60000.0,0.0,-4696.877998869694,5119.047619047619
2024,2024-08-06,fixed_hedge_reference,0.05,1.0,50,1.0,0.0,60000.0,0.0,-15690.96802933708,5119.047619047619
2024,2024-08-20,fixed_hedge_reference,0.05,1.0,50,1.0,0.0,60000.0,0.0,2913.8090824838705,5119.047619047619
2024,2024-09-04,fixed_hedge_reference,0.05,1.0,50,1.0,0.0,60000.0,0.0,-6638.919985801713,5119.047619047619
2024,2024-09-18,fixed_hedge_reference,0.05,1.0,50,1.0,0.0,60000.0,0.0,4809.124223470936,5119.047619047619
2024,2024-10-02,fixed_hedge_reference,0.05,1.0,50,1.0,0.0,60000.0,0.0,15709.603569194103,5119.047619047619
2024,2024-10-16,fixed_hedge_reference,0.05,1.0,50,1.0,0.0,60000.0,0.0,7536.765178985338,5119.047619047619
2024,2024-10-30,fixed_hedge_reference,0.05,1.0,50,1.0,0.0,60000.0,0.0,17415.634322723396,5119.047619047619
2024,2024-11-13,fixed_hedge_reference,0.05,1.0,50,1.0,0.0,60000.0,0.0,9439.967482381397,5119.047619047619
2024,2024-11-27,fixed_hedge_reference,0.05,1.0,50,1.0,0.0,60000.0,0.0,2298.7168600912064,5119.047619047619
2024,2024-12-11,fixed_hedge_reference,0.05,1.0,50,1.0,0.0,60000.0,0.0,6843.269639465101,5119.047619047619
2024,2024-12-27,fixed_hedge_reference,0.05,1.0,50,1.0,0.0,60000.0,0.0,26049.92917381046,5119.047619047619
2024,2024-01-02,fixed_hedge_reference,0.05,1.0,100,1.0,0.0,60000.0,0.0,7148.972677041213,10119.047619047618
2024,2024-01-16,fixed_hedge_reference,0.05,1.0,100,1.0,0.0,60000.0,0.0,3484.4311025255447,10119.047619047618
2024,2024-01-30,fixed_hedge_reference,0.05,1.0,100,1.0,0.0,60000.0,0.0,4944.440236742503,10119.047619047618
2024,2024-02-13,fixed_hedge_reference,0.05,1.0,100,1.0,0.0,60000.0,0.0,-5740.223288749229,10119.047619047618
2024,2024-02-27,fixed_hedge_reference,0.05,1.0,100,1.0,0.0,60000.0,0.0,-5487.336142956692,10119.047619047618
2024,2024-03-12,fixed_hedge_reference,0.05,1.0,100,1.0,0.0,60000.0,0.0,5770.665036355449,10119.047619047618
2024,2024-03-26,fixed_hedge_reference,0.05,1.0,100,1.0,0.0,60000.0,0.0,12506.65610939893,10119.047619047618
2024,2024-04-11,fixed_hedge_reference,0.05,1.0,100,1.0,0.0,60000.0,0.0,808.4441167208764,10119.047619047618
2024,2024-04-25,fixed_hedge_reference,0.05,1.0,100,1.0,0.0,60000.0,0.0,-6559.6644513711735,10119.047619047618
2024,2024-05-13,fixed_hedge_reference,0.05,1.0,100,1.0,0.0,60000.0,0.0,-7818.002106047588,10119.047619047618
2024,2024-05-28,fixed_hedge_reference,0.05,1.0,100,1.0,0.0,60000.0,0.0,13958.64378830734,10119.047619047618
2024,2024-06-11,fixed_hedge_reference,0.05,1.0,100,1.0,0.0,60000.0,0.0,1617.4638019460017,10119.047619047618
2024,2024-06-25,fixed_hedge_reference,0.05,1.0,100,1.0,0.0,60000.0,0.0,-9212.11942511512,10119.047619047618
2024,2024-07-09,fixed_hedge_reference,0.05,1.0,100,1.0,0.0,60000.0,0.0,-4026.0961561068434,10119.047619047618
2024,2024-07-23,fixed_hedge_reference,0.05,1.0,100,1.0,0.0,60000.0,0.0,-4696.877998869694,10119.047619047618
2024,2024-08-06,fixed_hedge_reference,0.05,1.0,100,1.0,0.0,60000.0,0.0,-15690.96802933708,10119.047619047618
2024,2024-08-20,fixed_hedge_reference,0.05,1.0,100,1.0,0.0,60000.0,0.0,2913.8090824838705,10119.047619047618
2024,2024-09-04,fixed_hedge_reference,0.05,1.0,100,1.0,0.0,60000.0,0.0,-6638.919985801713,10119.047619047618
2024,2024-09-18,fixed_hedge_reference,0.05,1.0,100,1.0,0.0,60000.0,0.0,4809.124223470936,10119.047619047618
2024,2024-10-02,fixed_hedge_reference,0.05,1.0,100,1.0,0.0,60000.0,0.0,15709.603569194103,10119.047619047618
2024,2024-10-16,fixed_hedge_reference,0.05,1.0,100,1.0,0.0,60000.0,0.0,7536.765178985338,10119.047619047618
2024,2024-10-30,fixed_hedge_reference,0.05,1.0,100,1.0,0.0,60000.0,0.0,17415.634322723396,10119.047619047618
2024,2024-11-13,fixed_hedge_reference,0.05,1.0,100,1.0,0.0,60000.0,0.0,9439.967482381397,10119.047619047618
2024,2024-11-27,fixed_hedge_reference,0.05,1.0,100,1.0,0.0,60000.0,0.0,2298.7168600912064,10119.047619047618
2024,2024-12-11,fixed_hedge_reference,0.05,1.0,100,1.0,0.0,60000.0,0.0,6843.269639465101,10119.047619047618
2024,2024-12-27,fixed_hedge_reference,0.05,1.0,100,1.0,0.0,60000.0,0.0,26049.92917381046,10119.047619047618
2024,2024-01-02,fixed_hedge_reference,0.05,2.0,10,1.0,0.0,60000.0,0.0,7148.972677041213,1119.047619047619
2024,2024-01-16,fixed_hedge_reference,0.05,2.0,10,1.0,0.0,60000.0,0.0,3484.4311025255447,1119.047619047619
2024,2024-01-30,fixed_hedge_reference,0.05,2.0,10,1.0,0.0,60000.0,0.0,4944.440236742503,1119.047619047619
2024,2024-02-13,fixed_hedge_reference,0.05,2.0,10,1.0,0.0,60000.0,0.0,-5740.223288749229,1119.047619047619
2024,2024-02-27,fixed_hedge_reference,0.05,2.0,10,1.0,0.0,60000.0,0.0,-5487.336142956692,1119.047619047619
2024,2024-03-12,fixed_hedge_reference,0.05,2.0,10,1.0,0.0,60000.0,0.0,5770.665036355449,1119.047619047619
2024,2024-03-26,fixed_hedge_reference,0.05,2.0,10,1.0,0.0,60000.0,0.0,12506.65610939893,1119.047619047619
2024,2024-04-11,fixed_hedge_reference,0.05,2.0,10,1.0,0.0,60000.0,0.0,808.4441167208764,1119.047619047619
2024,2024-04-25,fixed_hedge_reference,0.05,2.0,10,1.0,0.0,60000.0,0.0,-6559.6644513711735,1119.047619047619
2024,2024-05-13,fixed_hedge_reference,0.05,2.0,10,1.0,0.0,60000.0,0.0,-7818.002106047588,1119.047619047619
2024,2024-05-28,fixed_hedge_reference,0.05,2.0,10,1.0,0.0,60000.0,0.0,13958.64378830734,1119.047619047619
2024,2024-06-11,fixed_hedge_reference,0.05,2.0,10,1.0,0.0,60000.0,0.0,1617.4638019460017,1119.047619047619
2024,2024-06-25,fixed_hedge_reference,0.05,2.0,10,1.0,0.0,60000.0,0.0,-9212.11942511512,1119.047619047619
2024,2024-07-09,fixed_hedge_reference,0.05,2.0,10,1.0,0.0,60000.0,0.0,-4026.0961561068434,1119.047619047619
2024,2024-07-23,fixed_hedge_reference,0.05,2.0,10,1.0,0.0,60000.0,0.0,-4696.877998869694,1119.047619047619
2024,2024-08-06,fixed_hedge_reference,0.05,2.0,10,1.0,0.0,60000.0,0.0,-15690.96802933708,1119.047619047619
2024,2024-08-20,fixed_hedge_reference,0.05,2.0,10,1.0,0.0,60000.0,0.0,2913.8090824838705,1119.047619047619
2024,2024-09-04,fixed_hedge_reference,0.05,2.0,10,1.0,0.0,60000.0,0.0,-6638.919985801713,1119.047619047619
2024,2024-09-18,fixed_hedge_reference,0.05,2.0,10,1.0,0.0,60000.0,0.0,4809.124223470936,1119.047619047619
2024,2024-10-02,fixed_hedge_reference,0.05,2.0,10,1.0,0.0,60000.0,0.0,15709.603569194103,1119.047619047619
2024,2024-10-16,fixed_hedge_reference,0.05,2.0,10,1.0,0.0,60000.0,0.0,7536.765178985338,1119.047619047619
2024,2024-10-30,fixed_hedge_reference,0.05,2.0,10,1.0,0.0,60000.0,0.0,17415.634322723396,1119.047619047619
2024,2024-11-13,fixed_hedge_reference,0.05,2.0,10,1.0,0.0,60000.0,0.0,9439.967482381397,1119.047619047619
2024,2024-11-27,fixed_hedge_reference,0.05,2.0,10,1.0,0.0,60000.0,0.0,2298.7168600912064,1119.047619047619
2024,2024-12-11,fixed_hedge_reference,0.05,2.0,10,1.0,0.0,60000.0,0.0,6843.269639465101,1119.047619047619
2024,2024-12-27,fixed_hedge_reference,0.05,2.0,10,1.0,0.0,60000.0,0.0,26049.92917381046,1119.047619047619
2024,2024-01-02,fixed_hedge_reference,0.05,2.0,50,1.0,0.0,60000.0,0.0,7148.972677041213,5119.047619047619
2024,2024-01-16,fixed_hedge_reference,0.05,2.0,50,1.0,0.0,60000.0,0.0,3484.4311025255447,5119.047619047619
2024,2024-01-30,fixed_hedge_reference,0.05,2.0,50,1.0,0.0,60000.0,0.0,4944.440236742503,5119.047619047619
2024,2024-02-13,fixed_hedge_reference,0.05,2.0,50,1.0,0.0,60000.0,0.0,-5740.223288749229,5119.047619047619
2024,2024-02-27,fixed_hedge_reference,0.05,2.0,50,1.0,0.0,60000.0,0.0,-5487.336142956692,5119.047619047619
2024,2024-03-12,fixed_hedge_reference,0.05,2.0,50,1.0,0.0,60000.0,0.0,5770.665036355449,5119.047619047619
2024,2024-03-26,fixed_hedge_reference,0.05,2.0,50,1.0,0.0,60000.0,0.0,12506.65610939893,5119.047619047619
2024,2024-04-11,fixed_hedge_reference,0.05,2.0,50,1.0,0.0,60000.0,0.0,808.4441167208764,5119.047619047619
2024,2024-04-25,fixed_hedge_reference,0.05,2.0,50,1.0,0.0,60000.0,0.0,-6559.6644513711735,5119.047619047619
2024,2024-05-13,fixed_hedge_reference,0.05,2.0,50,1.0,0.0,60000.0,0.0,-7818.002106047588,5119.047619047619
2024,2024-05-28,fixed_hedge_reference,0.05,2.0,50,1.0,0.0,60000.0,0.0,13958.64378830734,5119.047619047619
2024,2024-06-11,fixed_hedge_reference,0.05,2.0,50,1.0,0.0,60000.0,0.0,1617.4638019460017,5119.047619047619
2024,2024-06-25,fixed_hedge_reference,0.05,2.0,50,1.0,0.0,60000.0,0.0,-9212.11942511512,5119.047619047619
2024,2024-07-09,fixed_hedge_reference,0.05,2.0,50,1.0,0.0,60000.0,0.0,-4026.0961561068434,5119.047619047619
2024,2024-07-23,fixed_hedge_reference,0.05,2.0,50,1.0,0.0,60000.0,0.0,-4696.877998869694,5119.047619047619
2024,2024-08-06,fixed_hedge_reference,0.05,2.0,50,1.0,0.0,60000.0,0.0,-15690.96802933708,5119.047619047619
2024,2024-08-20,fixed_hedge_reference,0.05,2.0,50,1.0,0.0,60000.0,0.0,2913.8090824838705,5119.047619047619
2024,2024-09-04,fixed_hedge_reference,0.05,2.0,50,1.0,0.0,60000.0,0.0,-6638.919985801713,5119.047619047619
2024,2024-09-18,fixed_hedge_reference,0.05,2.0,50,1.0,0.0,60000.0,0.0,4809.124223470936,5119.047619047619
2024,2024-10-02,fixed_hedge_reference,0.05,2.0,50,1.0,0.0,60000.0,0.0,15709.603569194103,5119.047619047619
2024,2024-10-16,fixed_hedge_reference,0.05,2.0,50,1.0,0.0,60000.0,0.0,7536.765178985338,5119.047619047619
2024,2024-10-30,fixed_hedge_reference,0.05,2.0,50,1.0,0.0,60000.0,0.0,17415.634322723396,5119.047619047619
2024,2024-11-13,fixed_hedge_reference,0.05,2.0,50,1.0,0.0,60000.0,0.0,9439.967482381397,5119.047619047619
2024,2024-11-27,fixed_hedge_reference,0.05,2.0,50,1.0,0.0,60000.0,0.0,2298.7168600912064,5119.047619047619
2024,2024-12-11,fixed_hedge_reference,0.05,2.0,50,1.0,0.0,60000.0,0.0,6843.269639465101,5119.047619047619
2024,2024-12-27,fixed_hedge_reference,0.05,2.0,50,1.0,0.0,60000.0,0.0,26049.92917381046,5119.047619047619
2024,2024-01-02,fixed_hedge_reference,0.05,2.0,100,1.0,0.0,60000.0,0.0,7148.972677041213,10119.047619047618
2024,2024-01-16,fixed_hedge_reference,0.05,2.0,100,1.0,0.0,60000.0,0.0,3484.4311025255447,10119.047619047618
2024,2024-01-30,fixed_hedge_reference,0.05,2.0,100,1.0,0.0,60000.0,0.0,4944.440236742503,10119.047619047618
2024,2024-02-13,fixed_hedge_reference,0.05,2.0,100,1.0,0.0,60000.0,0.0,-5740.223288749229,10119.047619047618
2024,2024-02-27,fixed_hedge_reference,0.05,2.0,100,1.0,0.0,60000.0,0.0,-5487.336142956692,10119.047619047618
2024,2024-03-12,fixed_hedge_reference,0.05,2.0,100,1.0,0.0,60000.0,0.0,5770.665036355449,10119.047619047618
2024,2024-03-26,fixed_hedge_reference,0.05,2.0,100,1.0,0.0,60000.0,0.0,12506.65610939893,10119.047619047618
2024,2024-04-11,fixed_hedge_reference,0.05,2.0,100,1.0,0.0,60000.0,0.0,808.4441167208764,10119.047619047618
2024,2024-04-25,fixed_hedge_reference,0.05,2.0,100,1.0,0.0,60000.0,0.0,-6559.6644513711735,10119.047619047618
2024,2024-05-13,fixed_hedge_reference,0.05,2.0,100,1.0,0.0,60000.0,0.0,-7818.002106047588,10119.047619047618
2024,2024-05-28,fixed_hedge_reference,0.05,2.0,100,1.0,0.0,60000.0,0.0,13958.64378830734,10119.047619047618
2024,2024-06-11,fixed_hedge_reference,0.05,2.0,100,1.0,0.0,60000.0,0.0,1617.4638019460017,10119.047619047618
2024,2024-06-25,fixed_hedge_reference,0.05,2.0,100,1.0,0.0,60000.0,0.0,-9212.11942511512,10119.047619047618
2024,2024-07-09,fixed_hedge_reference,0.05,2.0,100,1.0,0.0,60000.0,0.0,-4026.0961561068434,10119.047619047618
2024,2024-07-23,fixed_hedge_reference,0.05,2.0,100,1.0,0.0,60000.0,0.0,-4696.877998869694,10119.047619047618
2024,2024-08-06,fixed_hedge_reference,0.05,2.0,100,1.0,0.0,60000.0,0.0,-15690.96802933708,10119.047619047618
2024,2024-08-20,fixed_hedge_reference,0.05,2.0,100,1.0,0.0,60000.0,0.0,2913.8090824838705,10119.047619047618
2024,2024-09-04,fixed_hedge_reference,0.05,2.0,100,1.0,0.0,60000.0,0.0,-6638.919985801713,10119.047619047618
2024,2024-09-18,fixed_hedge_reference,0.05,2.0,100,1.0,0.0,60000.0,0.0,4809.124223470936,10119.047619047618
2024,2024-10-02,fixed_hedge_reference,0.05,2.0,100,1.0,0.0,60000.0,0.0,15709.603569194103,10119.047619047618
2024,2024-10-16,fixed_hedge_reference,0.05,2.0,100,1.0,0.0,60000.0,0.0,7536.765178985338,10119.047619047618
2024,2024-10-30,fixed_hedge_reference,0.05,2.0,100,1.0,0.0,60000.0,0.0,17415.634322723396,10119.047619047618
2024,2024-11-13,fixed_hedge_reference,0.05,2.0,100,1.0,0.0,60000.0,0.0,9439.967482381397,10119.047619047618
2024,2024-11-27,fixed_hedge_reference,0.05,2.0,100,1.0,0.0,60000.0,0.0,2298.7168600912064,10119.047619047618
2024,2024-12-11,fixed_hedge_reference,0.05,2.0,100,1.0,0.0,60000.0,0.0,6843.269639465101,10119.047619047618
2024,2024-12-27,fixed_hedge_reference,0.05,2.0,100,1.0,0.0,60000.0,0.0,26049.92917381046,10119.047619047618
2024,2024-01-02,fixed_hedge_reference,0.1,0.25,10,1.0,0.0,60000.0,0.0,7148.972677041213,1238.095238095238
2024,2024-01-16,fixed_hedge_reference,0.1,0.25,10,1.0,0.0,60000.0,0.0,3484.4311025255447,1238.095238095238
2024,2024-01-30,fixed_hedge_reference,0.1,0.25,10,1.0,0.0,60000.0,0.0,4944.440236742503,1238.095238095238
2024,2024-02-13,fixed_hedge_reference,0.1,0.25,10,1.0,0.0,60000.0,0.0,-5740.223288749229,1238.095238095238
2024,2024-02-27,fixed_hedge_reference,0.1,0.25,10,1.0,0.0,60000.0,0.0,-5487.336142956692,1238.095238095238
2024,2024-03-12,fixed_hedge_reference,0.1,0.25,10,1.0,0.0,60000.0,0.0,5770.665036355449,1238.095238095238
2024,2024-03-26,fixed_hedge_reference,0.1,0.25,10,1.0,0.0,60000.0,0.0,12506.65610939893,1238.095238095238
2024,2024-04-11,fixed_hedge_reference,0.1,0.25,10,1.0,0.0,60000.0,0.0,808.4441167208764,1238.095238095238
2024,2024-04-25,fixed_hedge_reference,0.1,0.25,10,1.0,0.0,60000.0,0.0,-6559.6644513711735,1238.095238095238
2024,2024-05-13,fixed_hedge_reference,0.1,0.25,10,1.0,0.0,60000.0,0.0,-7818.002106047588,1238.095238095238
2024,2024-05-28,fixed_hedge_reference,0.1,0.25,10,1.0,0.0,60000.0,0.0,13958.64378830734,1238.095238095238
2024,2024-06-11,fixed_hedge_reference,0.1,0.25,10,1.0,0.0,60000.0,0.0,1617.4638019460017,1238.095238095238
2024,2024-06-25,fixed_hedge_reference,0.1,0.25,10,1.0,0.0,60000.0,0.0,-9212.11942511512,1238.095238095238
2024,2024-07-09,fixed_hedge_reference,0.1,0.25,10,1.0,0.0,60000.0,0.0,-4026.0961561068434,1238.095238095238
2024,2024-07-23,fixed_hedge_reference,0.1,0.25,10,1.0,0.0,60000.0,0.0,-4696.877998869694,1238.095238095238
2024,2024-08-06,fixed_hedge_reference,0.1,0.25,10,1.0,0.0,60000.0,0.0,-15690.96802933708,1238.095238095238
2024,2024-08-20,fixed_hedge_reference,0.1,0.25,10,1.0,0.0,60000.0,0.0,2913.8090824838705,1238.095238095238
2024,2024-09-04,fixed_hedge_reference,0.1,0.25,10,1.0,0.0,60000.0,0.0,-6638.919985801713,1238.095238095238
2024,2024-09-18,fixed_hedge_reference,0.1,0.25,10,1.0,0.0,60000.0,0.0,4809.124223470936,1238.095238095238
2024,2024-10-02,fixed_hedge_reference,0.1,0.25,10,1.0,0.0,60000.0,0.0,15709.603569194103,1238.095238095238
2024,2024-10-16,fixed_hedge_reference,0.1,0.25,10,1.0,0.0,60000.0,0.0,7536.765178985338,1238.095238095238
2024,2024-10-30,fixed_hedge_reference,0.1,0.25,10,1.0,0.0,60000.0,0.0,17415.634322723396,1238.095238095238
2024,2024-11-13,fixed_hedge_reference,0.1,0.25,10,1.0,0.0,60000.0,0.0,9439.967482381397,1238.095238095238
2024,2024-11-27,fixed_hedge_reference,0.1,0.25,10,1.0,0.0,60000.0,0.0,2298.7168600912064,1238.095238095238
2024,2024-12-11,fixed_hedge_reference,0.1,0.25,10,1.0,0.0,60000.0,0.0,6843.269639465101,1238.095238095238
2024,2024-12-27,fixed_hedge_reference,0.1,0.25,10,1.0,0.0,60000.0,0.0,26049.92917381046,1238.095238095238
2024,2024-01-02,fixed_hedge_reference,0.1,0.25,50,1.0,0.0,60000.0,0.0,7148.972677041213,5238.095238095239
2024,2024-01-16,fixed_hedge_reference,0.1,0.25,50,1.0,0.0,60000.0,0.0,3484.4311025255447,5238.095238095239
2024,2024-01-30,fixed_hedge_reference,0.1,0.25,50,1.0,0.0,60000.0,0.0,4944.440236742503,5238.095238095239
2024,2024-02-13,fixed_hedge_reference,0.1,0.25,50,1.0,0.0,60000.0,0.0,-5740.223288749229,5238.095238095239
2024,2024-02-27,fixed_hedge_reference,0.1,0.25,50,1.0,0.0,60000.0,0.0,-5487.336142956692,5238.095238095239
2024,2024-03-12,fixed_hedge_reference,0.1,0.25,50,1.0,0.0,60000.0,0.0,5770.665036355449,5238.095238095239
2024,2024-03-26,fixed_hedge_reference,0.1,0.25,50,1.0,0.0,60000.0,0.0,12506.65610939893,5238.095238095239
2024,2024-04-11,fixed_hedge_reference,0.1,0.25,50,1.0,0.0,60000.0,0.0,808.4441167208764,5238.095238095239
2024,2024-04-25,fixed_hedge_reference,0.1,0.25,50,1.0,0.0,60000.0,0.0,-6559.6644513711735,5238.095238095239
2024,2024-05-13,fixed_hedge_reference,0.1,0.25,50,1.0,0.0,60000.0,0.0,-7818.002106047588,5238.095238095239
2024,2024-05-28,fixed_hedge_reference,0.1,0.25,50,1.0,0.0,60000.0,0.0,13958.64378830734,5238.095238095239
2024,2024-06-11,fixed_hedge_reference,0.1,0.25,50,1.0,0.0,60000.0,0.0,1617.4638019460017,5238.095238095239
2024,2024-06-25,fixed_hedge_reference,0.1,0.25,50,1.0,0.0,60000.0,0.0,-9212.11942511512,5238.095238095239
2024,2024-07-09,fixed_hedge_reference,0.1,0.25,50,1.0,0.0,60000.0,0.0,-4026.0961561068434,5238.095238095239
2024,2024-07-23,fixed_hedge_reference,0.1,0.25,50,1.0,0.0,60000.0,0.0,-4696.877998869694,5238.095238095239
2024,2024-08-06,fixed_hedge_reference,0.1,0.25,50,1.0,0.0,60000.0,0.0,-15690.96802933708,5238.095238095239
2024,2024-08-20,fixed_hedge_reference,0.1,0.25,50,1.0,0.0,60000.0,0.0,2913.8090824838705,5238.095238095239
2024,2024-09-04,fixed_hedge_reference,0.1,0.25,50,1.0,0.0,60000.0,0.0,-6638.919985801713,5238.095238095239
2024,2024-09-18,fixed_hedge_reference,0.1,0.25,50,1.0,0.0,60000.0,0.0,4809.124223470936,5238.095238095239
2024,2024-10-02,fixed_hedge_reference,0.1,0.25,50,1.0,0.0,60000.0,0.0,15709.603569194103,5238.095238095239
2024,2024-10-16,fixed_hedge_reference,0.1,0.25,50,1.0,0.0,60000.0,0.0,7536.765178985338,5238.095238095239
2024,2024-10-30,fixed_hedge_reference,0.1,0.25,50,1.0,0.0,60000.0,0.0,17415.634322723396,5238.095238095239
2024,2024-11-13,fixed_hedge_reference,0.1,0.25,50,1.0,0.0,60000.0,0.0,9439.967482381397,5238.095238095239
2024,2024-11-27,fixed_hedge_reference,0.1,0.25,50,1.0,0.0,60000.0,0.0,2298.7168600912064,5238.095238095239
2024,2024-12-11,fixed_hedge_reference,0.1,0.25,50,1.0,0.0,60000.0,0.0,6843.269639465101,5238.095238095239
2024,2024-12-27,fixed_hedge_reference,0.1,0.25,50,1.0,0.0,60000.0,0.0,26049.92917381046,5238.095238095239
2024,2024-01-02,fixed_hedge_reference,0.1,0.25,100,1.0,0.0,60000.0,0.0,7148.972677041213,10238.09523809524
2024,2024-01-16,fixed_hedge_reference,0.1,0.25,100,1.0,0.0,60000.0,0.0,3484.4311025255447,10238.09523809524
2024,2024-01-30,fixed_hedge_reference,0.1,0.25,100,1.0,0.0,60000.0,0.0,4944.440236742503,10238.09523809524
2024,2024-02-13,fixed_hedge_reference,0.1,0.25,100,1.0,0.0,60000.0,0.0,-5740.223288749229,10238.09523809524
2024,2024-02-27,fixed_hedge_reference,0.1,0.25,100,1.0,0.0,60000.0,0.0,-5487.336142956692,10238.09523809524
2024,2024-03-12,fixed_hedge_reference,0.1,0.25,100,1.0,0.0,60000.0,0.0,5770.665036355449,10238.09523809524
2024,2024-03-26,fixed_hedge_reference,0.1,0.25,100,1.0,0.0,60000.0,0.0,12506.65610939893,10238.09523809524
2024,2024-04-11,fixed_hedge_reference,0.1,0.25,100,1.0,0.0,60000.0,0.0,808.4441167208764,10238.09523809524
2024,2024-04-25,fixed_hedge_reference,0.1,0.25,100,1.0,0.0,60000.0,0.0,-6559.6644513711735,10238.09523809524
2024,2024-05-13,fixed_hedge_reference,0.1,0.25,100,1.0,0.0,60000.0,0.0,-7818.002106047588,10238.09523809524
2024,2024-05-28,fixed_hedge_reference,0.1,0.25,100,1.0,0.0,60000.0,0.0,13958.64378830734,10238.09523809524
2024,2024-06-11,fixed_hedge_reference,0.1,0.25,100,1.0,0.0,60000.0,0.0,1617.4638019460017,10238.09523809524
2024,2024-06-25,fixed_hedge_reference,0.1,0.25,100,1.0,0.0,60000.0,0.0,-9212.11942511512,10238.09523809524
2024,2024-07-09,fixed_hedge_reference,0.1,0.25,100,1.0,0.0,60000.0,0.0,-4026.0961561068434,10238.09523809524
2024,2024-07-23,fixed_hedge_reference,0.1,0.25,100,1.0,0.0,60000.0,0.0,-4696.877998869694,10238.09523809524
2024,2024-08-06,fixed_hedge_reference,0.1,0.25,100,1.0,0.0,60000.0,0.0,-15690.96802933708,10238.09523809524
2024,2024-08-20,fixed_hedge_reference,0.1,0.25,100,1.0,0.0,60000.0,0.0,2913.8090824838705,10238.09523809524
2024,2024-09-04,fixed_hedge_reference,0.1,0.25,100,1.0,0.0,60000.0,0.0,-6638.919985801713,10238.09523809524
2024,2024-09-18,fixed_hedge_reference,0.1,0.25,100,1.0,0.0,60000.0,0.0,4809.124223470936,10238.09523809524
2024,2024-10-02,fixed_hedge_reference,0.1,0.25,100,1.0,0.0,60000.0,0.0,15709.603569194103,10238.09523809524
2024,2024-10-16,fixed_hedge_reference,0.1,0.25,100,1.0,0.0,60000.0,0.0,7536.765178985338,10238.09523809524
2024,2024-10-30,fixed_hedge_reference,0.1,0.25,100,1.0,0.0,60000.0,0.0,17415.634322723396,10238.09523809524
2024,2024-11-13,fixed_hedge_reference,0.1,0.25,100,1.0,0.0,60000.0,0.0,9439.967482381397,10238.09523809524
2024,2024-11-27,fixed_hedge_reference,0.1,0.25,100,1.0,0.0,60000.0,0.0,2298.7168600912064,10238.09523809524
2024,2024-12-11,fixed_hedge_reference,0.1,0.25,100,1.0,0.0,60000.0,0.0,6843.269639465101,10238.09523809524
2024,2024-12-27,fixed_hedge_reference,0.1,0.25,100,1.0,0.0,60000.0,0.0,26049.92917381046,10238.09523809524
2024,2024-01-02,fixed_hedge_reference,0.1,1.0,10,1.0,0.0,60000.0,0.0,7148.972677041213,1238.095238095238
2024,2024-01-16,fixed_hedge_reference,0.1,1.0,10,1.0,0.0,60000.0,0.0,3484.4311025255447,1238.095238095238
2024,2024-01-30,fixed_hedge_reference,0.1,1.0,10,1.0,0.0,60000.0,0.0,4944.440236742503,1238.095238095238
2024,2024-02-13,fixed_hedge_reference,0.1,1.0,10,1.0,0.0,60000.0,0.0,-5740.223288749229,1238.095238095238
2024,2024-02-27,fixed_hedge_reference,0.1,1.0,10,1.0,0.0,60000.0,0.0,-5487.336142956692,1238.095238095238
2024,2024-03-12,fixed_hedge_reference,0.1,1.0,10,1.0,0.0,60000.0,0.0,5770.665036355449,1238.095238095238
2024,2024-03-26,fixed_hedge_reference,0.1,1.0,10,1.0,0.0,60000.0,0.0,12506.65610939893,1238.095238095238
2024,2024-04-11,fixed_hedge_reference,0.1,1.0,10,1.0,0.0,60000.0,0.0,808.4441167208764,1238.095238095238
2024,2024-04-25,fixed_hedge_reference,0.1,1.0,10,1.0,0.0,60000.0,0.0,-6559.6644513711735,1238.095238095238
2024,2024-05-13,fixed_hedge_reference,0.1,1.0,10,1.0,0.0,60000.0,0.0,-7818.002106047588,1238.095238095238
2024,2024-05-28,fixed_hedge_reference,0.1,1.0,10,1.0,0.0,60000.0,0.0,13958.64378830734,1238.095238095238
2024,2024-06-11,fixed_hedge_reference,0.1,1.0,10,1.0,0.0,60000.0,0.0,1617.4638019460017,1238.095238095238
2024,2024-06-25,fixed_hedge_reference,0.1,1.0,10,1.0,0.0,60000.0,0.0,-9212.11942511512,1238.095238095238
2024,2024-07-09,fixed_hedge_reference,0.1,1.0,10,1.0,0.0,60000.0,0.0,-4026.0961561068434,1238.095238095238
2024,2024-07-23,fixed_hedge_reference,0.1,1.0,10,1.0,0.0,60000.0,0.0,-4696.877998869694,1238.095238095238
2024,2024-08-06,fixed_hedge_reference,0.1,1.0,10,1.0,0.0,60000.0,0.0,-15690.96802933708,1238.095238095238
2024,2024-08-20,fixed_hedge_reference,0.1,1.0,10,1.0,0.0,60000.0,0.0,2913.8090824838705,1238.095238095238
2024,2024-09-04,fixed_hedge_reference,0.1,1.0,10,1.0,0.0,60000.0,0.0,-6638.919985801713,1238.095238095238
2024,2024-09-18,fixed_hedge_reference,0.1,1.0,10,1.0,0.0,60000.0,0.0,4809.124223470936,1238.095238095238
2024,2024-10-02,fixed_hedge_reference,0.1,1.0,10,1.0,0.0,60000.0,0.0,15709.603569194103,1238.095238095238
2024,2024-10-16,fixed_hedge_reference,0.1,1.0,10,1.0,0.0,60000.0,0.0,7536.765178985338,1238.095238095238
2024,2024-10-30,fixed_hedge_reference,0.1,1.0,10,1.0,0.0,60000.0,0.0,17415.634322723396,1238.095238095238
2024,2024-11-13,fixed_hedge_reference,0.1,1.0,10,1.0,0.0,60000.0,0.0,9439.967482381397,1238.095238095238
2024,2024-11-27,fixed_hedge_reference,0.1,1.0,10,1.0,0.0,60000.0,0.0,2298.7168600912064,1238.095238095238
2024,2024-12-11,fixed_hedge_reference,0.1,1.0,10,1.0,0.0,60000.0,0.0,6843.269639465101,1238.095238095238
2024,2024-12-27,fixed_hedge_reference,0.1,1.0,10,1.0,0.0,60000.0,0.0,26049.92917381046,1238.095238095238
2024,2024-01-02,fixed_hedge_reference,0.1,1.0,50,1.0,0.0,60000.0,0.0,7148.972677041213,5238.095238095239
2024,2024-01-16,fixed_hedge_reference,0.1,1.0,50,1.0,0.0,60000.0,0.0,3484.4311025255447,5238.095238095239
2024,2024-01-30,fixed_hedge_reference,0.1,1.0,50,1.0,0.0,60000.0,0.0,4944.440236742503,5238.095238095239
2024,2024-02-13,fixed_hedge_reference,0.1,1.0,50,1.0,0.0,60000.0,0.0,-5740.223288749229,5238.095238095239
2024,2024-02-27,fixed_hedge_reference,0.1,1.0,50,1.0,0.0,60000.0,0.0,-5487.336142956692,5238.095238095239
2024,2024-03-12,fixed_hedge_reference,0.1,1.0,50,1.0,0.0,60000.0,0.0,5770.665036355449,5238.095238095239
2024,2024-03-26,fixed_hedge_reference,0.1,1.0,50,1.0,0.0,60000.0,0.0,12506.65610939893,5238.095238095239
2024,2024-04-11,fixed_hedge_reference,0.1,1.0,50,1.0,0.0,60000.0,0.0,808.4441167208764,5238.095238095239
2024,2024-04-25,fixed_hedge_reference,0.1,1.0,50,1.0,0.0,60000.0,0.0,-6559.6644513711735,5238.095238095239
2024,2024-05-13,fixed_hedge_reference,0.1,1.0,50,1.0,0.0,60000.0,0.0,-7818.002106047588,5238.095238095239
2024,2024-05-28,fixed_hedge_reference,0.1,1.0,50,1.0,0.0,60000.0,0.0,13958.64378830734,5238.095238095239
2024,2024-06-11,fixed_hedge_reference,0.1,1.0,50,1.0,0.0,60000.0,0.0,1617.4638019460017,5238.095238095239
2024,2024-06-25,fixed_hedge_reference,0.1,1.0,50,1.0,0.0,60000.0,0.0,-9212.11942511512,5238.095238095239
2024,2024-07-09,fixed_hedge_reference,0.1,1.0,50,1.0,0.0,60000.0,0.0,-4026.0961561068434,5238.095238095239
2024,2024-07-23,fixed_hedge_reference,0.1,1.0,50,1.0,0.0,60000.0,0.0,-4696.877998869694,5238.095238095239
2024,2024-08-06,fixed_hedge_reference,0.1,1.0,50,1.0,0.0,60000.0,0.0,-15690.96802933708,5238.095238095239
2024,2024-08-20,fixed_hedge_reference,0.1,1.0,50,1.0,0.0,60000.0,0.0,2913.8090824838705,5238.095238095239
2024,2024-09-04,fixed_hedge_reference,0.1,1.0,50,1.0,0.0,60000.0,0.0,-6638.919985801713,5238.095238095239
2024,2024-09-18,fixed_hedge_reference,0.1,1.0,50,1.0,0.0,60000.0,0.0,4809.124223470936,5238.095238095239
2024,2024-10-02,fixed_hedge_reference,0.1,1.0,50,1.0,0.0,60000.0,0.0,15709.603569194103,5238.095238095239
2024,2024-10-16,fixed_hedge_reference,0.1,1.0,50,1.0,0.0,60000.0,0.0,7536.765178985338,5238.095238095239
2024,2024-10-30,fixed_hedge_reference,0.1,1.0,50,1.0,0.0,60000.0,0.0,17415.634322723396,5238.095238095239
2024,2024-11-13,fixed_hedge_reference,0.1,1.0,50,1.0,0.0,60000.0,0.0,9439.967482381397,5238.095238095239
2024,2024-11-27,fixed_hedge_reference,0.1,1.0,50,1.0,0.0,60000.0,0.0,2298.7168600912064,5238.095238095239
2024,2024-12-11,fixed_hedge_reference,0.1,1.0,50,1.0,0.0,60000.0,0.0,6843.269639465101,5238.095238095239
2024,2024-12-27,fixed_hedge_reference,0.1,1.0,50,1.0,0.0,60000.0,0.0,26049.92917381046,5238.095238095239
2024,2024-01-02,fixed_hedge_reference,0.1,1.0,100,1.0,0.0,60000.0,0.0,7148.972677041213,10238.09523809524
2024,2024-01-16,fixed_hedge_reference,0.1,1.0,100,1.0,0.0,60000.0,0.0,3484.4311025255447,10238.09523809524
2024,2024-01-30,fixed_hedge_reference,0.1,1.0,100,1.0,0.0,60000.0,0.0,4944.440236742503,10238.09523809524
2024,2024-02-13,fixed_hedge_reference,0.1,1.0,100,1.0,0.0,60000.0,0.0,-5740.223288749229,10238.09523809524
2024,2024-02-27,fixed_hedge_reference,0.1,1.0,100,1.0,0.0,60000.0,0.0,-5487.336142956692,10238.09523809524
2024,2024-03-12,fixed_hedge_reference,0.1,1.0,100,1.0,0.0,60000.0,0.0,5770.665036355449,10238.09523809524
2024,2024-03-26,fixed_hedge_reference,0.1,1.0,100,1.0,0.0,60000.0,0.0,12506.65610939893,10238.09523809524
2024,2024-04-11,fixed_hedge_reference,0.1,1.0,100,1.0,0.0,60000.0,0.0,808.4441167208764,10238.09523809524
2024,2024-04-25,fixed_hedge_reference,0.1,1.0,100,1.0,0.0,60000.0,0.0,-6559.6644513711735,10238.09523809524
2024,2024-05-13,fixed_hedge_reference,0.1,1.0,100,1.0,0.0,60000.0,0.0,-7818.002106047588,10238.09523809524
2024,2024-05-28,fixed_hedge_reference,0.1,1.0,100,1.0,0.0,60000.0,0.0,13958.64378830734,10238.09523809524
2024,2024-06-11,fixed_hedge_reference,0.1,1.0,100,1.0,0.0,60000.0,0.0,1617.4638019460017,10238.09523809524
2024,2024-06-25,fixed_hedge_reference,0.1,1.0,100,1.0,0.0,60000.0,0.0,-9212.11942511512,10238.09523809524
2024,2024-07-09,fixed_hedge_reference,0.1,1.0,100,1.0,0.0,60000.0,0.0,-4026.0961561068434,10238.09523809524
2024,2024-07-23,fixed_hedge_reference,0.1,1.0,100,1.0,0.0,60000.0,0.0,-4696.877998869694,10238.09523809524
2024,2024-08-06,fixed_hedge_reference,0.1,1.0,100,1.0,0.0,60000.0,0.0,-15690.96802933708,10238.09523809524
2024,2024-08-20,fixed_hedge_reference,0.1,1.0,100,1.0,0.0,60000.0,0.0,2913.8090824838705,10238.09523809524
2024,2024-09-04,fixed_hedge_reference,0.1,1.0,100,1.0,0.0,60000.0,0.0,-6638.919985801713,10238.09523809524
2024,2024-09-18,fixed_hedge_reference,0.1,1.0,100,1.0,0.0,60000.0,0.0,4809.124223470936,10238.09523809524
2024,2024-10-02,fixed_hedge_reference,0.1,1.0,100,1.0,0.0,60000.0,0.0,15709.603569194103,10238.09523809524
2024,2024-10-16,fixed_hedge_reference,0.1,1.0,100,1.0,0.0,60000.0,0.0,7536.765178985338,10238.09523809524
2024,2024-10-30,fixed_hedge_reference,0.1,1.0,100,1.0,0.0,60000.0,0.0,17415.634322723396,10238.09523809524
2024,2024-11-13,fixed_hedge_reference,0.1,1.0,100,1.0,0.0,60000.0,0.0,9439.967482381397,10238.09523809524
2024,2024-11-27,fixed_hedge_reference,0.1,1.0,100,1.0,0.0,60000.0,0.0,2298.7168600912064,10238.09523809524
2024,2024-12-11,fixed_hedge_reference,0.1,1.0,100,1.0,0.0,60000.0,0.0,6843.269639465101,10238.09523809524
2024,2024-12-27,fixed_hedge_reference,0.1,1.0,100,1.0,0.0,60000.0,0.0,26049.92917381046,10238.09523809524
2024,2024-01-02,fixed_hedge_reference,0.1,2.0,10,1.0,0.0,60000.0,0.0,7148.972677041213,1238.095238095238
2024,2024-01-16,fixed_hedge_reference,0.1,2.0,10,1.0,0.0,60000.0,0.0,3484.4311025255447,1238.095238095238
2024,2024-01-30,fixed_hedge_reference,0.1,2.0,10,1.0,0.0,60000.0,0.0,4944.440236742503,1238.095238095238
2024,2024-02-13,fixed_hedge_reference,0.1,2.0,10,1.0,0.0,60000.0,0.0,-5740.223288749229,1238.095238095238
2024,2024-02-27,fixed_hedge_reference,0.1,2.0,10,1.0,0.0,60000.0,0.0,-5487.336142956692,1238.095238095238
2024,2024-03-12,fixed_hedge_reference,0.1,2.0,10,1.0,0.0,60000.0,0.0,5770.665036355449,1238.095238095238
2024,2024-03-26,fixed_hedge_reference,0.1,2.0,10,1.0,0.0,60000.0,0.0,12506.65610939893,1238.095238095238
2024,2024-04-11,fixed_hedge_reference,0.1,2.0,10,1.0,0.0,60000.0,0.0,808.4441167208764,1238.095238095238
2024,2024-04-25,fixed_hedge_reference,0.1,2.0,10,1.0,0.0,60000.0,0.0,-6559.6644513711735,1238.095238095238
2024,2024-05-13,fixed_hedge_reference,0.1,2.0,10,1.0,0.0,60000.0,0.0,-7818.002106047588,1238.095238095238
2024,2024-05-28,fixed_hedge_reference,0.1,2.0,10,1.0,0.0,60000.0,0.0,13958.64378830734,1238.095238095238
2024,2024-06-11,fixed_hedge_reference,0.1,2.0,10,1.0,0.0,60000.0,0.0,1617.4638019460017,1238.095238095238
2024,2024-06-25,fixed_hedge_reference,0.1,2.0,10,1.0,0.0,60000.0,0.0,-9212.11942511512,1238.095238095238
2024,2024-07-09,fixed_hedge_reference,0.1,2.0,10,1.0,0.0,60000.0,0.0,-4026.0961561068434,1238.095238095238
2024,2024-07-23,fixed_hedge_reference,0.1,2.0,10,1.0,0.0,60000.0,0.0,-4696.877998869694,1238.095238095238
2024,2024-08-06,fixed_hedge_reference,0.1,2.0,10,1.0,0.0,60000.0,0.0,-15690.96802933708,1238.095238095238
2024,2024-08-20,fixed_hedge_reference,0.1,2.0,10,1.0,0.0,60000.0,0.0,2913.8090824838705,1238.095238095238
2024,2024-09-04,fixed_hedge_reference,0.1,2.0,10,1.0,0.0,60000.0,0.0,-6638.919985801713,1238.095238095238
2024,2024-09-18,fixed_hedge_reference,0.1,2.0,10,1.0,0.0,60000.0,0.0,4809.124223470936,1238.095238095238
2024,2024-10-02,fixed_hedge_reference,0.1,2.0,10,1.0,0.0,60000.0,0.0,15709.603569194103,1238.095238095238
2024,2024-10-16,fixed_hedge_reference,0.1,2.0,10,1.0,0.0,60000.0,0.0,7536.765178985338,1238.095238095238
2024,2024-10-30,fixed_hedge_reference,0.1,2.0,10,1.0,0.0,60000.0,0.0,17415.634322723396,1238.095238095238
2024,2024-11-13,fixed_hedge_reference,0.1,2.0,10,1.0,0.0,60000.0,0.0,9439.967482381397,1238.095238095238
2024,2024-11-27,fixed_hedge_reference,0.1,2.0,10,1.0,0.0,60000.0,0.0,2298.7168600912064,1238.095238095238
2024,2024-12-11,fixed_hedge_reference,0.1,2.0,10,1.0,0.0,60000.0,0.0,6843.269639465101,1238.095238095238
2024,2024-12-27,fixed_hedge_reference,0.1,2.0,10,1.0,0.0,60000.0,0.0,26049.92917381046,1238.095238095238
2024,2024-01-02,fixed_hedge_reference,0.1,2.0,50,1.0,0.0,60000.0,0.0,7148.972677041213,5238.095238095239
2024,2024-01-16,fixed_hedge_reference,0.1,2.0,50,1.0,0.0,60000.0,0.0,3484.4311025255447,5238.095238095239
2024,2024-01-30,fixed_hedge_reference,0.1,2.0,50,1.0,0.0,60000.0,0.0,4944.440236742503,5238.095238095239
2024,2024-02-13,fixed_hedge_reference,0.1,2.0,50,1.0,0.0,60000.0,0.0,-5740.223288749229,5238.095238095239
2024,2024-02-27,fixed_hedge_reference,0.1,2.0,50,1.0,0.0,60000.0,0.0,-5487.336142956692,5238.095238095239
2024,2024-03-12,fixed_hedge_reference,0.1,2.0,50,1.0,0.0,60000.0,0.0,5770.665036355449,5238.095238095239
2024,2024-03-26,fixed_hedge_reference,0.1,2.0,50,1.0,0.0,60000.0,0.0,12506.65610939893,5238.095238095239
2024,2024-04-11,fixed_hedge_reference,0.1,2.0,50,1.0,0.0,60000.0,0.0,808.4441167208764,5238.095238095239
2024,2024-04-25,fixed_hedge_reference,0.1,2.0,50,1.0,0.0,60000.0,0.0,-6559.6644513711735,5238.095238095239
2024,2024-05-13,fixed_hedge_reference,0.1,2.0,50,1.0,0.0,60000.0,0.0,-7818.002106047588,5238.095238095239
2024,2024-05-28,fixed_hedge_reference,0.1,2.0,50,1.0,0.0,60000.0,0.0,13958.64378830734,5238.095238095239
2024,2024-06-11,fixed_hedge_reference,0.1,2.0,50,1.0,0.0,60000.0,0.0,1617.4638019460017,5238.095238095239
2024,2024-06-25,fixed_hedge_reference,0.1,2.0,50,1.0,0.0,60000.0,0.0,-9212.11942511512,5238.095238095239
2024,2024-07-09,fixed_hedge_reference,0.1,2.0,50,1.0,0.0,60000.0,0.0,-4026.0961561068434,5238.095238095239
2024,2024-07-23,fixed_hedge_reference,0.1,2.0,50,1.0,0.0,60000.0,0.0,-4696.877998869694,5238.095238095239
2024,2024-08-06,fixed_hedge_reference,0.1,2.0,50,1.0,0.0,60000.0,0.0,-15690.96802933708,5238.095238095239
2024,2024-08-20,fixed_hedge_reference,0.1,2.0,50,1.0,0.0,60000.0,0.0,2913.8090824838705,5238.095238095239
2024,2024-09-04,fixed_hedge_reference,0.1,2.0,50,1.0,0.0,60000.0,0.0,-6638.919985801713,5238.095238095239
2024,2024-09-18,fixed_hedge_reference,0.1,2.0,50,1.0,0.0,60000.0,0.0,4809.124223470936,5238.095238095239
2024,2024-10-02,fixed_hedge_reference,0.1,2.0,50,1.0,0.0,60000.0,0.0,15709.603569194103,5238.095238095239
2024,2024-10-16,fixed_hedge_reference,0.1,2.0,50,1.0,0.0,60000.0,0.0,7536.765178985338,5238.095238095239
2024,2024-10-30,fixed_hedge_reference,0.1,2.0,50,1.0,0.0,60000.0,0.0,17415.634322723396,5238.095238095239
2024,2024-11-13,fixed_hedge_reference,0.1,2.0,50,1.0,0.0,60000.0,0.0,9439.967482381397,5238.095238095239
2024,2024-11-27,fixed_hedge_reference,0.1,2.0,50,1.0,0.0,60000.0,0.0,2298.7168600912064,5238.095238095239
2024,2024-12-11,fixed_hedge_reference,0.1,2.0,50,1.0,0.0,60000.0,0.0,6843.269639465101,5238.095238095239
2024,2024-12-27,fixed_hedge_reference,0.1,2.0,50,1.0,0.0,60000.0,0.0,26049.92917381046,5238.095238095239
2024,2024-01-02,fixed_hedge_reference,0.1,2.0,100,1.0,0.0,60000.0,0.0,7148.972677041213,10238.09523809524
2024,2024-01-16,fixed_hedge_reference,0.1,2.0,100,1.0,0.0,60000.0,0.0,3484.4311025255447,10238.09523809524
2024,2024-01-30,fixed_hedge_reference,0.1,2.0,100,1.0,0.0,60000.0,0.0,4944.440236742503,10238.09523809524
2024,2024-02-13,fixed_hedge_reference,0.1,2.0,100,1.0,0.0,60000.0,0.0,-5740.223288749229,10238.09523809524
2024,2024-02-27,fixed_hedge_reference,0.1,2.0,100,1.0,0.0,60000.0,0.0,-5487.336142956692,10238.09523809524
2024,2024-03-12,fixed_hedge_reference,0.1,2.0,100,1.0,0.0,60000.0,0.0,5770.665036355449,10238.09523809524
2024,2024-03-26,fixed_hedge_reference,0.1,2.0,100,1.0,0.0,60000.0,0.0,12506.65610939893,10238.09523809524
2024,2024-04-11,fixed_hedge_reference,0.1,2.0,100,1.0,0.0,60000.0,0.0,808.4441167208764,10238.09523809524
2024,2024-04-25,fixed_hedge_reference,0.1,2.0,100,1.0,0.0,60000.0,0.0,-6559.6644513711735,10238.09523809524
2024,2024-05-13,fixed_hedge_reference,0.1,2.0,100,1.0,0.0,60000.0,0.0,-7818.002106047588,10238.09523809524
2024,2024-05-28,fixed_hedge_reference,0.1,2.0,100,1.0,0.0,60000.0,0.0,13958.64378830734,10238.09523809524
2024,2024-06-11,fixed_hedge_reference,0.1,2.0,100,1.0,0.0,60000.0,0.0,1617.4638019460017,10238.09523809524
2024,2024-06-25,fixed_hedge_reference,0.1,2.0,100,1.0,0.0,60000.0,0.0,-9212.11942511512,10238.09523809524
2024,2024-07-09,fixed_hedge_reference,0.1,2.0,100,1.0,0.0,60000.0,0.0,-4026.0961561068434,10238.09523809524
2024,2024-07-23,fixed_hedge_reference,0.1,2.0,100,1.0,0.0,60000.0,0.0,-4696.877998869694,10238.09523809524
2024,2024-08-06,fixed_hedge_reference,0.1,2.0,100,1.0,0.0,60000.0,0.0,-15690.96802933708,10238.09523809524
2024,2024-08-20,fixed_hedge_reference,0.1,2.0,100,1.0,0.0,60000.0,0.0,2913.8090824838705,10238.09523809524
2024,2024-09-04,fixed_hedge_reference,0.1,2.0,100,1.0,0.0,60000.0,0.0,-6638.919985801713,10238.09523809524
2024,2024-09-18,fixed_hedge_reference,0.1,2.0,100,1.0,0.0,60000.0,0.0,4809.124223470936,10238.09523809524
2024,2024-10-02,fixed_hedge_reference,0.1,2.0,100,1.0,0.0,60000.0,0.0,15709.603569194103,10238.09523809524
2024,2024-10-16,fixed_hedge_reference,0.1,2.0,100,1.0,0.0,60000.0,0.0,7536.765178985338,10238.09523809524
2024,2024-10-30,fixed_hedge_reference,0.1,2.0,100,1.0,0.0,60000.0,0.0,17415.634322723396,10238.09523809524
2024,2024-11-13,fixed_hedge_reference,0.1,2.0,100,1.0,0.0,60000.0,0.0,9439.967482381397,10238.09523809524
2024,2024-11-27,fixed_hedge_reference,0.1,2.0,100,1.0,0.0,60000.0,0.0,2298.7168600912064,10238.09523809524
2024,2024-12-11,fixed_hedge_reference,0.1,2.0,100,1.0,0.0,60000.0,0.0,6843.269639465101,10238.09523809524
2024,2024-12-27,fixed_hedge_reference,0.1,2.0,100,1.0,0.0,60000.0,0.0,26049.92917381046,10238.09523809524
2025,2025-01-13,tabular,0.01,0.25,10,0.25,0.0,145000.0,0.0,-78361.21639685142,307.53968253968253
2025,2025-01-27,tabular,0.01,0.25,10,0.25,0.0,145000.0,0.0,9685.535064231764,307.53968253968253
2025,2025-02-10,tabular,0.01,0.25,10,0.25,0.0,145000.0,0.0,-26888.50178557108,307.53968253968253
2025,2025-02-24,tabular,0.01,0.25,10,0.25,0.0,145000.0,0.0,-71325.02805251618,307.53968253968253
2025,2025-03-10,tabular,0.01,0.25,10,0.25,0.0,145000.0,0.0,32407.0376965088,307.53968253968253
2025,2025-03-24,tabular,0.01,0.25,10,0.25,0.0,145000.0,0.0,-91059.71917917082,307.53968253968253
2025,2025-04-07,tabular,0.01,0.25,10,0.25,0.0,145000.0,0.0,-16353.746873898464,307.53968253968253
2025,2025-04-23,tabular,0.01,0.25,10,0.25,0.0,145000.0,0.0,-30312.18124298168,307.53968253968253
2025,2025-05-09,tabular,0.01,0.25,10,0.25,0.0,145000.0,0.0,9008.540540757536,307.53968253968253
2025,2025-05-23,tabular,0.01,0.25,10,0.25,0.0,145000.0,0.0,28029.669524703757,307.53968253968253
2025,2025-06-09,tabular,0.01,0.25,10,0.25,0.0,145000.0,0.0,55372.21326310515,307.53968253968253
2025,2025-06-23,tabular,0.01,0.25,10,0.25,0.0,145000.0,0.0,-45238.52650023257,307.53968253968253
2025,2025-07-07,tabular,0.01,0.25,10,0.0,0.0,150000.0,0.0,4809.285802397146,59.523809523809526
2025,2025-07-21,tabular,0.01,0.25,10,0.25,0.0,145000.0,0.0,-16080.376091607704,307.53968253968253
2025,2025-08-04,tabular,0.01,0.25,10,0.25,0.0,145000.0,0.0,-23947.808518175392,307.53968253968253
2025,2025-08-18,tabular,0.01,0.25,10,0.25,0.0,145000.0,0.0,1325.305820622979,307.53968253968253
2025,2025-09-02,tabular,0.01,0.25,10,0.25,0.0,145000.0,0.0,3667.332169372286,307.53968253968253
2025,2025-09-16,tabular,0.01,0.25,10,0.25,0.0,145000.0,0.0,-7064.523974051166,307.53968253968253
2025,2025-09-30,tabular,0.01,0.25,10,0.25,0.0,145000.0,0.0,-45458.43165807229,307.53968253968253
2025,2025-10-14,tabular,0.01,0.25,10,0.25,0.0,145000.0,0.0,5532.851547039026,307.53968253968253
2025,2025-10-28,tabular,0.01,0.25,10,0.25,0.0,145000.0,0.0,2747.750194040412,307.53968253968253
2025,2025-11-11,tabular,0.01,0.25,10,0.25,0.0,145000.0,0.0,3608.749178434797,307.53968253968253
2025,2025-11-25,tabular,0.01,0.25,10,0.25,0.0,145000.0,0.0,-23289.19564709743,307.53968253968253
2025,2025-12-09,tabular,0.01,0.25,10,0.25,0.0,145000.0,0.0,75.00955369145207,307.53968253968253
2025,2025-12-23,tabular,0.01,0.25,10,0.25,0.0,145000.0,0.0,29244.052754372668,307.53968253968253
2025,2025-01-13,tabular,0.01,0.25,50,0.0,0.0,150000.0,0.0,-94657.02000067291,59.523809523809526
2025,2025-01-27,tabular,0.01,0.25,50,0.0,0.0,150000.0,0.0,6224.991726586258,59.523809523809526
2025,2025-02-10,tabular,0.01,0.25,50,0.0,0.0,150000.0,0.0,-31283.09708925729,59.523809523809526
2025,2025-02-24,tabular,0.01,0.25,50,0.0,0.0,150000.0,0.0,-84043.68207842085,59.523809523809526
2025,2025-03-10,tabular,0.01,0.25,50,0.0,0.0,150000.0,0.0,42536.469322845296,59.523809523809526
2025,2025-03-24,tabular,0.01,0.25,50,0.0,0.0,150000.0,0.0,-117526.72837332982,59.523809523809526
2025,2025-04-07,tabular,0.01,0.25,50,0.0,0.0,150000.0,0.0,-8301.425688354797,59.523809523809526
2025,2025-04-23,tabular,0.01,0.25,50,0.0,0.0,150000.0,0.0,-44962.04939416831,59.523809523809526
2025,2025-05-09,tabular,0.01,0.25,50,0.0,0.0,150000.0,0.0,13482.552367710488,59.523809523809526
2025,2025-05-23,tabular,0.01,0.25,50,0.0,0.0,150000.0,0.0,40718.86077986352,59.523809523809526
2025,2025-06-09,tabular,0.01,0.25,50,0.0,0.0,150000.0,0.0,75778.1495354753,59.523809523809526
2025,2025-06-23,tabular,0.01,0.25,50,0.0,0.0,150000.0,0.0,-53275.92224949273,59.523809523809526
2025,2025-07-07,tabular,0.01,0.25,50,0.0,0.0,150000.0,0.0,4809.285802397146,59.523809523809526
2025,2025-07-21,tabular,0.01,0.25,50,0.0,0.0,150000.0,0.0,-24283.935602174988,59.523809523809526
2025,2025-08-04,tabular,0.01,0.25,50,0.0,0.0,150000.0,0.0,-28907.55549919895,59.523809523809526
2025,2025-08-18,tabular,0.01,0.25,50,0.0,0.0,150000.0,0.0,995.2970203883016,59.523809523809526
2025,2025-09-02,tabular,0.01,0.25,50,0.0,0.0,150000.0,0.0,9541.90993409545,59.523809523809526
2025,2025-09-16,tabular,0.01,0.25,50,0.0,0.0,150000.0,0.0,-11261.682820370575,59.523809523809526
2025,2025-09-30,tabular,0.01,0.25,50,0.0,0.0,150000.0,0.0,-65598.53673688137,59.523809523809526
2025,2025-10-14,tabular,0.01,0.25,50,0.0,0.0,150000.0,0.0,9620.15313434061,59.523809523809526
2025,2025-10-28,tabular,0.01,0.25,50,0.0,0.0,150000.0,0.0,2083.9988274934626,59.523809523809526
2025,2025-11-11,tabular,0.01,0.25,50,0.0,0.0,150000.0,0.0,4117.674953567915,59.523809523809526
2025,2025-11-25,tabular,0.01,0.25,50,0.0,0.0,150000.0,0.0,-28641.59445941188,59.523809523809526
2025,2025-12-09,tabular,0.01,0.25,50,0.0,0.0,150000.0,0.0,4386.731048421589,59.523809523809526
2025,2025-12-23,tabular,0.01,0.25,50,0.0,0.0,150000.0,0.0,34777.80471669603,59.523809523809526
2025,2025-01-13,tabular,0.01,0.25,100,0.0,0.0,150000.0,0.0,-94657.02000067291,59.523809523809526
2025,2025-01-27,tabular,0.01,0.25,100,0.0,0.0,150000.0,0.0,6224.991726586258,59.523809523809526
2025,2025-02-10,tabular,0.01,0.25,100,0.0,0.0,150000.0,0.0,-31283.09708925729,59.523809523809526
2025,2025-02-24,tabular,0.01,0.25,100,0.0,0.0,150000.0,0.0,-84043.68207842085,59.523809523809526
2025,2025-03-10,tabular,0.01,0.25,100,0.0,0.0,150000.0,0.0,42536.469322845296,59.523809523809526
2025,2025-03-24,tabular,0.01,0.25,100,0.0,0.0,150000.0,0.0,-117526.72837332982,59.523809523809526
2025,2025-04-07,tabular,0.01,0.25,100,0.0,0.0,150000.0,0.0,-8301.425688354797,59.523809523809526
2025,2025-04-23,tabular,0.01,0.25,100,0.0,0.0,150000.0,0.0,-44962.04939416831,59.523809523809526
2025,2025-05-09,tabular,0.01,0.25,100,0.0,0.0,150000.0,0.0,13482.552367710488,59.523809523809526
2025,2025-05-23,tabular,0.01,0.25,100,0.0,0.0,150000.0,0.0,40718.86077986352,59.523809523809526
2025,2025-06-09,tabular,0.01,0.25,100,0.0,0.0,150000.0,0.0,75778.1495354753,59.523809523809526
2025,2025-06-23,tabular,0.01,0.25,100,0.0,0.0,150000.0,0.0,-53275.92224949273,59.523809523809526
2025,2025-07-07,tabular,0.01,0.25,100,0.0,0.0,150000.0,0.0,4809.285802397146,59.523809523809526
2025,2025-07-21,tabular,0.01,0.25,100,0.0,0.0,150000.0,0.0,-24283.935602174988,59.523809523809526
2025,2025-08-04,tabular,0.01,0.25,100,0.0,0.0,150000.0,0.0,-28907.55549919895,59.523809523809526
2025,2025-08-18,tabular,0.01,0.25,100,0.0,0.0,150000.0,0.0,995.2970203883016,59.523809523809526
2025,2025-09-02,tabular,0.01,0.25,100,0.0,0.0,150000.0,0.0,9541.90993409545,59.523809523809526
2025,2025-09-16,tabular,0.01,0.25,100,0.0,0.0,150000.0,0.0,-11261.682820370575,59.523809523809526
2025,2025-09-30,tabular,0.01,0.25,100,0.0,0.0,150000.0,0.0,-65598.53673688137,59.523809523809526
2025,2025-10-14,tabular,0.01,0.25,100,0.0,0.0,150000.0,0.0,9620.15313434061,59.523809523809526
2025,2025-10-28,tabular,0.01,0.25,100,0.0,0.0,150000.0,0.0,2083.9988274934626,59.523809523809526
2025,2025-11-11,tabular,0.01,0.25,100,0.0,0.0,150000.0,0.0,4117.674953567915,59.523809523809526
2025,2025-11-25,tabular,0.01,0.25,100,0.0,0.0,150000.0,0.0,-28641.59445941188,59.523809523809526
2025,2025-12-09,tabular,0.01,0.25,100,0.0,0.0,150000.0,0.0,4386.731048421589,59.523809523809526
2025,2025-12-23,tabular,0.01,0.25,100,0.0,0.0,150000.0,0.0,34777.80471669603,59.523809523809526
2025,2025-01-13,tabular,0.01,1.0,10,0.75,0.0,145000.0,0.0,-45769.60918920845,807.5396825396825
2025,2025-01-27,tabular,0.01,1.0,10,0.75,0.0,145000.0,0.0,16606.621739522772,807.5396825396825
2025,2025-02-10,tabular,0.01,1.0,10,0.75,0.0,145000.0,0.0,-18099.311178198644,807.5396825396825
2025,2025-02-24,tabular,0.01,1.0,10,0.75,0.0,145000.0,0.0,-45887.72000070686,807.5396825396825
2025,2025-03-10,tabular,0.01,1.0,10,0.75,0.0,145000.0,0.0,12148.174443835784,807.5396825396825
2025,2025-03-24,tabular,0.01,1.0,10,0.75,0.0,145000.0,0.0,-38125.7007908528,807.5396825396825
2025,2025-04-07,tabular,0.01,1.0,10,0.75,0.0,145000.0,0.0,-32458.389244985792,807.5396825396825
2025,2025-04-23,tabular,0.01,1.0,10,0.75,0.0,145000.0,0.0,-1012.4449406084188,807.5396825396825
2025,2025-05-09,tabular,0.01,1.0,10,0.75,0.0,145000.0,0.0,60.516886851635576,807.5396825396825
2025,2025-05-23,tabular,0.01,1.0,10,0.75,0.0,145000.0,0.0,2651.2870143842115,807.5396825396825
2025,2025-06-09,tabular,0.01,1.0,10,0.75,0.0,145000.0,0.0,14560.340718364872,807.5396825396825
2025,2025-06-23,tabular,0.01,1.0,10,0.75,0.0,145000.0,0.0,-29163.73500171226,807.5396825396825
2025,2025-07-07,tabular,0.01,1.0,10,0.75,0.0,145000.0,0.0,5122.002967094836,807.5396825396825
2025,2025-07-21,tabular,0.01,1.0,10,0.75,0.0,145000.0,0.0,326.74292952685965,807.5396825396825
2025,2025-08-04,tabular,0.01,1.0,10,0.75,0.0,145000.0,0.0,-14028.314556128282,807.5396825396825
2025,2025-08-18,tabular,0.01,1.0,10,0.75,0.0,145000.0,0.0,1985.323421092332,807.5396825396825
2025,2025-09-02,tabular,0.01,1.0,10,0.75,0.0,145000.0,0.0,-8081.823360074045,807.5396825396825
2025,2025-09-16,tabular,0.01,1.0,10,0.75,0.0,145000.0,0.0,1329.793718587654,807.5396825396825
2025,2025-09-30,tabular,0.01,1.0,10,0.75,0.0,145000.0,0.0,-5178.221500454106,807.5396825396825
2025,2025-10-14,tabular,0.01,1.0,10,0.75,0.0,145000.0,0.0,-2641.7516275641424,807.5396825396825
2025,2025-10-28,tabular,0.01,1.0,10,0.75,0.0,145000.0,0.0,4075.252927134312,807.5396825396825
2025,2025-11-11,tabular,0.01,1.0,10,0.75,0.0,145000.0,0.0,2590.8976281685614,807.5396825396825
2025,2025-11-25,tabular,0.01,1.0,10,0.75,0.0,145000.0,0.0,-12584.398022468538,807.5396825396825
2025,2025-12-09,tabular,0.01,1.0,10,0.75,0.0,145000.0,0.0,-8548.433435768822,807.5396825396825
2025,2025-12-23,tabular,0.01,1.0,10,0.75,0.0,145000.0,0.0,18176.54882972594,807.5396825396825
2025,2025-01-13,tabular,0.01,1.0,50,0.0,0.0,150000.0,0.0,-94657.02000067291,59.523809523809526
2025,2025-01-27,tabular,0.01,1.0,50,0.25,0.0,145000.0,0.0,9685.535064231764,1307.5396825396826
2025,2025-02-10,tabular,0.01,1.0,50,0.0,0.0,150000.0,0.0,-31283.09708925729,59.523809523809526
2025,2025-02-24,tabular,0.01,1.0,50,0.0,0.0,150000.0,0.0,-84043.68207842085,59.523809523809526
2025,2025-03-10,tabular,0.01,1.0,50,0.0,0.0,150000.0,0.0,42536.469322845296,59.523809523809526
2025,2025-03-24,tabular,0.01,1.0,50,0.0,0.0,150000.0,0.0,-117526.72837332982,59.523809523809526
2025,2025-04-07,tabular,0.01,1.0,50,0.0,0.0,150000.0,0.0,-8301.425688354797,59.523809523809526
2025,2025-04-23,tabular,0.01,1.0,50,0.25,0.0,145000.0,0.0,-30312.18124298168,1307.5396825396826
2025,2025-05-09,tabular,0.01,1.0,50,0.25,0.0,145000.0,0.0,9008.540540757536,1307.5396825396826
2025,2025-05-23,tabular,0.01,1.0,50,0.0,0.0,150000.0,0.0,40718.86077986352,59.523809523809526
2025,2025-06-09,tabular,0.01,1.0,50,0.25,0.0,145000.0,0.0,55372.21326310515,1307.5396825396826
2025,2025-06-23,tabular,0.01,1.0,50,0.0,0.0,150000.0,0.0,-53275.92224949273,59.523809523809526
2025,2025-07-07,tabular,0.01,1.0,50,0.0,0.0,150000.0,0.0,4809.285802397146,59.523809523809526
2025,2025-07-21,tabular,0.01,1.0,50,0.0,0.0,150000.0,0.0,-24283.935602174988,59.523809523809526
2025,2025-08-04,tabular,0.01,1.0,50,0.0,0.0,150000.0,0.0,-28907.55549919895,59.523809523809526
2025,2025-08-18,tabular,0.01,1.0,50,0.0,0.0,150000.0,0.0,995.2970203883016,59.523809523809526
2025,2025-09-02,tabular,0.01,1.0,50,0.0,0.0,150000.0,0.0,9541.90993409545,59.523809523809526
2025,2025-09-16,tabular,0.01,1.0,50,0.0,0.0,150000.0,0.0,-11261.682820370575,59.523809523809526
2025,2025-09-30,tabular,0.01,1.0,50,0.25,0.0,145000.0,0.0,-45458.43165807229,1307.5396825396826
2025,2025-10-14,tabular,0.01,1.0,50,0.0,0.0,150000.0,0.0,9620.15313434061,59.523809523809526
2025,2025-10-28,tabular,0.01,1.0,50,0.25,0.0,145000.0,0.0,2747.750194040412,1307.5396825396826
2025,2025-11-11,tabular,0.01,1.0,50,0.0,0.0,150000.0,0.0,4117.674953567915,59.523809523809526
2025,2025-11-25,tabular,0.01,1.0,50,0.25,0.0,145000.0,0.0,-23289.19564709743,1307.5396825396826
2025,2025-12-09,tabular,0.01,1.0,50,0.25,0.0,145000.0,0.0,75.00955369145207,1307.5396825396826
2025,2025-12-23,tabular,0.01,1.0,50,0.25,0.0,145000.0,0.0,29244.052754372668,1307.5396825396826
2025,2025-01-13,tabular,0.01,1.0,100,0.0,0.0,150000.0,0.0,-94657.02000067291,59.523809523809526
2025,2025-01-27,tabular,0.01,1.0,100,0.0,0.0,150000.0,0.0,6224.991726586258,59.523809523809526
2025,2025-02-10,tabular,0.01,1.0,100,0.0,0.0,150000.0,0.0,-31283.09708925729,59.523809523809526
2025,2025-02-24,tabular,0.01,1.0,100,0.0,0.0,150000.0,0.0,-84043.68207842085,59.523809523809526
2025,2025-03-10,tabular,0.01,1.0,100,0.0,0.0,150000.0,0.0,42536.469322845296,59.523809523809526
2025,2025-03-24,tabular,0.01,1.0,100,0.0,0.0,150000.0,0.0,-117526.72837332982,59.523809523809526
2025,2025-04-07,tabular,0.01,1.0,100,0.0,0.0,150000.0,0.0,-8301.425688354797,59.523809523809526
2025,2025-04-23,tabular,0.01,1.0,100,0.0,0.0,150000.0,0.0,-44962.04939416831,59.523809523809526
2025,2025-05-09,tabular,0.01,1.0,100,0.0,0.0,150000.0,0.0,13482.552367710488,59.523809523809526
2025,2025-05-23,tabular,0.01,1.0,100,0.0,0.0,150000.0,0.0,40718.86077986352,59.523809523809526
2025,2025-06-09,tabular,0.01,1.0,100,0.0,0.0,150000.0,0.0,75778.1495354753,59.523809523809526
2025,2025-06-23,tabular,0.01,1.0,100,0.0,0.0,150000.0,0.0,-53275.92224949273,59.523809523809526
2025,2025-07-07,tabular,0.01,1.0,100,0.0,0.0,150000.0,0.0,4809.285802397146,59.523809523809526
2025,2025-07-21,tabular,0.01,1.0,100,0.0,0.0,150000.0,0.0,-24283.935602174988,59.523809523809526
2025,2025-08-04,tabular,0.01,1.0,100,0.0,0.0,150000.0,0.0,-28907.55549919895,59.523809523809526
2025,2025-08-18,tabular,0.01,1.0,100,0.0,0.0,150000.0,0.0,995.2970203883016,59.523809523809526
2025,2025-09-02,tabular,0.01,1.0,100,0.0,0.0,150000.0,0.0,9541.90993409545,59.523809523809526
2025,2025-09-16,tabular,0.01,1.0,100,0.0,0.0,150000.0,0.0,-11261.682820370575,59.523809523809526
2025,2025-09-30,tabular,0.01,1.0,100,0.0,0.0,150000.0,0.0,-65598.53673688137,59.523809523809526
2025,2025-10-14,tabular,0.01,1.0,100,0.0,0.0,150000.0,0.0,9620.15313434061,59.523809523809526
2025,2025-10-28,tabular,0.01,1.0,100,0.0,0.0,150000.0,0.0,2083.9988274934626,59.523809523809526
2025,2025-11-11,tabular,0.01,1.0,100,0.0,0.0,150000.0,0.0,4117.674953567915,59.523809523809526
2025,2025-11-25,tabular,0.01,1.0,100,0.0,0.0,150000.0,0.0,-28641.59445941188,59.523809523809526
2025,2025-12-09,tabular,0.01,1.0,100,0.0,0.0,150000.0,0.0,4386.731048421589,59.523809523809526
2025,2025-12-23,tabular,0.01,1.0,100,0.0,0.0,150000.0,0.0,34777.80471669603,59.523809523809526
2025,2025-01-13,tabular,0.01,2.0,10,0.75,0.0,145000.0,0.0,-45769.60918920845,807.5396825396825
2025,2025-01-27,tabular,0.01,2.0,10,0.75,0.0,145000.0,0.0,16606.621739522772,807.5396825396825
2025,2025-02-10,tabular,0.01,2.0,10,0.75,0.0,145000.0,0.0,-18099.311178198644,807.5396825396825
2025,2025-02-24,tabular,0.01,2.0,10,0.75,0.0,145000.0,0.0,-45887.72000070686,807.5396825396825
2025,2025-03-10,tabular,0.01,2.0,10,0.75,0.0,145000.0,0.0,12148.174443835784,807.5396825396825
2025,2025-03-24,tabular,0.01,2.0,10,0.75,0.0,145000.0,0.0,-38125.7007908528,807.5396825396825
2025,2025-04-07,tabular,0.01,2.0,10,0.75,0.0,145000.0,0.0,-32458.389244985792,807.5396825396825
2025,2025-04-23,tabular,0.01,2.0,10,0.75,0.0,145000.0,0.0,-1012.4449406084188,807.5396825396825
2025,2025-05-09,tabular,0.01,2.0,10,0.75,0.0,145000.0,0.0,60.516886851635576,807.5396825396825
2025,2025-05-23,tabular,0.01,2.0,10,0.75,0.0,145000.0,0.0,2651.2870143842115,807.5396825396825
2025,2025-06-09,tabular,0.01,2.0,10,0.75,0.0,145000.0,0.0,14560.340718364872,807.5396825396825
2025,2025-06-23,tabular,0.01,2.0,10,0.75,0.0,145000.0,0.0,-29163.73500171226,807.5396825396825
2025,2025-07-07,tabular,0.01,2.0,10,0.75,0.0,145000.0,0.0,5122.002967094836,807.5396825396825
2025,2025-07-21,tabular,0.01,2.0,10,0.75,0.0,145000.0,0.0,326.74292952685965,807.5396825396825
2025,2025-08-04,tabular,0.01,2.0,10,0.75,0.0,145000.0,0.0,-14028.314556128282,807.5396825396825
2025,2025-08-18,tabular,0.01,2.0,10,0.75,0.0,145000.0,0.0,1985.323421092332,807.5396825396825
2025,2025-09-02,tabular,0.01,2.0,10,0.75,0.0,145000.0,0.0,-8081.823360074045,807.5396825396825
2025,2025-09-16,tabular,0.01,2.0,10,0.75,0.0,145000.0,0.0,1329.793718587654,807.5396825396825
2025,2025-09-30,tabular,0.01,2.0,10,0.75,0.0,145000.0,0.0,-5178.221500454106,807.5396825396825
2025,2025-10-14,tabular,0.01,2.0,10,0.75,0.0,145000.0,0.0,-2641.7516275641424,807.5396825396825
2025,2025-10-28,tabular,0.01,2.0,10,0.75,0.0,145000.0,0.0,4075.252927134312,807.5396825396825
2025,2025-11-11,tabular,0.01,2.0,10,0.75,0.0,145000.0,0.0,2590.8976281685614,807.5396825396825
2025,2025-11-25,tabular,0.01,2.0,10,0.75,0.0,145000.0,0.0,-12584.398022468538,807.5396825396825
2025,2025-12-09,tabular,0.01,2.0,10,0.75,0.0,145000.0,0.0,-8548.433435768822,807.5396825396825
2025,2025-12-23,tabular,0.01,2.0,10,0.75,0.0,145000.0,0.0,18176.54882972594,807.5396825396825
2025,2025-01-13,tabular,0.01,2.0,50,0.5,0.0,145000.0,0.0,-62065.41279302994,2557.5396825396824
2025,2025-01-27,tabular,0.01,2.0,50,0.5,0.0,145000.0,0.0,13146.078401877268,2557.5396825396824
2025,2025-02-10,tabular,0.01,2.0,50,0.5,0.0,145000.0,0.0,-22493.90648188486,2557.5396825396824
2025,2025-02-24,tabular,0.01,2.0,50,0.5,0.0,145000.0,0.0,-58606.37402661152,2557.5396825396824
2025,2025-03-10,tabular,0.01,2.0,50,0.5,0.0,145000.0,0.0,22277.60607017229,2557.5396825396824
2025,2025-03-24,tabular,0.01,2.0,50,0.25,0.0,145000.0,0.0,-91059.71917917082,1307.5396825396826
2025,2025-04-07,tabular,0.01,2.0,50,0.5,0.0,145000.0,0.0,-24406.06805944213,2557.5396825396824
2025,2025-04-23,tabular,0.01,2.0,50,0.5,0.0,145000.0,0.0,-15662.313091795048,2557.5396825396824
2025,2025-05-09,tabular,0.01,2.0,50,0.5,0.0,145000.0,0.0,4534.528713804586,2557.5396825396824
2025,2025-05-23,tabular,0.01,2.0,50,0.5,0.0,145000.0,0.0,15340.478269543984,2557.5396825396824
2025,2025-06-09,tabular,0.01,2.0,50,0.5,0.0,145000.0,0.0,34966.276990735016,2557.5396825396824
2025,2025-06-23,tabular,0.01,2.0,50,0.25,0.0,145000.0,0.0,-45238.52650023257,1307.5396825396826
2025,2025-07-07,tabular,0.01,2.0,50,0.5,0.0,145000.0,0.0,5017.763912195606,2557.5396825396824
2025,2025-07-21,tabular,0.01,2.0,50,0.25,0.0,145000.0,0.0,-16080.376091607704,1307.5396825396826
2025,2025-08-04,tabular,0.01,2.0,50,0.25,0.0,145000.0,0.0,-23947.808518175392,1307.5396825396826
2025,2025-08-18,tabular,0.01,2.0,50,0.25,0.0,145000.0,0.0,1325.305820622979,1307.5396825396826
2025,2025-09-02,tabular,0.01,2.0,50,0.25,0.0,145000.0,0.0,3667.332169372286,1307.5396825396826
2025,2025-09-16,tabular,0.01,2.0,50,0.5,0.0,145000.0,0.0,-2867.365127731756,2557.5396825396824
2025,2025-09-30,tabular,0.01,2.0,50,0.5,0.0,145000.0,0.0,-25318.326579263197,2557.5396825396824
2025,2025-10-14,tabular,0.01,2.0,50,0.5,0.0,145000.0,0.0,1445.5499597374414,2557.5396825396824
2025,2025-10-28,tabular,0.01,2.0,50,0.5,0.0,145000.0,0.0,3411.501560587362,2557.5396825396824
2025,2025-11-11,tabular,0.01,2.0,50,0.5,0.0,145000.0,0.0,3099.8234033016797,2557.5396825396824
2025,2025-11-25,tabular,0.01,2.0,50,0.5,0.0,145000.0,0.0,-17936.796834782985,2557.5396825396824
2025,2025-12-09,tabular,0.01,2.0,50,0.5,0.0,145000.0,0.0,-4236.711941038684,2557.5396825396824
2025,2025-12-23,tabular,0.01,2.0,50,0.5,0.0,145000.0,0.0,23710.300792049304,2557.5396825396824
2025,2025-01-13,tabular,0.01,2.0,100,0.0,0.0,150000.0,0.0,-94657.02000067291,59.523809523809526
2025,2025-01-27,tabular,0.01,2.0,100,0.25,0.0,145000.0,0.0,9685.535064231764,2557.5396825396824
2025,2025-02-10,tabular,0.01,2.0,100,0.0,0.0,150000.0,0.0,-31283.09708925729,59.523809523809526
2025,2025-02-24,tabular,0.01,2.0,100,0.0,0.0,150000.0,0.0,-84043.68207842085,59.523809523809526
2025,2025-03-10,tabular,0.01,2.0,100,0.0,0.0,150000.0,0.0,42536.469322845296,59.523809523809526
2025,2025-03-24,tabular,0.01,2.0,100,0.0,0.0,150000.0,0.0,-117526.72837332982,59.523809523809526
2025,2025-04-07,tabular,0.01,2.0,100,0.0,0.0,150000.0,0.0,-8301.425688354797,59.523809523809526
2025,2025-04-23,tabular,0.01,2.0,100,0.25,0.0,145000.0,0.0,-30312.18124298168,2557.5396825396824
2025,2025-05-09,tabular,0.01,2.0,100,0.25,0.0,145000.0,0.0,9008.540540757536,2557.5396825396824
2025,2025-05-23,tabular,0.01,2.0,100,0.0,0.0,150000.0,0.0,40718.86077986352,59.523809523809526
2025,2025-06-09,tabular,0.01,2.0,100,0.25,0.0,145000.0,0.0,55372.21326310515,2557.5396825396824
2025,2025-06-23,tabular,0.01,2.0,100,0.0,0.0,150000.0,0.0,-53275.92224949273,59.523809523809526
2025,2025-07-07,tabular,0.01,2.0,100,0.0,0.0,150000.0,0.0,4809.285802397146,59.523809523809526
2025,2025-07-21,tabular,0.01,2.0,100,0.0,0.0,150000.0,0.0,-24283.935602174988,59.523809523809526
2025,2025-08-04,tabular,0.01,2.0,100,0.0,0.0,150000.0,0.0,-28907.55549919895,59.523809523809526
2025,2025-08-18,tabular,0.01,2.0,100,0.0,0.0,150000.0,0.0,995.2970203883016,59.523809523809526
2025,2025-09-02,tabular,0.01,2.0,100,0.0,0.0,150000.0,0.0,9541.90993409545,59.523809523809526
2025,2025-09-16,tabular,0.01,2.0,100,0.0,0.0,150000.0,0.0,-11261.682820370575,59.523809523809526
2025,2025-09-30,tabular,0.01,2.0,100,0.25,0.0,145000.0,0.0,-45458.43165807229,2557.5396825396824
2025,2025-10-14,tabular,0.01,2.0,100,0.0,0.0,150000.0,0.0,9620.15313434061,59.523809523809526
2025,2025-10-28,tabular,0.01,2.0,100,0.25,0.0,145000.0,0.0,2747.750194040412,2557.5396825396824
2025,2025-11-11,tabular,0.01,2.0,100,0.0,0.0,150000.0,0.0,4117.674953567915,59.523809523809526
2025,2025-11-25,tabular,0.01,2.0,100,0.25,0.0,145000.0,0.0,-23289.19564709743,2557.5396825396824
2025,2025-12-09,tabular,0.01,2.0,100,0.25,0.0,145000.0,0.0,75.00955369145207,2557.5396825396824
2025,2025-12-23,tabular,0.01,2.0,100,0.25,0.0,145000.0,0.0,29244.052754372668,2557.5396825396824
2025,2025-01-13,tabular,0.05,0.25,10,0.25,0.0,145000.0,0.0,-78361.21639685142,537.6984126984128
2025,2025-01-27,tabular,0.05,0.25,10,0.25,0.0,145000.0,0.0,9685.535064231764,537.6984126984128
2025,2025-02-10,tabular,0.05,0.25,10,0.25,0.0,145000.0,0.0,-26888.50178557108,537.6984126984128
2025,2025-02-24,tabular,0.05,0.25,10,0.25,0.0,145000.0,0.0,-71325.02805251618,537.6984126984128
2025,2025-03-10,tabular,0.05,0.25,10,0.25,0.0,145000.0,0.0,32407.0376965088,537.6984126984128
2025,2025-03-24,tabular,0.05,0.25,10,0.25,0.0,145000.0,0.0,-91059.71917917082,537.6984126984128
2025,2025-04-07,tabular,0.05,0.25,10,0.25,0.0,145000.0,0.0,-16353.746873898464,537.6984126984128
2025,2025-04-23,tabular,0.05,0.25,10,0.25,0.0,145000.0,0.0,-30312.18124298168,537.6984126984128
2025,2025-05-09,tabular,0.05,0.25,10,0.25,0.0,145000.0,0.0,9008.540540757536,537.6984126984128
2025,2025-05-23,tabular,0.05,0.25,10,0.25,0.0,145000.0,0.0,28029.669524703757,537.6984126984128
2025,2025-06-09,tabular,0.05,0.25,10,0.25,0.0,145000.0,0.0,55372.21326310515,537.6984126984128
2025,2025-06-23,tabular,0.05,0.25,10,0.25,0.0,145000.0,0.0,-45238.52650023257,537.6984126984128
2025,2025-07-07,tabular,0.05,0.25,10,0.0,0.0,150000.0,0.0,4809.285802397146,297.6190476190476
2025,2025-07-21,tabular,0.05,0.25,10,0.25,0.0,145000.0,0.0,-16080.376091607704,537.6984126984128
2025,2025-08-04,tabular,0.05,0.25,10,0.25,0.0,145000.0,0.0,-23947.808518175392,537.6984126984128
2025,2025-08-18,tabular,0.05,0.25,10,0.25,0.0,145000.0,0.0,1325.305820622979,537.6984126984128
2025,2025-09-02,tabular,0.05,0.25,10,0.25,0.0,145000.0,0.0,3667.332169372286,537.6984126984128
2025,2025-09-16,tabular,0.05,0.25,10,0.25,0.0,145000.0,0.0,-7064.523974051166,537.6984126984128
2025,2025-09-30,tabular,0.05,0.25,10,0.25,0.0,145000.0,0.0,-45458.43165807229,537.6984126984128
2025,2025-10-14,tabular,0.05,0.25,10,0.25,0.0,145000.0,0.0,5532.851547039026,537.6984126984128
2025,2025-10-28,tabular,0.05,0.25,10,0.25,0.0,145000.0,0.0,2747.750194040412,537.6984126984128
2025,2025-11-11,tabular,0.05,0.25,10,0.25,0.0,145000.0,0.0,3608.749178434797,537.6984126984128
2025,2025-11-25,tabular,0.05,0.25,10,0.25,0.0,145000.0,0.0,-23289.19564709743,537.6984126984128
2025,2025-12-09,tabular,0.05,0.25,10,0.25,0.0,145000.0,0.0,75.00955369145207,537.6984126984128
2025,2025-12-23,tabular,0.05,0.25,10,0.25,0.0,145000.0,0.0,29244.052754372668,537.6984126984128
2025,2025-01-13,tabular,0.05,0.25,50,0.0,0.0,150000.0,0.0,-94657.02000067291,297.6190476190476
2025,2025-01-27,tabular,0.05,0.25,50,0.0,0.0,150000.0,0.0,6224.991726586258,297.6190476190476
2025,2025-02-10,tabular,0.05,0.25,50,0.0,0.0,150000.0,0.0,-31283.09708925729,297.6190476190476
2025,2025-02-24,tabular,0.05,0.25,50,0.0,0.0,150000.0,0.0,-84043.68207842085,297.6190476190476
2025,2025-03-10,tabular,0.05,0.25,50,0.0,0.0,150000.0,0.0,42536.469322845296,297.6190476190476
2025,2025-03-24,tabular,0.05,0.25,50,0.0,0.0,150000.0,0.0,-117526.72837332982,297.6190476190476
2025,2025-04-07,tabular,0.05,0.25,50,0.0,0.0,150000.0,0.0,-8301.425688354797,297.6190476190476
2025,2025-04-23,tabular,0.05,0.25,50,0.0,0.0,150000.0,0.0,-44962.04939416831,297.6190476190476
2025,2025-05-09,tabular,0.05,0.25,50,0.0,0.0,150000.0,0.0,13482.552367710488,297.6190476190476
2025,2025-05-23,tabular,0.05,0.25,50,0.0,0.0,150000.0,0.0,40718.86077986352,297.6190476190476
2025,2025-06-09,tabular,0.05,0.25,50,0.0,0.0,150000.0,0.0,75778.1495354753,297.6190476190476
2025,2025-06-23,tabular,0.05,0.25,50,0.0,0.0,150000.0,0.0,-53275.92224949273,297.6190476190476
2025,2025-07-07,tabular,0.05,0.25,50,0.0,0.0,150000.0,0.0,4809.285802397146,297.6190476190476
2025,2025-07-21,tabular,0.05,0.25,50,0.0,0.0,150000.0,0.0,-24283.935602174988,297.6190476190476
2025,2025-08-04,tabular,0.05,0.25,50,0.0,0.0,150000.0,0.0,-28907.55549919895,297.6190476190476
2025,2025-08-18,tabular,0.05,0.25,50,0.0,0.0,150000.0,0.0,995.2970203883016,297.6190476190476
2025,2025-09-02,tabular,0.05,0.25,50,0.0,0.0,150000.0,0.0,9541.90993409545,297.6190476190476
2025,2025-09-16,tabular,0.05,0.25,50,0.0,0.0,150000.0,0.0,-11261.682820370575,297.6190476190476
2025,2025-09-30,tabular,0.05,0.25,50,0.0,0.0,150000.0,0.0,-65598.53673688137,297.6190476190476
2025,2025-10-14,tabular,0.05,0.25,50,0.0,0.0,150000.0,0.0,9620.15313434061,297.6190476190476
2025,2025-10-28,tabular,0.05,0.25,50,0.0,0.0,150000.0,0.0,2083.9988274934626,297.6190476190476
2025,2025-11-11,tabular,0.05,0.25,50,0.0,0.0,150000.0,0.0,4117.674953567915,297.6190476190476
2025,2025-11-25,tabular,0.05,0.25,50,0.0,0.0,150000.0,0.0,-28641.59445941188,297.6190476190476
2025,2025-12-09,tabular,0.05,0.25,50,0.0,0.0,150000.0,0.0,4386.731048421589,297.6190476190476
2025,2025-12-23,tabular,0.05,0.25,50,0.0,0.0,150000.0,0.0,34777.80471669603,297.6190476190476
2025,2025-01-13,tabular,0.05,0.25,100,0.0,0.0,150000.0,0.0,-94657.02000067291,297.6190476190476
2025,2025-01-27,tabular,0.05,0.25,100,0.0,0.0,150000.0,0.0,6224.991726586258,297.6190476190476
2025,2025-02-10,tabular,0.05,0.25,100,0.0,0.0,150000.0,0.0,-31283.09708925729,297.6190476190476
2025,2025-02-24,tabular,0.05,0.25,100,0.0,0.0,150000.0,0.0,-84043.68207842085,297.6190476190476
2025,2025-03-10,tabular,0.05,0.25,100,0.0,0.0,150000.0,0.0,42536.469322845296,297.6190476190476
2025,2025-03-24,tabular,0.05,0.25,100,0.0,0.0,150000.0,0.0,-117526.72837332982,297.6190476190476
2025,2025-04-07,tabular,0.05,0.25,100,0.0,0.0,150000.0,0.0,-8301.425688354797,297.6190476190476
2025,2025-04-23,tabular,0.05,0.25,100,0.0,0.0,150000.0,0.0,-44962.04939416831,297.6190476190476
2025,2025-05-09,tabular,0.05,0.25,100,0.0,0.0,150000.0,0.0,13482.552367710488,297.6190476190476
2025,2025-05-23,tabular,0.05,0.25,100,0.0,0.0,150000.0,0.0,40718.86077986352,297.6190476190476
2025,2025-06-09,tabular,0.05,0.25,100,0.0,0.0,150000.0,0.0,75778.1495354753,297.6190476190476
2025,2025-06-23,tabular,0.05,0.25,100,0.0,0.0,150000.0,0.0,-53275.92224949273,297.6190476190476
2025,2025-07-07,tabular,0.05,0.25,100,0.0,0.0,150000.0,0.0,4809.285802397146,297.6190476190476
2025,2025-07-21,tabular,0.05,0.25,100,0.0,0.0,150000.0,0.0,-24283.935602174988,297.6190476190476
2025,2025-08-04,tabular,0.05,0.25,100,0.0,0.0,150000.0,0.0,-28907.55549919895,297.6190476190476
2025,2025-08-18,tabular,0.05,0.25,100,0.0,0.0,150000.0,0.0,995.2970203883016,297.6190476190476
2025,2025-09-02,tabular,0.05,0.25,100,0.0,0.0,150000.0,0.0,9541.90993409545,297.6190476190476
2025,2025-09-16,tabular,0.05,0.25,100,0.0,0.0,150000.0,0.0,-11261.682820370575,297.6190476190476
2025,2025-09-30,tabular,0.05,0.25,100,0.0,0.0,150000.0,0.0,-65598.53673688137,297.6190476190476
2025,2025-10-14,tabular,0.05,0.25,100,0.0,0.0,150000.0,0.0,9620.15313434061,297.6190476190476
2025,2025-10-28,tabular,0.05,0.25,100,0.0,0.0,150000.0,0.0,2083.9988274934626,297.6190476190476
2025,2025-11-11,tabular,0.05,0.25,100,0.0,0.0,150000.0,0.0,4117.674953567915,297.6190476190476
2025,2025-11-25,tabular,0.05,0.25,100,0.0,0.0,150000.0,0.0,-28641.59445941188,297.6190476190476
2025,2025-12-09,tabular,0.05,0.25,100,0.0,0.0,150000.0,0.0,4386.731048421589,297.6190476190476
2025,2025-12-23,tabular,0.05,0.25,100,0.0,0.0,150000.0,0.0,34777.80471669603,297.6190476190476
2025,2025-01-13,tabular,0.05,1.0,10,0.75,0.0,125000.0,0.0,-45769.60918920845,998.015873015873
2025,2025-01-27,tabular,0.05,1.0,10,0.75,0.0,125000.0,0.0,16606.621739522772,998.015873015873
2025,2025-02-10,tabular,0.05,1.0,10,0.75,0.0,120000.0,0.0,-18099.311178198644,988.095238095238
2025,2025-02-24,tabular,0.05,1.0,10,0.75,0.0,125000.0,0.0,-45887.72000070686,998.015873015873
2025,2025-03-10,tabular,0.05,1.0,10,0.75,0.0,130000.0,0.0,12148.174443835784,1007.936507936508
2025,2025-03-24,tabular,0.05,1.0,10,0.75,0.0,115000.0,0.0,-38125.7007908528,978.1746031746032
2025,2025-04-07,tabular,0.05,1.0,10,0.75,0.0,125000.0,0.0,-32458.389244985792,998.015873015873
2025,2025-04-23,tabular,0.05,1.0,10,0.75,0.0,85000.0,0.0,-1012.4449406084188,918.6507936507936
2025,2025-05-09,tabular,0.05,1.0,10,1.0,0.0,60000.0,0.0,-4413.494940101315,1119.047619047619
2025,2025-05-23,tabular,0.05,1.0,10,1.0,0.0,50000.0,0.0,-10037.90424077556,1099.2063492063492
2025,2025-06-09,tabular,0.05,1.0,10,0.75,0.0,130000.0,0.0,14560.340718364872,1007.936507936508
2025,2025-06-23,tabular,0.05,1.0,10,0.75,0.0,120000.0,0.0,-29163.73500171226,988.095238095238
2025,2025-07-07,tabular,0.05,1.0,10,0.75,0.0,125000.0,0.0,5122.002967094836,998.015873015873
2025,2025-07-21,tabular,0.05,1.0,10,0.75,0.0,100000.0,0.0,326.74292952685965,948.4126984126984
2025,2025-08-04,tabular,0.05,1.0,10,0.75,0.0,100000.0,0.0,-14028.314556128282,948.4126984126984
2025,2025-08-18,tabular,0.05,1.0,10,0.75,0.0,120000.0,0.0,1985.323421092332,988.095238095238
2025,2025-09-02,tabular,0.05,1.0,10,0.75,0.0,95000.0,0.0,-8081.823360074045,938.4920634920636
2025,2025-09-16,tabular,0.05,1.0,10,1.0,0.0,55000.0,0.0,5526.952564907064,1109.126984126984
2025,2025-09-30,tabular,0.05,1.0,10,0.75,0.0,125000.0,0.0,-5178.221500454106,998.015873015873
2025,2025-10-14,tabular,0.05,1.0,10,0.75,0.0,120000.0,0.0,-2641.7516275641424,988.095238095238
2025,2025-10-28,tabular,0.05,1.0,10,0.75,0.0,120000.0,0.0,4075.252927134312,988.095238095238
2025,2025-11-11,tabular,0.05,1.0,10,1.0,0.0,55000.0,0.0,2081.9718530354435,1109.126984126984
2025,2025-11-25,tabular,0.05,1.0,10,0.75,0.0,120000.0,0.0,-12584.398022468538,988.095238095238
2025,2025-12-09,tabular,0.05,1.0,10,1.0,0.0,55000.0,0.0,-12860.154930498958,1109.126984126984
2025,2025-12-23,tabular,0.05,1.0,10,0.75,0.0,120000.0,0.0,18176.54882972594,988.095238095238
2025,2025-01-13,tabular,0.05,1.0,50,0.0,0.0,150000.0,0.0,-94657.02000067291,297.6190476190476
2025,2025-01-27,tabular,0.05,1.0,50,0.25,0.0,145000.0,0.0,9685.535064231764,1537.6984126984128
2025,2025-02-10,tabular,0.05,1.0,50,0.0,0.0,150000.0,0.0,-31283.09708925729,297.6190476190476
2025,2025-02-24,tabular,0.05,1.0,50,0.0,0.0,150000.0,0.0,-84043.68207842085,297.6190476190476
2025,2025-03-10,tabular,0.05,1.0,50,0.0,0.0,150000.0,0.0,42536.469322845296,297.6190476190476
2025,2025-03-24,tabular,0.05,1.0,50,0.0,0.0,150000.0,0.0,-117526.72837332982,297.6190476190476
2025,2025-04-07,tabular,0.05,1.0,50,0.0,0.0,150000.0,0.0,-8301.425688354797,297.6190476190476
2025,2025-04-23,tabular,0.05,1.0,50,0.25,0.0,145000.0,0.0,-30312.18124298168,1537.6984126984128
2025,2025-05-09,tabular,0.05,1.0,50,0.25,0.0,145000.0,0.0,9008.540540757536,1537.6984126984128
2025,2025-05-23,tabular,0.05,1.0,50,0.0,0.0,150000.0,0.0,40718.86077986352,297.6190476190476
2025,2025-06-09,tabular,0.05,1.0,50,0.25,0.0,145000.0,0.0,55372.21326310515,1537.6984126984128
2025,2025-06-23,tabular,0.05,1.0,50,0.0,0.0,150000.0,0.0,-53275.92224949273,297.6190476190476
2025,2025-07-07,tabular,0.05,1.0,50,0.0,0.0,150000.0,0.0,4809.285802397146,297.6190476190476
2025,2025-07-21,tabular,0.05,1.0,50,0.0,0.0,150000.0,0.0,-24283.935602174988,297.6190476190476
2025,2025-08-04,tabular,0.05,1.0,50,0.0,0.0,150000.0,0.0,-28907.55549919895,297.6190476190476
2025,2025-08-18,tabular,0.05,1.0,50,0.0,0.0,150000.0,0.0,995.2970203883016,297.6190476190476
2025,2025-09-02,tabular,0.05,1.0,50,0.0,0.0,150000.0,0.0,9541.90993409545,297.6190476190476
2025,2025-09-16,tabular,0.05,1.0,50,0.0,0.0,150000.0,0.0,-11261.682820370575,297.6190476190476
2025,2025-09-30,tabular,0.05,1.0,50,0.25,0.0,145000.0,0.0,-45458.43165807229,1537.6984126984128
2025,2025-10-14,tabular,0.05,1.0,50,0.0,0.0,150000.0,0.0,9620.15313434061,297.6190476190476
2025,2025-10-28,tabular,0.05,1.0,50,0.25,0.0,145000.0,0.0,2747.750194040412,1537.6984126984128
2025,2025-11-11,tabular,0.05,1.0,50,0.0,0.0,150000.0,0.0,4117.674953567915,297.6190476190476
2025,2025-11-25,tabular,0.05,1.0,50,0.25,0.0,145000.0,0.0,-23289.19564709743,1537.6984126984128
2025,2025-12-09,tabular,0.05,1.0,50,0.25,0.0,145000.0,0.0,75.00955369145207,1537.6984126984128
2025,2025-12-23,tabular,0.05,1.0,50,0.25,0.0,145000.0,0.0,29244.052754372668,1537.6984126984128
2025,2025-01-13,tabular,0.05,1.0,100,0.0,0.0,150000.0,0.0,-94657.02000067291,297.6190476190476
2025,2025-01-27,tabular,0.05,1.0,100,0.0,0.0,150000.0,0.0,6224.991726586258,297.6190476190476
2025,2025-02-10,tabular,0.05,1.0,100,0.0,0.0,150000.0,0.0,-31283.09708925729,297.6190476190476
2025,2025-02-24,tabular,0.05,1.0,100,0.0,0.0,150000.0,0.0,-84043.68207842085,297.6190476190476
2025,2025-03-10,tabular,0.05,1.0,100,0.0,0.0,150000.0,0.0,42536.469322845296,297.6190476190476
2025,2025-03-24,tabular,0.05,1.0,100,0.0,0.0,150000.0,0.0,-117526.72837332982,297.6190476190476
2025,2025-04-07,tabular,0.05,1.0,100,0.0,0.0,150000.0,0.0,-8301.425688354797,297.6190476190476
2025,2025-04-23,tabular,0.05,1.0,100,0.0,0.0,150000.0,0.0,-44962.04939416831,297.6190476190476
2025,2025-05-09,tabular,0.05,1.0,100,0.0,0.0,150000.0,0.0,13482.552367710488,297.6190476190476
2025,2025-05-23,tabular,0.05,1.0,100,0.0,0.0,150000.0,0.0,40718.86077986352,297.6190476190476
2025,2025-06-09,tabular,0.05,1.0,100,0.0,0.0,150000.0,0.0,75778.1495354753,297.6190476190476
2025,2025-06-23,tabular,0.05,1.0,100,0.0,0.0,150000.0,0.0,-53275.92224949273,297.6190476190476
2025,2025-07-07,tabular,0.05,1.0,100,0.0,0.0,150000.0,0.0,4809.285802397146,297.6190476190476
2025,2025-07-21,tabular,0.05,1.0,100,0.0,0.0,150000.0,0.0,-24283.935602174988,297.6190476190476
2025,2025-08-04,tabular,0.05,1.0,100,0.0,0.0,150000.0,0.0,-28907.55549919895,297.6190476190476
2025,2025-08-18,tabular,0.05,1.0,100,0.0,0.0,150000.0,0.0,995.2970203883016,297.6190476190476
2025,2025-09-02,tabular,0.05,1.0,100,0.0,0.0,150000.0,0.0,9541.90993409545,297.6190476190476
2025,2025-09-16,tabular,0.05,1.0,100,0.0,0.0,150000.0,0.0,-11261.682820370575,297.6190476190476
2025,2025-09-30,tabular,0.05,1.0,100,0.0,0.0,150000.0,0.0,-65598.53673688137,297.6190476190476
2025,2025-10-14,tabular,0.05,1.0,100,0.0,0.0,150000.0,0.0,9620.15313434061,297.6190476190476
2025,2025-10-28,tabular,0.05,1.0,100,0.0,0.0,150000.0,0.0,2083.9988274934626,297.6190476190476
2025,2025-11-11,tabular,0.05,1.0,100,0.0,0.0,150000.0,0.0,4117.674953567915,297.6190476190476
2025,2025-11-25,tabular,0.05,1.0,100,0.0,0.0,150000.0,0.0,-28641.59445941188,297.6190476190476
2025,2025-12-09,tabular,0.05,1.0,100,0.0,0.0,150000.0,0.0,4386.731048421589,297.6190476190476
2025,2025-12-23,tabular,0.05,1.0,100,0.0,0.0,150000.0,0.0,34777.80471669603,297.6190476190476
2025,2025-01-13,tabular,0.05,2.0,10,1.0,0.0,60000.0,0.0,-29473.805585386952,1119.047619047619
2025,2025-01-27,tabular,0.05,2.0,10,1.0,0.0,65000.0,0.0,20067.16507716828,1128.968253968254
2025,2025-02-10,tabular,0.05,2.0,10,1.0,0.0,60000.0,0.0,-13704.715874512429,1119.047619047619
2025,2025-02-24,tabular,0.05,2.0,10,1.0,0.0,60000.0,0.0,-33169.06597480219,1119.047619047619
2025,2025-03-10,tabular,0.05,2.0,10,1.0,0.0,65000.0,0.0,2018.7428174992808,1128.968253968254
2025,2025-03-24,tabular,0.05,2.0,10,1.0,0.0,55000.0,0.0,-11658.69159669379,1109.126984126984
2025,2025-04-07,tabular,0.05,2.0,10,1.0,0.0,60000.0,0.0,-40510.710430529456,1119.047619047619
2025,2025-04-23,tabular,0.05,2.0,10,1.0,0.0,50000.0,0.0,13637.42321057821,1099.2063492063492
2025,2025-05-09,tabular,0.05,2.0,10,1.0,0.0,65000.0,0.0,-4413.494940101315,1128.968253968254
2025,2025-05-23,tabular,0.05,2.0,10,1.0,0.0,60000.0,0.0,-10037.90424077556,1119.047619047619
2025,2025-06-09,tabular,0.05,2.0,10,1.0,0.0,65000.0,0.0,-5845.595554005267,1128.968253968254
2025,2025-06-23,tabular,0.05,2.0,10,1.0,0.0,60000.0,0.0,-21126.3392524521,1119.047619047619
2025,2025-07-07,tabular,0.05,2.0,10,1.0,0.0,65000.0,0.0,5226.242021994066,1128.968253968254
2025,2025-07-21,tabular,0.05,2.0,10,1.0,0.0,55000.0,0.0,8530.302440094141,1109.126984126984
2025,2025-08-04,tabular,0.05,2.0,10,1.0,0.0,55000.0,0.0,-9068.567575104727,1109.126984126984
2025,2025-08-18,tabular,0.05,2.0,10,1.0,0.0,60000.0,0.0,2315.332221327009,1119.047619047619
2025,2025-09-02,tabular,0.05,2.0,10,1.0,0.0,55000.0,0.0,-13956.40112479721,1109.126984126984
2025,2025-09-16,tabular,0.05,2.0,10,1.0,0.0,60000.0,0.0,5526.952564907064,1119.047619047619
2025,2025-09-30,tabular,0.05,2.0,10,1.0,0.0,65000.0,0.0,14961.883578354984,1128.968253968254
2025,2025-10-14,tabular,0.05,2.0,10,1.0,0.0,60000.0,0.0,-6729.053214865727,1119.047619047619
2025,2025-10-28,tabular,0.05,2.0,10,1.0,0.0,60000.0,0.0,4739.0042936812615,1119.047619047619
2025,2025-11-11,tabular,0.05,2.0,10,1.0,0.0,60000.0,0.0,2081.9718530354435,1119.047619047619
2025,2025-11-25,tabular,0.05,2.0,10,1.0,0.0,60000.0,0.0,-7231.999210154091,1119.047619047619
2025,2025-12-09,tabular,0.05,2.0,10,1.0,0.0,60000.0,0.0,-12860.154930498958,1119.047619047619
2025,2025-12-23,tabular,0.05,2.0,10,1.0,0.0,55000.0,0.0,12642.796867402578,1109.126984126984
2025,2025-01-13,tabular,0.05,2.0,50,0.5,0.0,145000.0,0.0,-62065.41279302994,2787.6984126984125
2025,2025-01-27,tabular,0.05,2.0,50,0.5,0.0,145000.0,0.0,13146.078401877268,2787.6984126984125
2025,2025-02-10,tabular,0.05,2.0,50,0.5,0.0,145000.0,0.0,-22493.90648188486,2787.6984126984125
2025,2025-02-24,tabular,0.05,2.0,50,0.5,0.0,145000.0,0.0,-58606.37402661152,2787.6984126984125
2025,2025-03-10,tabular,0.05,2.0,50,0.5,0.0,145000.0,0.0,22277.60607017229,2787.6984126984125
2025,2025-03-24,tabular,0.05,2.0,50,0.25,0.0,145000.0,0.0,-91059.71917917082,1537.6984126984128
2025,2025-04-07,tabular,0.05,2.0,50,0.5,0.0,145000.0,0.0,-24406.06805944213,2787.6984126984125
2025,2025-04-23,tabular,0.05,2.0,50,0.5,0.0,145000.0,0.0,-15662.313091795048,2787.6984126984125
2025,2025-05-09,tabular,0.05,2.0,50,0.5,0.0,145000.0,0.0,4534.528713804586,2787.6984126984125
2025,2025-05-23,tabular,0.05,2.0,50,0.5,0.0,145000.0,0.0,15340.478269543984,2787.6984126984125
2025,2025-06-09,tabular,0.05,2.0,50,0.5,0.0,145000.0,0.0,34966.276990735016,2787.6984126984125
2025,2025-06-23,tabular,0.05,2.0,50,0.25,0.0,145000.0,0.0,-45238.52650023257,1537.6984126984128
2025,2025-07-07,tabular,0.05,2.0,50,0.5,0.0,145000.0,0.0,5017.763912195606,2787.6984126984125
2025,2025-07-21,tabular,0.05,2.0,50,0.25,0.0,145000.0,0.0,-16080.376091607704,1537.6984126984128
2025,2025-08-04,tabular,0.05,2.0,50,0.25,0.0,145000.0,0.0,-23947.808518175392,1537.6984126984128
2025,2025-08-18,tabular,0.05,2.0,50,0.25,0.0,145000.0,0.0,1325.305820622979,1537.6984126984128
2025,2025-09-02,tabular,0.05,2.0,50,0.25,0.0,145000.0,0.0,3667.332169372286,1537.6984126984128
2025,2025-09-16,tabular,0.05,2.0,50,0.5,0.0,145000.0,0.0,-2867.365127731756,2787.6984126984125
2025,2025-09-30,tabular,0.05,2.0,50,0.5,0.0,145000.0,0.0,-25318.326579263197,2787.6984126984125
2025,2025-10-14,tabular,0.05,2.0,50,0.5,0.0,145000.0,0.0,1445.5499597374414,2787.6984126984125
2025,2025-10-28,tabular,0.05,2.0,50,0.5,0.0,145000.0,0.0,3411.501560587362,2787.6984126984125
2025,2025-11-11,tabular,0.05,2.0,50,0.5,0.0,145000.0,0.0,3099.8234033016797,2787.6984126984125
2025,2025-11-25,tabular,0.05,2.0,50,0.5,0.0,145000.0,0.0,-17936.796834782985,2787.6984126984125
2025,2025-12-09,tabular,0.05,2.0,50,0.5,0.0,145000.0,0.0,-4236.711941038684,2787.6984126984125
2025,2025-12-23,tabular,0.05,2.0,50,0.5,0.0,145000.0,0.0,23710.300792049304,2787.6984126984125
2025,2025-01-13,tabular,0.05,2.0,100,0.0,0.0,150000.0,0.0,-94657.02000067291,297.6190476190476
2025,2025-01-27,tabular,0.05,2.0,100,0.25,0.0,145000.0,0.0,9685.535064231764,2787.6984126984125
2025,2025-02-10,tabular,0.05,2.0,100,0.0,0.0,150000.0,0.0,-31283.09708925729,297.6190476190476
2025,2025-02-24,tabular,0.05,2.0,100,0.0,0.0,150000.0,0.0,-84043.68207842085,297.6190476190476
2025,2025-03-10,tabular,0.05,2.0,100,0.0,0.0,150000.0,0.0,42536.469322845296,297.6190476190476
2025,2025-03-24,tabular,0.05,2.0,100,0.0,0.0,150000.0,0.0,-117526.72837332982,297.6190476190476
2025,2025-04-07,tabular,0.05,2.0,100,0.0,0.0,150000.0,0.0,-8301.425688354797,297.6190476190476
2025,2025-04-23,tabular,0.05,2.0,100,0.25,0.0,145000.0,0.0,-30312.18124298168,2787.6984126984125
2025,2025-05-09,tabular,0.05,2.0,100,0.25,0.0,145000.0,0.0,9008.540540757536,2787.6984126984125
2025,2025-05-23,tabular,0.05,2.0,100,0.0,0.0,150000.0,0.0,40718.86077986352,297.6190476190476
2025,2025-06-09,tabular,0.05,2.0,100,0.25,0.0,145000.0,0.0,55372.21326310515,2787.6984126984125
2025,2025-06-23,tabular,0.05,2.0,100,0.0,0.0,150000.0,0.0,-53275.92224949273,297.6190476190476
2025,2025-07-07,tabular,0.05,2.0,100,0.0,0.0,150000.0,0.0,4809.285802397146,297.6190476190476
2025,2025-07-21,tabular,0.05,2.0,100,0.0,0.0,150000.0,0.0,-24283.935602174988,297.6190476190476
2025,2025-08-04,tabular,0.05,2.0,100,0.0,0.0,150000.0,0.0,-28907.55549919895,297.6190476190476
2025,2025-08-18,tabular,0.05,2.0,100,0.0,0.0,150000.0,0.0,995.2970203883016,297.6190476190476
2025,2025-09-02,tabular,0.05,2.0,100,0.0,0.0,150000.0,0.0,9541.90993409545,297.6190476190476
2025,2025-09-16,tabular,0.05,2.0,100,0.0,0.0,150000.0,0.0,-11261.682820370575,297.6190476190476
2025,2025-09-30,tabular,0.05,2.0,100,0.25,0.0,145000.0,0.0,-45458.43165807229,2787.6984126984125
2025,2025-10-14,tabular,0.05,2.0,100,0.0,0.0,150000.0,0.0,9620.15313434061,297.6190476190476
2025,2025-10-28,tabular,0.05,2.0,100,0.25,0.0,145000.0,0.0,2747.750194040412,2787.6984126984125
2025,2025-11-11,tabular,0.05,2.0,100,0.0,0.0,150000.0,0.0,4117.674953567915,297.6190476190476
2025,2025-11-25,tabular,0.05,2.0,100,0.25,0.0,145000.0,0.0,-23289.19564709743,2787.6984126984125
2025,2025-12-09,tabular,0.05,2.0,100,0.25,0.0,145000.0,0.0,75.00955369145207,2787.6984126984125
2025,2025-12-23,tabular,0.05,2.0,100,0.25,0.0,145000.0,0.0,29244.052754372668,2787.6984126984125
2025,2025-01-13,tabular,0.1,0.25,10,0.5,0.0,90000.0,0.0,-62065.41279302994,857.1428571428571
2025,2025-01-27,tabular,0.1,0.25,10,0.75,0.0,60000.0,0.0,16606.621739522772,988.095238095238
2025,2025-02-10,tabular,0.1,0.25,10,0.75,0.0,55000.0,0.0,-18099.311178198644,968.2539682539682
2025,2025-02-24,tabular,0.1,0.25,10,0.75,0.0,55000.0,0.0,-45887.72000070686,968.2539682539682
2025,2025-03-10,tabular,0.1,0.25,10,0.75,0.0,60000.0,0.0,12148.174443835784,988.095238095238
2025,2025-03-24,tabular,0.1,0.25,10,0.75,0.0,50000.0,0.0,-38125.7007908528,948.4126984126984
2025,2025-04-07,tabular,0.1,0.25,10,0.75,0.0,55000.0,0.0,-32458.389244985792,968.2539682539682
2025,2025-04-23,tabular,0.1,0.25,10,0.75,0.0,55000.0,0.0,-1012.4449406084188,968.2539682539682
2025,2025-05-09,tabular,0.1,0.25,10,0.75,0.0,60000.0,0.0,60.516886851635576,988.095238095238
2025,2025-05-23,tabular,0.1,0.25,10,0.75,0.0,50000.0,0.0,2651.2870143842115,948.4126984126984
2025,2025-06-09,tabular,0.1,0.25,10,0.75,0.0,65000.0,0.0,14560.340718364872,1007.936507936508
2025,2025-06-23,tabular,0.1,0.25,10,0.5,0.0,90000.0,0.0,-37201.130750972414,857.1428571428571
2025,2025-07-07,tabular,0.1,0.25,10,0.25,0.0,130000.0,0.0,4913.5248572963765,765.8730158730158
2025,2025-07-21,tabular,0.1,0.25,10,0.5,0.0,95000.0,0.0,-7876.8165810404225,876.984126984127
2025,2025-08-04,tabular,0.1,0.25,10,0.75,0.0,50000.0,0.0,-14028.314556128282,948.4126984126984
2025,2025-08-18,tabular,0.1,0.25,10,0.5,0.0,90000.0,0.0,1655.3146208576554,857.1428571428571
2025,2025-09-02,tabular,0.1,0.25,10,0.75,0.0,50000.0,0.0,-8081.823360074045,948.4126984126984
2025,2025-09-16,tabular,0.1,0.25,10,0.75,0.0,55000.0,0.0,1329.793718587654,968.2539682539682
2025,2025-09-30,tabular,0.1,0.25,10,0.75,0.0,60000.0,0.0,-5178.221500454106,988.095238095238
2025,2025-10-14,tabular,0.1,0.25,10,0.5,0.0,95000.0,0.0,1445.5499597374414,876.984126984127
2025,2025-10-28,tabular,0.1,0.25,10,0.75,0.0,55000.0,0.0,4075.252927134312,968.2539682539682
2025,2025-11-11,tabular,0.1,0.25,10,0.75,0.0,55000.0,0.0,2590.8976281685614,968.2539682539682
2025,2025-11-25,tabular,0.1,0.25,10,0.75,0.0,55000.0,0.0,-12584.398022468538,968.2539682539682
2025,2025-12-09,tabular,0.1,0.25,10,0.75,0.0,55000.0,0.0,-8548.433435768822,968.2539682539682
2025,2025-12-23,tabular,0.1,0.25,10,0.75,0.0,55000.0,0.0,18176.54882972594,968.2539682539682
2025,2025-01-13,tabular,0.1,0.25,50,0.0,0.0,150000.0,0.0,-94657.02000067291,595.2380952380952
2025,2025-01-27,tabular,0.1,0.25,50,0.0,0.0,150000.0,0.0,6224.991726586258,595.2380952380952
2025,2025-02-10,tabular,0.1,0.25,50,0.0,0.0,150000.0,0.0,-31283.09708925729,595.2380952380952
2025,2025-02-24,tabular,0.1,0.25,50,0.0,0.0,150000.0,0.0,-84043.68207842085,595.2380952380952
2025,2025-03-10,tabular,0.1,0.25,50,0.0,0.0,150000.0,0.0,42536.469322845296,595.2380952380952
2025,2025-03-24,tabular,0.1,0.25,50,0.0,0.0,150000.0,0.0,-117526.72837332982,595.2380952380952
2025,2025-04-07,tabular,0.1,0.25,50,0.0,0.0,150000.0,0.0,-8301.425688354797,595.2380952380952
2025,2025-04-23,tabular,0.1,0.25,50,0.0,0.0,150000.0,0.0,-44962.04939416831,595.2380952380952
2025,2025-05-09,tabular,0.1,0.25,50,0.0,0.0,150000.0,0.0,13482.552367710488,595.2380952380952
2025,2025-05-23,tabular,0.1,0.25,50,0.0,0.0,150000.0,0.0,40718.86077986352,595.2380952380952
2025,2025-06-09,tabular,0.1,0.25,50,0.0,0.0,150000.0,0.0,75778.1495354753,595.2380952380952
2025,2025-06-23,tabular,0.1,0.25,50,0.0,0.0,150000.0,0.0,-53275.92224949273,595.2380952380952
2025,2025-07-07,tabular,0.1,0.25,50,0.0,0.0,150000.0,0.0,4809.285802397146,595.2380952380952
2025,2025-07-21,tabular,0.1,0.25,50,0.0,0.0,150000.0,0.0,-24283.935602174988,595.2380952380952
2025,2025-08-04,tabular,0.1,0.25,50,0.0,0.0,150000.0,0.0,-28907.55549919895,595.2380952380952
2025,2025-08-18,tabular,0.1,0.25,50,0.0,0.0,150000.0,0.0,995.2970203883016,595.2380952380952
2025,2025-09-02,tabular,0.1,0.25,50,0.0,0.0,150000.0,0.0,9541.90993409545,595.2380952380952
2025,2025-09-16,tabular,0.1,0.25,50,0.0,0.0,150000.0,0.0,-11261.682820370575,595.2380952380952
2025,2025-09-30,tabular,0.1,0.25,50,0.0,0.0,150000.0,0.0,-65598.53673688137,595.2380952380952
2025,2025-10-14,tabular,0.1,0.25,50,0.0,0.0,150000.0,0.0,9620.15313434061,595.2380952380952
2025,2025-10-28,tabular,0.1,0.25,50,0.0,0.0,150000.0,0.0,2083.9988274934626,595.2380952380952
2025,2025-11-11,tabular,0.1,0.25,50,0.0,0.0,150000.0,0.0,4117.674953567915,595.2380952380952
2025,2025-11-25,tabular,0.1,0.25,50,0.0,0.0,150000.0,0.0,-28641.59445941188,595.2380952380952
2025,2025-12-09,tabular,0.1,0.25,50,0.0,0.0,150000.0,0.0,4386.731048421589,595.2380952380952
2025,2025-12-23,tabular,0.1,0.25,50,0.0,0.0,150000.0,0.0,34777.80471669603,595.2380952380952
2025,2025-01-13,tabular,0.1,0.25,100,0.0,0.0,150000.0,0.0,-94657.02000067291,595.2380952380952
2025,2025-01-27,tabular,0.1,0.25,100,0.0,0.0,150000.0,0.0,6224.991726586258,595.2380952380952
2025,2025-02-10,tabular,0.1,0.25,100,0.0,0.0,150000.0,0.0,-31283.09708925729,595.2380952380952
2025,2025-02-24,tabular,0.1,0.25,100,0.0,0.0,150000.0,0.0,-84043.68207842085,595.2380952380952
2025,2025-03-10,tabular,0.1,0.25,100,0.0,0.0,150000.0,0.0,42536.469322845296,595.2380952380952
2025,2025-03-24,tabular,0.1,0.25,100,0.0,0.0,150000.0,0.0,-117526.72837332982,595.2380952380952
2025,2025-04-07,tabular,0.1,0.25,100,0.0,0.0,150000.0,0.0,-8301.425688354797,595.2380952380952
2025,2025-04-23,tabular,0.1,0.25,100,0.0,0.0,150000.0,0.0,-44962.04939416831,595.2380952380952
2025,2025-05-09,tabular,0.1,0.25,100,0.0,0.0,150000.0,0.0,13482.552367710488,595.2380952380952
2025,2025-05-23,tabular,0.1,0.25,100,0.0,0.0,150000.0,0.0,40718.86077986352,595.2380952380952
2025,2025-06-09,tabular,0.1,0.25,100,0.0,0.0,150000.0,0.0,75778.1495354753,595.2380952380952
2025,2025-06-23,tabular,0.1,0.25,100,0.0,0.0,150000.0,0.0,-53275.92224949273,595.2380952380952
2025,2025-07-07,tabular,0.1,0.25,100,0.0,0.0,150000.0,0.0,4809.285802397146,595.2380952380952
2025,2025-07-21,tabular,0.1,0.25,100,0.0,0.0,150000.0,0.0,-24283.935602174988,595.2380952380952
2025,2025-08-04,tabular,0.1,0.25,100,0.0,0.0,150000.0,0.0,-28907.55549919895,595.2380952380952
2025,2025-08-18,tabular,0.1,0.25,100,0.0,0.0,150000.0,0.0,995.2970203883016,595.2380952380952
2025,2025-09-02,tabular,0.1,0.25,100,0.0,0.0,150000.0,0.0,9541.90993409545,595.2380952380952
2025,2025-09-16,tabular,0.1,0.25,100,0.0,0.0,150000.0,0.0,-11261.682820370575,595.2380952380952
2025,2025-09-30,tabular,0.1,0.25,100,0.0,0.0,150000.0,0.0,-65598.53673688137,595.2380952380952
2025,2025-10-14,tabular,0.1,0.25,100,0.0,0.0,150000.0,0.0,9620.15313434061,595.2380952380952
2025,2025-10-28,tabular,0.1,0.25,100,0.0,0.0,150000.0,0.0,2083.9988274934626,595.2380952380952
2025,2025-11-11,tabular,0.1,0.25,100,0.0,0.0,150000.0,0.0,4117.674953567915,595.2380952380952
2025,2025-11-25,tabular,0.1,0.25,100,0.0,0.0,150000.0,0.0,-28641.59445941188,595.2380952380952
2025,2025-12-09,tabular,0.1,0.25,100,0.0,0.0,150000.0,0.0,4386.731048421589,595.2380952380952
2025,2025-12-23,tabular,0.1,0.25,100,0.0,0.0,150000.0,0.0,34777.80471669603,595.2380952380952
2025,2025-01-13,tabular,0.1,1.0,10,1.0,0.0,50000.0,0.0,-29473.805585386952,1198.4126984126983
2025,2025-01-27,tabular,0.1,1.0,10,1.0,0.0,50000.0,0.0,20067.16507716828,1198.4126984126983
2025,2025-02-10,tabular,0.1,1.0,10,1.0,0.0,45000.0,0.0,-13704.715874512429,1178.5714285714284
2025,2025-02-24,tabular,0.1,1.0,10,1.0,0.0,50000.0,0.0,-33169.06597480219,1198.4126984126983
2025,2025-03-10,tabular,0.1,1.0,10,1.0,0.0,55000.0,0.0,2018.7428174992808,1218.2539682539682
2025,2025-03-24,tabular,0.1,1.0,10,1.0,0.0,45000.0,0.0,-11658.69159669379,1178.5714285714284
2025,2025-04-07,tabular,0.1,1.0,10,1.0,0.0,50000.0,0.0,-40510.710430529456,1198.4126984126983
2025,2025-04-23,tabular,0.1,1.0,10,1.0,0.0,40000.0,0.0,13637.42321057821,1158.7301587301588
2025,2025-05-09,tabular,0.1,1.0,10,1.0,0.0,55000.0,0.0,-4413.494940101315,1218.2539682539682
2025,2025-05-23,tabular,0.1,1.0,10,1.0,0.0,45000.0,0.0,-10037.90424077556,1178.5714285714284
2025,2025-06-09,tabular,0.1,1.0,10,1.0,0.0,55000.0,0.0,-5845.595554005267,1218.2539682539682
2025,2025-06-23,tabular,0.1,1.0,10,1.0,0.0,50000.0,0.0,-21126.3392524521,1198.4126984126983
2025,2025-07-07,tabular,0.1,1.0,10,1.0,0.0,55000.0,0.0,5226.242021994066,1218.2539682539682
2025,2025-07-21,tabular,0.1,1.0,10,1.0,0.0,45000.0,0.0,8530.302440094141,1178.5714285714284
2025,2025-08-04,tabular,0.1,1.0,10,1.0,0.0,45000.0,0.0,-9068.567575104727,1178.5714285714284
2025,2025-08-18,tabular,0.1,1.0,10,1.0,0.0,45000.0,0.0,2315.332221327009,1178.5714285714284
2025,2025-09-02,tabular,0.1,1.0,10,1.0,0.0,45000.0,0.0,-13956.40112479721,1178.5714285714284
2025,2025-09-16,tabular,0.1,1.0,10,1.0,0.0,50000.0,0.0,5526.952564907064,1198.4126984126983
2025,2025-09-30,tabular,0.1,1.0,10,1.0,0.0,55000.0,0.0,14961.883578354984,1218.2539682539682
2025,2025-10-14,tabular,0.1,1.0,10,1.0,0.0,50000.0,0.0,-6729.053214865727,1198.4126984126983
2025,2025-10-28,tabular,0.1,1.0,10,1.0,0.0,50000.0,0.0,4739.0042936812615,1198.4126984126983
2025,2025-11-11,tabular,0.1,1.0,10,1.0,0.0,45000.0,0.0,2081.9718530354435,1178.5714285714284
2025,2025-11-25,tabular,0.1,1.0,10,1.0,0.0,50000.0,0.0,-7231.999210154091,1198.4126984126983
2025,2025-12-09,tabular,0.1,1.0,10,1.0,0.0,50000.0,0.0,-12860.154930498958,1198.4126984126983
2025,2025-12-23,tabular,0.1,1.0,10,1.0,0.0,45000.0,0.0,12642.796867402578,1178.5714285714284
2025,2025-01-13,tabular,0.1,1.0,50,0.0,0.0,150000.0,0.0,-94657.02000067291,595.2380952380952
2025,2025-01-27,tabular,0.1,1.0,50,0.25,0.0,145000.0,0.0,9685.535064231764,1825.3968253968253
2025,2025-02-10,tabular,0.1,1.0,50,0.0,0.0,150000.0,0.0,-31283.09708925729,595.2380952380952
2025,2025-02-24,tabular,0.1,1.0,50,0.0,0.0,150000.0,0.0,-84043.68207842085,595.2380952380952
2025,2025-03-10,tabular,0.1,1.0,50,0.0,0.0,150000.0,0.0,42536.469322845296,595.2380952380952
2025,2025-03-24,tabular,0.1,1.0,50,0.0,0.0,150000.0,0.0,-117526.72837332982,595.2380952380952
2025,2025-04-07,tabular,0.1,1.0,50,0.0,0.0,150000.0,0.0,-8301.425688354797,595.2380952380952
2025,2025-04-23,tabular,0.1,1.0,50,0.25,0.0,145000.0,0.0,-30312.18124298168,1825.3968253968253
2025,2025-05-09,tabular,0.1,1.0,50,0.25,0.0,145000.0,0.0,9008.540540757536,1825.3968253968253
2025,2025-05-23,tabular,0.1,1.0,50,0.0,0.0,150000.0,0.0,40718.86077986352,595.2380952380952
2025,2025-06-09,tabular,0.1,1.0,50,0.25,0.0,145000.0,0.0,55372.21326310515,1825.3968253968253
2025,2025-06-23,tabular,0.1,1.0,50,0.0,0.0,150000.0,0.0,-53275.92224949273,595.2380952380952
2025,2025-07-07,tabular,0.1,1.0,50,0.0,0.0,150000.0,0.0,4809.285802397146,595.2380952380952
2025,2025-07-21,tabular,0.1,1.0,50,0.0,0.0,150000.0,0.0,-24283.935602174988,595.2380952380952
2025,2025-08-04,tabular,0.1,1.0,50,0.0,0.0,150000.0,0.0,-28907.55549919895,595.2380952380952
2025,2025-08-18,tabular,0.1,1.0,50,0.0,0.0,150000.0,0.0,995.2970203883016,595.2380952380952
2025,2025-09-02,tabular,0.1,1.0,50,0.0,0.0,150000.0,0.0,9541.90993409545,595.2380952380952
2025,2025-09-16,tabular,0.1,1.0,50,0.0,0.0,150000.0,0.0,-11261.682820370575,595.2380952380952
2025,2025-09-30,tabular,0.1,1.0,50,0.25,0.0,145000.0,0.0,-45458.43165807229,1825.3968253968253
2025,2025-10-14,tabular,0.1,1.0,50,0.0,0.0,150000.0,0.0,9620.15313434061,595.2380952380952
2025,2025-10-28,tabular,0.1,1.0,50,0.25,0.0,145000.0,0.0,2747.750194040412,1825.3968253968253
2025,2025-11-11,tabular,0.1,1.0,50,0.0,0.0,150000.0,0.0,4117.674953567915,595.2380952380952
2025,2025-11-25,tabular,0.1,1.0,50,0.25,0.0,145000.0,0.0,-23289.19564709743,1825.3968253968253
2025,2025-12-09,tabular,0.1,1.0,50,0.25,0.0,145000.0,0.0,75.00955369145207,1825.3968253968253
2025,2025-12-23,tabular,0.1,1.0,50,0.25,0.0,145000.0,0.0,29244.052754372668,1825.3968253968253
2025,2025-01-13,tabular,0.1,1.0,100,0.0,0.0,150000.0,0.0,-94657.02000067291,595.2380952380952
2025,2025-01-27,tabular,0.1,1.0,100,0.0,0.0,150000.0,0.0,6224.991726586258,595.2380952380952
2025,2025-02-10,tabular,0.1,1.0,100,0.0,0.0,150000.0,0.0,-31283.09708925729,595.2380952380952
2025,2025-02-24,tabular,0.1,1.0,100,0.0,0.0,150000.0,0.0,-84043.68207842085,595.2380952380952
2025,2025-03-10,tabular,0.1,1.0,100,0.0,0.0,150000.0,0.0,42536.469322845296,595.2380952380952
2025,2025-03-24,tabular,0.1,1.0,100,0.0,0.0,150000.0,0.0,-117526.72837332982,595.2380952380952
2025,2025-04-07,tabular,0.1,1.0,100,0.0,0.0,150000.0,0.0,-8301.425688354797,595.2380952380952
2025,2025-04-23,tabular,0.1,1.0,100,0.0,0.0,150000.0,0.0,-44962.04939416831,595.2380952380952
2025,2025-05-09,tabular,0.1,1.0,100,0.0,0.0,150000.0,0.0,13482.552367710488,595.2380952380952
2025,2025-05-23,tabular,0.1,1.0,100,0.0,0.0,150000.0,0.0,40718.86077986352,595.2380952380952
2025,2025-06-09,tabular,0.1,1.0,100,0.0,0.0,150000.0,0.0,75778.1495354753,595.2380952380952
2025,2025-06-23,tabular,0.1,1.0,100,0.0,0.0,150000.0,0.0,-53275.92224949273,595.2380952380952
2025,2025-07-07,tabular,0.1,1.0,100,0.0,0.0,150000.0,0.0,4809.285802397146,595.2380952380952
2025,2025-07-21,tabular,0.1,1.0,100,0.0,0.0,150000.0,0.0,-24283.935602174988,595.2380952380952
2025,2025-08-04,tabular,0.1,1.0,100,0.0,0.0,150000.0,0.0,-28907.55549919895,595.2380952380952
2025,2025-08-18,tabular,0.1,1.0,100,0.0,0.0,150000.0,0.0,995.2970203883016,595.2380952380952
2025,2025-09-02,tabular,0.1,1.0,100,0.0,0.0,150000.0,0.0,9541.90993409545,595.2380952380952
2025,2025-09-16,tabular,0.1,1.0,100,0.0,0.0,150000.0,0.0,-11261.682820370575,595.2380952380952
2025,2025-09-30,tabular,0.1,1.0,100,0.0,0.0,150000.0,0.0,-65598.53673688137,595.2380952380952
2025,2025-10-14,tabular,0.1,1.0,100,0.0,0.0,150000.0,0.0,9620.15313434061,595.2380952380952
2025,2025-10-28,tabular,0.1,1.0,100,0.0,0.0,150000.0,0.0,2083.9988274934626,595.2380952380952
2025,2025-11-11,tabular,0.1,1.0,100,0.0,0.0,150000.0,0.0,4117.674953567915,595.2380952380952
2025,2025-11-25,tabular,0.1,1.0,100,0.0,0.0,150000.0,0.0,-28641.59445941188,595.2380952380952
2025,2025-12-09,tabular,0.1,1.0,100,0.0,0.0,150000.0,0.0,4386.731048421589,595.2380952380952
2025,2025-12-23,tabular,0.1,1.0,100,0.0,0.0,150000.0,0.0,34777.80471669603,595.2380952380952
2025,2025-01-13,tabular,0.1,2.0,10,1.0,0.0,55000.0,0.0,-29473.805585386952,1218.2539682539682
2025,2025-01-27,tabular,0.1,2.0,10,1.0,0.0,60000.0,0.0,20067.16507716828,1238.095238095238
2025,2025-02-10,tabular,0.1,2.0,10,1.0,0.0,55000.0,0.0,-13704.715874512429,1218.2539682539682
2025,2025-02-24,tabular,0.1,2.0,10,1.0,0.0,55000.0,0.0,-33169.06597480219,1218.2539682539682
2025,2025-03-10,tabular,0.1,2.0,10,1.0,0.0,60000.0,0.0,2018.7428174992808,1238.095238095238
2025,2025-03-24,tabular,0.1,2.0,10,1.0,0.0,50000.0,0.0,-11658.69159669379,1198.4126984126983
2025,2025-04-07,tabular,0.1,2.0,10,1.0,0.0,55000.0,0.0,-40510.710430529456,1218.2539682539682
2025,2025-04-23,tabular,0.1,2.0,10,1.0,0.0,45000.0,0.0,13637.42321057821,1178.5714285714284
2025,2025-05-09,tabular,0.1,2.0,10,1.0,0.0,60000.0,0.0,-4413.494940101315,1238.095238095238
2025,2025-05-23,tabular,0.1,2.0,10,1.0,0.0,50000.0,0.0,-10037.90424077556,1198.4126984126983
2025,2025-06-09,tabular,0.1,2.0,10,1.0,0.0,60000.0,0.0,-5845.595554005267,1238.095238095238
2025,2025-06-23,tabular,0.1,2.0,10,1.0,0.0,55000.0,0.0,-21126.3392524521,1218.2539682539682
2025,2025-07-07,tabular,0.1,2.0,10,1.0,0.0,60000.0,0.0,5226.242021994066,1238.095238095238
2025,2025-07-21,tabular,0.1,2.0,10,1.0,0.0,50000.0,0.0,8530.302440094141,1198.4126984126983
2025,2025-08-04,tabular,0.1,2.0,10,1.0,0.0,50000.0,0.0,-9068.567575104727,1198.4126984126983
2025,2025-08-18,tabular,0.1,2.0,10,1.0,0.0,55000.0,0.0,2315.332221327009,1218.2539682539682
2025,2025-09-02,tabular,0.1,2.0,10,1.0,0.0,50000.0,0.0,-13956.40112479721,1198.4126984126983
2025,2025-09-16,tabular,0.1,2.0,10,1.0,0.0,55000.0,0.0,5526.952564907064,1218.2539682539682
2025,2025-09-30,tabular,0.1,2.0,10,1.0,0.0,60000.0,0.0,14961.883578354984,1238.095238095238
2025,2025-10-14,tabular,0.1,2.0,10,1.0,0.0,55000.0,0.0,-6729.053214865727,1218.2539682539682
2025,2025-10-28,tabular,0.1,2.0,10,1.0,0.0,55000.0,0.0,4739.0042936812615,1218.2539682539682
2025,2025-11-11,tabular,0.1,2.0,10,1.0,0.0,55000.0,0.0,2081.9718530354435,1218.2539682539682
2025,2025-11-25,tabular,0.1,2.0,10,1.0,0.0,55000.0,0.0,-7231.999210154091,1218.2539682539682
2025,2025-12-09,tabular,0.1,2.0,10,1.0,0.0,55000.0,0.0,-12860.154930498958,1218.2539682539682
2025,2025-12-23,tabular,0.1,2.0,10,1.0,0.0,50000.0,0.0,12642.796867402578,1198.4126984126983
2025,2025-01-13,tabular,0.1,2.0,50,0.5,0.0,145000.0,0.0,-62065.41279302994,3075.396825396825
2025,2025-01-27,tabular,0.1,2.0,50,0.5,0.0,145000.0,0.0,13146.078401877268,3075.396825396825
2025,2025-02-10,tabular,0.1,2.0,50,0.5,0.0,145000.0,0.0,-22493.90648188486,3075.396825396825
2025,2025-02-24,tabular,0.1,2.0,50,0.5,0.0,145000.0,0.0,-58606.37402661152,3075.396825396825
2025,2025-03-10,tabular,0.1,2.0,50,0.5,0.0,145000.0,0.0,22277.60607017229,3075.396825396825
2025,2025-03-24,tabular,0.1,2.0,50,0.25,0.0,145000.0,0.0,-91059.71917917082,1825.3968253968253
2025,2025-04-07,tabular,0.1,2.0,50,0.5,0.0,145000.0,0.0,-24406.06805944213,3075.396825396825
2025,2025-04-23,tabular,0.1,2.0,50,0.5,0.0,145000.0,0.0,-15662.313091795048,3075.396825396825
2025,2025-05-09,tabular,0.1,2.0,50,0.5,0.0,145000.0,0.0,4534.528713804586,3075.396825396825
2025,2025-05-23,tabular,0.1,2.0,50,0.5,0.0,145000.0,0.0,15340.478269543984,3075.396825396825
2025,2025-06-09,tabular,0.1,2.0,50,0.5,0.0,145000.0,0.0,34966.276990735016,3075.396825396825
2025,2025-06-23,tabular,0.1,2.0,50,0.25,0.0,145000.0,0.0,-45238.52650023257,1825.3968253968253
2025,2025-07-07,tabular,0.1,2.0,50,0.5,0.0,145000.0,0.0,5017.763912195606,3075.396825396825
2025,2025-07-21,tabular,0.1,2.0,50,0.25,0.0,145000.0,0.0,-16080.376091607704,1825.3968253968253
2025,2025-08-04,tabular,0.1,2.0,50,0.25,0.0,145000.0,0.0,-23947.808518175392,1825.3968253968253
2025,2025-08-18,tabular,0.1,2.0,50,0.25,0.0,145000.0,0.0,1325.305820622979,1825.3968253968253
2025,2025-09-02,tabular,0.1,2.0,50,0.25,0.0,145000.0,0.0,3667.332169372286,1825.3968253968253
2025,2025-09-16,tabular,0.1,2.0,50,0.5,0.0,145000.0,0.0,-2867.365127731756,3075.396825396825
2025,2025-09-30,tabular,0.1,2.0,50,0.5,0.0,145000.0,0.0,-25318.326579263197,3075.396825396825
2025,2025-10-14,tabular,0.1,2.0,50,0.5,0.0,145000.0,0.0,1445.5499597374414,3075.396825396825
2025,2025-10-28,tabular,0.1,2.0,50,0.5,0.0,145000.0,0.0,3411.501560587362,3075.396825396825
2025,2025-11-11,tabular,0.1,2.0,50,0.5,0.0,145000.0,0.0,3099.8234033016797,3075.396825396825
2025,2025-11-25,tabular,0.1,2.0,50,0.5,0.0,145000.0,0.0,-17936.796834782985,3075.396825396825
2025,2025-12-09,tabular,0.1,2.0,50,0.5,0.0,145000.0,0.0,-4236.711941038684,3075.396825396825
2025,2025-12-23,tabular,0.1,2.0,50,0.5,0.0,145000.0,0.0,23710.300792049304,3075.396825396825
2025,2025-01-13,tabular,0.1,2.0,100,0.0,0.0,150000.0,0.0,-94657.02000067291,595.2380952380952
2025,2025-01-27,tabular,0.1,2.0,100,0.25,0.0,145000.0,0.0,9685.535064231764,3075.396825396825
2025,2025-02-10,tabular,0.1,2.0,100,0.0,0.0,150000.0,0.0,-31283.09708925729,595.2380952380952
2025,2025-02-24,tabular,0.1,2.0,100,0.0,0.0,150000.0,0.0,-84043.68207842085,595.2380952380952
2025,2025-03-10,tabular,0.1,2.0,100,0.0,0.0,150000.0,0.0,42536.469322845296,595.2380952380952
2025,2025-03-24,tabular,0.1,2.0,100,0.0,0.0,150000.0,0.0,-117526.72837332982,595.2380952380952
2025,2025-04-07,tabular,0.1,2.0,100,0.0,0.0,150000.0,0.0,-8301.425688354797,595.2380952380952
2025,2025-04-23,tabular,0.1,2.0,100,0.25,0.0,145000.0,0.0,-30312.18124298168,3075.396825396825
2025,2025-05-09,tabular,0.1,2.0,100,0.25,0.0,145000.0,0.0,9008.540540757536,3075.396825396825
2025,2025-05-23,tabular,0.1,2.0,100,0.0,0.0,150000.0,0.0,40718.86077986352,595.2380952380952
2025,2025-06-09,tabular,0.1,2.0,100,0.25,0.0,145000.0,0.0,55372.21326310515,3075.396825396825
2025,2025-06-23,tabular,0.1,2.0,100,0.0,0.0,150000.0,0.0,-53275.92224949273,595.2380952380952
2025,2025-07-07,tabular,0.1,2.0,100,0.0,0.0,150000.0,0.0,4809.285802397146,595.2380952380952
2025,2025-07-21,tabular,0.1,2.0,100,0.0,0.0,150000.0,0.0,-24283.935602174988,595.2380952380952
2025,2025-08-04,tabular,0.1,2.0,100,0.0,0.0,150000.0,0.0,-28907.55549919895,595.2380952380952
2025,2025-08-18,tabular,0.1,2.0,100,0.0,0.0,150000.0,0.0,995.2970203883016,595.2380952380952
2025,2025-09-02,tabular,0.1,2.0,100,0.0,0.0,150000.0,0.0,9541.90993409545,595.2380952380952
2025,2025-09-16,tabular,0.1,2.0,100,0.0,0.0,150000.0,0.0,-11261.682820370575,595.2380952380952
2025,2025-09-30,tabular,0.1,2.0,100,0.25,0.0,145000.0,0.0,-45458.43165807229,3075.396825396825
2025,2025-10-14,tabular,0.1,2.0,100,0.0,0.0,150000.0,0.0,9620.15313434061,595.2380952380952
2025,2025-10-28,tabular,0.1,2.0,100,0.25,0.0,145000.0,0.0,2747.750194040412,3075.396825396825
2025,2025-11-11,tabular,0.1,2.0,100,0.0,0.0,150000.0,0.0,4117.674953567915,595.2380952380952
2025,2025-11-25,tabular,0.1,2.0,100,0.25,0.0,145000.0,0.0,-23289.19564709743,3075.396825396825
2025,2025-12-09,tabular,0.1,2.0,100,0.25,0.0,145000.0,0.0,75.00955369145207,3075.396825396825
2025,2025-12-23,tabular,0.1,2.0,100,0.25,0.0,145000.0,0.0,29244.052754372668,3075.396825396825
2025,2025-01-13,cnn_1d,0.01,0.25,10,0.5,0.0,145000.0,0.0,-62065.41279302994,557.5396825396825
2025,2025-01-27,cnn_1d,0.01,0.25,10,0.5,0.0,145000.0,0.0,13146.078401877268,557.5396825396825
2025,2025-02-10,cnn_1d,0.01,0.25,10,0.5,0.0,145000.0,0.0,-22493.90648188486,557.5396825396825
2025,2025-02-24,cnn_1d,0.01,0.25,10,0.5,0.0,145000.0,0.0,-58606.37402661152,557.5396825396825
2025,2025-03-10,cnn_1d,0.01,0.25,10,0.5,0.0,145000.0,0.0,22277.60607017229,557.5396825396825
2025,2025-03-24,cnn_1d,0.01,0.25,10,0.5,0.0,145000.0,0.0,-64592.7099850118,557.5396825396825
2025,2025-04-07,cnn_1d,0.01,0.25,10,0.5,0.0,145000.0,0.0,-24406.06805944213,557.5396825396825
2025,2025-04-23,cnn_1d,0.01,0.25,10,0.25,0.0,145000.0,0.0,-30312.18124298168,307.53968253968253
2025,2025-05-09,cnn_1d,0.01,0.25,10,0.25,0.0,145000.0,0.0,9008.540540757536,307.53968253968253
2025,2025-05-23,cnn_1d,0.01,0.25,10,0.25,0.0,145000.0,0.0,28029.669524703757,307.53968253968253
2025,2025-06-09,cnn_1d,0.01,0.25,10,0.25,0.0,145000.0,0.0,55372.21326310515,307.53968253968253
2025,2025-06-23,cnn_1d,0.01,0.25,10,0.25,0.0,145000.0,0.0,-45238.52650023257,307.53968253968253
2025,2025-07-07,cnn_1d,0.01,0.25,10,0.25,0.0,145000.0,0.0,4913.5248572963765,307.53968253968253
2025,2025-07-21,cnn_1d,0.01,0.25,10,0.5,0.0,145000.0,0.0,-7876.8165810404225,557.5396825396825
2025,2025-08-04,cnn_1d,0.01,0.25,10,0.5,0.0,145000.0,0.0,-18988.06153715184,557.5396825396825
2025,2025-08-18,cnn_1d,0.01,0.25,10,0.75,0.0,145000.0,0.0,1985.323421092332,807.5396825396825
2025,2025-09-02,cnn_1d,0.01,0.25,10,0.75,0.0,145000.0,0.0,-8081.823360074045,807.5396825396825
2025,2025-09-16,cnn_1d,0.01,0.25,10,0.75,0.0,145000.0,0.0,1329.793718587654,807.5396825396825
2025,2025-09-30,cnn_1d,0.01,0.25,10,0.75,0.0,145000.0,0.0,-5178.221500454106,807.5396825396825
2025,2025-10-14,cnn_1d,0.01,0.25,10,0.75,0.0,145000.0,0.0,-2641.7516275641424,807.5396825396825
2025,2025-10-28,cnn_1d,0.01,0.25,10,0.75,0.0,145000.0,0.0,4075.252927134312,807.5396825396825
2025,2025-11-11,cnn_1d,0.01,0.25,10,0.75,0.0,145000.0,0.0,2590.8976281685614,807.5396825396825
2025,2025-11-25,cnn_1d,0.01,0.25,10,0.75,0.0,145000.0,0.0,-12584.398022468538,807.5396825396825
2025,2025-12-09,cnn_1d,0.01,0.25,10,0.75,0.0,145000.0,0.0,-8548.433435768822,807.5396825396825
2025,2025-12-23,cnn_1d,0.01,0.25,10,0.75,0.0,145000.0,0.0,18176.54882972594,807.5396825396825
2025,2025-01-13,cnn_1d,0.01,0.25,50,0.0,0.0,150000.0,0.0,-94657.02000067291,59.523809523809526
2025,2025-01-27,cnn_1d,0.01,0.25,50,0.0,0.0,150000.0,0.0,6224.991726586258,59.523809523809526
2025,2025-02-10,cnn_1d,0.01,0.25,50,0.0,0.0,150000.0,0.0,-31283.09708925729,59.523809523809526
2025,2025-02-24,cnn_1d,0.01,0.25,50,0.0,0.0,150000.0,0.0,-84043.68207842085,59.523809523809526
2025,2025-03-10,cnn_1d,0.01,0.25,50,0.0,0.0,150000.0,0.0,42536.469322845296,59.523809523809526
2025,2025-03-24,cnn_1d,0.01,0.25,50,0.0,0.0,150000.0,0.0,-117526.72837332982,59.523809523809526
2025,2025-04-07,cnn_1d,0.01,0.25,50,0.0,0.0,150000.0,0.0,-8301.425688354797,59.523809523809526
2025,2025-04-23,cnn_1d,0.01,0.25,50,0.0,0.0,150000.0,0.0,-44962.04939416831,59.523809523809526
2025,2025-05-09,cnn_1d,0.01,0.25,50,0.0,0.0,150000.0,0.0,13482.552367710488,59.523809523809526
2025,2025-05-23,cnn_1d,0.01,0.25,50,0.0,0.0,150000.0,0.0,40718.86077986352,59.523809523809526
2025,2025-06-09,cnn_1d,0.01,0.25,50,0.0,0.0,150000.0,0.0,75778.1495354753,59.523809523809526
2025,2025-06-23,cnn_1d,0.01,0.25,50,0.0,0.0,150000.0,0.0,-53275.92224949273,59.523809523809526
2025,2025-07-07,cnn_1d,0.01,0.25,50,0.0,0.0,150000.0,0.0,4809.285802397146,59.523809523809526
2025,2025-07-21,cnn_1d,0.01,0.25,50,0.0,0.0,150000.0,0.0,-24283.935602174988,59.523809523809526
2025,2025-08-04,cnn_1d,0.01,0.25,50,0.0,0.0,150000.0,0.0,-28907.55549919895,59.523809523809526
2025,2025-08-18,cnn_1d,0.01,0.25,50,0.0,0.0,150000.0,0.0,995.2970203883016,59.523809523809526
2025,2025-09-02,cnn_1d,0.01,0.25,50,0.0,0.0,150000.0,0.0,9541.90993409545,59.523809523809526
2025,2025-09-16,cnn_1d,0.01,0.25,50,0.0,0.0,150000.0,0.0,-11261.682820370575,59.523809523809526
2025,2025-09-30,cnn_1d,0.01,0.25,50,0.0,0.0,150000.0,0.0,-65598.53673688137,59.523809523809526
2025,2025-10-14,cnn_1d,0.01,0.25,50,0.0,0.0,150000.0,0.0,9620.15313434061,59.523809523809526
2025,2025-10-28,cnn_1d,0.01,0.25,50,0.0,0.0,150000.0,0.0,2083.9988274934626,59.523809523809526
2025,2025-11-11,cnn_1d,0.01,0.25,50,0.0,0.0,150000.0,0.0,4117.674953567915,59.523809523809526
2025,2025-11-25,cnn_1d,0.01,0.25,50,0.0,0.0,150000.0,0.0,-28641.59445941188,59.523809523809526
2025,2025-12-09,cnn_1d,0.01,0.25,50,0.0,0.0,150000.0,0.0,4386.731048421589,59.523809523809526
2025,2025-12-23,cnn_1d,0.01,0.25,50,0.0,0.0,150000.0,0.0,34777.80471669603,59.523809523809526
2025,2025-01-13,cnn_1d,0.01,0.25,100,0.0,0.0,150000.0,0.0,-94657.02000067291,59.523809523809526
2025,2025-01-27,cnn_1d,0.01,0.25,100,0.0,0.0,150000.0,0.0,6224.991726586258,59.523809523809526
2025,2025-02-10,cnn_1d,0.01,0.25,100,0.0,0.0,150000.0,0.0,-31283.09708925729,59.523809523809526
2025,2025-02-24,cnn_1d,0.01,0.25,100,0.0,0.0,150000.0,0.0,-84043.68207842085,59.523809523809526
2025,2025-03-10,cnn_1d,0.01,0.25,100,0.0,0.0,150000.0,0.0,42536.469322845296,59.523809523809526
2025,2025-03-24,cnn_1d,0.01,0.25,100,0.0,0.0,150000.0,0.0,-117526.72837332982,59.523809523809526
2025,2025-04-07,cnn_1d,0.01,0.25,100,0.0,0.0,150000.0,0.0,-8301.425688354797,59.523809523809526
2025,2025-04-23,cnn_1d,0.01,0.25,100,0.0,0.0,150000.0,0.0,-44962.04939416831,59.523809523809526
2025,2025-05-09,cnn_1d,0.01,0.25,100,0.0,0.0,150000.0,0.0,13482.552367710488,59.523809523809526
2025,2025-05-23,cnn_1d,0.01,0.25,100,0.0,0.0,150000.0,0.0,40718.86077986352,59.523809523809526
2025,2025-06-09,cnn_1d,0.01,0.25,100,0.0,0.0,150000.0,0.0,75778.1495354753,59.523809523809526
2025,2025-06-23,cnn_1d,0.01,0.25,100,0.0,0.0,150000.0,0.0,-53275.92224949273,59.523809523809526
2025,2025-07-07,cnn_1d,0.01,0.25,100,0.0,0.0,150000.0,0.0,4809.285802397146,59.523809523809526
2025,2025-07-21,cnn_1d,0.01,0.25,100,0.0,0.0,150000.0,0.0,-24283.935602174988,59.523809523809526
2025,2025-08-04,cnn_1d,0.01,0.25,100,0.0,0.0,150000.0,0.0,-28907.55549919895,59.523809523809526
2025,2025-08-18,cnn_1d,0.01,0.25,100,0.0,0.0,150000.0,0.0,995.2970203883016,59.523809523809526
2025,2025-09-02,cnn_1d,0.01,0.25,100,0.0,0.0,150000.0,0.0,9541.90993409545,59.523809523809526
2025,2025-09-16,cnn_1d,0.01,0.25,100,0.0,0.0,150000.0,0.0,-11261.682820370575,59.523809523809526
2025,2025-09-30,cnn_1d,0.01,0.25,100,0.0,0.0,150000.0,0.0,-65598.53673688137,59.523809523809526
2025,2025-10-14,cnn_1d,0.01,0.25,100,0.0,0.0,150000.0,0.0,9620.15313434061,59.523809523809526
2025,2025-10-28,cnn_1d,0.01,0.25,100,0.0,0.0,150000.0,0.0,2083.9988274934626,59.523809523809526
2025,2025-11-11,cnn_1d,0.01,0.25,100,0.0,0.0,150000.0,0.0,4117.674953567915,59.523809523809526
2025,2025-11-25,cnn_1d,0.01,0.25,100,0.0,0.0,150000.0,0.0,-28641.59445941188,59.523809523809526
2025,2025-12-09,cnn_1d,0.01,0.25,100,0.0,0.0,150000.0,0.0,4386.731048421589,59.523809523809526
2025,2025-12-23,cnn_1d,0.01,0.25,100,0.0,0.0,150000.0,0.0,34777.80471669603,59.523809523809526
2025,2025-01-13,cnn_1d,0.01,1.0,10,0.75,0.0,145000.0,0.0,-45769.60918920845,807.5396825396825
2025,2025-01-27,cnn_1d,0.01,1.0,10,0.75,0.0,145000.0,0.0,16606.621739522772,807.5396825396825
2025,2025-02-10,cnn_1d,0.01,1.0,10,0.75,0.0,145000.0,0.0,-18099.311178198644,807.5396825396825
2025,2025-02-24,cnn_1d,0.01,1.0,10,1.0,0.0,65000.0,0.0,-33169.06597480219,1025.7936507936508
2025,2025-03-10,cnn_1d,0.01,1.0,10,1.0,0.0,65000.0,0.0,2018.7428174992808,1025.7936507936508
2025,2025-03-24,cnn_1d,0.01,1.0,10,1.0,0.0,65000.0,0.0,-11658.69159669379,1025.7936507936508
2025,2025-04-07,cnn_1d,0.01,1.0,10,1.0,0.0,65000.0,0.0,-40510.710430529456,1025.7936507936508
2025,2025-04-23,cnn_1d,0.01,1.0,10,0.75,0.0,145000.0,0.0,-1012.4449406084188,807.5396825396825
2025,2025-05-09,cnn_1d,0.01,1.0,10,0.75,0.0,145000.0,0.0,60.516886851635576,807.5396825396825
2025,2025-05-23,cnn_1d,0.01,1.0,10,0.75,0.0,145000.0,0.0,2651.2870143842115,807.5396825396825
2025,2025-06-09,cnn_1d,0.01,1.0,10,0.75,0.0,145000.0,0.0,14560.340718364872,807.5396825396825
2025,2025-06-23,cnn_1d,0.01,1.0,10,0.75,0.0,145000.0,0.0,-29163.73500171226,807.5396825396825
2025,2025-07-07,cnn_1d,0.01,1.0,10,0.75,0.0,145000.0,0.0,5122.002967094836,807.5396825396825
2025,2025-07-21,cnn_1d,0.01,1.0,10,1.0,0.0,65000.0,0.0,8530.302440094141,1025.7936507936508
2025,2025-08-04,cnn_1d,0.01,1.0,10,1.0,0.0,65000.0,0.0,-9068.567575104727,1025.7936507936508
2025,2025-08-18,cnn_1d,0.01,1.0,10,1.0,0.0,65000.0,0.0,2315.332221327009,1025.7936507936508
2025,2025-09-02,cnn_1d,0.01,1.0,10,1.0,0.0,65000.0,0.0,-13956.40112479721,1025.7936507936508
2025,2025-09-16,cnn_1d,0.01,1.0,10,1.0,0.0,65000.0,0.0,5526.952564907064,1025.7936507936508
2025,2025-09-30,cnn_1d,0.01,1.0,10,1.0,0.0,65000.0,0.0,14961.883578354984,1025.7936507936508
2025,2025-10-14,cnn_1d,0.01,1.0,10,1.0,0.0,65000.0,0.0,-6729.053214865727,1025.7936507936508
2025,2025-10-28,cnn_1d,0.01,1.0,10,1.0,0.0,65000.0,0.0,4739.0042936812615,1025.7936507936508
2025,2025-11-11,cnn_1d,0.01,1.0,10,1.0,0.0,65000.0,0.0,2081.9718530354435,1025.7936507936508
2025,2025-11-25,cnn_1d,0.01,1.0,10,1.0,0.0,65000.0,0.0,-7231.999210154091,1025.7936507936508
2025,2025-12-09,cnn_1d,0.01,1.0,10,1.0,0.0,65000.0,0.0,-12860.154930498958,1025.7936507936508
2025,2025-12-23,cnn_1d,0.01,1.0,10,1.0,0.0,65000.0,0.0,12642.796867402578,1025.7936507936508
2025,2025-01-13,cnn_1d,0.01,1.0,50,0.25,0.0,145000.0,0.0,-78361.21639685142,1307.5396825396826
2025,2025-01-27,cnn_1d,0.01,1.0,50,0.25,0.0,145000.0,0.0,9685.535064231764,1307.5396825396826
2025,2025-02-10,cnn_1d,0.01,1.0,50,0.25,0.0,145000.0,0.0,-26888.50178557108,1307.5396825396826
2025,2025-02-24,cnn_1d,0.01,1.0,50,0.5,0.0,145000.0,0.0,-58606.37402661152,2557.5396825396824
2025,2025-03-10,cnn_1d,0.01,1.0,50,0.5,0.0,145000.0,0.0,22277.60607017229,2557.5396825396824
2025,2025-03-24,cnn_1d,0.01,1.0,50,0.5,0.0,145000.0,0.0,-64592.7099850118,2557.5396825396824
2025,2025-04-07,cnn_1d,0.01,1.0,50,0.25,0.0,145000.0,0.0,-16353.746873898464,1307.5396825396826
2025,2025-04-23,cnn_1d,0.01,1.0,50,0.25,0.0,145000.0,0.0,-30312.18124298168,1307.5396825396826
2025,2025-05-09,cnn_1d,0.01,1.0,50,0.25,0.0,145000.0,0.0,9008.540540757536,1307.5396825396826
2025,2025-05-23,cnn_1d,0.01,1.0,50,0.25,0.0,145000.0,0.0,28029.669524703757,1307.5396825396826
2025,2025-06-09,cnn_1d,0.01,1.0,50,0.25,0.0,145000.0,0.0,55372.21326310515,1307.5396825396826
2025,2025-06-23,cnn_1d,0.01,1.0,50,0.0,0.0,150000.0,0.0,-53275.92224949273,59.523809523809526
2025,2025-07-07,cnn_1d,0.01,1.0,50,0.25,0.0,145000.0,0.0,4913.5248572963765,1307.5396825396826
2025,2025-07-21,cnn_1d,0.01,1.0,50,0.5,0.0,145000.0,0.0,-7876.8165810404225,2557.5396825396824
2025,2025-08-04,cnn_1d,0.01,1.0,50,0.5,0.0,145000.0,0.0,-18988.06153715184,2557.5396825396824
2025,2025-08-18,cnn_1d,0.01,1.0,50,0.5,0.0,145000.0,0.0,1655.3146208576554,2557.5396825396824
2025,2025-09-02,cnn_1d,0.01,1.0,50,0.5,0.0,145000.0,0.0,-2207.24559535088,2557.5396825396824
2025,2025-09-16,cnn_1d,0.01,1.0,50,0.75,0.0,145000.0,0.0,1329.793718587654,3807.5396825396815
2025,2025-09-30,cnn_1d,0.01,1.0,50,0.5,0.0,145000.0,0.0,-25318.326579263197,2557.5396825396824
2025,2025-10-14,cnn_1d,0.01,1.0,50,0.75,0.0,145000.0,0.0,-2641.7516275641424,3807.5396825396815
2025,2025-10-28,cnn_1d,0.01,1.0,50,0.75,0.0,145000.0,0.0,4075.252927134312,3807.5396825396815
2025,2025-11-11,cnn_1d,0.01,1.0,50,0.75,0.0,145000.0,0.0,2590.8976281685614,3807.5396825396815
2025,2025-11-25,cnn_1d,0.01,1.0,50,0.75,0.0,145000.0,0.0,-12584.398022468538,3807.5396825396815
2025,2025-12-09,cnn_1d,0.01,1.0,50,0.75,0.0,145000.0,0.0,-8548.433435768822,3807.5396825396815
2025,2025-12-23,cnn_1d,0.01,1.0,50,0.75,0.0,145000.0,0.0,18176.54882972594,3807.5396825396815
2025,2025-01-13,cnn_1d,0.01,1.0,100,0.0,0.0,150000.0,0.0,-94657.02000067291,59.523809523809526
2025,2025-01-27,cnn_1d,0.01,1.0,100,0.0,0.0,150000.0,0.0,6224.991726586258,59.523809523809526
2025,2025-02-10,cnn_1d,0.01,1.0,100,0.0,0.0,150000.0,0.0,-31283.09708925729,59.523809523809526
2025,2025-02-24,cnn_1d,0.01,1.0,100,0.0,0.0,150000.0,0.0,-84043.68207842085,59.523809523809526
2025,2025-03-10,cnn_1d,0.01,1.0,100,0.0,0.0,150000.0,0.0,42536.469322845296,59.523809523809526
2025,2025-03-24,cnn_1d,0.01,1.0,100,0.0,0.0,150000.0,0.0,-117526.72837332982,59.523809523809526
2025,2025-04-07,cnn_1d,0.01,1.0,100,0.0,0.0,150000.0,0.0,-8301.425688354797,59.523809523809526
2025,2025-04-23,cnn_1d,0.01,1.0,100,0.0,0.0,150000.0,0.0,-44962.04939416831,59.523809523809526
2025,2025-05-09,cnn_1d,0.01,1.0,100,0.0,0.0,150000.0,0.0,13482.552367710488,59.523809523809526
2025,2025-05-23,cnn_1d,0.01,1.0,100,0.0,0.0,150000.0,0.0,40718.86077986352,59.523809523809526
2025,2025-06-09,cnn_1d,0.01,1.0,100,0.0,0.0,150000.0,0.0,75778.1495354753,59.523809523809526
2025,2025-06-23,cnn_1d,0.01,1.0,100,0.0,0.0,150000.0,0.0,-53275.92224949273,59.523809523809526
2025,2025-07-07,cnn_1d,0.01,1.0,100,0.0,0.0,150000.0,0.0,4809.285802397146,59.523809523809526
2025,2025-07-21,cnn_1d,0.01,1.0,100,0.0,0.0,150000.0,0.0,-24283.935602174988,59.523809523809526
2025,2025-08-04,cnn_1d,0.01,1.0,100,0.0,0.0,150000.0,0.0,-28907.55549919895,59.523809523809526
2025,2025-08-18,cnn_1d,0.01,1.0,100,0.0,0.0,150000.0,0.0,995.2970203883016,59.523809523809526
2025,2025-09-02,cnn_1d,0.01,1.0,100,0.0,0.0,150000.0,0.0,9541.90993409545,59.523809523809526
2025,2025-09-16,cnn_1d,0.01,1.0,100,0.0,0.0,150000.0,0.0,-11261.682820370575,59.523809523809526
2025,2025-09-30,cnn_1d,0.01,1.0,100,0.0,0.0,150000.0,0.0,-65598.53673688137,59.523809523809526
2025,2025-10-14,cnn_1d,0.01,1.0,100,0.0,0.0,150000.0,0.0,9620.15313434061,59.523809523809526
2025,2025-10-28,cnn_1d,0.01,1.0,100,0.0,0.0,150000.0,0.0,2083.9988274934626,59.523809523809526
2025,2025-11-11,cnn_1d,0.01,1.0,100,0.0,0.0,150000.0,0.0,4117.674953567915,59.523809523809526
2025,2025-11-25,cnn_1d,0.01,1.0,100,0.0,0.0,150000.0,0.0,-28641.59445941188,59.523809523809526
2025,2025-12-09,cnn_1d,0.01,1.0,100,0.0,0.0,150000.0,0.0,4386.731048421589,59.523809523809526
2025,2025-12-23,cnn_1d,0.01,1.0,100,0.0,0.0,150000.0,0.0,34777.80471669603,59.523809523809526
2025,2025-01-13,cnn_1d,0.01,2.0,10,1.0,0.0,70000.0,0.0,-29473.805585386952,1027.7777777777778
2025,2025-01-27,cnn_1d,0.01,2.0,10,1.0,0.0,70000.0,0.0,20067.16507716828,1027.7777777777778
2025,2025-02-10,cnn_1d,0.01,2.0,10,1.0,0.0,70000.0,0.0,-13704.715874512429,1027.7777777777778
2025,2025-02-24,cnn_1d,0.01,2.0,10,1.0,0.0,70000.0,0.0,-33169.06597480219,1027.7777777777778
2025,2025-03-10,cnn_1d,0.01,2.0,10,1.0,0.0,70000.0,0.0,2018.7428174992808,1027.7777777777778
2025,2025-03-24,cnn_1d,0.01,2.0,10,1.0,0.0,70000.0,0.0,-11658.69159669379,1027.7777777777778
2025,2025-04-07,cnn_1d,0.01,2.0,10,1.0,0.0,70000.0,0.0,-40510.710430529456,1027.7777777777778
2025,2025-04-23,cnn_1d,0.01,2.0,10,1.0,0.0,70000.0,0.0,13637.42321057821,1027.7777777777778
2025,2025-05-09,cnn_1d,0.01,2.0,10,1.0,0.0,70000.0,0.0,-4413.494940101315,1027.7777777777778
2025,2025-05-23,cnn_1d,0.01,2.0,10,1.0,0.0,70000.0,0.0,-10037.90424077556,1027.7777777777778
2025,2025-06-09,cnn_1d,0.01,2.0,10,1.0,0.0,70000.0,0.0,-5845.595554005267,1027.7777777777778
2025,2025-06-23,cnn_1d,0.01,2.0,10,1.0,0.0,70000.0,0.0,-21126.3392524521,1027.7777777777778
2025,2025-07-07,cnn_1d,0.01,2.0,10,1.0,0.0,70000.0,0.0,5226.242021994066,1027.7777777777778
2025,2025-07-21,cnn_1d,0.01,2.0,10,1.0,0.0,70000.0,0.0,8530.302440094141,1027.7777777777778
2025,2025-08-04,cnn_1d,0.01,2.0,10,1.0,0.0,70000.0,0.0,-9068.567575104727,1027.7777777777778
2025,2025-08-18,cnn_1d,0.01,2.0,10,1.0,0.0,70000.0,0.0,2315.332221327009,1027.7777777777778
2025,2025-09-02,cnn_1d,0.01,2.0,10,1.0,0.0,70000.0,0.0,-13956.40112479721,1027.7777777777778
2025,2025-09-16,cnn_1d,0.01,2.0,10,1.0,0.0,70000.0,0.0,5526.952564907064,1027.7777777777778
2025,2025-09-30,cnn_1d,0.01,2.0,10,1.0,0.0,70000.0,0.0,14961.883578354984,1027.7777777777778
2025,2025-10-14,cnn_1d,0.01,2.0,10,1.0,0.0,70000.0,0.0,-6729.053214865727,1027.7777777777778
2025,2025-10-28,cnn_1d,0.01,2.0,10,1.0,0.0,70000.0,0.0,4739.0042936812615,1027.7777777777778
2025,2025-11-11,cnn_1d,0.01,2.0,10,1.0,0.0,70000.0,0.0,2081.9718530354435,1027.7777777777778
2025,2025-11-25,cnn_1d,0.01,2.0,10,1.0,0.0,70000.0,0.0,-7231.999210154091,1027.7777777777778
2025,2025-12-09,cnn_1d,0.01,2.0,10,1.0,0.0,70000.0,0.0,-12860.154930498958,1027.7777777777778
2025,2025-12-23,cnn_1d,0.01,2.0,10,1.0,0.0,70000.0,0.0,12642.796867402578,1027.7777777777778
2025,2025-01-13,cnn_1d,0.01,2.0,50,0.75,0.0,145000.0,0.0,-45769.60918920845,3807.5396825396815
2025,2025-01-27,cnn_1d,0.01,2.0,50,0.75,0.0,145000.0,0.0,16606.621739522772,3807.5396825396815
2025,2025-02-10,cnn_1d,0.01,2.0,50,0.75,0.0,145000.0,0.0,-18099.311178198644,3807.5396825396815
2025,2025-02-24,cnn_1d,0.01,2.0,50,0.75,0.0,145000.0,0.0,-45887.72000070686,3807.5396825396815
2025,2025-03-10,cnn_1d,0.01,2.0,50,0.75,0.0,145000.0,0.0,12148.174443835784,3807.5396825396815
2025,2025-03-24,cnn_1d,0.01,2.0,50,0.75,0.0,145000.0,0.0,-38125.7007908528,3807.5396825396815
2025,2025-04-07,cnn_1d,0.01,2.0,50,0.75,0.0,145000.0,0.0,-32458.389244985792,3807.5396825396815
2025,2025-04-23,cnn_1d,0.01,2.0,50,0.5,0.0,145000.0,0.0,-15662.313091795048,2557.5396825396824
2025,2025-05-09,cnn_1d,0.01,2.0,50,0.5,0.0,145000.0,0.0,4534.528713804586,2557.5396825396824
2025,2025-05-23,cnn_1d,0.01,2.0,50,0.5,0.0,145000.0,0.0,15340.478269543984,2557.5396825396824
2025,2025-06-09,cnn_1d,0.01,2.0,50,0.5,0.0,145000.0,0.0,34966.276990735016,2557.5396825396824
2025,2025-06-23,cnn_1d,0.01,2.0,50,0.5,0.0,145000.0,0.0,-37201.130750972414,2557.5396825396824
2025,2025-07-07,cnn_1d,0.01,2.0,50,0.5,0.0,145000.0,0.0,5017.763912195606,2557.5396825396824
2025,2025-07-21,cnn_1d,0.01,2.0,50,0.75,0.0,145000.0,0.0,326.74292952685965,3807.5396825396815
2025,2025-08-04,cnn_1d,0.01,2.0,50,0.75,0.0,145000.0,0.0,-14028.314556128282,3807.5396825396815
2025,2025-08-18,cnn_1d,0.01,2.0,50,0.75,0.0,145000.0,0.0,1985.323421092332,3807.5396825396815
2025,2025-09-02,cnn_1d,0.01,2.0,50,0.75,0.0,145000.0,0.0,-8081.823360074045,3807.5396825396815
2025,2025-09-16,cnn_1d,0.01,2.0,50,0.75,0.0,145000.0,0.0,1329.793718587654,3807.5396825396815
2025,2025-09-30,cnn_1d,0.01,2.0,50,0.75,0.0,145000.0,0.0,-5178.221500454106,3807.5396825396815
2025,2025-10-14,cnn_1d,0.01,2.0,50,0.75,0.0,145000.0,0.0,-2641.7516275641424,3807.5396825396815
2025,2025-10-28,cnn_1d,0.01,2.0,50,0.75,0.0,145000.0,0.0,4075.252927134312,3807.5396825396815
2025,2025-11-11,cnn_1d,0.01,2.0,50,0.75,0.0,145000.0,0.0,2590.8976281685614,3807.5396825396815
2025,2025-11-25,cnn_1d,0.01,2.0,50,0.75,0.0,145000.0,0.0,-12584.398022468538,3807.5396825396815
2025,2025-12-09,cnn_1d,0.01,2.0,50,0.75,0.0,145000.0,0.0,-8548.433435768822,3807.5396825396815
2025,2025-12-23,cnn_1d,0.01,2.0,50,0.75,0.0,145000.0,0.0,18176.54882972594,3807.5396825396815
2025,2025-01-13,cnn_1d,0.01,2.0,100,0.25,0.0,145000.0,0.0,-78361.21639685142,2557.5396825396824
2025,2025-01-27,cnn_1d,0.01,2.0,100,0.25,0.0,145000.0,0.0,9685.535064231764,2557.5396825396824
2025,2025-02-10,cnn_1d,0.01,2.0,100,0.25,0.0,145000.0,0.0,-26888.50178557108,2557.5396825396824
2025,2025-02-24,cnn_1d,0.01,2.0,100,0.5,0.0,145000.0,0.0,-58606.37402661152,5057.539682539683
2025,2025-03-10,cnn_1d,0.01,2.0,100,0.5,0.0,145000.0,0.0,22277.60607017229,5057.539682539683
2025,2025-03-24,cnn_1d,0.01,2.0,100,0.5,0.0,145000.0,0.0,-64592.7099850118,5057.539682539683
2025,2025-04-07,cnn_1d,0.01,2.0,100,0.25,0.0,145000.0,0.0,-16353.746873898464,2557.5396825396824
2025,2025-04-23,cnn_1d,0.01,2.0,100,0.25,0.0,145000.0,0.0,-30312.18124298168,2557.5396825396824
2025,2025-05-09,cnn_1d,0.01,2.0,100,0.25,0.0,145000.0,0.0,9008.540540757536,2557.5396825396824
2025,2025-05-23,cnn_1d,0.01,2.0,100,0.25,0.0,145000.0,0.0,28029.669524703757,2557.5396825396824
2025,2025-06-09,cnn_1d,0.01,2.0,100,0.25,0.0,145000.0,0.0,55372.21326310515,2557.5396825396824
2025,2025-06-23,cnn_1d,0.01,2.0,100,0.0,0.0,150000.0,0.0,-53275.92224949273,59.523809523809526
2025,2025-07-07,cnn_1d,0.01,2.0,100,0.25,0.0,145000.0,0.0,4913.5248572963765,2557.5396825396824
2025,2025-07-21,cnn_1d,0.01,2.0,100,0.5,0.0,145000.0,0.0,-7876.8165810404225,5057.539682539683
2025,2025-08-04,cnn_1d,0.01,2.0,100,0.5,0.0,145000.0,0.0,-18988.06153715184,5057.539682539683
2025,2025-08-18,cnn_1d,0.01,2.0,100,0.5,0.0,145000.0,0.0,1655.3146208576554,5057.539682539683
2025,2025-09-02,cnn_1d,0.01,2.0,100,0.5,0.0,145000.0,0.0,-2207.24559535088,5057.539682539683
2025,2025-09-16,cnn_1d,0.01,2.0,100,0.75,0.0,140000.0,0.0,1329.793718587654,7555.555555555556
2025,2025-09-30,cnn_1d,0.01,2.0,100,0.5,0.0,145000.0,0.0,-25318.326579263197,5057.539682539683
2025,2025-10-14,cnn_1d,0.01,2.0,100,0.75,0.0,140000.0,0.0,-2641.7516275641424,7555.555555555556
2025,2025-10-28,cnn_1d,0.01,2.0,100,0.75,0.0,140000.0,0.0,4075.252927134312,7555.555555555556
2025,2025-11-11,cnn_1d,0.01,2.0,100,0.75,0.0,140000.0,0.0,2590.8976281685614,7555.555555555556
2025,2025-11-25,cnn_1d,0.01,2.0,100,0.75,0.0,140000.0,0.0,-12584.398022468538,7555.555555555556
2025,2025-12-09,cnn_1d,0.01,2.0,100,0.75,0.0,140000.0,0.0,-8548.433435768822,7555.555555555556
2025,2025-12-23,cnn_1d,0.01,2.0,100,0.75,0.0,140000.0,0.0,18176.54882972594,7555.555555555556
2025,2025-01-13,cnn_1d,0.05,0.25,10,0.5,0.0,135000.0,0.0,-62065.41279302994,767.8571428571429
2025,2025-01-27,cnn_1d,0.05,0.25,10,0.5,0.0,130000.0,0.0,13146.078401877268,757.936507936508
2025,2025-02-10,cnn_1d,0.05,0.25,10,0.5,0.0,135000.0,0.0,-22493.90648188486,767.8571428571429
2025,2025-02-24,cnn_1d,0.05,0.25,10,0.75,0.0,85000.0,0.0,-45887.72000070686,918.6507936507936
2025,2025-03-10,cnn_1d,0.05,0.25,10,0.75,0.0,80000.0,0.0,12148.174443835784,908.7301587301588
2025,2025-03-24,cnn_1d,0.05,0.25,10,0.75,0.0,80000.0,0.0,-38125.7007908528,908.7301587301588
2025,2025-04-07,cnn_1d,0.05,0.25,10,0.75,0.0,80000.0,0.0,-32458.389244985792,908.7301587301588
2025,2025-04-23,cnn_1d,0.05,0.25,10,0.25,0.0,145000.0,0.0,-30312.18124298168,537.6984126984128
2025,2025-05-09,cnn_1d,0.05,0.25,10,0.25,0.0,145000.0,0.0,9008.540540757536,537.6984126984128
2025,2025-05-23,cnn_1d,0.05,0.25,10,0.25,0.0,145000.0,0.0,28029.669524703757,537.6984126984128
2025,2025-06-09,cnn_1d,0.05,0.25,10,0.25,0.0,145000.0,0.0,55372.21326310515,537.6984126984128
2025,2025-06-23,cnn_1d,0.05,0.25,10,0.25,0.0,145000.0,0.0,-45238.52650023257,537.6984126984128
2025,2025-07-07,cnn_1d,0.05,0.25,10,0.25,0.0,145000.0,0.0,4913.5248572963765,537.6984126984128
2025,2025-07-21,cnn_1d,0.05,0.25,10,0.75,0.0,80000.0,0.0,326.74292952685965,908.7301587301588
2025,2025-08-04,cnn_1d,0.05,0.25,10,0.75,0.0,80000.0,0.0,-14028.314556128282,908.7301587301588
2025,2025-08-18,cnn_1d,0.05,0.25,10,0.75,0.0,85000.0,0.0,1985.323421092332,918.6507936507936
2025,2025-09-02,cnn_1d,0.05,0.25,10,0.75,0.0,85000.0,0.0,-8081.823360074045,918.6507936507936
2025,2025-09-16,cnn_1d,0.05,0.25,10,1.0,0.0,45000.0,0.0,5526.952564907064,1089.2857142857142
2025,2025-09-30,cnn_1d,0.05,0.25,10,0.75,0.0,85000.0,0.0,-5178.221500454106,918.6507936507936
2025,2025-10-14,cnn_1d,0.05,0.25,10,1.0,0.0,45000.0,0.0,-6729.053214865727,1089.2857142857142
2025,2025-10-28,cnn_1d,0.05,0.25,10,1.0,0.0,45000.0,0.0,4739.0042936812615,1089.2857142857142
2025,2025-11-11,cnn_1d,0.05,0.25,10,1.0,0.0,45000.0,0.0,2081.9718530354435,1089.2857142857142
2025,2025-11-25,cnn_1d,0.05,0.25,10,1.0,0.0,45000.0,0.0,-7231.999210154091,1089.2857142857142
2025,2025-12-09,cnn_1d,0.05,0.25,10,1.0,0.0,45000.0,0.0,-12860.154930498958,1089.2857142857142
2025,2025-12-23,cnn_1d,0.05,0.25,10,1.0,0.0,45000.0,0.0,12642.796867402578,1089.2857142857142
2025,2025-01-13,cnn_1d,0.05,0.25,50,0.0,0.0,150000.0,0.0,-94657.02000067291,297.6190476190476
2025,2025-01-27,cnn_1d,0.05,0.25,50,0.0,0.0,150000.0,0.0,6224.991726586258,297.6190476190476
2025,2025-02-10,cnn_1d,0.05,0.25,50,0.0,0.0,150000.0,0.0,-31283.09708925729,297.6190476190476
2025,2025-02-24,cnn_1d,0.05,0.25,50,0.0,0.0,150000.0,0.0,-84043.68207842085,297.6190476190476
2025,2025-03-10,cnn_1d,0.05,0.25,50,0.0,0.0,150000.0,0.0,42536.469322845296,297.6190476190476
2025,2025-03-24,cnn_1d,0.05,0.25,50,0.0,0.0,150000.0,0.0,-117526.72837332982,297.6190476190476
2025,2025-04-07,cnn_1d,0.05,0.25,50,0.0,0.0,150000.0,0.0,-8301.425688354797,297.6190476190476
2025,2025-04-23,cnn_1d,0.05,0.25,50,0.0,0.0,150000.0,0.0,-44962.04939416831,297.6190476190476
2025,2025-05-09,cnn_1d,0.05,0.25,50,0.0,0.0,150000.0,0.0,13482.552367710488,297.6190476190476
2025,2025-05-23,cnn_1d,0.05,0.25,50,0.0,0.0,150000.0,0.0,40718.86077986352,297.6190476190476
2025,2025-06-09,cnn_1d,0.05,0.25,50,0.0,0.0,150000.0,0.0,75778.1495354753,297.6190476190476
2025,2025-06-23,cnn_1d,0.05,0.25,50,0.0,0.0,150000.0,0.0,-53275.92224949273,297.6190476190476
2025,2025-07-07,cnn_1d,0.05,0.25,50,0.0,0.0,150000.0,0.0,4809.285802397146,297.6190476190476
2025,2025-07-21,cnn_1d,0.05,0.25,50,0.0,0.0,150000.0,0.0,-24283.935602174988,297.6190476190476
2025,2025-08-04,cnn_1d,0.05,0.25,50,0.0,0.0,150000.0,0.0,-28907.55549919895,297.6190476190476
2025,2025-08-18,cnn_1d,0.05,0.25,50,0.0,0.0,150000.0,0.0,995.2970203883016,297.6190476190476
2025,2025-09-02,cnn_1d,0.05,0.25,50,0.0,0.0,150000.0,0.0,9541.90993409545,297.6190476190476
2025,2025-09-16,cnn_1d,0.05,0.25,50,0.0,0.0,150000.0,0.0,-11261.682820370575,297.6190476190476
2025,2025-09-30,cnn_1d,0.05,0.25,50,0.0,0.0,150000.0,0.0,-65598.53673688137,297.6190476190476
2025,2025-10-14,cnn_1d,0.05,0.25,50,0.0,0.0,150000.0,0.0,9620.15313434061,297.6190476190476
2025,2025-10-28,cnn_1d,0.05,0.25,50,0.0,0.0,150000.0,0.0,2083.9988274934626,297.6190476190476
2025,2025-11-11,cnn_1d,0.05,0.25,50,0.0,0.0,150000.0,0.0,4117.674953567915,297.6190476190476
2025,2025-11-25,cnn_1d,0.05,0.25,50,0.0,0.0,150000.0,0.0,-28641.59445941188,297.6190476190476
2025,2025-12-09,cnn_1d,0.05,0.25,50,0.0,0.0,150000.0,0.0,4386.731048421589,297.6190476190476
2025,2025-12-23,cnn_1d,0.05,0.25,50,0.0,0.0,150000.0,0.0,34777.80471669603,297.6190476190476
2025,2025-01-13,cnn_1d,0.05,0.25,100,0.0,0.0,150000.0,0.0,-94657.02000067291,297.6190476190476
2025,2025-01-27,cnn_1d,0.05,0.25,100,0.0,0.0,150000.0,0.0,6224.991726586258,297.6190476190476
2025,2025-02-10,cnn_1d,0.05,0.25,100,0.0,0.0,150000.0,0.0,-31283.09708925729,297.6190476190476
2025,2025-02-24,cnn_1d,0.05,0.25,100,0.0,0.0,150000.0,0.0,-84043.68207842085,297.6190476190476
2025,2025-03-10,cnn_1d,0.05,0.25,100,0.0,0.0,150000.0,0.0,42536.469322845296,297.6190476190476
2025,2025-03-24,cnn_1d,0.05,0.25,100,0.0,0.0,150000.0,0.0,-117526.72837332982,297.6190476190476
2025,2025-04-07,cnn_1d,0.05,0.25,100,0.0,0.0,150000.0,0.0,-8301.425688354797,297.6190476190476
2025,2025-04-23,cnn_1d,0.05,0.25,100,0.0,0.0,150000.0,0.0,-44962.04939416831,297.6190476190476
2025,2025-05-09,cnn_1d,0.05,0.25,100,0.0,0.0,150000.0,0.0,13482.552367710488,297.6190476190476
2025,2025-05-23,cnn_1d,0.05,0.25,100,0.0,0.0,150000.0,0.0,40718.86077986352,297.6190476190476
2025,2025-06-09,cnn_1d,0.05,0.25,100,0.0,0.0,150000.0,0.0,75778.1495354753,297.6190476190476
2025,2025-06-23,cnn_1d,0.05,0.25,100,0.0,0.0,150000.0,0.0,-53275.92224949273,297.6190476190476
2025,2025-07-07,cnn_1d,0.05,0.25,100,0.0,0.0,150000.0,0.0,4809.285802397146,297.6190476190476
2025,2025-07-21,cnn_1d,0.05,0.25,100,0.0,0.0,150000.0,0.0,-24283.935602174988,297.6190476190476
2025,2025-08-04,cnn_1d,0.05,0.25,100,0.0,0.0,150000.0,0.0,-28907.55549919895,297.6190476190476
2025,2025-08-18,cnn_1d,0.05,0.25,100,0.0,0.0,150000.0,0.0,995.2970203883016,297.6190476190476
2025,2025-09-02,cnn_1d,0.05,0.25,100,0.0,0.0,150000.0,0.0,9541.90993409545,297.6190476190476
2025,2025-09-16,cnn_1d,0.05,0.25,100,0.0,0.0,150000.0,0.0,-11261.682820370575,297.6190476190476
2025,2025-09-30,cnn_1d,0.05,0.25,100,0.0,0.0,150000.0,0.0,-65598.53673688137,297.6190476190476
2025,2025-10-14,cnn_1d,0.05,0.25,100,0.0,0.0,150000.0,0.0,9620.15313434061,297.6190476190476
2025,2025-10-28,cnn_1d,0.05,0.25,100,0.0,0.0,150000.0,0.0,2083.9988274934626,297.6190476190476
2025,2025-11-11,cnn_1d,0.05,0.25,100,0.0,0.0,150000.0,0.0,4117.674953567915,297.6190476190476
2025,2025-11-25,cnn_1d,0.05,0.25,100,0.0,0.0,150000.0,0.0,-28641.59445941188,297.6190476190476
2025,2025-12-09,cnn_1d,0.05,0.25,100,0.0,0.0,150000.0,0.0,4386.731048421589,297.6190476190476
2025,2025-12-23,cnn_1d,0.05,0.25,100,0.0,0.0,150000.0,0.0,34777.80471669603,297.6190476190476
2025,2025-01-13,cnn_1d,0.05,1.0,10,1.0,0.0,55000.0,0.0,-29473.805585386952,1109.126984126984
2025,2025-01-27,cnn_1d,0.05,1.0,10,1.0,0.0,55000.0,0.0,20067.16507716828,1109.126984126984
2025,2025-02-10,cnn_1d,0.05,1.0,10,1.0,0.0,55000.0,0.0,-13704.715874512429,1109.126984126984
2025,2025-02-24,cnn_1d,0.05,1.0,10,1.0,0.0,55000.0,0.0,-33169.06597480219,1109.126984126984
2025,2025-03-10,cnn_1d,0.05,1.0,10,1.0,0.0,55000.0,0.0,2018.7428174992808,1109.126984126984
2025,2025-03-24,cnn_1d,0.05,1.0,10,1.0,0.0,55000.0,0.0,-11658.69159669379,1109.126984126984
2025,2025-04-07,cnn_1d,0.05,1.0,10,1.0,0.0,55000.0,0.0,-40510.710430529456,1109.126984126984
2025,2025-04-23,cnn_1d,0.05,1.0,10,1.0,0.0,55000.0,0.0,13637.42321057821,1109.126984126984
2025,2025-05-09,cnn_1d,0.05,1.0,10,1.0,0.0,55000.0,0.0,-4413.494940101315,1109.126984126984
2025,2025-05-23,cnn_1d,0.05,1.0,10,1.0,0.0,55000.0,0.0,-10037.90424077556,1109.126984126984
2025,2025-06-09,cnn_1d,0.05,1.0,10,1.0,0.0,55000.0,0.0,-5845.595554005267,1109.126984126984
2025,2025-06-23,cnn_1d,0.05,1.0,10,1.0,0.0,55000.0,0.0,-21126.3392524521,1109.126984126984
2025,2025-07-07,cnn_1d,0.05,1.0,10,1.0,0.0,55000.0,0.0,5226.242021994066,1109.126984126984
2025,2025-07-21,cnn_1d,0.05,1.0,10,1.0,0.0,55000.0,0.0,8530.302440094141,1109.126984126984
2025,2025-08-04,cnn_1d,0.05,1.0,10,1.0,0.0,55000.0,0.0,-9068.567575104727,1109.126984126984
2025,2025-08-18,cnn_1d,0.05,1.0,10,1.0,0.0,55000.0,0.0,2315.332221327009,1109.126984126984
2025,2025-09-02,cnn_1d,0.05,1.0,10,1.0,0.0,55000.0,0.0,-13956.40112479721,1109.126984126984
2025,2025-09-16,cnn_1d,0.05,1.0,10,1.0,0.0,55000.0,0.0,5526.952564907064,1109.126984126984
2025,2025-09-30,cnn_1d,0.05,1.0,10,1.0,0.0,55000.0,0.0,14961.883578354984,1109.126984126984
2025,2025-10-14,cnn_1d,0.05,1.0,10,1.0,0.0,55000.0,0.0,-6729.053214865727,1109.126984126984
2025,2025-10-28,cnn_1d,0.05,1.0,10,1.0,0.0,55000.0,0.0,4739.0042936812615,1109.126984126984
2025,2025-11-11,cnn_1d,0.05,1.0,10,1.0,0.0,55000.0,0.0,2081.9718530354435,1109.126984126984
2025,2025-11-25,cnn_1d,0.05,1.0,10,1.0,0.0,55000.0,0.0,-7231.999210154091,1109.126984126984
2025,2025-12-09,cnn_1d,0.05,1.0,10,1.0,0.0,55000.0,0.0,-12860.154930498958,1109.126984126984
2025,2025-12-23,cnn_1d,0.05,1.0,10,1.0,0.0,55000.0,0.0,12642.796867402578,1109.126984126984
2025,2025-01-13,cnn_1d,0.05,1.0,50,0.25,0.0,145000.0,0.0,-78361.21639685142,1537.6984126984128
2025,2025-01-27,cnn_1d,0.05,1.0,50,0.25,0.0,145000.0,0.0,9685.535064231764,1537.6984126984128
2025,2025-02-10,cnn_1d,0.05,1.0,50,0.25,0.0,145000.0,0.0,-26888.50178557108,1537.6984126984128
2025,2025-02-24,cnn_1d,0.05,1.0,50,0.5,0.0,145000.0,0.0,-58606.37402661152,2787.6984126984125
2025,2025-03-10,cnn_1d,0.05,1.0,50,0.5,0.0,145000.0,0.0,22277.60607017229,2787.6984126984125
2025,2025-03-24,cnn_1d,0.05,1.0,50,0.5,0.0,145000.0,0.0,-64592.7099850118,2787.6984126984125
2025,2025-04-07,cnn_1d,0.05,1.0,50,0.25,0.0,145000.0,0.0,-16353.746873898464,1537.6984126984128
2025,2025-04-23,cnn_1d,0.05,1.0,50,0.25,0.0,145000.0,0.0,-30312.18124298168,1537.6984126984128
2025,2025-05-09,cnn_1d,0.05,1.0,50,0.25,0.0,145000.0,0.0,9008.540540757536,1537.6984126984128
2025,2025-05-23,cnn_1d,0.05,1.0,50,0.25,0.0,145000.0,0.0,28029.669524703757,1537.6984126984128
2025,2025-06-09,cnn_1d,0.05,1.0,50,0.25,0.0,145000.0,0.0,55372.21326310515,1537.6984126984128
2025,2025-06-23,cnn_1d,0.05,1.0,50,0.25,0.0,145000.0,0.0,-45238.52650023257,1537.6984126984128
2025,2025-07-07,cnn_1d,0.05,1.0,50,0.25,0.0,145000.0,0.0,4913.5248572963765,1537.6984126984128
2025,2025-07-21,cnn_1d,0.05,1.0,50,0.5,0.0,145000.0,0.0,-7876.8165810404225,2787.6984126984125
2025,2025-08-04,cnn_1d,0.05,1.0,50,0.5,0.0,145000.0,0.0,-18988.06153715184,2787.6984126984125
2025,2025-08-18,cnn_1d,0.05,1.0,50,0.5,0.0,145000.0,0.0,1655.3146208576554,2787.6984126984125
2025,2025-09-02,cnn_1d,0.05,1.0,50,0.5,0.0,145000.0,0.0,-2207.24559535088,2787.6984126984125
2025,2025-09-16,cnn_1d,0.05,1.0,50,0.75,0.0,145000.0,0.0,1329.793718587654,4037.698412698413
2025,2025-09-30,cnn_1d,0.05,1.0,50,0.5,0.0,145000.0,0.0,-25318.326579263197,2787.6984126984125
2025,2025-10-14,cnn_1d,0.05,1.0,50,0.75,0.0,145000.0,0.0,-2641.7516275641424,4037.698412698413
2025,2025-10-28,cnn_1d,0.05,1.0,50,0.75,0.0,145000.0,0.0,4075.252927134312,4037.698412698413
2025,2025-11-11,cnn_1d,0.05,1.0,50,0.75,0.0,145000.0,0.0,2590.8976281685614,4037.698412698413
2025,2025-11-25,cnn_1d,0.05,1.0,50,0.75,0.0,145000.0,0.0,-12584.398022468538,4037.698412698413
2025,2025-12-09,cnn_1d,0.05,1.0,50,0.75,0.0,145000.0,0.0,-8548.433435768822,4037.698412698413
2025,2025-12-23,cnn_1d,0.05,1.0,50,0.75,0.0,145000.0,0.0,18176.54882972594,4037.698412698413
2025,2025-01-13,cnn_1d,0.05,1.0,100,0.0,0.0,150000.0,0.0,-94657.02000067291,297.6190476190476
2025,2025-01-27,cnn_1d,0.05,1.0,100,0.0,0.0,150000.0,0.0,6224.991726586258,297.6190476190476
2025,2025-02-10,cnn_1d,0.05,1.0,100,0.0,0.0,150000.0,0.0,-31283.09708925729,297.6190476190476
2025,2025-02-24,cnn_1d,0.05,1.0,100,0.0,0.0,150000.0,0.0,-84043.68207842085,297.6190476190476
2025,2025-03-10,cnn_1d,0.05,1.0,100,0.0,0.0,150000.0,0.0,42536.469322845296,297.6190476190476
2025,2025-03-24,cnn_1d,0.05,1.0,100,0.0,0.0,150000.0,0.0,-117526.72837332982,297.6190476190476
2025,2025-04-07,cnn_1d,0.05,1.0,100,0.0,0.0,150000.0,0.0,-8301.425688354797,297.6190476190476
2025,2025-04-23,cnn_1d,0.05,1.0,100,0.0,0.0,150000.0,0.0,-44962.04939416831,297.6190476190476
2025,2025-05-09,cnn_1d,0.05,1.0,100,0.0,0.0,150000.0,0.0,13482.552367710488,297.6190476190476
2025,2025-05-23,cnn_1d,0.05,1.0,100,0.0,0.0,150000.0,0.0,40718.86077986352,297.6190476190476
2025,2025-06-09,cnn_1d,0.05,1.0,100,0.0,0.0,150000.0,0.0,75778.1495354753,297.6190476190476
2025,2025-06-23,cnn_1d,0.05,1.0,100,0.0,0.0,150000.0,0.0,-53275.92224949273,297.6190476190476
2025,2025-07-07,cnn_1d,0.05,1.0,100,0.0,0.0,150000.0,0.0,4809.285802397146,297.6190476190476
2025,2025-07-21,cnn_1d,0.05,1.0,100,0.0,0.0,150000.0,0.0,-24283.935602174988,297.6190476190476
2025,2025-08-04,cnn_1d,0.05,1.0,100,0.0,0.0,150000.0,0.0,-28907.55549919895,297.6190476190476
2025,2025-08-18,cnn_1d,0.05,1.0,100,0.0,0.0,150000.0,0.0,995.2970203883016,297.6190476190476
2025,2025-09-02,cnn_1d,0.05,1.0,100,0.0,0.0,150000.0,0.0,9541.90993409545,297.6190476190476
2025,2025-09-16,cnn_1d,0.05,1.0,100,0.0,0.0,150000.0,0.0,-11261.682820370575,297.6190476190476
2025,2025-09-30,cnn_1d,0.05,1.0,100,0.0,0.0,150000.0,0.0,-65598.53673688137,297.6190476190476
2025,2025-10-14,cnn_1d,0.05,1.0,100,0.0,0.0,150000.0,0.0,9620.15313434061,297.6190476190476
2025,2025-10-28,cnn_1d,0.05,1.0,100,0.0,0.0,150000.0,0.0,2083.9988274934626,297.6190476190476
2025,2025-11-11,cnn_1d,0.05,1.0,100,0.0,0.0,150000.0,0.0,4117.674953567915,297.6190476190476
2025,2025-11-25,cnn_1d,0.05,1.0,100,0.0,0.0,150000.0,0.0,-28641.59445941188,297.6190476190476
2025,2025-12-09,cnn_1d,0.05,1.0,100,0.0,0.0,150000.0,0.0,4386.731048421589,297.6190476190476
2025,2025-12-23,cnn_1d,0.05,1.0,100,0.0,0.0,150000.0,0.0,34777.80471669603,297.6190476190476
2025,2025-01-13,cnn_1d,0.05,2.0,10,1.0,0.0,60000.0,0.0,-29473.805585386952,1119.047619047619
2025,2025-01-27,cnn_1d,0.05,2.0,10,1.0,0.0,60000.0,0.0,20067.16507716828,1119.047619047619
2025,2025-02-10,cnn_1d,0.05,2.0,10,1.0,0.0,60000.0,0.0,-13704.715874512429,1119.047619047619
2025,2025-02-24,cnn_1d,0.05,2.0,10,1.0,0.0,60000.0,0.0,-33169.06597480219,1119.047619047619
2025,2025-03-10,cnn_1d,0.05,2.0,10,1.0,0.0,60000.0,0.0,2018.7428174992808,1119.047619047619
2025,2025-03-24,cnn_1d,0.05,2.0,10,1.0,0.0,60000.0,0.0,-11658.69159669379,1119.047619047619
2025,2025-04-07,cnn_1d,0.05,2.0,10,1.0,0.0,60000.0,0.0,-40510.710430529456,1119.047619047619
2025,2025-04-23,cnn_1d,0.05,2.0,10,1.0,0.0,60000.0,0.0,13637.42321057821,1119.047619047619
2025,2025-05-09,cnn_1d,0.05,2.0,10,1.0,0.0,60000.0,0.0,-4413.494940101315,1119.047619047619
2025,2025-05-23,cnn_1d,0.05,2.0,10,1.0,0.0,60000.0,0.0,-10037.90424077556,1119.047619047619
2025,2025-06-09,cnn_1d,0.05,2.0,10,1.0,0.0,60000.0,0.0,-5845.595554005267,1119.047619047619
2025,2025-06-23,cnn_1d,0.05,2.0,10,1.0,0.0,60000.0,0.0,-21126.3392524521,1119.047619047619
2025,2025-07-07,cnn_1d,0.05,2.0,10,1.0,0.0,60000.0,0.0,5226.242021994066,1119.047619047619
2025,2025-07-21,cnn_1d,0.05,2.0,10,1.0,0.0,60000.0,0.0,8530.302440094141,1119.047619047619
2025,2025-08-04,cnn_1d,0.05,2.0,10,1.0,0.0,60000.0,0.0,-9068.567575104727,1119.047619047619
2025,2025-08-18,cnn_1d,0.05,2.0,10,1.0,0.0,60000.0,0.0,2315.332221327009,1119.047619047619
2025,2025-09-02,cnn_1d,0.05,2.0,10,1.0,0.0,60000.0,0.0,-13956.40112479721,1119.047619047619
2025,2025-09-16,cnn_1d,0.05,2.0,10,1.0,0.0,60000.0,0.0,5526.952564907064,1119.047619047619
2025,2025-09-30,cnn_1d,0.05,2.0,10,1.0,0.0,60000.0,0.0,14961.883578354984,1119.047619047619
2025,2025-10-14,cnn_1d,0.05,2.0,10,1.0,0.0,60000.0,0.0,-6729.053214865727,1119.047619047619
2025,2025-10-28,cnn_1d,0.05,2.0,10,1.0,0.0,60000.0,0.0,4739.0042936812615,1119.047619047619
2025,2025-11-11,cnn_1d,0.05,2.0,10,1.0,0.0,60000.0,0.0,2081.9718530354435,1119.047619047619
2025,2025-11-25,cnn_1d,0.05,2.0,10,1.0,0.0,60000.0,0.0,-7231.999210154091,1119.047619047619
2025,2025-12-09,cnn_1d,0.05,2.0,10,1.0,0.0,60000.0,0.0,-12860.154930498958,1119.047619047619
2025,2025-12-23,cnn_1d,0.05,2.0,10,1.0,0.0,60000.0,0.0,12642.796867402578,1119.047619047619
2025,2025-01-13,cnn_1d,0.05,2.0,50,0.75,0.0,145000.0,0.0,-45769.60918920845,4037.698412698413
2025,2025-01-27,cnn_1d,0.05,2.0,50,0.75,0.0,145000.0,0.0,16606.621739522772,4037.698412698413
2025,2025-02-10,cnn_1d,0.05,2.0,50,0.75,0.0,145000.0,0.0,-18099.311178198644,4037.698412698413
2025,2025-02-24,cnn_1d,0.05,2.0,50,0.75,0.0,145000.0,0.0,-45887.72000070686,4037.698412698413
2025,2025-03-10,cnn_1d,0.05,2.0,50,0.75,0.0,145000.0,0.0,12148.174443835784,4037.698412698413
2025,2025-03-24,cnn_1d,0.05,2.0,50,0.75,0.0,145000.0,0.0,-38125.7007908528,4037.698412698413
2025,2025-04-07,cnn_1d,0.05,2.0,50,0.75,0.0,145000.0,0.0,-32458.389244985792,4037.698412698413
2025,2025-04-23,cnn_1d,0.05,2.0,50,0.5,0.0,145000.0,0.0,-15662.313091795048,2787.6984126984125
2025,2025-05-09,cnn_1d,0.05,2.0,50,0.5,0.0,145000.0,0.0,4534.528713804586,2787.6984126984125
2025,2025-05-23,cnn_1d,0.05,2.0,50,0.5,0.0,145000.0,0.0,15340.478269543984,2787.6984126984125
2025,2025-06-09,cnn_1d,0.05,2.0,50,0.5,0.0,145000.0,0.0,34966.276990735016,2787.6984126984125
2025,2025-06-23,cnn_1d,0.05,2.0,50,0.5,0.0,145000.0,0.0,-37201.130750972414,2787.6984126984125
2025,2025-07-07,cnn_1d,0.05,2.0,50,0.5,0.0,145000.0,0.0,5017.763912195606,2787.6984126984125
2025,2025-07-21,cnn_1d,0.05,2.0,50,0.75,0.0,145000.0,0.0,326.74292952685965,4037.698412698413
2025,2025-08-04,cnn_1d,0.05,2.0,50,0.75,0.0,145000.0,0.0,-14028.314556128282,4037.698412698413
2025,2025-08-18,cnn_1d,0.05,2.0,50,0.75,0.0,145000.0,0.0,1985.323421092332,4037.698412698413
2025,2025-09-02,cnn_1d,0.05,2.0,50,0.75,0.0,145000.0,0.0,-8081.823360074045,4037.698412698413
2025,2025-09-16,cnn_1d,0.05,2.0,50,0.75,0.0,145000.0,0.0,1329.793718587654,4037.698412698413
2025,2025-09-30,cnn_1d,0.05,2.0,50,0.75,0.0,145000.0,0.0,-5178.221500454106,4037.698412698413
2025,2025-10-14,cnn_1d,0.05,2.0,50,0.75,0.0,145000.0,0.0,-2641.7516275641424,4037.698412698413
2025,2025-10-28,cnn_1d,0.05,2.0,50,0.75,0.0,145000.0,0.0,4075.252927134312,4037.698412698413
2025,2025-11-11,cnn_1d,0.05,2.0,50,0.75,0.0,145000.0,0.0,2590.8976281685614,4037.698412698413
2025,2025-11-25,cnn_1d,0.05,2.0,50,0.75,0.0,145000.0,0.0,-12584.398022468538,4037.698412698413
2025,2025-12-09,cnn_1d,0.05,2.0,50,0.75,0.0,145000.0,0.0,-8548.433435768822,4037.698412698413
2025,2025-12-23,cnn_1d,0.05,2.0,50,0.75,0.0,145000.0,0.0,18176.54882972594,4037.698412698413
2025,2025-01-13,cnn_1d,0.05,2.0,100,0.25,0.0,145000.0,0.0,-78361.21639685142,2787.6984126984125
2025,2025-01-27,cnn_1d,0.05,2.0,100,0.25,0.0,145000.0,0.0,9685.535064231764,2787.6984126984125
2025,2025-02-10,cnn_1d,0.05,2.0,100,0.25,0.0,145000.0,0.0,-26888.50178557108,2787.6984126984125
2025,2025-02-24,cnn_1d,0.05,2.0,100,0.5,0.0,145000.0,0.0,-58606.37402661152,5287.6984126984125
2025,2025-03-10,cnn_1d,0.05,2.0,100,0.5,0.0,145000.0,0.0,22277.60607017229,5287.6984126984125
2025,2025-03-24,cnn_1d,0.05,2.0,100,0.5,0.0,145000.0,0.0,-64592.7099850118,5287.6984126984125
2025,2025-04-07,cnn_1d,0.05,2.0,100,0.25,0.0,145000.0,0.0,-16353.746873898464,2787.6984126984125
2025,2025-04-23,cnn_1d,0.05,2.0,100,0.25,0.0,145000.0,0.0,-30312.18124298168,2787.6984126984125
2025,2025-05-09,cnn_1d,0.05,2.0,100,0.25,0.0,145000.0,0.0,9008.540540757536,2787.6984126984125
2025,2025-05-23,cnn_1d,0.05,2.0,100,0.25,0.0,145000.0,0.0,28029.669524703757,2787.6984126984125
2025,2025-06-09,cnn_1d,0.05,2.0,100,0.25,0.0,145000.0,0.0,55372.21326310515,2787.6984126984125
2025,2025-06-23,cnn_1d,0.05,2.0,100,0.0,0.0,150000.0,0.0,-53275.92224949273,297.6190476190476
2025,2025-07-07,cnn_1d,0.05,2.0,100,0.25,0.0,145000.0,0.0,4913.5248572963765,2787.6984126984125
2025,2025-07-21,cnn_1d,0.05,2.0,100,0.5,0.0,145000.0,0.0,-7876.8165810404225,5287.6984126984125
2025,2025-08-04,cnn_1d,0.05,2.0,100,0.5,0.0,145000.0,0.0,-18988.06153715184,5287.6984126984125
2025,2025-08-18,cnn_1d,0.05,2.0,100,0.5,0.0,145000.0,0.0,1655.3146208576554,5287.6984126984125
2025,2025-09-02,cnn_1d,0.05,2.0,100,0.5,0.0,145000.0,0.0,-2207.24559535088,5287.6984126984125
2025,2025-09-16,cnn_1d,0.05,2.0,100,0.75,0.0,140000.0,0.0,1329.793718587654,7777.777777777777
2025,2025-09-30,cnn_1d,0.05,2.0,100,0.5,0.0,145000.0,0.0,-25318.326579263197,5287.6984126984125
2025,2025-10-14,cnn_1d,0.05,2.0,100,0.75,0.0,140000.0,0.0,-2641.7516275641424,7777.777777777777
2025,2025-10-28,cnn_1d,0.05,2.0,100,0.75,0.0,140000.0,0.0,4075.252927134312,7777.777777777777
2025,2025-11-11,cnn_1d,0.05,2.0,100,0.75,0.0,140000.0,0.0,2590.8976281685614,7777.777777777777
2025,2025-11-25,cnn_1d,0.05,2.0,100,0.75,0.0,140000.0,0.0,-12584.398022468538,7777.777777777777
2025,2025-12-09,cnn_1d,0.05,2.0,100,0.75,0.0,140000.0,0.0,-8548.433435768822,7777.777777777777
2025,2025-12-23,cnn_1d,0.05,2.0,100,0.75,0.0,140000.0,0.0,18176.54882972594,7777.777777777777
2025,2025-01-13,cnn_1d,0.1,0.25,10,0.75,0.0,60000.0,0.0,-45769.60918920845,988.095238095238
2025,2025-01-27,cnn_1d,0.1,0.25,10,0.75,0.0,60000.0,0.0,16606.621739522772,988.095238095238
2025,2025-02-10,cnn_1d,0.1,0.25,10,0.75,0.0,60000.0,0.0,-18099.311178198644,988.095238095238
2025,2025-02-24,cnn_1d,0.1,0.25,10,1.0,0.0,40000.0,0.0,-33169.06597480219,1158.7301587301588
2025,2025-03-10,cnn_1d,0.1,0.25,10,1.0,0.0,40000.0,0.0,2018.7428174992808,1158.7301587301588
2025,2025-03-24,cnn_1d,0.1,0.25,10,0.75,0.0,60000.0,0.0,-38125.7007908528,988.095238095238
2025,2025-04-07,cnn_1d,0.1,0.25,10,0.75,0.0,60000.0,0.0,-32458.389244985792,988.095238095238
2025,2025-04-23,cnn_1d,0.1,0.25,10,0.75,0.0,55000.0,0.0,-1012.4449406084188,968.2539682539682
2025,2025-05-09,cnn_1d,0.1,0.25,10,0.75,0.0,55000.0,0.0,60.516886851635576,968.2539682539682
2025,2025-05-23,cnn_1d,0.1,0.25,10,0.75,0.0,55000.0,0.0,2651.2870143842115,968.2539682539682
2025,2025-06-09,cnn_1d,0.1,0.25,10,0.75,0.0,55000.0,0.0,14560.340718364872,968.2539682539682
2025,2025-06-23,cnn_1d,0.1,0.25,10,0.75,0.0,55000.0,0.0,-29163.73500171226,968.2539682539682
2025,2025-07-07,cnn_1d,0.1,0.25,10,0.75,0.0,55000.0,0.0,5122.002967094836,968.2539682539682
2025,2025-07-21,cnn_1d,0.1,0.25,10,0.75,0.0,60000.0,0.0,326.74292952685965,988.095238095238
2025,2025-08-04,cnn_1d,0.1,0.25,10,0.75,0.0,60000.0,0.0,-14028.314556128282,988.095238095238
2025,2025-08-18,cnn_1d,0.1,0.25,10,1.0,0.0,40000.0,0.0,2315.332221327009,1158.7301587301588
2025,2025-09-02,cnn_1d,0.1,0.25,10,1.0,0.0,40000.0,0.0,-13956.40112479721,1158.7301587301588
2025,2025-09-16,cnn_1d,0.1,0.25,10,1.0,0.0,40000.0,0.0,5526.952564907064,1158.7301587301588
2025,2025-09-30,cnn_1d,0.1,0.25,10,1.0,0.0,35000.0,0.0,14961.883578354984,1138.888888888889
2025,2025-10-14,cnn_1d,0.1,0.25,10,1.0,0.0,40000.0,0.0,-6729.053214865727,1158.7301587301588
2025,2025-10-28,cnn_1d,0.1,0.25,10,1.0,0.0,40000.0,0.0,4739.0042936812615,1158.7301587301588
2025,2025-11-11,cnn_1d,0.1,0.25,10,1.0,0.0,35000.0,0.0,2081.9718530354435,1138.888888888889
2025,2025-11-25,cnn_1d,0.1,0.25,10,1.0,0.0,35000.0,0.0,-7231.999210154091,1138.888888888889
2025,2025-12-09,cnn_1d,0.1,0.25,10,1.0,0.0,35000.0,0.0,-12860.154930498958,1138.888888888889
2025,2025-12-23,cnn_1d,0.1,0.25,10,1.0,0.0,35000.0,0.0,12642.796867402578,1138.888888888889
2025,2025-01-13,cnn_1d,0.1,0.25,50,0.0,0.0,150000.0,0.0,-94657.02000067291,595.2380952380952
2025,2025-01-27,cnn_1d,0.1,0.25,50,0.0,0.0,150000.0,0.0,6224.991726586258,595.2380952380952
2025,2025-02-10,cnn_1d,0.1,0.25,50,0.0,0.0,150000.0,0.0,-31283.09708925729,595.2380952380952
2025,2025-02-24,cnn_1d,0.1,0.25,50,0.0,0.0,150000.0,0.0,-84043.68207842085,595.2380952380952
2025,2025-03-10,cnn_1d,0.1,0.25,50,0.0,0.0,150000.0,0.0,42536.469322845296,595.2380952380952
2025,2025-03-24,cnn_1d,0.1,0.25,50,0.0,0.0,150000.0,0.0,-117526.72837332982,595.2380952380952
2025,2025-04-07,cnn_1d,0.1,0.25,50,0.0,0.0,150000.0,0.0,-8301.425688354797,595.2380952380952
2025,2025-04-23,cnn_1d,0.1,0.25,50,0.0,0.0,150000.0,0.0,-44962.04939416831,595.2380952380952
2025,2025-05-09,cnn_1d,0.1,0.25,50,0.0,0.0,150000.0,0.0,13482.552367710488,595.2380952380952
2025,2025-05-23,cnn_1d,0.1,0.25,50,0.0,0.0,150000.0,0.0,40718.86077986352,595.2380952380952
2025,2025-06-09,cnn_1d,0.1,0.25,50,0.0,0.0,150000.0,0.0,75778.1495354753,595.2380952380952
2025,2025-06-23,cnn_1d,0.1,0.25,50,0.0,0.0,150000.0,0.0,-53275.92224949273,595.2380952380952
2025,2025-07-07,cnn_1d,0.1,0.25,50,0.0,0.0,150000.0,0.0,4809.285802397146,595.2380952380952
2025,2025-07-21,cnn_1d,0.1,0.25,50,0.0,0.0,150000.0,0.0,-24283.935602174988,595.2380952380952
2025,2025-08-04,cnn_1d,0.1,0.25,50,0.0,0.0,150000.0,0.0,-28907.55549919895,595.2380952380952
2025,2025-08-18,cnn_1d,0.1,0.25,50,0.0,0.0,150000.0,0.0,995.2970203883016,595.2380952380952
2025,2025-09-02,cnn_1d,0.1,0.25,50,0.0,0.0,150000.0,0.0,9541.90993409545,595.2380952380952
2025,2025-09-16,cnn_1d,0.1,0.25,50,0.0,0.0,150000.0,0.0,-11261.682820370575,595.2380952380952
2025,2025-09-30,cnn_1d,0.1,0.25,50,0.0,0.0,150000.0,0.0,-65598.53673688137,595.2380952380952
2025,2025-10-14,cnn_1d,0.1,0.25,50,0.0,0.0,150000.0,0.0,9620.15313434061,595.2380952380952
2025,2025-10-28,cnn_1d,0.1,0.25,50,0.0,0.0,150000.0,0.0,2083.9988274934626,595.2380952380952
2025,2025-11-11,cnn_1d,0.1,0.25,50,0.0,0.0,150000.0,0.0,4117.674953567915,595.2380952380952
2025,2025-11-25,cnn_1d,0.1,0.25,50,0.0,0.0,150000.0,0.0,-28641.59445941188,595.2380952380952
2025,2025-12-09,cnn_1d,0.1,0.25,50,0.0,0.0,150000.0,0.0,4386.731048421589,595.2380952380952
2025,2025-12-23,cnn_1d,0.1,0.25,50,0.0,0.0,150000.0,0.0,34777.80471669603,595.2380952380952
2025,2025-01-13,cnn_1d,0.1,0.25,100,0.0,0.0,150000.0,0.0,-94657.02000067291,595.2380952380952
2025,2025-01-27,cnn_1d,0.1,0.25,100,0.0,0.0,150000.0,0.0,6224.991726586258,595.2380952380952
2025,2025-02-10,cnn_1d,0.1,0.25,100,0.0,0.0,150000.0,0.0,-31283.09708925729,595.2380952380952
2025,2025-02-24,cnn_1d,0.1,0.25,100,0.0,0.0,150000.0,0.0,-84043.68207842085,595.2380952380952
2025,2025-03-10,cnn_1d,0.1,0.25,100,0.0,0.0,150000.0,0.0,42536.469322845296,595.2380952380952
2025,2025-03-24,cnn_1d,0.1,0.25,100,0.0,0.0,150000.0,0.0,-117526.72837332982,595.2380952380952
2025,2025-04-07,cnn_1d,0.1,0.25,100,0.0,0.0,150000.0,0.0,-8301.425688354797,595.2380952380952
2025,2025-04-23,cnn_1d,0.1,0.25,100,0.0,0.0,150000.0,0.0,-44962.04939416831,595.2380952380952
2025,2025-05-09,cnn_1d,0.1,0.25,100,0.0,0.0,150000.0,0.0,13482.552367710488,595.2380952380952
2025,2025-05-23,cnn_1d,0.1,0.25,100,0.0,0.0,150000.0,0.0,40718.86077986352,595.2380952380952
2025,2025-06-09,cnn_1d,0.1,0.25,100,0.0,0.0,150000.0,0.0,75778.1495354753,595.2380952380952
2025,2025-06-23,cnn_1d,0.1,0.25,100,0.0,0.0,150000.0,0.0,-53275.92224949273,595.2380952380952
2025,2025-07-07,cnn_1d,0.1,0.25,100,0.0,0.0,150000.0,0.0,4809.285802397146,595.2380952380952
2025,2025-07-21,cnn_1d,0.1,0.25,100,0.0,0.0,150000.0,0.0,-24283.935602174988,595.2380952380952
2025,2025-08-04,cnn_1d,0.1,0.25,100,0.0,0.0,150000.0,0.0,-28907.55549919895,595.2380952380952
2025,2025-08-18,cnn_1d,0.1,0.25,100,0.0,0.0,150000.0,0.0,995.2970203883016,595.2380952380952
2025,2025-09-02,cnn_1d,0.1,0.25,100,0.0,0.0,150000.0,0.0,9541.90993409545,595.2380952380952
2025,2025-09-16,cnn_1d,0.1,0.25,100,0.0,0.0,150000.0,0.0,-11261.682820370575,595.2380952380952
2025,2025-09-30,cnn_1d,0.1,0.25,100,0.0,0.0,150000.0,0.0,-65598.53673688137,595.2380952380952
2025,2025-10-14,cnn_1d,0.1,0.25,100,0.0,0.0,150000.0,0.0,9620.15313434061,595.2380952380952
2025,2025-10-28,cnn_1d,0.1,0.25,100,0.0,0.0,150000.0,0.0,2083.9988274934626,595.2380952380952
2025,2025-11-11,cnn_1d,0.1,0.25,100,0.0,0.0,150000.0,0.0,4117.674953567915,595.2380952380952
2025,2025-11-25,cnn_1d,0.1,0.25,100,0.0,0.0,150000.0,0.0,-28641.59445941188,595.2380952380952
2025,2025-12-09,cnn_1d,0.1,0.25,100,0.0,0.0,150000.0,0.0,4386.731048421589,595.2380952380952
2025,2025-12-23,cnn_1d,0.1,0.25,100,0.0,0.0,150000.0,0.0,34777.80471669603,595.2380952380952
2025,2025-01-13,cnn_1d,0.1,1.0,10,1.0,0.0,50000.0,0.0,-29473.805585386952,1198.4126984126983
2025,2025-01-27,cnn_1d,0.1,1.0,10,1.0,0.0,50000.0,0.0,20067.16507716828,1198.4126984126983
2025,2025-02-10,cnn_1d,0.1,1.0,10,1.0,0.0,50000.0,0.0,-13704.715874512429,1198.4126984126983
2025,2025-02-24,cnn_1d,0.1,1.0,10,1.0,0.0,50000.0,0.0,-33169.06597480219,1198.4126984126983
2025,2025-03-10,cnn_1d,0.1,1.0,10,1.0,0.0,50000.0,0.0,2018.7428174992808,1198.4126984126983
2025,2025-03-24,cnn_1d,0.1,1.0,10,1.0,0.0,50000.0,0.0,-11658.69159669379,1198.4126984126983
2025,2025-04-07,cnn_1d,0.1,1.0,10,1.0,0.0,50000.0,0.0,-40510.710430529456,1198.4126984126983
2025,2025-04-23,cnn_1d,0.1,1.0,10,1.0,0.0,50000.0,0.0,13637.42321057821,1198.4126984126983
2025,2025-05-09,cnn_1d,0.1,1.0,10,1.0,0.0,50000.0,0.0,-4413.494940101315,1198.4126984126983
2025,2025-05-23,cnn_1d,0.1,1.0,10,1.0,0.0,50000.0,0.0,-10037.90424077556,1198.4126984126983
2025,2025-06-09,cnn_1d,0.1,1.0,10,1.0,0.0,50000.0,0.0,-5845.595554005267,1198.4126984126983
2025,2025-06-23,cnn_1d,0.1,1.0,10,1.0,0.0,50000.0,0.0,-21126.3392524521,1198.4126984126983
2025,2025-07-07,cnn_1d,0.1,1.0,10,1.0,0.0,50000.0,0.0,5226.242021994066,1198.4126984126983
2025,2025-07-21,cnn_1d,0.1,1.0,10,1.0,0.0,50000.0,0.0,8530.302440094141,1198.4126984126983
2025,2025-08-04,cnn_1d,0.1,1.0,10,1.0,0.0,50000.0,0.0,-9068.567575104727,1198.4126984126983
2025,2025-08-18,cnn_1d,0.1,1.0,10,1.0,0.0,50000.0,0.0,2315.332221327009,1198.4126984126983
2025,2025-09-02,cnn_1d,0.1,1.0,10,1.0,0.0,50000.0,0.0,-13956.40112479721,1198.4126984126983
2025,2025-09-16,cnn_1d,0.1,1.0,10,1.0,0.0,50000.0,0.0,5526.952564907064,1198.4126984126983
2025,2025-09-30,cnn_1d,0.1,1.0,10,1.0,0.0,50000.0,0.0,14961.883578354984,1198.4126984126983
2025,2025-10-14,cnn_1d,0.1,1.0,10,1.0,0.0,50000.0,0.0,-6729.053214865727,1198.4126984126983
2025,2025-10-28,cnn_1d,0.1,1.0,10,1.0,0.0,50000.0,0.0,4739.0042936812615,1198.4126984126983
2025,2025-11-11,cnn_1d,0.1,1.0,10,1.0,0.0,50000.0,0.0,2081.9718530354435,1198.4126984126983
2025,2025-11-25,cnn_1d,0.1,1.0,10,1.0,0.0,50000.0,0.0,-7231.999210154091,1198.4126984126983
2025,2025-12-09,cnn_1d,0.1,1.0,10,1.0,0.0,50000.0,0.0,-12860.154930498958,1198.4126984126983
2025,2025-12-23,cnn_1d,0.1,1.0,10,1.0,0.0,50000.0,0.0,12642.796867402578,1198.4126984126983
2025,2025-01-13,cnn_1d,0.1,1.0,50,0.25,0.0,145000.0,0.0,-78361.21639685142,1825.3968253968253
2025,2025-01-27,cnn_1d,0.1,1.0,50,0.25,0.0,145000.0,0.0,9685.535064231764,1825.3968253968253
2025,2025-02-10,cnn_1d,0.1,1.0,50,0.25,0.0,145000.0,0.0,-26888.50178557108,1825.3968253968253
2025,2025-02-24,cnn_1d,0.1,1.0,50,0.5,0.0,145000.0,0.0,-58606.37402661152,3075.396825396825
2025,2025-03-10,cnn_1d,0.1,1.0,50,0.5,0.0,145000.0,0.0,22277.60607017229,3075.396825396825
2025,2025-03-24,cnn_1d,0.1,1.0,50,0.5,0.0,145000.0,0.0,-64592.7099850118,3075.396825396825
2025,2025-04-07,cnn_1d,0.1,1.0,50,0.25,0.0,145000.0,0.0,-16353.746873898464,1825.3968253968253
2025,2025-04-23,cnn_1d,0.1,1.0,50,0.25,0.0,145000.0,0.0,-30312.18124298168,1825.3968253968253
2025,2025-05-09,cnn_1d,0.1,1.0,50,0.25,0.0,145000.0,0.0,9008.540540757536,1825.3968253968253
2025,2025-05-23,cnn_1d,0.1,1.0,50,0.25,0.0,145000.0,0.0,28029.669524703757,1825.3968253968253
2025,2025-06-09,cnn_1d,0.1,1.0,50,0.25,0.0,145000.0,0.0,55372.21326310515,1825.3968253968253
2025,2025-06-23,cnn_1d,0.1,1.0,50,0.25,0.0,145000.0,0.0,-45238.52650023257,1825.3968253968253
2025,2025-07-07,cnn_1d,0.1,1.0,50,0.25,0.0,145000.0,0.0,4913.5248572963765,1825.3968253968253
2025,2025-07-21,cnn_1d,0.1,1.0,50,0.5,0.0,145000.0,0.0,-7876.8165810404225,3075.396825396825
2025,2025-08-04,cnn_1d,0.1,1.0,50,0.5,0.0,145000.0,0.0,-18988.06153715184,3075.396825396825
2025,2025-08-18,cnn_1d,0.1,1.0,50,0.5,0.0,145000.0,0.0,1655.3146208576554,3075.396825396825
2025,2025-09-02,cnn_1d,0.1,1.0,50,0.5,0.0,145000.0,0.0,-2207.24559535088,3075.396825396825
2025,2025-09-16,cnn_1d,0.1,1.0,50,0.75,0.0,145000.0,0.0,1329.793718587654,4325.396825396825
2025,2025-09-30,cnn_1d,0.1,1.0,50,0.5,0.0,145000.0,0.0,-25318.326579263197,3075.396825396825
2025,2025-10-14,cnn_1d,0.1,1.0,50,0.75,0.0,145000.0,0.0,-2641.7516275641424,4325.396825396825
2025,2025-10-28,cnn_1d,0.1,1.0,50,0.75,0.0,145000.0,0.0,4075.252927134312,4325.396825396825
2025,2025-11-11,cnn_1d,0.1,1.0,50,0.75,0.0,145000.0,0.0,2590.8976281685614,4325.396825396825
2025,2025-11-25,cnn_1d,0.1,1.0,50,0.75,0.0,145000.0,0.0,-12584.398022468538,4325.396825396825
2025,2025-12-09,cnn_1d,0.1,1.0,50,0.75,0.0,145000.0,0.0,-8548.433435768822,4325.396825396825
2025,2025-12-23,cnn_1d,0.1,1.0,50,0.75,0.0,145000.0,0.0,18176.54882972594,4325.396825396825
2025,2025-01-13,cnn_1d,0.1,1.0,100,0.0,0.0,150000.0,0.0,-94657.02000067291,595.2380952380952
2025,2025-01-27,cnn_1d,0.1,1.0,100,0.0,0.0,150000.0,0.0,6224.991726586258,595.2380952380952
2025,2025-02-10,cnn_1d,0.1,1.0,100,0.0,0.0,150000.0,0.0,-31283.09708925729,595.2380952380952
2025,2025-02-24,cnn_1d,0.1,1.0,100,0.0,0.0,150000.0,0.0,-84043.68207842085,595.2380952380952
2025,2025-03-10,cnn_1d,0.1,1.0,100,0.0,0.0,150000.0,0.0,42536.469322845296,595.2380952380952
2025,2025-03-24,cnn_1d,0.1,1.0,100,0.0,0.0,150000.0,0.0,-117526.72837332982,595.2380952380952
2025,2025-04-07,cnn_1d,0.1,1.0,100,0.0,0.0,150000.0,0.0,-8301.425688354797,595.2380952380952
2025,2025-04-23,cnn_1d,0.1,1.0,100,0.0,0.0,150000.0,0.0,-44962.04939416831,595.2380952380952
2025,2025-05-09,cnn_1d,0.1,1.0,100,0.0,0.0,150000.0,0.0,13482.552367710488,595.2380952380952
2025,2025-05-23,cnn_1d,0.1,1.0,100,0.0,0.0,150000.0,0.0,40718.86077986352,595.2380952380952
2025,2025-06-09,cnn_1d,0.1,1.0,100,0.0,0.0,150000.0,0.0,75778.1495354753,595.2380952380952
2025,2025-06-23,cnn_1d,0.1,1.0,100,0.0,0.0,150000.0,0.0,-53275.92224949273,595.2380952380952
2025,2025-07-07,cnn_1d,0.1,1.0,100,0.0,0.0,150000.0,0.0,4809.285802397146,595.2380952380952
2025,2025-07-21,cnn_1d,0.1,1.0,100,0.0,0.0,150000.0,0.0,-24283.935602174988,595.2380952380952
2025,2025-08-04,cnn_1d,0.1,1.0,100,0.0,0.0,150000.0,0.0,-28907.55549919895,595.2380952380952
2025,2025-08-18,cnn_1d,0.1,1.0,100,0.0,0.0,150000.0,0.0,995.2970203883016,595.2380952380952
2025,2025-09-02,cnn_1d,0.1,1.0,100,0.0,0.0,150000.0,0.0,9541.90993409545,595.2380952380952
2025,2025-09-16,cnn_1d,0.1,1.0,100,0.0,0.0,150000.0,0.0,-11261.682820370575,595.2380952380952
2025,2025-09-30,cnn_1d,0.1,1.0,100,0.0,0.0,150000.0,0.0,-65598.53673688137,595.2380952380952
2025,2025-10-14,cnn_1d,0.1,1.0,100,0.0,0.0,150000.0,0.0,9620.15313434061,595.2380952380952
2025,2025-10-28,cnn_1d,0.1,1.0,100,0.0,0.0,150000.0,0.0,2083.9988274934626,595.2380952380952
2025,2025-11-11,cnn_1d,0.1,1.0,100,0.0,0.0,150000.0,0.0,4117.674953567915,595.2380952380952
2025,2025-11-25,cnn_1d,0.1,1.0,100,0.0,0.0,150000.0,0.0,-28641.59445941188,595.2380952380952
2025,2025-12-09,cnn_1d,0.1,1.0,100,0.0,0.0,150000.0,0.0,4386.731048421589,595.2380952380952
2025,2025-12-23,cnn_1d,0.1,1.0,100,0.0,0.0,150000.0,0.0,34777.80471669603,595.2380952380952
2025,2025-01-13,cnn_1d,0.1,2.0,10,1.0,0.0,55000.0,0.0,-29473.805585386952,1218.2539682539682
2025,2025-01-27,cnn_1d,0.1,2.0,10,1.0,0.0,55000.0,0.0,20067.16507716828,1218.2539682539682
2025,2025-02-10,cnn_1d,0.1,2.0,10,1.0,0.0,55000.0,0.0,-13704.715874512429,1218.2539682539682
2025,2025-02-24,cnn_1d,0.1,2.0,10,1.0,0.0,55000.0,0.0,-33169.06597480219,1218.2539682539682
2025,2025-03-10,cnn_1d,0.1,2.0,10,1.0,0.0,55000.0,0.0,2018.7428174992808,1218.2539682539682
2025,2025-03-24,cnn_1d,0.1,2.0,10,1.0,0.0,55000.0,0.0,-11658.69159669379,1218.2539682539682
2025,2025-04-07,cnn_1d,0.1,2.0,10,1.0,0.0,55000.0,0.0,-40510.710430529456,1218.2539682539682
2025,2025-04-23,cnn_1d,0.1,2.0,10,1.0,0.0,55000.0,0.0,13637.42321057821,1218.2539682539682
2025,2025-05-09,cnn_1d,0.1,2.0,10,1.0,0.0,55000.0,0.0,-4413.494940101315,1218.2539682539682
2025,2025-05-23,cnn_1d,0.1,2.0,10,1.0,0.0,55000.0,0.0,-10037.90424077556,1218.2539682539682
2025,2025-06-09,cnn_1d,0.1,2.0,10,1.0,0.0,55000.0,0.0,-5845.595554005267,1218.2539682539682
2025,2025-06-23,cnn_1d,0.1,2.0,10,1.0,0.0,55000.0,0.0,-21126.3392524521,1218.2539682539682
2025,2025-07-07,cnn_1d,0.1,2.0,10,1.0,0.0,55000.0,0.0,5226.242021994066,1218.2539682539682
2025,2025-07-21,cnn_1d,0.1,2.0,10,1.0,0.0,55000.0,0.0,8530.302440094141,1218.2539682539682
2025,2025-08-04,cnn_1d,0.1,2.0,10,1.0,0.0,55000.0,0.0,-9068.567575104727,1218.2539682539682
2025,2025-08-18,cnn_1d,0.1,2.0,10,1.0,0.0,55000.0,0.0,2315.332221327009,1218.2539682539682
2025,2025-09-02,cnn_1d,0.1,2.0,10,1.0,0.0,55000.0,0.0,-13956.40112479721,1218.2539682539682
2025,2025-09-16,cnn_1d,0.1,2.0,10,1.0,0.0,55000.0,0.0,5526.952564907064,1218.2539682539682
2025,2025-09-30,cnn_1d,0.1,2.0,10,1.0,0.0,55000.0,0.0,14961.883578354984,1218.2539682539682
2025,2025-10-14,cnn_1d,0.1,2.0,10,1.0,0.0,55000.0,0.0,-6729.053214865727,1218.2539682539682
2025,2025-10-28,cnn_1d,0.1,2.0,10,1.0,0.0,55000.0,0.0,4739.0042936812615,1218.2539682539682
2025,2025-11-11,cnn_1d,0.1,2.0,10,1.0,0.0,55000.0,0.0,2081.9718530354435,1218.2539682539682
2025,2025-11-25,cnn_1d,0.1,2.0,10,1.0,0.0,55000.0,0.0,-7231.999210154091,1218.2539682539682
2025,2025-12-09,cnn_1d,0.1,2.0,10,1.0,0.0,55000.0,0.0,-12860.154930498958,1218.2539682539682
2025,2025-12-23,cnn_1d,0.1,2.0,10,1.0,0.0,55000.0,0.0,12642.796867402578,1218.2539682539682
2025,2025-01-13,cnn_1d,0.1,2.0,50,0.75,0.0,145000.0,0.0,-45769.60918920845,4325.396825396825
2025,2025-01-27,cnn_1d,0.1,2.0,50,0.75,0.0,145000.0,0.0,16606.621739522772,4325.396825396825
2025,2025-02-10,cnn_1d,0.1,2.0,50,0.75,0.0,145000.0,0.0,-18099.311178198644,4325.396825396825
2025,2025-02-24,cnn_1d,0.1,2.0,50,0.75,0.0,145000.0,0.0,-45887.72000070686,4325.396825396825
2025,2025-03-10,cnn_1d,0.1,2.0,50,0.75,0.0,145000.0,0.0,12148.174443835784,4325.396825396825
2025,2025-03-24,cnn_1d,0.1,2.0,50,0.75,0.0,145000.0,0.0,-38125.7007908528,4325.396825396825
2025,2025-04-07,cnn_1d,0.1,2.0,50,0.75,0.0,145000.0,0.0,-32458.389244985792,4325.396825396825
2025,2025-04-23,cnn_1d,0.1,2.0,50,0.5,0.0,145000.0,0.0,-15662.313091795048,3075.396825396825
2025,2025-05-09,cnn_1d,0.1,2.0,50,0.5,0.0,145000.0,0.0,4534.528713804586,3075.396825396825
2025,2025-05-23,cnn_1d,0.1,2.0,50,0.5,0.0,145000.0,0.0,15340.478269543984,3075.396825396825
2025,2025-06-09,cnn_1d,0.1,2.0,50,0.5,0.0,145000.0,0.0,34966.276990735016,3075.396825396825
2025,2025-06-23,cnn_1d,0.1,2.0,50,0.5,0.0,145000.0,0.0,-37201.130750972414,3075.396825396825
2025,2025-07-07,cnn_1d,0.1,2.0,50,0.5,0.0,145000.0,0.0,5017.763912195606,3075.396825396825
2025,2025-07-21,cnn_1d,0.1,2.0,50,0.75,0.0,145000.0,0.0,326.74292952685965,4325.396825396825
2025,2025-08-04,cnn_1d,0.1,2.0,50,0.75,0.0,145000.0,0.0,-14028.314556128282,4325.396825396825
2025,2025-08-18,cnn_1d,0.1,2.0,50,0.75,0.0,145000.0,0.0,1985.323421092332,4325.396825396825
2025,2025-09-02,cnn_1d,0.1,2.0,50,0.75,0.0,145000.0,0.0,-8081.823360074045,4325.396825396825
2025,2025-09-16,cnn_1d,0.1,2.0,50,0.75,0.0,145000.0,0.0,1329.793718587654,4325.396825396825
2025,2025-09-30,cnn_1d,0.1,2.0,50,0.75,0.0,145000.0,0.0,-5178.221500454106,4325.396825396825
2025,2025-10-14,cnn_1d,0.1,2.0,50,0.75,0.0,145000.0,0.0,-2641.7516275641424,4325.396825396825
2025,2025-10-28,cnn_1d,0.1,2.0,50,0.75,0.0,145000.0,0.0,4075.252927134312,4325.396825396825
2025,2025-11-11,cnn_1d,0.1,2.0,50,0.75,0.0,145000.0,0.0,2590.8976281685614,4325.396825396825
2025,2025-11-25,cnn_1d,0.1,2.0,50,0.75,0.0,145000.0,0.0,-12584.398022468538,4325.396825396825
2025,2025-12-09,cnn_1d,0.1,2.0,50,0.75,0.0,145000.0,0.0,-8548.433435768822,4325.396825396825
2025,2025-12-23,cnn_1d,0.1,2.0,50,0.75,0.0,145000.0,0.0,18176.54882972594,4325.396825396825
2025,2025-01-13,cnn_1d,0.1,2.0,100,0.25,0.0,145000.0,0.0,-78361.21639685142,3075.396825396825
2025,2025-01-27,cnn_1d,0.1,2.0,100,0.25,0.0,145000.0,0.0,9685.535064231764,3075.396825396825
2025,2025-02-10,cnn_1d,0.1,2.0,100,0.25,0.0,145000.0,0.0,-26888.50178557108,3075.396825396825
2025,2025-02-24,cnn_1d,0.1,2.0,100,0.5,0.0,145000.0,0.0,-58606.37402661152,5575.396825396825
2025,2025-03-10,cnn_1d,0.1,2.0,100,0.5,0.0,145000.0,0.0,22277.60607017229,5575.396825396825
2025,2025-03-24,cnn_1d,0.1,2.0,100,0.5,0.0,145000.0,0.0,-64592.7099850118,5575.396825396825
2025,2025-04-07,cnn_1d,0.1,2.0,100,0.25,0.0,145000.0,0.0,-16353.746873898464,3075.396825396825
2025,2025-04-23,cnn_1d,0.1,2.0,100,0.25,0.0,145000.0,0.0,-30312.18124298168,3075.396825396825
2025,2025-05-09,cnn_1d,0.1,2.0,100,0.25,0.0,145000.0,0.0,9008.540540757536,3075.396825396825
2025,2025-05-23,cnn_1d,0.1,2.0,100,0.25,0.0,145000.0,0.0,28029.669524703757,3075.396825396825
2025,2025-06-09,cnn_1d,0.1,2.0,100,0.25,0.0,145000.0,0.0,55372.21326310515,3075.396825396825
2025,2025-06-23,cnn_1d,0.1,2.0,100,0.25,0.0,145000.0,0.0,-45238.52650023257,3075.396825396825
2025,2025-07-07,cnn_1d,0.1,2.0,100,0.25,0.0,145000.0,0.0,4913.5248572963765,3075.396825396825
2025,2025-07-21,cnn_1d,0.1,2.0,100,0.5,0.0,145000.0,0.0,-7876.8165810404225,5575.396825396825
2025,2025-08-04,cnn_1d,0.1,2.0,100,0.5,0.0,145000.0,0.0,-18988.06153715184,5575.396825396825
2025,2025-08-18,cnn_1d,0.1,2.0,100,0.5,0.0,145000.0,0.0,1655.3146208576554,5575.396825396825
2025,2025-09-02,cnn_1d,0.1,2.0,100,0.5,0.0,145000.0,0.0,-2207.24559535088,5575.396825396825
2025,2025-09-16,cnn_1d,0.1,2.0,100,0.75,0.0,140000.0,0.0,1329.793718587654,8055.555555555556
2025,2025-09-30,cnn_1d,0.1,2.0,100,0.5,0.0,145000.0,0.0,-25318.326579263197,5575.396825396825
2025,2025-10-14,cnn_1d,0.1,2.0,100,0.75,0.0,140000.0,0.0,-2641.7516275641424,8055.555555555556
2025,2025-10-28,cnn_1d,0.1,2.0,100,0.75,0.0,140000.0,0.0,4075.252927134312,8055.555555555556
2025,2025-11-11,cnn_1d,0.1,2.0,100,0.75,0.0,140000.0,0.0,2590.8976281685614,8055.555555555556
2025,2025-11-25,cnn_1d,0.1,2.0,100,0.75,0.0,140000.0,0.0,-12584.398022468538,8055.555555555556
2025,2025-12-09,cnn_1d,0.1,2.0,100,0.75,0.0,140000.0,0.0,-8548.433435768822,8055.555555555556
2025,2025-12-23,cnn_1d,0.1,2.0,100,0.75,0.0,140000.0,0.0,18176.54882972594,8055.555555555556
2025,2025-01-13,cnn_visual,0.01,0.25,10,0.5,0.0,145000.0,0.0,-62065.41279302994,557.5396825396825
2025,2025-01-27,cnn_visual,0.01,0.25,10,0.5,0.0,145000.0,0.0,13146.078401877268,557.5396825396825
2025,2025-02-10,cnn_visual,0.01,0.25,10,0.5,0.0,145000.0,0.0,-22493.90648188486,557.5396825396825
2025,2025-02-24,cnn_visual,0.01,0.25,10,0.5,0.0,145000.0,0.0,-58606.37402661152,557.5396825396825
2025,2025-03-10,cnn_visual,0.01,0.25,10,0.5,0.0,145000.0,0.0,22277.60607017229,557.5396825396825
2025,2025-03-24,cnn_visual,0.01,0.25,10,0.5,0.0,145000.0,0.0,-64592.7099850118,557.5396825396825
2025,2025-04-07,cnn_visual,0.01,0.25,10,0.5,0.0,145000.0,0.0,-24406.06805944213,557.5396825396825
2025,2025-04-23,cnn_visual,0.01,0.25,10,0.75,0.0,145000.0,0.0,-1012.4449406084188,807.5396825396825
2025,2025-05-09,cnn_visual,0.01,0.25,10,0.5,0.0,145000.0,0.0,4534.528713804586,557.5396825396825
2025,2025-05-23,cnn_visual,0.01,0.25,10,0.5,0.0,145000.0,0.0,15340.478269543984,557.5396825396825
2025,2025-06-09,cnn_visual,0.01,0.25,10,0.5,0.0,145000.0,0.0,34966.276990735016,557.5396825396825
2025,2025-06-23,cnn_visual,0.01,0.25,10,0.5,0.0,145000.0,0.0,-37201.130750972414,557.5396825396825
2025,2025-07-07,cnn_visual,0.01,0.25,10,0.75,0.0,145000.0,0.0,5122.002967094836,807.5396825396825
2025,2025-07-21,cnn_visual,0.01,0.25,10,0.5,0.0,145000.0,0.0,-7876.8165810404225,557.5396825396825
2025,2025-08-04,cnn_visual,0.01,0.25,10,0.5,0.0,145000.0,0.0,-18988.06153715184,557.5396825396825
2025,2025-08-18,cnn_visual,0.01,0.25,10,0.5,0.0,145000.0,0.0,1655.3146208576554,557.5396825396825
2025,2025-09-02,cnn_visual,0.01,0.25,10,0.5,0.0,145000.0,0.0,-2207.24559535088,557.5396825396825
2025,2025-09-16,cnn_visual,0.01,0.25,10,0.5,0.0,145000.0,0.0,-2867.365127731756,557.5396825396825
2025,2025-09-30,cnn_visual,0.01,0.25,10,0.5,0.0,145000.0,0.0,-25318.326579263197,557.5396825396825
2025,2025-10-14,cnn_visual,0.01,0.25,10,0.5,0.0,145000.0,0.0,1445.5499597374414,557.5396825396825
2025,2025-10-28,cnn_visual,0.01,0.25,10,0.5,0.0,145000.0,0.0,3411.501560587362,557.5396825396825
2025,2025-11-11,cnn_visual,0.01,0.25,10,0.25,0.0,145000.0,0.0,3608.749178434797,307.53968253968253
2025,2025-11-25,cnn_visual,0.01,0.25,10,0.25,0.0,145000.0,0.0,-23289.19564709743,307.53968253968253
2025,2025-12-09,cnn_visual,0.01,0.25,10,0.25,0.0,145000.0,0.0,75.00955369145207,307.53968253968253
2025,2025-12-23,cnn_visual,0.01,0.25,10,0.25,0.0,145000.0,0.0,29244.052754372668,307.53968253968253
2025,2025-01-13,cnn_visual,0.01,0.25,50,0.0,0.0,150000.0,0.0,-94657.02000067291,59.523809523809526
2025,2025-01-27,cnn_visual,0.01,0.25,50,0.0,0.0,150000.0,0.0,6224.991726586258,59.523809523809526
2025,2025-02-10,cnn_visual,0.01,0.25,50,0.0,0.0,150000.0,0.0,-31283.09708925729,59.523809523809526
2025,2025-02-24,cnn_visual,0.01,0.25,50,0.0,0.0,150000.0,0.0,-84043.68207842085,59.523809523809526
2025,2025-03-10,cnn_visual,0.01,0.25,50,0.0,0.0,150000.0,0.0,42536.469322845296,59.523809523809526
2025,2025-03-24,cnn_visual,0.01,0.25,50,0.0,0.0,150000.0,0.0,-117526.72837332982,59.523809523809526
2025,2025-04-07,cnn_visual,0.01,0.25,50,0.0,0.0,150000.0,0.0,-8301.425688354797,59.523809523809526
2025,2025-04-23,cnn_visual,0.01,0.25,50,0.0,0.0,150000.0,0.0,-44962.04939416831,59.523809523809526
2025,2025-05-09,cnn_visual,0.01,0.25,50,0.0,0.0,150000.0,0.0,13482.552367710488,59.523809523809526
2025,2025-05-23,cnn_visual,0.01,0.25,50,0.0,0.0,150000.0,0.0,40718.86077986352,59.523809523809526
2025,2025-06-09,cnn_visual,0.01,0.25,50,0.0,0.0,150000.0,0.0,75778.1495354753,59.523809523809526
2025,2025-06-23,cnn_visual,0.01,0.25,50,0.0,0.0,150000.0,0.0,-53275.92224949273,59.523809523809526
2025,2025-07-07,cnn_visual,0.01,0.25,50,0.0,0.0,150000.0,0.0,4809.285802397146,59.523809523809526
2025,2025-07-21,cnn_visual,0.01,0.25,50,0.0,0.0,150000.0,0.0,-24283.935602174988,59.523809523809526
2025,2025-08-04,cnn_visual,0.01,0.25,50,0.0,0.0,150000.0,0.0,-28907.55549919895,59.523809523809526
2025,2025-08-18,cnn_visual,0.01,0.25,50,0.0,0.0,150000.0,0.0,995.2970203883016,59.523809523809526
2025,2025-09-02,cnn_visual,0.01,0.25,50,0.0,0.0,150000.0,0.0,9541.90993409545,59.523809523809526
2025,2025-09-16,cnn_visual,0.01,0.25,50,0.0,0.0,150000.0,0.0,-11261.682820370575,59.523809523809526
2025,2025-09-30,cnn_visual,0.01,0.25,50,0.0,0.0,150000.0,0.0,-65598.53673688137,59.523809523809526
2025,2025-10-14,cnn_visual,0.01,0.25,50,0.0,0.0,150000.0,0.0,9620.15313434061,59.523809523809526
2025,2025-10-28,cnn_visual,0.01,0.25,50,0.0,0.0,150000.0,0.0,2083.9988274934626,59.523809523809526
2025,2025-11-11,cnn_visual,0.01,0.25,50,0.0,0.0,150000.0,0.0,4117.674953567915,59.523809523809526
2025,2025-11-25,cnn_visual,0.01,0.25,50,0.0,0.0,150000.0,0.0,-28641.59445941188,59.523809523809526
2025,2025-12-09,cnn_visual,0.01,0.25,50,0.0,0.0,150000.0,0.0,4386.731048421589,59.523809523809526
2025,2025-12-23,cnn_visual,0.01,0.25,50,0.0,0.0,150000.0,0.0,34777.80471669603,59.523809523809526
2025,2025-01-13,cnn_visual,0.01,0.25,100,0.0,0.0,150000.0,0.0,-94657.02000067291,59.523809523809526
2025,2025-01-27,cnn_visual,0.01,0.25,100,0.0,0.0,150000.0,0.0,6224.991726586258,59.523809523809526
2025,2025-02-10,cnn_visual,0.01,0.25,100,0.0,0.0,150000.0,0.0,-31283.09708925729,59.523809523809526
2025,2025-02-24,cnn_visual,0.01,0.25,100,0.0,0.0,150000.0,0.0,-84043.68207842085,59.523809523809526
2025,2025-03-10,cnn_visual,0.01,0.25,100,0.0,0.0,150000.0,0.0,42536.469322845296,59.523809523809526
2025,2025-03-24,cnn_visual,0.01,0.25,100,0.0,0.0,150000.0,0.0,-117526.72837332982,59.523809523809526
2025,2025-04-07,cnn_visual,0.01,0.25,100,0.0,0.0,150000.0,0.0,-8301.425688354797,59.523809523809526
2025,2025-04-23,cnn_visual,0.01,0.25,100,0.0,0.0,150000.0,0.0,-44962.04939416831,59.523809523809526
2025,2025-05-09,cnn_visual,0.01,0.25,100,0.0,0.0,150000.0,0.0,13482.552367710488,59.523809523809526
2025,2025-05-23,cnn_visual,0.01,0.25,100,0.0,0.0,150000.0,0.0,40718.86077986352,59.523809523809526
2025,2025-06-09,cnn_visual,0.01,0.25,100,0.0,0.0,150000.0,0.0,75778.1495354753,59.523809523809526
2025,2025-06-23,cnn_visual,0.01,0.25,100,0.0,0.0,150000.0,0.0,-53275.92224949273,59.523809523809526
2025,2025-07-07,cnn_visual,0.01,0.25,100,0.0,0.0,150000.0,0.0,4809.285802397146,59.523809523809526
2025,2025-07-21,cnn_visual,0.01,0.25,100,0.0,0.0,150000.0,0.0,-24283.935602174988,59.523809523809526
2025,2025-08-04,cnn_visual,0.01,0.25,100,0.0,0.0,150000.0,0.0,-28907.55549919895,59.523809523809526
2025,2025-08-18,cnn_visual,0.01,0.25,100,0.0,0.0,150000.0,0.0,995.2970203883016,59.523809523809526
2025,2025-09-02,cnn_visual,0.01,0.25,100,0.0,0.0,150000.0,0.0,9541.90993409545,59.523809523809526
2025,2025-09-16,cnn_visual,0.01,0.25,100,0.0,0.0,150000.0,0.0,-11261.682820370575,59.523809523809526
2025,2025-09-30,cnn_visual,0.01,0.25,100,0.0,0.0,150000.0,0.0,-65598.53673688137,59.523809523809526
2025,2025-10-14,cnn_visual,0.01,0.25,100,0.0,0.0,150000.0,0.0,9620.15313434061,59.523809523809526
2025,2025-10-28,cnn_visual,0.01,0.25,100,0.0,0.0,150000.0,0.0,2083.9988274934626,59.523809523809526
2025,2025-11-11,cnn_visual,0.01,0.25,100,0.0,0.0,150000.0,0.0,4117.674953567915,59.523809523809526
2025,2025-11-25,cnn_visual,0.01,0.25,100,0.0,0.0,150000.0,0.0,-28641.59445941188,59.523809523809526
2025,2025-12-09,cnn_visual,0.01,0.25,100,0.0,0.0,150000.0,0.0,4386.731048421589,59.523809523809526
2025,2025-12-23,cnn_visual,0.01,0.25,100,0.0,0.0,150000.0,0.0,34777.80471669603,59.523809523809526
2025,2025-01-13,cnn_visual,0.01,1.0,10,0.75,0.0,145000.0,0.0,-45769.60918920845,807.5396825396825
2025,2025-01-27,cnn_visual,0.01,1.0,10,0.75,0.0,145000.0,0.0,16606.621739522772,807.5396825396825
2025,2025-02-10,cnn_visual,0.01,1.0,10,0.75,0.0,145000.0,0.0,-18099.311178198644,807.5396825396825
2025,2025-02-24,cnn_visual,0.01,1.0,10,0.75,0.0,145000.0,0.0,-45887.72000070686,807.5396825396825
2025,2025-03-10,cnn_visual,0.01,1.0,10,0.75,0.0,145000.0,0.0,12148.174443835784,807.5396825396825
2025,2025-03-24,cnn_visual,0.01,1.0,10,0.75,0.0,145000.0,0.0,-38125.7007908528,807.5396825396825
2025,2025-04-07,cnn_visual,0.01,1.0,10,0.75,0.0,145000.0,0.0,-32458.389244985792,807.5396825396825
2025,2025-04-23,cnn_visual,0.01,1.0,10,1.0,0.0,65000.0,0.0,13637.42321057821,1025.7936507936508
2025,2025-05-09,cnn_visual,0.01,1.0,10,1.0,0.0,65000.0,0.0,-4413.494940101315,1025.7936507936508
2025,2025-05-23,cnn_visual,0.01,1.0,10,1.0,0.0,65000.0,0.0,-10037.90424077556,1025.7936507936508
2025,2025-06-09,cnn_visual,0.01,1.0,10,1.0,0.0,65000.0,0.0,-5845.595554005267,1025.7936507936508
2025,2025-06-23,cnn_visual,0.01,1.0,10,1.0,0.0,65000.0,0.0,-21126.3392524521,1025.7936507936508
2025,2025-07-07,cnn_visual,0.01,1.0,10,1.0,0.0,65000.0,0.0,5226.242021994066,1025.7936507936508
2025,2025-07-21,cnn_visual,0.01,1.0,10,0.75,0.0,145000.0,0.0,326.74292952685965,807.5396825396825
2025,2025-08-04,cnn_visual,0.01,1.0,10,0.75,0.0,145000.0,0.0,-14028.314556128282,807.5396825396825
2025,2025-08-18,cnn_visual,0.01,1.0,10,0.75,0.0,145000.0,0.0,1985.323421092332,807.5396825396825
2025,2025-09-02,cnn_visual,0.01,1.0,10,0.75,0.0,145000.0,0.0,-8081.823360074045,807.5396825396825
2025,2025-09-16,cnn_visual,0.01,1.0,10,0.75,0.0,145000.0,0.0,1329.793718587654,807.5396825396825
2025,2025-09-30,cnn_visual,0.01,1.0,10,0.75,0.0,145000.0,0.0,-5178.221500454106,807.5396825396825
2025,2025-10-14,cnn_visual,0.01,1.0,10,0.75,0.0,145000.0,0.0,-2641.7516275641424,807.5396825396825
2025,2025-10-28,cnn_visual,0.01,1.0,10,0.75,0.0,145000.0,0.0,4075.252927134312,807.5396825396825
2025,2025-11-11,cnn_visual,0.01,1.0,10,0.75,0.0,145000.0,0.0,2590.8976281685614,807.5396825396825
2025,2025-11-25,cnn_visual,0.01,1.0,10,0.75,0.0,145000.0,0.0,-12584.398022468538,807.5396825396825
2025,2025-12-09,cnn_visual,0.01,1.0,10,0.75,0.0,145000.0,0.0,-8548.433435768822,807.5396825396825
2025,2025-12-23,cnn_visual,0.01,1.0,10,0.75,0.0,145000.0,0.0,18176.54882972594,807.5396825396825
2025,2025-01-13,cnn_visual,0.01,1.0,50,0.25,0.0,145000.0,0.0,-78361.21639685142,1307.5396825396826
2025,2025-01-27,cnn_visual,0.01,1.0,50,0.25,0.0,145000.0,0.0,9685.535064231764,1307.5396825396826
2025,2025-02-10,cnn_visual,0.01,1.0,50,0.25,0.0,145000.0,0.0,-26888.50178557108,1307.5396825396826
2025,2025-02-24,cnn_visual,0.01,1.0,50,0.25,0.0,145000.0,0.0,-71325.02805251618,1307.5396825396826
2025,2025-03-10,cnn_visual,0.01,1.0,50,0.25,0.0,145000.0,0.0,32407.0376965088,1307.5396825396826
2025,2025-03-24,cnn_visual,0.01,1.0,50,0.25,0.0,145000.0,0.0,-91059.71917917082,1307.5396825396826
2025,2025-04-07,cnn_visual,0.01,1.0,50,0.25,0.0,145000.0,0.0,-16353.746873898464,1307.5396825396826
2025,2025-04-23,cnn_visual,0.01,1.0,50,0.5,0.0,145000.0,0.0,-15662.313091795048,2557.5396825396824
2025,2025-05-09,cnn_visual,0.01,1.0,50,0.5,0.0,145000.0,0.0,4534.528713804586,2557.5396825396824
2025,2025-05-23,cnn_visual,0.01,1.0,50,0.5,0.0,145000.0,0.0,15340.478269543984,2557.5396825396824
2025,2025-06-09,cnn_visual,0.01,1.0,50,0.5,0.0,145000.0,0.0,34966.276990735016,2557.5396825396824
2025,2025-06-23,cnn_visual,0.01,1.0,50,0.5,0.0,145000.0,0.0,-37201.130750972414,2557.5396825396824
2025,2025-07-07,cnn_visual,0.01,1.0,50,0.5,0.0,145000.0,0.0,5017.763912195606,2557.5396825396824
2025,2025-07-21,cnn_visual,0.01,1.0,50,0.25,0.0,145000.0,0.0,-16080.376091607704,1307.5396825396826
2025,2025-08-04,cnn_visual,0.01,1.0,50,0.25,0.0,145000.0,0.0,-23947.808518175392,1307.5396825396826
2025,2025-08-18,cnn_visual,0.01,1.0,50,0.25,0.0,145000.0,0.0,1325.305820622979,1307.5396825396826
2025,2025-09-02,cnn_visual,0.01,1.0,50,0.25,0.0,145000.0,0.0,3667.332169372286,1307.5396825396826
2025,2025-09-16,cnn_visual,0.01,1.0,50,0.25,0.0,145000.0,0.0,-7064.523974051166,1307.5396825396826
2025,2025-09-30,cnn_visual,0.01,1.0,50,0.25,0.0,145000.0,0.0,-45458.43165807229,1307.5396825396826
2025,2025-10-14,cnn_visual,0.01,1.0,50,0.25,0.0,145000.0,0.0,5532.851547039026,1307.5396825396826
2025,2025-10-28,cnn_visual,0.01,1.0,50,0.25,0.0,145000.0,0.0,2747.750194040412,1307.5396825396826
2025,2025-11-11,cnn_visual,0.01,1.0,50,0.25,0.0,145000.0,0.0,3608.749178434797,1307.5396825396826
2025,2025-11-25,cnn_visual,0.01,1.0,50,0.25,0.0,145000.0,0.0,-23289.19564709743,1307.5396825396826
2025,2025-12-09,cnn_visual,0.01,1.0,50,0.25,0.0,145000.0,0.0,75.00955369145207,1307.5396825396826
2025,2025-12-23,cnn_visual,0.01,1.0,50,0.25,0.0,145000.0,0.0,29244.052754372668,1307.5396825396826
2025,2025-01-13,cnn_visual,0.01,1.0,100,0.0,0.0,150000.0,0.0,-94657.02000067291,59.523809523809526
2025,2025-01-27,cnn_visual,0.01,1.0,100,0.0,0.0,150000.0,0.0,6224.991726586258,59.523809523809526
2025,2025-02-10,cnn_visual,0.01,1.0,100,0.0,0.0,150000.0,0.0,-31283.09708925729,59.523809523809526
2025,2025-02-24,cnn_visual,0.01,1.0,100,0.0,0.0,150000.0,0.0,-84043.68207842085,59.523809523809526
2025,2025-03-10,cnn_visual,0.01,1.0,100,0.0,0.0,150000.0,0.0,42536.469322845296,59.523809523809526
2025,2025-03-24,cnn_visual,0.01,1.0,100,0.0,0.0,150000.0,0.0,-117526.72837332982,59.523809523809526
2025,2025-04-07,cnn_visual,0.01,1.0,100,0.0,0.0,150000.0,0.0,-8301.425688354797,59.523809523809526
2025,2025-04-23,cnn_visual,0.01,1.0,100,0.0,0.0,150000.0,0.0,-44962.04939416831,59.523809523809526
2025,2025-05-09,cnn_visual,0.01,1.0,100,0.0,0.0,150000.0,0.0,13482.552367710488,59.523809523809526
2025,2025-05-23,cnn_visual,0.01,1.0,100,0.0,0.0,150000.0,0.0,40718.86077986352,59.523809523809526
2025,2025-06-09,cnn_visual,0.01,1.0,100,0.0,0.0,150000.0,0.0,75778.1495354753,59.523809523809526
2025,2025-06-23,cnn_visual,0.01,1.0,100,0.0,0.0,150000.0,0.0,-53275.92224949273,59.523809523809526
2025,2025-07-07,cnn_visual,0.01,1.0,100,0.0,0.0,150000.0,0.0,4809.285802397146,59.523809523809526
2025,2025-07-21,cnn_visual,0.01,1.0,100,0.0,0.0,150000.0,0.0,-24283.935602174988,59.523809523809526
2025,2025-08-04,cnn_visual,0.01,1.0,100,0.0,0.0,150000.0,0.0,-28907.55549919895,59.523809523809526
2025,2025-08-18,cnn_visual,0.01,1.0,100,0.0,0.0,150000.0,0.0,995.2970203883016,59.523809523809526
2025,2025-09-02,cnn_visual,0.01,1.0,100,0.0,0.0,150000.0,0.0,9541.90993409545,59.523809523809526
2025,2025-09-16,cnn_visual,0.01,1.0,100,0.0,0.0,150000.0,0.0,-11261.682820370575,59.523809523809526
2025,2025-09-30,cnn_visual,0.01,1.0,100,0.0,0.0,150000.0,0.0,-65598.53673688137,59.523809523809526
2025,2025-10-14,cnn_visual,0.01,1.0,100,0.0,0.0,150000.0,0.0,9620.15313434061,59.523809523809526
2025,2025-10-28,cnn_visual,0.01,1.0,100,0.0,0.0,150000.0,0.0,2083.9988274934626,59.523809523809526
2025,2025-11-11,cnn_visual,0.01,1.0,100,0.0,0.0,150000.0,0.0,4117.674953567915,59.523809523809526
2025,2025-11-25,cnn_visual,0.01,1.0,100,0.0,0.0,150000.0,0.0,-28641.59445941188,59.523809523809526
2025,2025-12-09,cnn_visual,0.01,1.0,100,0.0,0.0,150000.0,0.0,4386.731048421589,59.523809523809526
2025,2025-12-23,cnn_visual,0.01,1.0,100,0.0,0.0,150000.0,0.0,34777.80471669603,59.523809523809526
2025,2025-01-13,cnn_visual,0.01,2.0,10,1.0,0.0,70000.0,0.0,-29473.805585386952,1027.7777777777778
2025,2025-01-27,cnn_visual,0.01,2.0,10,1.0,0.0,70000.0,0.0,20067.16507716828,1027.7777777777778
2025,2025-02-10,cnn_visual,0.01,2.0,10,1.0,0.0,70000.0,0.0,-13704.715874512429,1027.7777777777778
2025,2025-02-24,cnn_visual,0.01,2.0,10,1.0,0.0,70000.0,0.0,-33169.06597480219,1027.7777777777778
2025,2025-03-10,cnn_visual,0.01,2.0,10,1.0,0.0,70000.0,0.0,2018.7428174992808,1027.7777777777778
2025,2025-03-24,cnn_visual,0.01,2.0,10,1.0,0.0,70000.0,0.0,-11658.69159669379,1027.7777777777778
2025,2025-04-07,cnn_visual,0.01,2.0,10,1.0,0.0,70000.0,0.0,-40510.710430529456,1027.7777777777778
2025,2025-04-23,cnn_visual,0.01,2.0,10,1.0,0.0,70000.0,0.0,13637.42321057821,1027.7777777777778
2025,2025-05-09,cnn_visual,0.01,2.0,10,1.0,0.0,70000.0,0.0,-4413.494940101315,1027.7777777777778
2025,2025-05-23,cnn_visual,0.01,2.0,10,1.0,0.0,70000.0,0.0,-10037.90424077556,1027.7777777777778
2025,2025-06-09,cnn_visual,0.01,2.0,10,1.0,0.0,70000.0,0.0,-5845.595554005267,1027.7777777777778
2025,2025-06-23,cnn_visual,0.01,2.0,10,1.0,0.0,70000.0,0.0,-21126.3392524521,1027.7777777777778
2025,2025-07-07,cnn_visual,0.01,2.0,10,1.0,0.0,70000.0,0.0,5226.242021994066,1027.7777777777778
2025,2025-07-21,cnn_visual,0.01,2.0,10,1.0,0.0,70000.0,0.0,8530.302440094141,1027.7777777777778
2025,2025-08-04,cnn_visual,0.01,2.0,10,1.0,0.0,70000.0,0.0,-9068.567575104727,1027.7777777777778
2025,2025-08-18,cnn_visual,0.01,2.0,10,1.0,0.0,70000.0,0.0,2315.332221327009,1027.7777777777778
2025,2025-09-02,cnn_visual,0.01,2.0,10,1.0,0.0,70000.0,0.0,-13956.40112479721,1027.7777777777778
2025,2025-09-16,cnn_visual,0.01,2.0,10,1.0,0.0,70000.0,0.0,5526.952564907064,1027.7777777777778
2025,2025-09-30,cnn_visual,0.01,2.0,10,1.0,0.0,70000.0,0.0,14961.883578354984,1027.7777777777778
2025,2025-10-14,cnn_visual,0.01,2.0,10,1.0,0.0,70000.0,0.0,-6729.053214865727,1027.7777777777778
2025,2025-10-28,cnn_visual,0.01,2.0,10,1.0,0.0,70000.0,0.0,4739.0042936812615,1027.7777777777778
2025,2025-11-11,cnn_visual,0.01,2.0,10,1.0,0.0,70000.0,0.0,2081.9718530354435,1027.7777777777778
2025,2025-11-25,cnn_visual,0.01,2.0,10,1.0,0.0,70000.0,0.0,-7231.999210154091,1027.7777777777778
2025,2025-12-09,cnn_visual,0.01,2.0,10,1.0,0.0,70000.0,0.0,-12860.154930498958,1027.7777777777778
2025,2025-12-23,cnn_visual,0.01,2.0,10,1.0,0.0,70000.0,0.0,12642.796867402578,1027.7777777777778
2025,2025-01-13,cnn_visual,0.01,2.0,50,0.75,0.0,145000.0,0.0,-45769.60918920845,3807.5396825396815
2025,2025-01-27,cnn_visual,0.01,2.0,50,0.75,0.0,145000.0,0.0,16606.621739522772,3807.5396825396815
2025,2025-02-10,cnn_visual,0.01,2.0,50,0.75,0.0,145000.0,0.0,-18099.311178198644,3807.5396825396815
2025,2025-02-24,cnn_visual,0.01,2.0,50,0.75,0.0,145000.0,0.0,-45887.72000070686,3807.5396825396815
2025,2025-03-10,cnn_visual,0.01,2.0,50,0.75,0.0,145000.0,0.0,12148.174443835784,3807.5396825396815
2025,2025-03-24,cnn_visual,0.01,2.0,50,0.75,0.0,145000.0,0.0,-38125.7007908528,3807.5396825396815
2025,2025-04-07,cnn_visual,0.01,2.0,50,0.75,0.0,145000.0,0.0,-32458.389244985792,3807.5396825396815
2025,2025-04-23,cnn_visual,0.01,2.0,50,0.75,0.0,145000.0,0.0,-1012.4449406084188,3807.5396825396815
2025,2025-05-09,cnn_visual,0.01,2.0,50,0.75,0.0,145000.0,0.0,60.516886851635576,3807.5396825396815
2025,2025-05-23,cnn_visual,0.01,2.0,50,0.75,0.0,145000.0,0.0,2651.2870143842115,3807.5396825396815
2025,2025-06-09,cnn_visual,0.01,2.0,50,0.75,0.0,145000.0,0.0,14560.340718364872,3807.5396825396815
2025,2025-06-23,cnn_visual,0.01,2.0,50,0.75,0.0,145000.0,0.0,-29163.73500171226,3807.5396825396815
2025,2025-07-07,cnn_visual,0.01,2.0,50,0.75,0.0,145000.0,0.0,5122.002967094836,3807.5396825396815
2025,2025-07-21,cnn_visual,0.01,2.0,50,0.75,0.0,145000.0,0.0,326.74292952685965,3807.5396825396815
2025,2025-08-04,cnn_visual,0.01,2.0,50,0.75,0.0,145000.0,0.0,-14028.314556128282,3807.5396825396815
2025,2025-08-18,cnn_visual,0.01,2.0,50,0.75,0.0,145000.0,0.0,1985.323421092332,3807.5396825396815
2025,2025-09-02,cnn_visual,0.01,2.0,50,0.75,0.0,145000.0,0.0,-8081.823360074045,3807.5396825396815
2025,2025-09-16,cnn_visual,0.01,2.0,50,0.75,0.0,145000.0,0.0,1329.793718587654,3807.5396825396815
2025,2025-09-30,cnn_visual,0.01,2.0,50,0.75,0.0,145000.0,0.0,-5178.221500454106,3807.5396825396815
2025,2025-10-14,cnn_visual,0.01,2.0,50,0.75,0.0,145000.0,0.0,-2641.7516275641424,3807.5396825396815
2025,2025-10-28,cnn_visual,0.01,2.0,50,0.75,0.0,145000.0,0.0,4075.252927134312,3807.5396825396815
2025,2025-11-11,cnn_visual,0.01,2.0,50,0.5,0.0,145000.0,0.0,3099.8234033016797,2557.5396825396824
2025,2025-11-25,cnn_visual,0.01,2.0,50,0.5,0.0,145000.0,0.0,-17936.796834782985,2557.5396825396824
2025,2025-12-09,cnn_visual,0.01,2.0,50,0.5,0.0,145000.0,0.0,-4236.711941038684,2557.5396825396824
2025,2025-12-23,cnn_visual,0.01,2.0,50,0.5,0.0,145000.0,0.0,23710.300792049304,2557.5396825396824
2025,2025-01-13,cnn_visual,0.01,2.0,100,0.25,0.0,145000.0,0.0,-78361.21639685142,2557.5396825396824
2025,2025-01-27,cnn_visual,0.01,2.0,100,0.25,0.0,145000.0,0.0,9685.535064231764,2557.5396825396824
2025,2025-02-10,cnn_visual,0.01,2.0,100,0.25,0.0,145000.0,0.0,-26888.50178557108,2557.5396825396824
2025,2025-02-24,cnn_visual,0.01,2.0,100,0.25,0.0,145000.0,0.0,-71325.02805251618,2557.5396825396824
2025,2025-03-10,cnn_visual,0.01,2.0,100,0.25,0.0,145000.0,0.0,32407.0376965088,2557.5396825396824
2025,2025-03-24,cnn_visual,0.01,2.0,100,0.25,0.0,145000.0,0.0,-91059.71917917082,2557.5396825396824
2025,2025-04-07,cnn_visual,0.01,2.0,100,0.25,0.0,145000.0,0.0,-16353.746873898464,2557.5396825396824
2025,2025-04-23,cnn_visual,0.01,2.0,100,0.5,0.0,145000.0,0.0,-15662.313091795048,5057.539682539683
2025,2025-05-09,cnn_visual,0.01,2.0,100,0.5,0.0,145000.0,0.0,4534.528713804586,5057.539682539683
2025,2025-05-23,cnn_visual,0.01,2.0,100,0.5,0.0,145000.0,0.0,15340.478269543984,5057.539682539683
2025,2025-06-09,cnn_visual,0.01,2.0,100,0.5,0.0,145000.0,0.0,34966.276990735016,5057.539682539683
2025,2025-06-23,cnn_visual,0.01,2.0,100,0.5,0.0,145000.0,0.0,-37201.130750972414,5057.539682539683
2025,2025-07-07,cnn_visual,0.01,2.0,100,0.5,0.0,145000.0,0.0,5017.763912195606,5057.539682539683
2025,2025-07-21,cnn_visual,0.01,2.0,100,0.25,0.0,145000.0,0.0,-16080.376091607704,2557.5396825396824
2025,2025-08-04,cnn_visual,0.01,2.0,100,0.25,0.0,145000.0,0.0,-23947.808518175392,2557.5396825396824
2025,2025-08-18,cnn_visual,0.01,2.0,100,0.25,0.0,145000.0,0.0,1325.305820622979,2557.5396825396824
2025,2025-09-02,cnn_visual,0.01,2.0,100,0.25,0.0,145000.0,0.0,3667.332169372286,2557.5396825396824
2025,2025-09-16,cnn_visual,0.01,2.0,100,0.25,0.0,145000.0,0.0,-7064.523974051166,2557.5396825396824
2025,2025-09-30,cnn_visual,0.01,2.0,100,0.25,0.0,145000.0,0.0,-45458.43165807229,2557.5396825396824
2025,2025-10-14,cnn_visual,0.01,2.0,100,0.25,0.0,145000.0,0.0,5532.851547039026,2557.5396825396824
2025,2025-10-28,cnn_visual,0.01,2.0,100,0.25,0.0,145000.0,0.0,2747.750194040412,2557.5396825396824
2025,2025-11-11,cnn_visual,0.01,2.0,100,0.25,0.0,145000.0,0.0,3608.749178434797,2557.5396825396824
2025,2025-11-25,cnn_visual,0.01,2.0,100,0.25,0.0,145000.0,0.0,-23289.19564709743,2557.5396825396824
2025,2025-12-09,cnn_visual,0.01,2.0,100,0.25,0.0,145000.0,0.0,75.00955369145207,2557.5396825396824
2025,2025-12-23,cnn_visual,0.01,2.0,100,0.25,0.0,145000.0,0.0,29244.052754372668,2557.5396825396824
2025,2025-01-13,cnn_visual,0.05,0.25,10,0.5,0.0,130000.0,0.0,-62065.41279302994,757.936507936508
2025,2025-01-27,cnn_visual,0.05,0.25,10,0.5,0.0,135000.0,0.0,13146.078401877268,767.8571428571429
2025,2025-02-10,cnn_visual,0.05,0.25,10,0.5,0.0,135000.0,0.0,-22493.90648188486,767.8571428571429
2025,2025-02-24,cnn_visual,0.05,0.25,10,0.5,0.0,135000.0,0.0,-58606.37402661152,767.8571428571429
2025,2025-03-10,cnn_visual,0.05,0.25,10,0.5,0.0,135000.0,0.0,22277.60607017229,767.8571428571429
2025,2025-03-24,cnn_visual,0.05,0.25,10,0.75,0.0,80000.0,0.0,-38125.7007908528,908.7301587301588
2025,2025-04-07,cnn_visual,0.05,0.25,10,0.75,0.0,80000.0,0.0,-32458.389244985792,908.7301587301588
2025,2025-04-23,cnn_visual,0.05,0.25,10,0.75,0.0,85000.0,0.0,-1012.4449406084188,918.6507936507936
2025,2025-05-09,cnn_visual,0.05,0.25,10,0.75,0.0,85000.0,0.0,60.516886851635576,918.6507936507936
2025,2025-05-23,cnn_visual,0.05,0.25,10,0.75,0.0,85000.0,0.0,2651.2870143842115,918.6507936507936
2025,2025-06-09,cnn_visual,0.05,0.25,10,0.75,0.0,85000.0,0.0,14560.340718364872,918.6507936507936
2025,2025-06-23,cnn_visual,0.05,0.25,10,0.75,0.0,85000.0,0.0,-29163.73500171226,918.6507936507936
2025,2025-07-07,cnn_visual,0.05,0.25,10,0.75,0.0,85000.0,0.0,5122.002967094836,918.6507936507936
2025,2025-07-21,cnn_visual,0.05,0.25,10,0.75,0.0,80000.0,0.0,326.74292952685965,908.7301587301588
2025,2025-08-04,cnn_visual,0.05,0.25,10,0.5,0.0,135000.0,0.0,-18988.06153715184,767.8571428571429
2025,2025-08-18,cnn_visual,0.05,0.25,10,0.5,0.0,140000.0,0.0,1655.3146208576554,777.7777777777778
2025,2025-09-02,cnn_visual,0.05,0.25,10,0.5,0.0,135000.0,0.0,-2207.24559535088,767.8571428571429
2025,2025-09-16,cnn_visual,0.05,0.25,10,0.5,0.0,135000.0,0.0,-2867.365127731756,767.8571428571429
2025,2025-09-30,cnn_visual,0.05,0.25,10,0.5,0.0,130000.0,0.0,-25318.326579263197,757.936507936508
2025,2025-10-14,cnn_visual,0.05,0.25,10,0.5,0.0,130000.0,0.0,1445.5499597374414,757.936507936508
2025,2025-10-28,cnn_visual,0.05,0.25,10,0.5,0.0,130000.0,0.0,3411.501560587362,757.936507936508
2025,2025-11-11,cnn_visual,0.05,0.25,10,0.5,0.0,125000.0,0.0,3099.8234033016797,748.015873015873
2025,2025-11-25,cnn_visual,0.05,0.25,10,0.5,0.0,125000.0,0.0,-17936.796834782985,748.015873015873
2025,2025-12-09,cnn_visual,0.05,0.25,10,0.25,0.0,145000.0,0.0,75.00955369145207,537.6984126984128
2025,2025-12-23,cnn_visual,0.05,0.25,10,0.25,0.0,145000.0,0.0,29244.052754372668,537.6984126984128
2025,2025-01-13,cnn_visual,0.05,0.25,50,0.0,0.0,150000.0,0.0,-94657.02000067291,297.6190476190476
2025,2025-01-27,cnn_visual,0.05,0.25,50,0.0,0.0,150000.0,0.0,6224.991726586258,297.6190476190476
2025,2025-02-10,cnn_visual,0.05,0.25,50,0.0,0.0,150000.0,0.0,-31283.09708925729,297.6190476190476
2025,2025-02-24,cnn_visual,0.05,0.25,50,0.0,0.0,150000.0,0.0,-84043.68207842085,297.6190476190476
2025,2025-03-10,cnn_visual,0.05,0.25,50,0.0,0.0,150000.0,0.0,42536.469322845296,297.6190476190476
2025,2025-03-24,cnn_visual,0.05,0.25,50,0.0,0.0,150000.0,0.0,-117526.72837332982,297.6190476190476
2025,2025-04-07,cnn_visual,0.05,0.25,50,0.0,0.0,150000.0,0.0,-8301.425688354797,297.6190476190476
2025,2025-04-23,cnn_visual,0.05,0.25,50,0.0,0.0,150000.0,0.0,-44962.04939416831,297.6190476190476
2025,2025-05-09,cnn_visual,0.05,0.25,50,0.0,0.0,150000.0,0.0,13482.552367710488,297.6190476190476
2025,2025-05-23,cnn_visual,0.05,0.25,50,0.0,0.0,150000.0,0.0,40718.86077986352,297.6190476190476
2025,2025-06-09,cnn_visual,0.05,0.25,50,0.0,0.0,150000.0,0.0,75778.1495354753,297.6190476190476
2025,2025-06-23,cnn_visual,0.05,0.25,50,0.0,0.0,150000.0,0.0,-53275.92224949273,297.6190476190476
2025,2025-07-07,cnn_visual,0.05,0.25,50,0.0,0.0,150000.0,0.0,4809.285802397146,297.6190476190476
2025,2025-07-21,cnn_visual,0.05,0.25,50,0.0,0.0,150000.0,0.0,-24283.935602174988,297.6190476190476
2025,2025-08-04,cnn_visual,0.05,0.25,50,0.0,0.0,150000.0,0.0,-28907.55549919895,297.6190476190476
2025,2025-08-18,cnn_visual,0.05,0.25,50,0.0,0.0,150000.0,0.0,995.2970203883016,297.6190476190476
2025,2025-09-02,cnn_visual,0.05,0.25,50,0.0,0.0,150000.0,0.0,9541.90993409545,297.6190476190476
2025,2025-09-16,cnn_visual,0.05,0.25,50,0.0,0.0,150000.0,0.0,-11261.682820370575,297.6190476190476
2025,2025-09-30,cnn_visual,0.05,0.25,50,0.0,0.0,150000.0,0.0,-65598.53673688137,297.6190476190476
2025,2025-10-14,cnn_visual,0.05,0.25,50,0.0,0.0,150000.0,0.0,9620.15313434061,297.6190476190476
2025,2025-10-28,cnn_visual,0.05,0.25,50,0.0,0.0,150000.0,0.0,2083.9988274934626,297.6190476190476
2025,2025-11-11,cnn_visual,0.05,0.25,50,0.0,0.0,150000.0,0.0,4117.674953567915,297.6190476190476
2025,2025-11-25,cnn_visual,0.05,0.25,50,0.0,0.0,150000.0,0.0,-28641.59445941188,297.6190476190476
2025,2025-12-09,cnn_visual,0.05,0.25,50,0.0,0.0,150000.0,0.0,4386.731048421589,297.6190476190476
2025,2025-12-23,cnn_visual,0.05,0.25,50,0.0,0.0,150000.0,0.0,34777.80471669603,297.6190476190476
2025,2025-01-13,cnn_visual,0.05,0.25,100,0.0,0.0,150000.0,0.0,-94657.02000067291,297.6190476190476
2025,2025-01-27,cnn_visual,0.05,0.25,100,0.0,0.0,150000.0,0.0,6224.991726586258,297.6190476190476
2025,2025-02-10,cnn_visual,0.05,0.25,100,0.0,0.0,150000.0,0.0,-31283.09708925729,297.6190476190476
2025,2025-02-24,cnn_visual,0.05,0.25,100,0.0,0.0,150000.0,0.0,-84043.68207842085,297.6190476190476
2025,2025-03-10,cnn_visual,0.05,0.25,100,0.0,0.0,150000.0,0.0,42536.469322845296,297.6190476190476
2025,2025-03-24,cnn_visual,0.05,0.25,100,0.0,0.0,150000.0,0.0,-117526.72837332982,297.6190476190476
2025,2025-04-07,cnn_visual,0.05,0.25,100,0.0,0.0,150000.0,0.0,-8301.425688354797,297.6190476190476
2025,2025-04-23,cnn_visual,0.05,0.25,100,0.0,0.0,150000.0,0.0,-44962.04939416831,297.6190476190476
2025,2025-05-09,cnn_visual,0.05,0.25,100,0.0,0.0,150000.0,0.0,13482.552367710488,297.6190476190476
2025,2025-05-23,cnn_visual,0.05,0.25,100,0.0,0.0,150000.0,0.0,40718.86077986352,297.6190476190476
2025,2025-06-09,cnn_visual,0.05,0.25,100,0.0,0.0,150000.0,0.0,75778.1495354753,297.6190476190476
2025,2025-06-23,cnn_visual,0.05,0.25,100,0.0,0.0,150000.0,0.0,-53275.92224949273,297.6190476190476
2025,2025-07-07,cnn_visual,0.05,0.25,100,0.0,0.0,150000.0,0.0,4809.285802397146,297.6190476190476
2025,2025-07-21,cnn_visual,0.05,0.25,100,0.0,0.0,150000.0,0.0,-24283.935602174988,297.6190476190476
2025,2025-08-04,cnn_visual,0.05,0.25,100,0.0,0.0,150000.0,0.0,-28907.55549919895,297.6190476190476
2025,2025-08-18,cnn_visual,0.05,0.25,100,0.0,0.0,150000.0,0.0,995.2970203883016,297.6190476190476
2025,2025-09-02,cnn_visual,0.05,0.25,100,0.0,0.0,150000.0,0.0,9541.90993409545,297.6190476190476
2025,2025-09-16,cnn_visual,0.05,0.25,100,0.0,0.0,150000.0,0.0,-11261.682820370575,297.6190476190476
2025,2025-09-30,cnn_visual,0.05,0.25,100,0.0,0.0,150000.0,0.0,-65598.53673688137,297.6190476190476
2025,2025-10-14,cnn_visual,0.05,0.25,100,0.0,0.0,150000.0,0.0,9620.15313434061,297.6190476190476
2025,2025-10-28,cnn_visual,0.05,0.25,100,0.0,0.0,150000.0,0.0,2083.9988274934626,297.6190476190476
2025,2025-11-11,cnn_visual,0.05,0.25,100,0.0,0.0,150000.0,0.0,4117.674953567915,297.6190476190476
2025,2025-11-25,cnn_visual,0.05,0.25,100,0.0,0.0,150000.0,0.0,-28641.59445941188,297.6190476190476
2025,2025-12-09,cnn_visual,0.05,0.25,100,0.0,0.0,150000.0,0.0,4386.731048421589,297.6190476190476
2025,2025-12-23,cnn_visual,0.05,0.25,100,0.0,0.0,150000.0,0.0,34777.80471669603,297.6190476190476
2025,2025-01-13,cnn_visual,0.05,1.0,10,1.0,0.0,55000.0,0.0,-29473.805585386952,1109.126984126984
2025,2025-01-27,cnn_visual,0.05,1.0,10,1.0,0.0,55000.0,0.0,20067.16507716828,1109.126984126984
2025,2025-02-10,cnn_visual,0.05,1.0,10,1.0,0.0,55000.0,0.0,-13704.715874512429,1109.126984126984
2025,2025-02-24,cnn_visual,0.05,1.0,10,1.0,0.0,55000.0,0.0,-33169.06597480219,1109.126984126984
2025,2025-03-10,cnn_visual,0.05,1.0,10,1.0,0.0,55000.0,0.0,2018.7428174992808,1109.126984126984
2025,2025-03-24,cnn_visual,0.05,1.0,10,1.0,0.0,55000.0,0.0,-11658.69159669379,1109.126984126984
2025,2025-04-07,cnn_visual,0.05,1.0,10,1.0,0.0,55000.0,0.0,-40510.710430529456,1109.126984126984
2025,2025-04-23,cnn_visual,0.05,1.0,10,1.0,0.0,55000.0,0.0,13637.42321057821,1109.126984126984
2025,2025-05-09,cnn_visual,0.05,1.0,10,1.0,0.0,55000.0,0.0,-4413.494940101315,1109.126984126984
2025,2025-05-23,cnn_visual,0.05,1.0,10,1.0,0.0,55000.0,0.0,-10037.90424077556,1109.126984126984
2025,2025-06-09,cnn_visual,0.05,1.0,10,1.0,0.0,55000.0,0.0,-5845.595554005267,1109.126984126984
2025,2025-06-23,cnn_visual,0.05,1.0,10,1.0,0.0,55000.0,0.0,-21126.3392524521,1109.126984126984
2025,2025-07-07,cnn_visual,0.05,1.0,10,1.0,0.0,55000.0,0.0,5226.242021994066,1109.126984126984
2025,2025-07-21,cnn_visual,0.05,1.0,10,1.0,0.0,55000.0,0.0,8530.302440094141,1109.126984126984
2025,2025-08-04,cnn_visual,0.05,1.0,10,1.0,0.0,55000.0,0.0,-9068.567575104727,1109.126984126984
2025,2025-08-18,cnn_visual,0.05,1.0,10,1.0,0.0,55000.0,0.0,2315.332221327009,1109.126984126984
2025,2025-09-02,cnn_visual,0.05,1.0,10,1.0,0.0,55000.0,0.0,-13956.40112479721,1109.126984126984
2025,2025-09-16,cnn_visual,0.05,1.0,10,1.0,0.0,55000.0,0.0,5526.952564907064,1109.126984126984
2025,2025-09-30,cnn_visual,0.05,1.0,10,1.0,0.0,55000.0,0.0,14961.883578354984,1109.126984126984
2025,2025-10-14,cnn_visual,0.05,1.0,10,1.0,0.0,55000.0,0.0,-6729.053214865727,1109.126984126984
2025,2025-10-28,cnn_visual,0.05,1.0,10,1.0,0.0,55000.0,0.0,4739.0042936812615,1109.126984126984
2025,2025-11-11,cnn_visual,0.05,1.0,10,1.0,0.0,55000.0,0.0,2081.9718530354435,1109.126984126984
2025,2025-11-25,cnn_visual,0.05,1.0,10,1.0,0.0,55000.0,0.0,-7231.999210154091,1109.126984126984
2025,2025-12-09,cnn_visual,0.05,1.0,10,1.0,0.0,55000.0,0.0,-12860.154930498958,1109.126984126984
2025,2025-12-23,cnn_visual,0.05,1.0,10,1.0,0.0,55000.0,0.0,12642.796867402578,1109.126984126984
2025,2025-01-13,cnn_visual,0.05,1.0,50,0.25,0.0,145000.0,0.0,-78361.21639685142,1537.6984126984128
2025,2025-01-27,cnn_visual,0.05,1.0,50,0.25,0.0,145000.0,0.0,9685.535064231764,1537.6984126984128
2025,2025-02-10,cnn_visual,0.05,1.0,50,0.25,0.0,145000.0,0.0,-26888.50178557108,1537.6984126984128
2025,2025-02-24,cnn_visual,0.05,1.0,50,0.25,0.0,145000.0,0.0,-71325.02805251618,1537.6984126984128
2025,2025-03-10,cnn_visual,0.05,1.0,50,0.25,0.0,145000.0,0.0,32407.0376965088,1537.6984126984128
2025,2025-03-24,cnn_visual,0.05,1.0,50,0.25,0.0,145000.0,0.0,-91059.71917917082,1537.6984126984128
2025,2025-04-07,cnn_visual,0.05,1.0,50,0.25,0.0,145000.0,0.0,-16353.746873898464,1537.6984126984128
2025,2025-04-23,cnn_visual,0.05,1.0,50,0.5,0.0,145000.0,0.0,-15662.313091795048,2787.6984126984125
2025,2025-05-09,cnn_visual,0.05,1.0,50,0.5,0.0,145000.0,0.0,4534.528713804586,2787.6984126984125
2025,2025-05-23,cnn_visual,0.05,1.0,50,0.5,0.0,145000.0,0.0,15340.478269543984,2787.6984126984125
2025,2025-06-09,cnn_visual,0.05,1.0,50,0.5,0.0,145000.0,0.0,34966.276990735016,2787.6984126984125
2025,2025-06-23,cnn_visual,0.05,1.0,50,0.5,0.0,145000.0,0.0,-37201.130750972414,2787.6984126984125
2025,2025-07-07,cnn_visual,0.05,1.0,50,0.5,0.0,145000.0,0.0,5017.763912195606,2787.6984126984125
2025,2025-07-21,cnn_visual,0.05,1.0,50,0.25,0.0,145000.0,0.0,-16080.376091607704,1537.6984126984128
2025,2025-08-04,cnn_visual,0.05,1.0,50,0.25,0.0,145000.0,0.0,-23947.808518175392,1537.6984126984128
2025,2025-08-18,cnn_visual,0.05,1.0,50,0.25,0.0,145000.0,0.0,1325.305820622979,1537.6984126984128
2025,2025-09-02,cnn_visual,0.05,1.0,50,0.25,0.0,145000.0,0.0,3667.332169372286,1537.6984126984128
2025,2025-09-16,cnn_visual,0.05,1.0,50,0.25,0.0,145000.0,0.0,-7064.523974051166,1537.6984126984128
2025,2025-09-30,cnn_visual,0.05,1.0,50,0.25,0.0,145000.0,0.0,-45458.43165807229,1537.6984126984128
2025,2025-10-14,cnn_visual,0.05,1.0,50,0.25,0.0,145000.0,0.0,5532.851547039026,1537.6984126984128
2025,2025-10-28,cnn_visual,0.05,1.0,50,0.25,0.0,145000.0,0.0,2747.750194040412,1537.6984126984128
2025,2025-11-11,cnn_visual,0.05,1.0,50,0.25,0.0,145000.0,0.0,3608.749178434797,1537.6984126984128
2025,2025-11-25,cnn_visual,0.05,1.0,50,0.25,0.0,145000.0,0.0,-23289.19564709743,1537.6984126984128
2025,2025-12-09,cnn_visual,0.05,1.0,50,0.25,0.0,145000.0,0.0,75.00955369145207,1537.6984126984128
2025,2025-12-23,cnn_visual,0.05,1.0,50,0.25,0.0,145000.0,0.0,29244.052754372668,1537.6984126984128
2025,2025-01-13,cnn_visual,0.05,1.0,100,0.0,0.0,150000.0,0.0,-94657.02000067291,297.6190476190476
2025,2025-01-27,cnn_visual,0.05,1.0,100,0.0,0.0,150000.0,0.0,6224.991726586258,297.6190476190476
2025,2025-02-10,cnn_visual,0.05,1.0,100,0.0,0.0,150000.0,0.0,-31283.09708925729,297.6190476190476
2025,2025-02-24,cnn_visual,0.05,1.0,100,0.0,0.0,150000.0,0.0,-84043.68207842085,297.6190476190476
2025,2025-03-10,cnn_visual,0.05,1.0,100,0.0,0.0,150000.0,0.0,42536.469322845296,297.6190476190476
2025,2025-03-24,cnn_visual,0.05,1.0,100,0.0,0.0,150000.0,0.0,-117526.72837332982,297.6190476190476
2025,2025-04-07,cnn_visual,0.05,1.0,100,0.0,0.0,150000.0,0.0,-8301.425688354797,297.6190476190476
2025,2025-04-23,cnn_visual,0.05,1.0,100,0.0,0.0,150000.0,0.0,-44962.04939416831,297.6190476190476
2025,2025-05-09,cnn_visual,0.05,1.0,100,0.0,0.0,150000.0,0.0,13482.552367710488,297.6190476190476
2025,2025-05-23,cnn_visual,0.05,1.0,100,0.0,0.0,150000.0,0.0,40718.86077986352,297.6190476190476
2025,2025-06-09,cnn_visual,0.05,1.0,100,0.0,0.0,150000.0,0.0,75778.1495354753,297.6190476190476
2025,2025-06-23,cnn_visual,0.05,1.0,100,0.0,0.0,150000.0,0.0,-53275.92224949273,297.6190476190476
2025,2025-07-07,cnn_visual,0.05,1.0,100,0.0,0.0,150000.0,0.0,4809.285802397146,297.6190476190476
2025,2025-07-21,cnn_visual,0.05,1.0,100,0.0,0.0,150000.0,0.0,-24283.935602174988,297.6190476190476
2025,2025-08-04,cnn_visual,0.05,1.0,100,0.0,0.0,150000.0,0.0,-28907.55549919895,297.6190476190476
2025,2025-08-18,cnn_visual,0.05,1.0,100,0.0,0.0,150000.0,0.0,995.2970203883016,297.6190476190476
2025,2025-09-02,cnn_visual,0.05,1.0,100,0.0,0.0,150000.0,0.0,9541.90993409545,297.6190476190476
2025,2025-09-16,cnn_visual,0.05,1.0,100,0.0,0.0,150000.0,0.0,-11261.682820370575,297.6190476190476
2025,2025-09-30,cnn_visual,0.05,1.0,100,0.0,0.0,150000.0,0.0,-65598.53673688137,297.6190476190476
2025,2025-10-14,cnn_visual,0.05,1.0,100,0.0,0.0,150000.0,0.0,9620.15313434061,297.6190476190476
2025,2025-10-28,cnn_visual,0.05,1.0,100,0.0,0.0,150000.0,0.0,2083.9988274934626,297.6190476190476
2025,2025-11-11,cnn_visual,0.05,1.0,100,0.0,0.0,150000.0,0.0,4117.674953567915,297.6190476190476
2025,2025-11-25,cnn_visual,0.05,1.0,100,0.0,0.0,150000.0,0.0,-28641.59445941188,297.6190476190476
2025,2025-12-09,cnn_visual,0.05,1.0,100,0.0,0.0,150000.0,0.0,4386.731048421589,297.6190476190476
2025,2025-12-23,cnn_visual,0.05,1.0,100,0.0,0.0,150000.0,0.0,34777.80471669603,297.6190476190476
2025,2025-01-13,cnn_visual,0.05,2.0,10,1.0,0.0,60000.0,0.0,-29473.805585386952,1119.047619047619
2025,2025-01-27,cnn_visual,0.05,2.0,10,1.0,0.0,60000.0,0.0,20067.16507716828,1119.047619047619
2025,2025-02-10,cnn_visual,0.05,2.0,10,1.0,0.0,60000.0,0.0,-13704.715874512429,1119.047619047619
2025,2025-02-24,cnn_visual,0.05,2.0,10,1.0,0.0,60000.0,0.0,-33169.06597480219,1119.047619047619
2025,2025-03-10,cnn_visual,0.05,2.0,10,1.0,0.0,60000.0,0.0,2018.7428174992808,1119.047619047619
2025,2025-03-24,cnn_visual,0.05,2.0,10,1.0,0.0,60000.0,0.0,-11658.69159669379,1119.047619047619
2025,2025-04-07,cnn_visual,0.05,2.0,10,1.0,0.0,60000.0,0.0,-40510.710430529456,1119.047619047619
2025,2025-04-23,cnn_visual,0.05,2.0,10,1.0,0.0,60000.0,0.0,13637.42321057821,1119.047619047619
2025,2025-05-09,cnn_visual,0.05,2.0,10,1.0,0.0,60000.0,0.0,-4413.494940101315,1119.047619047619
2025,2025-05-23,cnn_visual,0.05,2.0,10,1.0,0.0,60000.0,0.0,-10037.90424077556,1119.047619047619
2025,2025-06-09,cnn_visual,0.05,2.0,10,1.0,0.0,60000.0,0.0,-5845.595554005267,1119.047619047619
2025,2025-06-23,cnn_visual,0.05,2.0,10,1.0,0.0,60000.0,0.0,-21126.3392524521,1119.047619047619
2025,2025-07-07,cnn_visual,0.05,2.0,10,1.0,0.0,60000.0,0.0,5226.242021994066,1119.047619047619
2025,2025-07-21,cnn_visual,0.05,2.0,10,1.0,0.0,60000.0,0.0,8530.302440094141,1119.047619047619
2025,2025-08-04,cnn_visual,0.05,2.0,10,1.0,0.0,60000.0,0.0,-9068.567575104727,1119.047619047619
2025,2025-08-18,cnn_visual,0.05,2.0,10,1.0,0.0,60000.0,0.0,2315.332221327009,1119.047619047619
2025,2025-09-02,cnn_visual,0.05,2.0,10,1.0,0.0,60000.0,0.0,-13956.40112479721,1119.047619047619
2025,2025-09-16,cnn_visual,0.05,2.0,10,1.0,0.0,60000.0,0.0,5526.952564907064,1119.047619047619
2025,2025-09-30,cnn_visual,0.05,2.0,10,1.0,0.0,60000.0,0.0,14961.883578354984,1119.047619047619
2025,2025-10-14,cnn_visual,0.05,2.0,10,1.0,0.0,60000.0,0.0,-6729.053214865727,1119.047619047619
2025,2025-10-28,cnn_visual,0.05,2.0,10,1.0,0.0,60000.0,0.0,4739.0042936812615,1119.047619047619
2025,2025-11-11,cnn_visual,0.05,2.0,10,1.0,0.0,60000.0,0.0,2081.9718530354435,1119.047619047619
2025,2025-11-25,cnn_visual,0.05,2.0,10,1.0,0.0,60000.0,0.0,-7231.999210154091,1119.047619047619
2025,2025-12-09,cnn_visual,0.05,2.0,10,1.0,0.0,60000.0,0.0,-12860.154930498958,1119.047619047619
2025,2025-12-23,cnn_visual,0.05,2.0,10,1.0,0.0,60000.0,0.0,12642.796867402578,1119.047619047619
2025,2025-01-13,cnn_visual,0.05,2.0,50,0.75,0.0,145000.0,0.0,-45769.60918920845,4037.698412698413
2025,2025-01-27,cnn_visual,0.05,2.0,50,0.75,0.0,145000.0,0.0,16606.621739522772,4037.698412698413
2025,2025-02-10,cnn_visual,0.05,2.0,50,0.75,0.0,145000.0,0.0,-18099.311178198644,4037.698412698413
2025,2025-02-24,cnn_visual,0.05,2.0,50,0.75,0.0,145000.0,0.0,-45887.72000070686,4037.698412698413
2025,2025-03-10,cnn_visual,0.05,2.0,50,0.75,0.0,145000.0,0.0,12148.174443835784,4037.698412698413
2025,2025-03-24,cnn_visual,0.05,2.0,50,0.75,0.0,145000.0,0.0,-38125.7007908528,4037.698412698413
2025,2025-04-07,cnn_visual,0.05,2.0,50,0.75,0.0,145000.0,0.0,-32458.389244985792,4037.698412698413
2025,2025-04-23,cnn_visual,0.05,2.0,50,0.75,0.0,145000.0,0.0,-1012.4449406084188,4037.698412698413
2025,2025-05-09,cnn_visual,0.05,2.0,50,0.75,0.0,145000.0,0.0,60.516886851635576,4037.698412698413
2025,2025-05-23,cnn_visual,0.05,2.0,50,0.75,0.0,145000.0,0.0,2651.2870143842115,4037.698412698413
2025,2025-06-09,cnn_visual,0.05,2.0,50,0.75,0.0,145000.0,0.0,14560.340718364872,4037.698412698413
2025,2025-06-23,cnn_visual,0.05,2.0,50,0.75,0.0,145000.0,0.0,-29163.73500171226,4037.698412698413
2025,2025-07-07,cnn_visual,0.05,2.0,50,0.75,0.0,145000.0,0.0,5122.002967094836,4037.698412698413
2025,2025-07-21,cnn_visual,0.05,2.0,50,0.75,0.0,145000.0,0.0,326.74292952685965,4037.698412698413
2025,2025-08-04,cnn_visual,0.05,2.0,50,0.75,0.0,145000.0,0.0,-14028.314556128282,4037.698412698413
2025,2025-08-18,cnn_visual,0.05,2.0,50,0.75,0.0,145000.0,0.0,1985.323421092332,4037.698412698413
2025,2025-09-02,cnn_visual,0.05,2.0,50,0.75,0.0,145000.0,0.0,-8081.823360074045,4037.698412698413
2025,2025-09-16,cnn_visual,0.05,2.0,50,0.75,0.0,145000.0,0.0,1329.793718587654,4037.698412698413
2025,2025-09-30,cnn_visual,0.05,2.0,50,0.75,0.0,145000.0,0.0,-5178.221500454106,4037.698412698413
2025,2025-10-14,cnn_visual,0.05,2.0,50,0.75,0.0,145000.0,0.0,-2641.7516275641424,4037.698412698413
2025,2025-10-28,cnn_visual,0.05,2.0,50,0.75,0.0,145000.0,0.0,4075.252927134312,4037.698412698413
2025,2025-11-11,cnn_visual,0.05,2.0,50,0.5,0.0,145000.0,0.0,3099.8234033016797,2787.6984126984125
2025,2025-11-25,cnn_visual,0.05,2.0,50,0.5,0.0,145000.0,0.0,-17936.796834782985,2787.6984126984125
2025,2025-12-09,cnn_visual,0.05,2.0,50,0.5,0.0,145000.0,0.0,-4236.711941038684,2787.6984126984125
2025,2025-12-23,cnn_visual,0.05,2.0,50,0.5,0.0,145000.0,0.0,23710.300792049304,2787.6984126984125
2025,2025-01-13,cnn_visual,0.05,2.0,100,0.25,0.0,145000.0,0.0,-78361.21639685142,2787.6984126984125
2025,2025-01-27,cnn_visual,0.05,2.0,100,0.25,0.0,145000.0,0.0,9685.535064231764,2787.6984126984125
2025,2025-02-10,cnn_visual,0.05,2.0,100,0.25,0.0,145000.0,0.0,-26888.50178557108,2787.6984126984125
2025,2025-02-24,cnn_visual,0.05,2.0,100,0.25,0.0,145000.0,0.0,-71325.02805251618,2787.6984126984125
2025,2025-03-10,cnn_visual,0.05,2.0,100,0.25,0.0,145000.0,0.0,32407.0376965088,2787.6984126984125
2025,2025-03-24,cnn_visual,0.05,2.0,100,0.25,0.0,145000.0,0.0,-91059.71917917082,2787.6984126984125
2025,2025-04-07,cnn_visual,0.05,2.0,100,0.25,0.0,145000.0,0.0,-16353.746873898464,2787.6984126984125
2025,2025-04-23,cnn_visual,0.05,2.0,100,0.5,0.0,145000.0,0.0,-15662.313091795048,5287.6984126984125
2025,2025-05-09,cnn_visual,0.05,2.0,100,0.5,0.0,145000.0,0.0,4534.528713804586,5287.6984126984125
2025,2025-05-23,cnn_visual,0.05,2.0,100,0.5,0.0,145000.0,0.0,15340.478269543984,5287.6984126984125
2025,2025-06-09,cnn_visual,0.05,2.0,100,0.5,0.0,145000.0,0.0,34966.276990735016,5287.6984126984125
2025,2025-06-23,cnn_visual,0.05,2.0,100,0.5,0.0,145000.0,0.0,-37201.130750972414,5287.6984126984125
2025,2025-07-07,cnn_visual,0.05,2.0,100,0.5,0.0,145000.0,0.0,5017.763912195606,5287.6984126984125
2025,2025-07-21,cnn_visual,0.05,2.0,100,0.25,0.0,145000.0,0.0,-16080.376091607704,2787.6984126984125
2025,2025-08-04,cnn_visual,0.05,2.0,100,0.25,0.0,145000.0,0.0,-23947.808518175392,2787.6984126984125
2025,2025-08-18,cnn_visual,0.05,2.0,100,0.25,0.0,145000.0,0.0,1325.305820622979,2787.6984126984125
2025,2025-09-02,cnn_visual,0.05,2.0,100,0.25,0.0,145000.0,0.0,3667.332169372286,2787.6984126984125
2025,2025-09-16,cnn_visual,0.05,2.0,100,0.25,0.0,145000.0,0.0,-7064.523974051166,2787.6984126984125
2025,2025-09-30,cnn_visual,0.05,2.0,100,0.25,0.0,145000.0,0.0,-45458.43165807229,2787.6984126984125
2025,2025-10-14,cnn_visual,0.05,2.0,100,0.25,0.0,145000.0,0.0,5532.851547039026,2787.6984126984125
2025,2025-10-28,cnn_visual,0.05,2.0,100,0.25,0.0,145000.0,0.0,2747.750194040412,2787.6984126984125
2025,2025-11-11,cnn_visual,0.05,2.0,100,0.25,0.0,145000.0,0.0,3608.749178434797,2787.6984126984125
2025,2025-11-25,cnn_visual,0.05,2.0,100,0.25,0.0,145000.0,0.0,-23289.19564709743,2787.6984126984125
2025,2025-12-09,cnn_visual,0.05,2.0,100,0.25,0.0,145000.0,0.0,75.00955369145207,2787.6984126984125
2025,2025-12-23,cnn_visual,0.05,2.0,100,0.25,0.0,145000.0,0.0,29244.052754372668,2787.6984126984125
2025,2025-01-13,cnn_visual,0.1,0.25,10,0.75,0.0,60000.0,0.0,-45769.60918920845,988.095238095238
2025,2025-01-27,cnn_visual,0.1,0.25,10,0.75,0.0,60000.0,0.0,16606.621739522772,988.095238095238
2025,2025-02-10,cnn_visual,0.1,0.25,10,0.75,0.0,60000.0,0.0,-18099.311178198644,988.095238095238
2025,2025-02-24,cnn_visual,0.1,0.25,10,0.75,0.0,60000.0,0.0,-45887.72000070686,988.095238095238
2025,2025-03-10,cnn_visual,0.1,0.25,10,0.75,0.0,60000.0,0.0,12148.174443835784,988.095238095238
2025,2025-03-24,cnn_visual,0.1,0.25,10,0.75,0.0,60000.0,0.0,-38125.7007908528,988.095238095238
2025,2025-04-07,cnn_visual,0.1,0.25,10,0.75,0.0,60000.0,0.0,-32458.389244985792,988.095238095238
2025,2025-04-23,cnn_visual,0.1,0.25,10,1.0,0.0,40000.0,0.0,13637.42321057821,1158.7301587301588
2025,2025-05-09,cnn_visual,0.1,0.25,10,1.0,0.0,40000.0,0.0,-4413.494940101315,1158.7301587301588
2025,2025-05-23,cnn_visual,0.1,0.25,10,1.0,0.0,40000.0,0.0,-10037.90424077556,1158.7301587301588
2025,2025-06-09,cnn_visual,0.1,0.25,10,1.0,0.0,40000.0,0.0,-5845.595554005267,1158.7301587301588
2025,2025-06-23,cnn_visual,0.1,0.25,10,1.0,0.0,40000.0,0.0,-21126.3392524521,1158.7301587301588
2025,2025-07-07,cnn_visual,0.1,0.25,10,1.0,0.0,40000.0,0.0,5226.242021994066,1158.7301587301588
2025,2025-07-21,cnn_visual,0.1,0.25,10,0.75,0.0,60000.0,0.0,326.74292952685965,988.095238095238
2025,2025-08-04,cnn_visual,0.1,0.25,10,0.75,0.0,60000.0,0.0,-14028.314556128282,988.095238095238
2025,2025-08-18,cnn_visual,0.1,0.25,10,0.75,0.0,60000.0,0.0,1985.323421092332,988.095238095238
2025,2025-09-02,cnn_visual,0.1,0.25,10,0.75,0.0,60000.0,0.0,-8081.823360074045,988.095238095238
2025,2025-09-16,cnn_visual,0.1,0.25,10,0.75,0.0,60000.0,0.0,1329.793718587654,988.095238095238
2025,2025-09-30,cnn_visual,0.1,0.25,10,0.75,0.0,60000.0,0.0,-5178.221500454106,988.095238095238
2025,2025-10-14,cnn_visual,0.1,0.25,10,0.75,0.0,60000.0,0.0,-2641.7516275641424,988.095238095238
2025,2025-10-28,cnn_visual,0.1,0.25,10,0.75,0.0,60000.0,0.0,4075.252927134312,988.095238095238
2025,2025-11-11,cnn_visual,0.1,0.25,10,0.75,0.0,60000.0,0.0,2590.8976281685614,988.095238095238
2025,2025-11-25,cnn_visual,0.1,0.25,10,0.75,0.0,60000.0,0.0,-12584.398022468538,988.095238095238
2025,2025-12-09,cnn_visual,0.1,0.25,10,0.75,0.0,60000.0,0.0,-8548.433435768822,988.095238095238
2025,2025-12-23,cnn_visual,0.1,0.25,10,0.75,0.0,60000.0,0.0,18176.54882972594,988.095238095238
2025,2025-01-13,cnn_visual,0.1,0.25,50,0.0,0.0,150000.0,0.0,-94657.02000067291,595.2380952380952
2025,2025-01-27,cnn_visual,0.1,0.25,50,0.0,0.0,150000.0,0.0,6224.991726586258,595.2380952380952
2025,2025-02-10,cnn_visual,0.1,0.25,50,0.0,0.0,150000.0,0.0,-31283.09708925729,595.2380952380952
2025,2025-02-24,cnn_visual,0.1,0.25,50,0.0,0.0,150000.0,0.0,-84043.68207842085,595.2380952380952
2025,2025-03-10,cnn_visual,0.1,0.25,50,0.0,0.0,150000.0,0.0,42536.469322845296,595.2380952380952
2025,2025-03-24,cnn_visual,0.1,0.25,50,0.0,0.0,150000.0,0.0,-117526.72837332982,595.2380952380952
2025,2025-04-07,cnn_visual,0.1,0.25,50,0.0,0.0,150000.0,0.0,-8301.425688354797,595.2380952380952
2025,2025-04-23,cnn_visual,0.1,0.25,50,0.0,0.0,150000.0,0.0,-44962.04939416831,595.2380952380952
2025,2025-05-09,cnn_visual,0.1,0.25,50,0.0,0.0,150000.0,0.0,13482.552367710488,595.2380952380952
2025,2025-05-23,cnn_visual,0.1,0.25,50,0.0,0.0,150000.0,0.0,40718.86077986352,595.2380952380952
2025,2025-06-09,cnn_visual,0.1,0.25,50,0.0,0.0,150000.0,0.0,75778.1495354753,595.2380952380952
2025,2025-06-23,cnn_visual,0.1,0.25,50,0.0,0.0,150000.0,0.0,-53275.92224949273,595.2380952380952
2025,2025-07-07,cnn_visual,0.1,0.25,50,0.0,0.0,150000.0,0.0,4809.285802397146,595.2380952380952
2025,2025-07-21,cnn_visual,0.1,0.25,50,0.0,0.0,150000.0,0.0,-24283.935602174988,595.2380952380952
2025,2025-08-04,cnn_visual,0.1,0.25,50,0.0,0.0,150000.0,0.0,-28907.55549919895,595.2380952380952
2025,2025-08-18,cnn_visual,0.1,0.25,50,0.0,0.0,150000.0,0.0,995.2970203883016,595.2380952380952
2025,2025-09-02,cnn_visual,0.1,0.25,50,0.0,0.0,150000.0,0.0,9541.90993409545,595.2380952380952
2025,2025-09-16,cnn_visual,0.1,0.25,50,0.0,0.0,150000.0,0.0,-11261.682820370575,595.2380952380952
2025,2025-09-30,cnn_visual,0.1,0.25,50,0.0,0.0,150000.0,0.0,-65598.53673688137,595.2380952380952
2025,2025-10-14,cnn_visual,0.1,0.25,50,0.0,0.0,150000.0,0.0,9620.15313434061,595.2380952380952
2025,2025-10-28,cnn_visual,0.1,0.25,50,0.0,0.0,150000.0,0.0,2083.9988274934626,595.2380952380952
2025,2025-11-11,cnn_visual,0.1,0.25,50,0.0,0.0,150000.0,0.0,4117.674953567915,595.2380952380952
2025,2025-11-25,cnn_visual,0.1,0.25,50,0.0,0.0,150000.0,0.0,-28641.59445941188,595.2380952380952
2025,2025-12-09,cnn_visual,0.1,0.25,50,0.0,0.0,150000.0,0.0,4386.731048421589,595.2380952380952
2025,2025-12-23,cnn_visual,0.1,0.25,50,0.0,0.0,150000.0,0.0,34777.80471669603,595.2380952380952
2025,2025-01-13,cnn_visual,0.1,0.25,100,0.0,0.0,150000.0,0.0,-94657.02000067291,595.2380952380952
2025,2025-01-27,cnn_visual,0.1,0.25,100,0.0,0.0,150000.0,0.0,6224.991726586258,595.2380952380952
2025,2025-02-10,cnn_visual,0.1,0.25,100,0.0,0.0,150000.0,0.0,-31283.09708925729,595.2380952380952
2025,2025-02-24,cnn_visual,0.1,0.25,100,0.0,0.0,150000.0,0.0,-84043.68207842085,595.2380952380952
2025,2025-03-10,cnn_visual,0.1,0.25,100,0.0,0.0,150000.0,0.0,42536.469322845296,595.2380952380952
2025,2025-03-24,cnn_visual,0.1,0.25,100,0.0,0.0,150000.0,0.0,-117526.72837332982,595.2380952380952
2025,2025-04-07,cnn_visual,0.1,0.25,100,0.0,0.0,150000.0,0.0,-8301.425688354797,595.2380952380952
2025,2025-04-23,cnn_visual,0.1,0.25,100,0.0,0.0,150000.0,0.0,-44962.04939416831,595.2380952380952
2025,2025-05-09,cnn_visual,0.1,0.25,100,0.0,0.0,150000.0,0.0,13482.552367710488,595.2380952380952
2025,2025-05-23,cnn_visual,0.1,0.25,100,0.0,0.0,150000.0,0.0,40718.86077986352,595.2380952380952
2025,2025-06-09,cnn_visual,0.1,0.25,100,0.0,0.0,150000.0,0.0,75778.1495354753,595.2380952380952
2025,2025-06-23,cnn_visual,0.1,0.25,100,0.0,0.0,150000.0,0.0,-53275.92224949273,595.2380952380952
2025,2025-07-07,cnn_visual,0.1,0.25,100,0.0,0.0,150000.0,0.0,4809.285802397146,595.2380952380952
2025,2025-07-21,cnn_visual,0.1,0.25,100,0.0,0.0,150000.0,0.0,-24283.935602174988,595.2380952380952
2025,2025-08-04,cnn_visual,0.1,0.25,100,0.0,0.0,150000.0,0.0,-28907.55549919895,595.2380952380952
2025,2025-08-18,cnn_visual,0.1,0.25,100,0.0,0.0,150000.0,0.0,995.2970203883016,595.2380952380952
2025,2025-09-02,cnn_visual,0.1,0.25,100,0.0,0.0,150000.0,0.0,9541.90993409545,595.2380952380952
2025,2025-09-16,cnn_visual,0.1,0.25,100,0.0,0.0,150000.0,0.0,-11261.682820370575,595.2380952380952
2025,2025-09-30,cnn_visual,0.1,0.25,100,0.0,0.0,150000.0,0.0,-65598.53673688137,595.2380952380952
2025,2025-10-14,cnn_visual,0.1,0.25,100,0.0,0.0,150000.0,0.0,9620.15313434061,595.2380952380952
2025,2025-10-28,cnn_visual,0.1,0.25,100,0.0,0.0,150000.0,0.0,2083.9988274934626,595.2380952380952
2025,2025-11-11,cnn_visual,0.1,0.25,100,0.0,0.0,150000.0,0.0,4117.674953567915,595.2380952380952
2025,2025-11-25,cnn_visual,0.1,0.25,100,0.0,0.0,150000.0,0.0,-28641.59445941188,595.2380952380952
2025,2025-12-09,cnn_visual,0.1,0.25,100,0.0,0.0,150000.0,0.0,4386.731048421589,595.2380952380952
2025,2025-12-23,cnn_visual,0.1,0.25,100,0.0,0.0,150000.0,0.0,34777.80471669603,595.2380952380952
2025,2025-01-13,cnn_visual,0.1,1.0,10,1.0,0.0,50000.0,0.0,-29473.805585386952,1198.4126984126983
2025,2025-01-27,cnn_visual,0.1,1.0,10,1.0,0.0,50000.0,0.0,20067.16507716828,1198.4126984126983
2025,2025-02-10,cnn_visual,0.1,1.0,10,1.0,0.0,50000.0,0.0,-13704.715874512429,1198.4126984126983
2025,2025-02-24,cnn_visual,0.1,1.0,10,1.0,0.0,50000.0,0.0,-33169.06597480219,1198.4126984126983
2025,2025-03-10,cnn_visual,0.1,1.0,10,1.0,0.0,50000.0,0.0,2018.7428174992808,1198.4126984126983
2025,2025-03-24,cnn_visual,0.1,1.0,10,1.0,0.0,50000.0,0.0,-11658.69159669379,1198.4126984126983
2025,2025-04-07,cnn_visual,0.1,1.0,10,1.0,0.0,50000.0,0.0,-40510.710430529456,1198.4126984126983
2025,2025-04-23,cnn_visual,0.1,1.0,10,1.0,0.0,50000.0,0.0,13637.42321057821,1198.4126984126983
2025,2025-05-09,cnn_visual,0.1,1.0,10,1.0,0.0,50000.0,0.0,-4413.494940101315,1198.4126984126983
2025,2025-05-23,cnn_visual,0.1,1.0,10,1.0,0.0,50000.0,0.0,-10037.90424077556,1198.4126984126983
2025,2025-06-09,cnn_visual,0.1,1.0,10,1.0,0.0,50000.0,0.0,-5845.595554005267,1198.4126984126983
2025,2025-06-23,cnn_visual,0.1,1.0,10,1.0,0.0,50000.0,0.0,-21126.3392524521,1198.4126984126983
2025,2025-07-07,cnn_visual,0.1,1.0,10,1.0,0.0,50000.0,0.0,5226.242021994066,1198.4126984126983
2025,2025-07-21,cnn_visual,0.1,1.0,10,1.0,0.0,50000.0,0.0,8530.302440094141,1198.4126984126983
2025,2025-08-04,cnn_visual,0.1,1.0,10,1.0,0.0,50000.0,0.0,-9068.567575104727,1198.4126984126983
2025,2025-08-18,cnn_visual,0.1,1.0,10,1.0,0.0,50000.0,0.0,2315.332221327009,1198.4126984126983
2025,2025-09-02,cnn_visual,0.1,1.0,10,1.0,0.0,50000.0,0.0,-13956.40112479721,1198.4126984126983
2025,2025-09-16,cnn_visual,0.1,1.0,10,1.0,0.0,50000.0,0.0,5526.952564907064,1198.4126984126983
2025,2025-09-30,cnn_visual,0.1,1.0,10,1.0,0.0,50000.0,0.0,14961.883578354984,1198.4126984126983
2025,2025-10-14,cnn_visual,0.1,1.0,10,1.0,0.0,50000.0,0.0,-6729.053214865727,1198.4126984126983
2025,2025-10-28,cnn_visual,0.1,1.0,10,1.0,0.0,50000.0,0.0,4739.0042936812615,1198.4126984126983
2025,2025-11-11,cnn_visual,0.1,1.0,10,1.0,0.0,50000.0,0.0,2081.9718530354435,1198.4126984126983
2025,2025-11-25,cnn_visual,0.1,1.0,10,1.0,0.0,50000.0,0.0,-7231.999210154091,1198.4126984126983
2025,2025-12-09,cnn_visual,0.1,1.0,10,1.0,0.0,50000.0,0.0,-12860.154930498958,1198.4126984126983
2025,2025-12-23,cnn_visual,0.1,1.0,10,1.0,0.0,50000.0,0.0,12642.796867402578,1198.4126984126983
2025,2025-01-13,cnn_visual,0.1,1.0,50,0.25,0.0,145000.0,0.0,-78361.21639685142,1825.3968253968253
2025,2025-01-27,cnn_visual,0.1,1.0,50,0.25,0.0,145000.0,0.0,9685.535064231764,1825.3968253968253
2025,2025-02-10,cnn_visual,0.1,1.0,50,0.25,0.0,145000.0,0.0,-26888.50178557108,1825.3968253968253
2025,2025-02-24,cnn_visual,0.1,1.0,50,0.25,0.0,145000.0,0.0,-71325.02805251618,1825.3968253968253
2025,2025-03-10,cnn_visual,0.1,1.0,50,0.25,0.0,145000.0,0.0,32407.0376965088,1825.3968253968253
2025,2025-03-24,cnn_visual,0.1,1.0,50,0.25,0.0,145000.0,0.0,-91059.71917917082,1825.3968253968253
2025,2025-04-07,cnn_visual,0.1,1.0,50,0.25,0.0,145000.0,0.0,-16353.746873898464,1825.3968253968253
2025,2025-04-23,cnn_visual,0.1,1.0,50,0.5,0.0,145000.0,0.0,-15662.313091795048,3075.396825396825
2025,2025-05-09,cnn_visual,0.1,1.0,50,0.5,0.0,145000.0,0.0,4534.528713804586,3075.396825396825
2025,2025-05-23,cnn_visual,0.1,1.0,50,0.5,0.0,145000.0,0.0,15340.478269543984,3075.396825396825
2025,2025-06-09,cnn_visual,0.1,1.0,50,0.5,0.0,145000.0,0.0,34966.276990735016,3075.396825396825
2025,2025-06-23,cnn_visual,0.1,1.0,50,0.5,0.0,145000.0,0.0,-37201.130750972414,3075.396825396825
2025,2025-07-07,cnn_visual,0.1,1.0,50,0.5,0.0,145000.0,0.0,5017.763912195606,3075.396825396825
2025,2025-07-21,cnn_visual,0.1,1.0,50,0.25,0.0,145000.0,0.0,-16080.376091607704,1825.3968253968253
2025,2025-08-04,cnn_visual,0.1,1.0,50,0.25,0.0,145000.0,0.0,-23947.808518175392,1825.3968253968253
2025,2025-08-18,cnn_visual,0.1,1.0,50,0.25,0.0,145000.0,0.0,1325.305820622979,1825.3968253968253
2025,2025-09-02,cnn_visual,0.1,1.0,50,0.25,0.0,145000.0,0.0,3667.332169372286,1825.3968253968253
2025,2025-09-16,cnn_visual,0.1,1.0,50,0.25,0.0,145000.0,0.0,-7064.523974051166,1825.3968253968253
2025,2025-09-30,cnn_visual,0.1,1.0,50,0.25,0.0,145000.0,0.0,-45458.43165807229,1825.3968253968253
2025,2025-10-14,cnn_visual,0.1,1.0,50,0.25,0.0,145000.0,0.0,5532.851547039026,1825.3968253968253
2025,2025-10-28,cnn_visual,0.1,1.0,50,0.25,0.0,145000.0,0.0,2747.750194040412,1825.3968253968253
2025,2025-11-11,cnn_visual,0.1,1.0,50,0.25,0.0,145000.0,0.0,3608.749178434797,1825.3968253968253
2025,2025-11-25,cnn_visual,0.1,1.0,50,0.25,0.0,145000.0,0.0,-23289.19564709743,1825.3968253968253
2025,2025-12-09,cnn_visual,0.1,1.0,50,0.25,0.0,145000.0,0.0,75.00955369145207,1825.3968253968253
2025,2025-12-23,cnn_visual,0.1,1.0,50,0.25,0.0,145000.0,0.0,29244.052754372668,1825.3968253968253
2025,2025-01-13,cnn_visual,0.1,1.0,100,0.0,0.0,150000.0,0.0,-94657.02000067291,595.2380952380952
2025,2025-01-27,cnn_visual,0.1,1.0,100,0.0,0.0,150000.0,0.0,6224.991726586258,595.2380952380952
2025,2025-02-10,cnn_visual,0.1,1.0,100,0.0,0.0,150000.0,0.0,-31283.09708925729,595.2380952380952
2025,2025-02-24,cnn_visual,0.1,1.0,100,0.0,0.0,150000.0,0.0,-84043.68207842085,595.2380952380952
2025,2025-03-10,cnn_visual,0.1,1.0,100,0.0,0.0,150000.0,0.0,42536.469322845296,595.2380952380952
2025,2025-03-24,cnn_visual,0.1,1.0,100,0.0,0.0,150000.0,0.0,-117526.72837332982,595.2380952380952
2025,2025-04-07,cnn_visual,0.1,1.0,100,0.0,0.0,150000.0,0.0,-8301.425688354797,595.2380952380952
2025,2025-04-23,cnn_visual,0.1,1.0,100,0.0,0.0,150000.0,0.0,-44962.04939416831,595.2380952380952
2025,2025-05-09,cnn_visual,0.1,1.0,100,0.0,0.0,150000.0,0.0,13482.552367710488,595.2380952380952
2025,2025-05-23,cnn_visual,0.1,1.0,100,0.0,0.0,150000.0,0.0,40718.86077986352,595.2380952380952
2025,2025-06-09,cnn_visual,0.1,1.0,100,0.0,0.0,150000.0,0.0,75778.1495354753,595.2380952380952
2025,2025-06-23,cnn_visual,0.1,1.0,100,0.0,0.0,150000.0,0.0,-53275.92224949273,595.2380952380952
2025,2025-07-07,cnn_visual,0.1,1.0,100,0.0,0.0,150000.0,0.0,4809.285802397146,595.2380952380952
2025,2025-07-21,cnn_visual,0.1,1.0,100,0.0,0.0,150000.0,0.0,-24283.935602174988,595.2380952380952
2025,2025-08-04,cnn_visual,0.1,1.0,100,0.0,0.0,150000.0,0.0,-28907.55549919895,595.2380952380952
2025,2025-08-18,cnn_visual,0.1,1.0,100,0.0,0.0,150000.0,0.0,995.2970203883016,595.2380952380952
2025,2025-09-02,cnn_visual,0.1,1.0,100,0.0,0.0,150000.0,0.0,9541.90993409545,595.2380952380952
2025,2025-09-16,cnn_visual,0.1,1.0,100,0.0,0.0,150000.0,0.0,-11261.682820370575,595.2380952380952
2025,2025-09-30,cnn_visual,0.1,1.0,100,0.0,0.0,150000.0,0.0,-65598.53673688137,595.2380952380952
2025,2025-10-14,cnn_visual,0.1,1.0,100,0.0,0.0,150000.0,0.0,9620.15313434061,595.2380952380952
2025,2025-10-28,cnn_visual,0.1,1.0,100,0.0,0.0,150000.0,0.0,2083.9988274934626,595.2380952380952
2025,2025-11-11,cnn_visual,0.1,1.0,100,0.0,0.0,150000.0,0.0,4117.674953567915,595.2380952380952
2025,2025-11-25,cnn_visual,0.1,1.0,100,0.0,0.0,150000.0,0.0,-28641.59445941188,595.2380952380952
2025,2025-12-09,cnn_visual,0.1,1.0,100,0.0,0.0,150000.0,0.0,4386.731048421589,595.2380952380952
2025,2025-12-23,cnn_visual,0.1,1.0,100,0.0,0.0,150000.0,0.0,34777.80471669603,595.2380952380952
2025,2025-01-13,cnn_visual,0.1,2.0,10,1.0,0.0,55000.0,0.0,-29473.805585386952,1218.2539682539682
2025,2025-01-27,cnn_visual,0.1,2.0,10,1.0,0.0,55000.0,0.0,20067.16507716828,1218.2539682539682
2025,2025-02-10,cnn_visual,0.1,2.0,10,1.0,0.0,55000.0,0.0,-13704.715874512429,1218.2539682539682
2025,2025-02-24,cnn_visual,0.1,2.0,10,1.0,0.0,55000.0,0.0,-33169.06597480219,1218.2539682539682
2025,2025-03-10,cnn_visual,0.1,2.0,10,1.0,0.0,55000.0,0.0,2018.7428174992808,1218.2539682539682
2025,2025-03-24,cnn_visual,0.1,2.0,10,1.0,0.0,55000.0,0.0,-11658.69159669379,1218.2539682539682
2025,2025-04-07,cnn_visual,0.1,2.0,10,1.0,0.0,55000.0,0.0,-40510.710430529456,1218.2539682539682
2025,2025-04-23,cnn_visual,0.1,2.0,10,1.0,0.0,55000.0,0.0,13637.42321057821,1218.2539682539682
2025,2025-05-09,cnn_visual,0.1,2.0,10,1.0,0.0,55000.0,0.0,-4413.494940101315,1218.2539682539682
2025,2025-05-23,cnn_visual,0.1,2.0,10,1.0,0.0,55000.0,0.0,-10037.90424077556,1218.2539682539682
2025,2025-06-09,cnn_visual,0.1,2.0,10,1.0,0.0,55000.0,0.0,-5845.595554005267,1218.2539682539682
2025,2025-06-23,cnn_visual,0.1,2.0,10,1.0,0.0,55000.0,0.0,-21126.3392524521,1218.2539682539682
2025,2025-07-07,cnn_visual,0.1,2.0,10,1.0,0.0,55000.0,0.0,5226.242021994066,1218.2539682539682
2025,2025-07-21,cnn_visual,0.1,2.0,10,1.0,0.0,55000.0,0.0,8530.302440094141,1218.2539682539682
2025,2025-08-04,cnn_visual,0.1,2.0,10,1.0,0.0,55000.0,0.0,-9068.567575104727,1218.2539682539682
2025,2025-08-18,cnn_visual,0.1,2.0,10,1.0,0.0,55000.0,0.0,2315.332221327009,1218.2539682539682
2025,2025-09-02,cnn_visual,0.1,2.0,10,1.0,0.0,55000.0,0.0,-13956.40112479721,1218.2539682539682
2025,2025-09-16,cnn_visual,0.1,2.0,10,1.0,0.0,55000.0,0.0,5526.952564907064,1218.2539682539682
2025,2025-09-30,cnn_visual,0.1,2.0,10,1.0,0.0,55000.0,0.0,14961.883578354984,1218.2539682539682
2025,2025-10-14,cnn_visual,0.1,2.0,10,1.0,0.0,55000.0,0.0,-6729.053214865727,1218.2539682539682
2025,2025-10-28,cnn_visual,0.1,2.0,10,1.0,0.0,55000.0,0.0,4739.0042936812615,1218.2539682539682
2025,2025-11-11,cnn_visual,0.1,2.0,10,1.0,0.0,55000.0,0.0,2081.9718530354435,1218.2539682539682
2025,2025-11-25,cnn_visual,0.1,2.0,10,1.0,0.0,55000.0,0.0,-7231.999210154091,1218.2539682539682
2025,2025-12-09,cnn_visual,0.1,2.0,10,1.0,0.0,55000.0,0.0,-12860.154930498958,1218.2539682539682
2025,2025-12-23,cnn_visual,0.1,2.0,10,1.0,0.0,55000.0,0.0,12642.796867402578,1218.2539682539682
2025,2025-01-13,cnn_visual,0.1,2.0,50,0.75,0.0,145000.0,0.0,-45769.60918920845,4325.396825396825
2025,2025-01-27,cnn_visual,0.1,2.0,50,0.75,0.0,145000.0,0.0,16606.621739522772,4325.396825396825
2025,2025-02-10,cnn_visual,0.1,2.0,50,0.75,0.0,145000.0,0.0,-18099.311178198644,4325.396825396825
2025,2025-02-24,cnn_visual,0.1,2.0,50,0.75,0.0,145000.0,0.0,-45887.72000070686,4325.396825396825
2025,2025-03-10,cnn_visual,0.1,2.0,50,0.75,0.0,145000.0,0.0,12148.174443835784,4325.396825396825
2025,2025-03-24,cnn_visual,0.1,2.0,50,0.75,0.0,145000.0,0.0,-38125.7007908528,4325.396825396825
2025,2025-04-07,cnn_visual,0.1,2.0,50,0.75,0.0,145000.0,0.0,-32458.389244985792,4325.396825396825
2025,2025-04-23,cnn_visual,0.1,2.0,50,0.75,0.0,145000.0,0.0,-1012.4449406084188,4325.396825396825
2025,2025-05-09,cnn_visual,0.1,2.0,50,0.75,0.0,145000.0,0.0,60.516886851635576,4325.396825396825
2025,2025-05-23,cnn_visual,0.1,2.0,50,0.75,0.0,145000.0,0.0,2651.2870143842115,4325.396825396825
2025,2025-06-09,cnn_visual,0.1,2.0,50,0.75,0.0,145000.0,0.0,14560.340718364872,4325.396825396825
2025,2025-06-23,cnn_visual,0.1,2.0,50,0.75,0.0,145000.0,0.0,-29163.73500171226,4325.396825396825
2025,2025-07-07,cnn_visual,0.1,2.0,50,0.75,0.0,145000.0,0.0,5122.002967094836,4325.396825396825
2025,2025-07-21,cnn_visual,0.1,2.0,50,0.75,0.0,145000.0,0.0,326.74292952685965,4325.396825396825
2025,2025-08-04,cnn_visual,0.1,2.0,50,0.75,0.0,145000.0,0.0,-14028.314556128282,4325.396825396825
2025,2025-08-18,cnn_visual,0.1,2.0,50,0.75,0.0,145000.0,0.0,1985.323421092332,4325.396825396825
2025,2025-09-02,cnn_visual,0.1,2.0,50,0.75,0.0,145000.0,0.0,-8081.823360074045,4325.396825396825
2025,2025-09-16,cnn_visual,0.1,2.0,50,0.75,0.0,145000.0,0.0,1329.793718587654,4325.396825396825
2025,2025-09-30,cnn_visual,0.1,2.0,50,0.75,0.0,145000.0,0.0,-5178.221500454106,4325.396825396825
2025,2025-10-14,cnn_visual,0.1,2.0,50,0.75,0.0,145000.0,0.0,-2641.7516275641424,4325.396825396825
2025,2025-10-28,cnn_visual,0.1,2.0,50,0.75,0.0,145000.0,0.0,4075.252927134312,4325.396825396825
2025,2025-11-11,cnn_visual,0.1,2.0,50,0.5,0.0,145000.0,0.0,3099.8234033016797,3075.396825396825
2025,2025-11-25,cnn_visual,0.1,2.0,50,0.5,0.0,145000.0,0.0,-17936.796834782985,3075.396825396825
2025,2025-12-09,cnn_visual,0.1,2.0,50,0.5,0.0,145000.0,0.0,-4236.711941038684,3075.396825396825
2025,2025-12-23,cnn_visual,0.1,2.0,50,0.5,0.0,145000.0,0.0,23710.300792049304,3075.396825396825
2025,2025-01-13,cnn_visual,0.1,2.0,100,0.25,0.0,145000.0,0.0,-78361.21639685142,3075.396825396825
2025,2025-01-27,cnn_visual,0.1,2.0,100,0.25,0.0,145000.0,0.0,9685.535064231764,3075.396825396825
2025,2025-02-10,cnn_visual,0.1,2.0,100,0.25,0.0,145000.0,0.0,-26888.50178557108,3075.396825396825
2025,2025-02-24,cnn_visual,0.1,2.0,100,0.25,0.0,145000.0,0.0,-71325.02805251618,3075.396825396825
2025,2025-03-10,cnn_visual,0.1,2.0,100,0.25,0.0,145000.0,0.0,32407.0376965088,3075.396825396825
2025,2025-03-24,cnn_visual,0.1,2.0,100,0.25,0.0,145000.0,0.0,-91059.71917917082,3075.396825396825
2025,2025-04-07,cnn_visual,0.1,2.0,100,0.25,0.0,145000.0,0.0,-16353.746873898464,3075.396825396825
2025,2025-04-23,cnn_visual,0.1,2.0,100,0.5,0.0,145000.0,0.0,-15662.313091795048,5575.396825396825
2025,2025-05-09,cnn_visual,0.1,2.0,100,0.5,0.0,145000.0,0.0,4534.528713804586,5575.396825396825
2025,2025-05-23,cnn_visual,0.1,2.0,100,0.5,0.0,145000.0,0.0,15340.478269543984,5575.396825396825
2025,2025-06-09,cnn_visual,0.1,2.0,100,0.5,0.0,145000.0,0.0,34966.276990735016,5575.396825396825
2025,2025-06-23,cnn_visual,0.1,2.0,100,0.5,0.0,145000.0,0.0,-37201.130750972414,5575.396825396825
2025,2025-07-07,cnn_visual,0.1,2.0,100,0.5,0.0,145000.0,0.0,5017.763912195606,5575.396825396825
2025,2025-07-21,cnn_visual,0.1,2.0,100,0.25,0.0,145000.0,0.0,-16080.376091607704,3075.396825396825
2025,2025-08-04,cnn_visual,0.1,2.0,100,0.25,0.0,145000.0,0.0,-23947.808518175392,3075.396825396825
2025,2025-08-18,cnn_visual,0.1,2.0,100,0.25,0.0,145000.0,0.0,1325.305820622979,3075.396825396825
2025,2025-09-02,cnn_visual,0.1,2.0,100,0.25,0.0,145000.0,0.0,3667.332169372286,3075.396825396825
2025,2025-09-16,cnn_visual,0.1,2.0,100,0.25,0.0,145000.0,0.0,-7064.523974051166,3075.396825396825
2025,2025-09-30,cnn_visual,0.1,2.0,100,0.25,0.0,145000.0,0.0,-45458.43165807229,3075.396825396825
2025,2025-10-14,cnn_visual,0.1,2.0,100,0.25,0.0,145000.0,0.0,5532.851547039026,3075.396825396825
2025,2025-10-28,cnn_visual,0.1,2.0,100,0.25,0.0,145000.0,0.0,2747.750194040412,3075.396825396825
2025,2025-11-11,cnn_visual,0.1,2.0,100,0.25,0.0,145000.0,0.0,3608.749178434797,3075.396825396825
2025,2025-11-25,cnn_visual,0.1,2.0,100,0.25,0.0,145000.0,0.0,-23289.19564709743,3075.396825396825
2025,2025-12-09,cnn_visual,0.1,2.0,100,0.25,0.0,145000.0,0.0,75.00955369145207,3075.396825396825
2025,2025-12-23,cnn_visual,0.1,2.0,100,0.25,0.0,145000.0,0.0,29244.052754372668,3075.396825396825
2025,2025-01-13,historical,0.01,0.25,10,0.75,0.0,145000.0,0.0,-45769.60918920845,807.5396825396825
2025,2025-01-27,historical,0.01,0.25,10,0.75,0.0,145000.0,0.0,16606.621739522772,807.5396825396825
2025,2025-02-10,historical,0.01,0.25,10,0.75,0.0,145000.0,0.0,-18099.311178198644,807.5396825396825
2025,2025-02-24,historical,0.01,0.25,10,0.75,0.0,145000.0,0.0,-45887.72000070686,807.5396825396825
2025,2025-03-10,historical,0.01,0.25,10,0.75,0.0,145000.0,0.0,12148.174443835784,807.5396825396825
2025,2025-03-24,historical,0.01,0.25,10,0.75,0.0,145000.0,0.0,-38125.7007908528,807.5396825396825
2025,2025-04-07,historical,0.01,0.25,10,0.75,0.0,145000.0,0.0,-32458.389244985792,807.5396825396825
2025,2025-04-23,historical,0.01,0.25,10,0.75,0.0,145000.0,0.0,-1012.4449406084188,807.5396825396825
2025,2025-05-09,historical,0.01,0.25,10,0.75,0.0,145000.0,0.0,60.516886851635576,807.5396825396825
2025,2025-05-23,historical,0.01,0.25,10,0.75,0.0,145000.0,0.0,2651.2870143842115,807.5396825396825
2025,2025-06-09,historical,0.01,0.25,10,0.75,0.0,145000.0,0.0,14560.340718364872,807.5396825396825
2025,2025-06-23,historical,0.01,0.25,10,0.75,0.0,145000.0,0.0,-29163.73500171226,807.5396825396825
2025,2025-07-07,historical,0.01,0.25,10,0.75,0.0,145000.0,0.0,5122.002967094836,807.5396825396825
2025,2025-07-21,historical,0.01,0.25,10,0.75,0.0,145000.0,0.0,326.74292952685965,807.5396825396825
2025,2025-08-04,historical,0.01,0.25,10,0.75,0.0,145000.0,0.0,-14028.314556128282,807.5396825396825
2025,2025-08-18,historical,0.01,0.25,10,0.75,0.0,145000.0,0.0,1985.323421092332,807.5396825396825
2025,2025-09-02,historical,0.01,0.25,10,0.75,0.0,145000.0,0.0,-8081.823360074045,807.5396825396825
2025,2025-09-16,historical,0.01,0.25,10,0.75,0.0,145000.0,0.0,1329.793718587654,807.5396825396825
2025,2025-09-30,historical,0.01,0.25,10,0.75,0.0,145000.0,0.0,-5178.221500454106,807.5396825396825
2025,2025-10-14,historical,0.01,0.25,10,0.75,0.0,145000.0,0.0,-2641.7516275641424,807.5396825396825
2025,2025-10-28,historical,0.01,0.25,10,0.75,0.0,145000.0,0.0,4075.252927134312,807.5396825396825
2025,2025-11-11,historical,0.01,0.25,10,0.75,0.0,145000.0,0.0,2590.8976281685614,807.5396825396825
2025,2025-11-25,historical,0.01,0.25,10,0.75,0.0,145000.0,0.0,-12584.398022468538,807.5396825396825
2025,2025-12-09,historical,0.01,0.25,10,0.75,0.0,145000.0,0.0,-8548.433435768822,807.5396825396825
2025,2025-12-23,historical,0.01,0.25,10,0.75,0.0,145000.0,0.0,18176.54882972594,807.5396825396825
2025,2025-01-13,historical,0.01,0.25,50,0.0,0.0,150000.0,0.0,-94657.02000067291,59.523809523809526
2025,2025-01-27,historical,0.01,0.25,50,0.0,0.0,150000.0,0.0,6224.991726586258,59.523809523809526
2025,2025-02-10,historical,0.01,0.25,50,0.0,0.0,150000.0,0.0,-31283.09708925729,59.523809523809526
2025,2025-02-24,historical,0.01,0.25,50,0.0,0.0,150000.0,0.0,-84043.68207842085,59.523809523809526
2025,2025-03-10,historical,0.01,0.25,50,0.0,0.0,150000.0,0.0,42536.469322845296,59.523809523809526
2025,2025-03-24,historical,0.01,0.25,50,0.0,0.0,150000.0,0.0,-117526.72837332982,59.523809523809526
2025,2025-04-07,historical,0.01,0.25,50,0.0,0.0,150000.0,0.0,-8301.425688354797,59.523809523809526
2025,2025-04-23,historical,0.01,0.25,50,0.0,0.0,150000.0,0.0,-44962.04939416831,59.523809523809526
2025,2025-05-09,historical,0.01,0.25,50,0.0,0.0,150000.0,0.0,13482.552367710488,59.523809523809526
2025,2025-05-23,historical,0.01,0.25,50,0.0,0.0,150000.0,0.0,40718.86077986352,59.523809523809526
2025,2025-06-09,historical,0.01,0.25,50,0.0,0.0,150000.0,0.0,75778.1495354753,59.523809523809526
2025,2025-06-23,historical,0.01,0.25,50,0.0,0.0,150000.0,0.0,-53275.92224949273,59.523809523809526
2025,2025-07-07,historical,0.01,0.25,50,0.0,0.0,150000.0,0.0,4809.285802397146,59.523809523809526
2025,2025-07-21,historical,0.01,0.25,50,0.0,0.0,150000.0,0.0,-24283.935602174988,59.523809523809526
2025,2025-08-04,historical,0.01,0.25,50,0.0,0.0,150000.0,0.0,-28907.55549919895,59.523809523809526
2025,2025-08-18,historical,0.01,0.25,50,0.0,0.0,150000.0,0.0,995.2970203883016,59.523809523809526
2025,2025-09-02,historical,0.01,0.25,50,0.0,0.0,150000.0,0.0,9541.90993409545,59.523809523809526
2025,2025-09-16,historical,0.01,0.25,50,0.0,0.0,150000.0,0.0,-11261.682820370575,59.523809523809526
2025,2025-09-30,historical,0.01,0.25,50,0.0,0.0,150000.0,0.0,-65598.53673688137,59.523809523809526
2025,2025-10-14,historical,0.01,0.25,50,0.0,0.0,150000.0,0.0,9620.15313434061,59.523809523809526
2025,2025-10-28,historical,0.01,0.25,50,0.0,0.0,150000.0,0.0,2083.9988274934626,59.523809523809526
2025,2025-11-11,historical,0.01,0.25,50,0.0,0.0,150000.0,0.0,4117.674953567915,59.523809523809526
2025,2025-11-25,historical,0.01,0.25,50,0.0,0.0,150000.0,0.0,-28641.59445941188,59.523809523809526
2025,2025-12-09,historical,0.01,0.25,50,0.0,0.0,150000.0,0.0,4386.731048421589,59.523809523809526
2025,2025-12-23,historical,0.01,0.25,50,0.0,0.0,150000.0,0.0,34777.80471669603,59.523809523809526
2025,2025-01-13,historical,0.01,0.25,100,0.0,0.0,150000.0,0.0,-94657.02000067291,59.523809523809526
2025,2025-01-27,historical,0.01,0.25,100,0.0,0.0,150000.0,0.0,6224.991726586258,59.523809523809526
2025,2025-02-10,historical,0.01,0.25,100,0.0,0.0,150000.0,0.0,-31283.09708925729,59.523809523809526
2025,2025-02-24,historical,0.01,0.25,100,0.0,0.0,150000.0,0.0,-84043.68207842085,59.523809523809526
2025,2025-03-10,historical,0.01,0.25,100,0.0,0.0,150000.0,0.0,42536.469322845296,59.523809523809526
2025,2025-03-24,historical,0.01,0.25,100,0.0,0.0,150000.0,0.0,-117526.72837332982,59.523809523809526
2025,2025-04-07,historical,0.01,0.25,100,0.0,0.0,150000.0,0.0,-8301.425688354797,59.523809523809526
2025,2025-04-23,historical,0.01,0.25,100,0.0,0.0,150000.0,0.0,-44962.04939416831,59.523809523809526
2025,2025-05-09,historical,0.01,0.25,100,0.0,0.0,150000.0,0.0,13482.552367710488,59.523809523809526
2025,2025-05-23,historical,0.01,0.25,100,0.0,0.0,150000.0,0.0,40718.86077986352,59.523809523809526
2025,2025-06-09,historical,0.01,0.25,100,0.0,0.0,150000.0,0.0,75778.1495354753,59.523809523809526
2025,2025-06-23,historical,0.01,0.25,100,0.0,0.0,150000.0,0.0,-53275.92224949273,59.523809523809526
2025,2025-07-07,historical,0.01,0.25,100,0.0,0.0,150000.0,0.0,4809.285802397146,59.523809523809526
2025,2025-07-21,historical,0.01,0.25,100,0.0,0.0,150000.0,0.0,-24283.935602174988,59.523809523809526
2025,2025-08-04,historical,0.01,0.25,100,0.0,0.0,150000.0,0.0,-28907.55549919895,59.523809523809526
2025,2025-08-18,historical,0.01,0.25,100,0.0,0.0,150000.0,0.0,995.2970203883016,59.523809523809526
2025,2025-09-02,historical,0.01,0.25,100,0.0,0.0,150000.0,0.0,9541.90993409545,59.523809523809526
2025,2025-09-16,historical,0.01,0.25,100,0.0,0.0,150000.0,0.0,-11261.682820370575,59.523809523809526
2025,2025-09-30,historical,0.01,0.25,100,0.0,0.0,150000.0,0.0,-65598.53673688137,59.523809523809526
2025,2025-10-14,historical,0.01,0.25,100,0.0,0.0,150000.0,0.0,9620.15313434061,59.523809523809526
2025,2025-10-28,historical,0.01,0.25,100,0.0,0.0,150000.0,0.0,2083.9988274934626,59.523809523809526
2025,2025-11-11,historical,0.01,0.25,100,0.0,0.0,150000.0,0.0,4117.674953567915,59.523809523809526
2025,2025-11-25,historical,0.01,0.25,100,0.0,0.0,150000.0,0.0,-28641.59445941188,59.523809523809526
2025,2025-12-09,historical,0.01,0.25,100,0.0,0.0,150000.0,0.0,4386.731048421589,59.523809523809526
2025,2025-12-23,historical,0.01,0.25,100,0.0,0.0,150000.0,0.0,34777.80471669603,59.523809523809526
2025,2025-01-13,historical,0.01,1.0,10,1.0,0.0,65000.0,0.0,-29473.805585386952,1025.7936507936508
2025,2025-01-27,historical,0.01,1.0,10,1.0,0.0,65000.0,0.0,20067.16507716828,1025.7936507936508
2025,2025-02-10,historical,0.01,1.0,10,1.0,0.0,65000.0,0.0,-13704.715874512429,1025.7936507936508
2025,2025-02-24,historical,0.01,1.0,10,1.0,0.0,65000.0,0.0,-33169.06597480219,1025.7936507936508
2025,2025-03-10,historical,0.01,1.0,10,1.0,0.0,65000.0,0.0,2018.7428174992808,1025.7936507936508
2025,2025-03-24,historical,0.01,1.0,10,1.0,0.0,65000.0,0.0,-11658.69159669379,1025.7936507936508
2025,2025-04-07,historical,0.01,1.0,10,1.0,0.0,65000.0,0.0,-40510.710430529456,1025.7936507936508
2025,2025-04-23,historical,0.01,1.0,10,1.0,0.0,65000.0,0.0,13637.42321057821,1025.7936507936508
2025,2025-05-09,historical,0.01,1.0,10,1.0,0.0,65000.0,0.0,-4413.494940101315,1025.7936507936508
2025,2025-05-23,historical,0.01,1.0,10,1.0,0.0,65000.0,0.0,-10037.90424077556,1025.7936507936508
2025,2025-06-09,historical,0.01,1.0,10,1.0,0.0,65000.0,0.0,-5845.595554005267,1025.7936507936508
2025,2025-06-23,historical,0.01,1.0,10,1.0,0.0,65000.0,0.0,-21126.3392524521,1025.7936507936508
2025,2025-07-07,historical,0.01,1.0,10,1.0,0.0,65000.0,0.0,5226.242021994066,1025.7936507936508
2025,2025-07-21,historical,0.01,1.0,10,1.0,0.0,65000.0,0.0,8530.302440094141,1025.7936507936508
2025,2025-08-04,historical,0.01,1.0,10,1.0,0.0,65000.0,0.0,-9068.567575104727,1025.7936507936508
2025,2025-08-18,historical,0.01,1.0,10,1.0,0.0,65000.0,0.0,2315.332221327009,1025.7936507936508
2025,2025-09-02,historical,0.01,1.0,10,1.0,0.0,65000.0,0.0,-13956.40112479721,1025.7936507936508
2025,2025-09-16,historical,0.01,1.0,10,1.0,0.0,65000.0,0.0,5526.952564907064,1025.7936507936508
2025,2025-09-30,historical,0.01,1.0,10,1.0,0.0,65000.0,0.0,14961.883578354984,1025.7936507936508
2025,2025-10-14,historical,0.01,1.0,10,1.0,0.0,65000.0,0.0,-6729.053214865727,1025.7936507936508
2025,2025-10-28,historical,0.01,1.0,10,1.0,0.0,65000.0,0.0,4739.0042936812615,1025.7936507936508
2025,2025-11-11,historical,0.01,1.0,10,1.0,0.0,65000.0,0.0,2081.9718530354435,1025.7936507936508
2025,2025-11-25,historical,0.01,1.0,10,1.0,0.0,65000.0,0.0,-7231.999210154091,1025.7936507936508
2025,2025-12-09,historical,0.01,1.0,10,1.0,0.0,65000.0,0.0,-12860.154930498958,1025.7936507936508
2025,2025-12-23,historical,0.01,1.0,10,1.0,0.0,65000.0,0.0,12642.796867402578,1025.7936507936508
2025,2025-01-13,historical,0.01,1.0,50,0.5,0.0,145000.0,0.0,-62065.41279302994,2557.5396825396824
2025,2025-01-27,historical,0.01,1.0,50,0.5,0.0,145000.0,0.0,13146.078401877268,2557.5396825396824
2025,2025-02-10,historical,0.01,1.0,50,0.5,0.0,145000.0,0.0,-22493.90648188486,2557.5396825396824
2025,2025-02-24,historical,0.01,1.0,50,0.5,0.0,145000.0,0.0,-58606.37402661152,2557.5396825396824
2025,2025-03-10,historical,0.01,1.0,50,0.5,0.0,145000.0,0.0,22277.60607017229,2557.5396825396824
2025,2025-03-24,historical,0.01,1.0,50,0.5,0.0,145000.0,0.0,-64592.7099850118,2557.5396825396824
2025,2025-04-07,historical,0.01,1.0,50,0.5,0.0,145000.0,0.0,-24406.06805944213,2557.5396825396824
2025,2025-04-23,historical,0.01,1.0,50,0.5,0.0,145000.0,0.0,-15662.313091795048,2557.5396825396824
2025,2025-05-09,historical,0.01,1.0,50,0.5,0.0,145000.0,0.0,4534.528713804586,2557.5396825396824
2025,2025-05-23,historical,0.01,1.0,50,0.5,0.0,145000.0,0.0,15340.478269543984,2557.5396825396824
2025,2025-06-09,historical,0.01,1.0,50,0.5,0.0,145000.0,0.0,34966.276990735016,2557.5396825396824
2025,2025-06-23,historical,0.01,1.0,50,0.5,0.0,145000.0,0.0,-37201.130750972414,2557.5396825396824
2025,2025-07-07,historical,0.01,1.0,50,0.5,0.0,145000.0,0.0,5017.763912195606,2557.5396825396824
2025,2025-07-21,historical,0.01,1.0,50,0.5,0.0,145000.0,0.0,-7876.8165810404225,2557.5396825396824
2025,2025-08-04,historical,0.01,1.0,50,0.5,0.0,145000.0,0.0,-18988.06153715184,2557.5396825396824
2025,2025-08-18,historical,0.01,1.0,50,0.5,0.0,145000.0,0.0,1655.3146208576554,2557.5396825396824
2025,2025-09-02,historical,0.01,1.0,50,0.5,0.0,145000.0,0.0,-2207.24559535088,2557.5396825396824
2025,2025-09-16,historical,0.01,1.0,50,0.5,0.0,145000.0,0.0,-2867.365127731756,2557.5396825396824
2025,2025-09-30,historical,0.01,1.0,50,0.5,0.0,145000.0,0.0,-25318.326579263197,2557.5396825396824
2025,2025-10-14,historical,0.01,1.0,50,0.5,0.0,145000.0,0.0,1445.5499597374414,2557.5396825396824
2025,2025-10-28,historical,0.01,1.0,50,0.5,0.0,145000.0,0.0,3411.501560587362,2557.5396825396824
2025,2025-11-11,historical,0.01,1.0,50,0.5,0.0,145000.0,0.0,3099.8234033016797,2557.5396825396824
2025,2025-11-25,historical,0.01,1.0,50,0.5,0.0,145000.0,0.0,-17936.796834782985,2557.5396825396824
2025,2025-12-09,historical,0.01,1.0,50,0.5,0.0,145000.0,0.0,-4236.711941038684,2557.5396825396824
2025,2025-12-23,historical,0.01,1.0,50,0.5,0.0,145000.0,0.0,23710.300792049304,2557.5396825396824
2025,2025-01-13,historical,0.01,1.0,100,0.0,0.0,150000.0,0.0,-94657.02000067291,59.523809523809526
2025,2025-01-27,historical,0.01,1.0,100,0.0,0.0,150000.0,0.0,6224.991726586258,59.523809523809526
2025,2025-02-10,historical,0.01,1.0,100,0.0,0.0,150000.0,0.0,-31283.09708925729,59.523809523809526
2025,2025-02-24,historical,0.01,1.0,100,0.0,0.0,150000.0,0.0,-84043.68207842085,59.523809523809526
2025,2025-03-10,historical,0.01,1.0,100,0.0,0.0,150000.0,0.0,42536.469322845296,59.523809523809526
2025,2025-03-24,historical,0.01,1.0,100,0.0,0.0,150000.0,0.0,-117526.72837332982,59.523809523809526
2025,2025-04-07,historical,0.01,1.0,100,0.0,0.0,150000.0,0.0,-8301.425688354797,59.523809523809526
2025,2025-04-23,historical,0.01,1.0,100,0.0,0.0,150000.0,0.0,-44962.04939416831,59.523809523809526
2025,2025-05-09,historical,0.01,1.0,100,0.0,0.0,150000.0,0.0,13482.552367710488,59.523809523809526
2025,2025-05-23,historical,0.01,1.0,100,0.0,0.0,150000.0,0.0,40718.86077986352,59.523809523809526
2025,2025-06-09,historical,0.01,1.0,100,0.0,0.0,150000.0,0.0,75778.1495354753,59.523809523809526
2025,2025-06-23,historical,0.01,1.0,100,0.0,0.0,150000.0,0.0,-53275.92224949273,59.523809523809526
2025,2025-07-07,historical,0.01,1.0,100,0.0,0.0,150000.0,0.0,4809.285802397146,59.523809523809526
2025,2025-07-21,historical,0.01,1.0,100,0.0,0.0,150000.0,0.0,-24283.935602174988,59.523809523809526
2025,2025-08-04,historical,0.01,1.0,100,0.0,0.0,150000.0,0.0,-28907.55549919895,59.523809523809526
2025,2025-08-18,historical,0.01,1.0,100,0.0,0.0,150000.0,0.0,995.2970203883016,59.523809523809526
2025,2025-09-02,historical,0.01,1.0,100,0.0,0.0,150000.0,0.0,9541.90993409545,59.523809523809526
2025,2025-09-16,historical,0.01,1.0,100,0.0,0.0,150000.0,0.0,-11261.682820370575,59.523809523809526
2025,2025-09-30,historical,0.01,1.0,100,0.0,0.0,150000.0,0.0,-65598.53673688137,59.523809523809526
2025,2025-10-14,historical,0.01,1.0,100,0.0,0.0,150000.0,0.0,9620.15313434061,59.523809523809526
2025,2025-10-28,historical,0.01,1.0,100,0.0,0.0,150000.0,0.0,2083.9988274934626,59.523809523809526
2025,2025-11-11,historical,0.01,1.0,100,0.0,0.0,150000.0,0.0,4117.674953567915,59.523809523809526
2025,2025-11-25,historical,0.01,1.0,100,0.0,0.0,150000.0,0.0,-28641.59445941188,59.523809523809526
2025,2025-12-09,historical,0.01,1.0,100,0.0,0.0,150000.0,0.0,4386.731048421589,59.523809523809526
2025,2025-12-23,historical,0.01,1.0,100,0.0,0.0,150000.0,0.0,34777.80471669603,59.523809523809526
2025,2025-01-13,historical,0.01,2.0,10,1.0,0.0,70000.0,0.0,-29473.805585386952,1027.7777777777778
2025,2025-01-27,historical,0.01,2.0,10,1.0,0.0,70000.0,0.0,20067.16507716828,1027.7777777777778
2025,2025-02-10,historical,0.01,2.0,10,1.0,0.0,70000.0,0.0,-13704.715874512429,1027.7777777777778
2025,2025-02-24,historical,0.01,2.0,10,1.0,0.0,70000.0,0.0,-33169.06597480219,1027.7777777777778
2025,2025-03-10,historical,0.01,2.0,10,1.0,0.0,70000.0,0.0,2018.7428174992808,1027.7777777777778
2025,2025-03-24,historical,0.01,2.0,10,1.0,0.0,70000.0,0.0,-11658.69159669379,1027.7777777777778
2025,2025-04-07,historical,0.01,2.0,10,1.0,0.0,70000.0,0.0,-40510.710430529456,1027.7777777777778
2025,2025-04-23,historical,0.01,2.0,10,1.0,0.0,70000.0,0.0,13637.42321057821,1027.7777777777778
2025,2025-05-09,historical,0.01,2.0,10,1.0,0.0,70000.0,0.0,-4413.494940101315,1027.7777777777778
2025,2025-05-23,historical,0.01,2.0,10,1.0,0.0,70000.0,0.0,-10037.90424077556,1027.7777777777778
2025,2025-06-09,historical,0.01,2.0,10,1.0,0.0,70000.0,0.0,-5845.595554005267,1027.7777777777778
2025,2025-06-23,historical,0.01,2.0,10,1.0,0.0,70000.0,0.0,-21126.3392524521,1027.7777777777778
2025,2025-07-07,historical,0.01,2.0,10,1.0,0.0,70000.0,0.0,5226.242021994066,1027.7777777777778
2025,2025-07-21,historical,0.01,2.0,10,1.0,0.0,70000.0,0.0,8530.302440094141,1027.7777777777778
2025,2025-08-04,historical,0.01,2.0,10,1.0,0.0,70000.0,0.0,-9068.567575104727,1027.7777777777778
2025,2025-08-18,historical,0.01,2.0,10,1.0,0.0,70000.0,0.0,2315.332221327009,1027.7777777777778
2025,2025-09-02,historical,0.01,2.0,10,1.0,0.0,70000.0,0.0,-13956.40112479721,1027.7777777777778
2025,2025-09-16,historical,0.01,2.0,10,1.0,0.0,70000.0,0.0,5526.952564907064,1027.7777777777778
2025,2025-09-30,historical,0.01,2.0,10,1.0,0.0,70000.0,0.0,14961.883578354984,1027.7777777777778
2025,2025-10-14,historical,0.01,2.0,10,1.0,0.0,70000.0,0.0,-6729.053214865727,1027.7777777777778
2025,2025-10-28,historical,0.01,2.0,10,1.0,0.0,70000.0,0.0,4739.0042936812615,1027.7777777777778
2025,2025-11-11,historical,0.01,2.0,10,1.0,0.0,70000.0,0.0,2081.9718530354435,1027.7777777777778
2025,2025-11-25,historical,0.01,2.0,10,1.0,0.0,70000.0,0.0,-7231.999210154091,1027.7777777777778
2025,2025-12-09,historical,0.01,2.0,10,1.0,0.0,70000.0,0.0,-12860.154930498958,1027.7777777777778
2025,2025-12-23,historical,0.01,2.0,10,1.0,0.0,70000.0,0.0,12642.796867402578,1027.7777777777778
2025,2025-01-13,historical,0.01,2.0,50,0.75,0.0,145000.0,0.0,-45769.60918920845,3807.5396825396815
2025,2025-01-27,historical,0.01,2.0,50,0.75,0.0,145000.0,0.0,16606.621739522772,3807.5396825396815
2025,2025-02-10,historical,0.01,2.0,50,0.75,0.0,145000.0,0.0,-18099.311178198644,3807.5396825396815
2025,2025-02-24,historical,0.01,2.0,50,0.75,0.0,145000.0,0.0,-45887.72000070686,3807.5396825396815
2025,2025-03-10,historical,0.01,2.0,50,0.75,0.0,145000.0,0.0,12148.174443835784,3807.5396825396815
2025,2025-03-24,historical,0.01,2.0,50,0.75,0.0,145000.0,0.0,-38125.7007908528,3807.5396825396815
2025,2025-04-07,historical,0.01,2.0,50,0.75,0.0,145000.0,0.0,-32458.389244985792,3807.5396825396815
2025,2025-04-23,historical,0.01,2.0,50,0.75,0.0,145000.0,0.0,-1012.4449406084188,3807.5396825396815
2025,2025-05-09,historical,0.01,2.0,50,0.75,0.0,145000.0,0.0,60.516886851635576,3807.5396825396815
2025,2025-05-23,historical,0.01,2.0,50,0.75,0.0,145000.0,0.0,2651.2870143842115,3807.5396825396815
2025,2025-06-09,historical,0.01,2.0,50,0.75,0.0,145000.0,0.0,14560.340718364872,3807.5396825396815
2025,2025-06-23,historical,0.01,2.0,50,0.75,0.0,145000.0,0.0,-29163.73500171226,3807.5396825396815
2025,2025-07-07,historical,0.01,2.0,50,0.75,0.0,145000.0,0.0,5122.002967094836,3807.5396825396815
2025,2025-07-21,historical,0.01,2.0,50,0.75,0.0,145000.0,0.0,326.74292952685965,3807.5396825396815
2025,2025-08-04,historical,0.01,2.0,50,0.75,0.0,145000.0,0.0,-14028.314556128282,3807.5396825396815
2025,2025-08-18,historical,0.01,2.0,50,0.75,0.0,145000.0,0.0,1985.323421092332,3807.5396825396815
2025,2025-09-02,historical,0.01,2.0,50,0.75,0.0,145000.0,0.0,-8081.823360074045,3807.5396825396815
2025,2025-09-16,historical,0.01,2.0,50,0.75,0.0,145000.0,0.0,1329.793718587654,3807.5396825396815
2025,2025-09-30,historical,0.01,2.0,50,0.75,0.0,145000.0,0.0,-5178.221500454106,3807.5396825396815
2025,2025-10-14,historical,0.01,2.0,50,0.75,0.0,145000.0,0.0,-2641.7516275641424,3807.5396825396815
2025,2025-10-28,historical,0.01,2.0,50,0.75,0.0,145000.0,0.0,4075.252927134312,3807.5396825396815
2025,2025-11-11,historical,0.01,2.0,50,0.75,0.0,145000.0,0.0,2590.8976281685614,3807.5396825396815
2025,2025-11-25,historical,0.01,2.0,50,0.75,0.0,145000.0,0.0,-12584.398022468538,3807.5396825396815
2025,2025-12-09,historical,0.01,2.0,50,0.75,0.0,145000.0,0.0,-8548.433435768822,3807.5396825396815
2025,2025-12-23,historical,0.01,2.0,50,0.75,0.0,145000.0,0.0,18176.54882972594,3807.5396825396815
2025,2025-01-13,historical,0.01,2.0,100,0.5,0.0,145000.0,0.0,-62065.41279302994,5057.539682539683
2025,2025-01-27,historical,0.01,2.0,100,0.5,0.0,145000.0,0.0,13146.078401877268,5057.539682539683
2025,2025-02-10,historical,0.01,2.0,100,0.5,0.0,145000.0,0.0,-22493.90648188486,5057.539682539683
2025,2025-02-24,historical,0.01,2.0,100,0.5,0.0,145000.0,0.0,-58606.37402661152,5057.539682539683
2025,2025-03-10,historical,0.01,2.0,100,0.5,0.0,145000.0,0.0,22277.60607017229,5057.539682539683
2025,2025-03-24,historical,0.01,2.0,100,0.5,0.0,145000.0,0.0,-64592.7099850118,5057.539682539683
2025,2025-04-07,historical,0.01,2.0,100,0.5,0.0,145000.0,0.0,-24406.06805944213,5057.539682539683
2025,2025-04-23,historical,0.01,2.0,100,0.5,0.0,145000.0,0.0,-15662.313091795048,5057.539682539683
2025,2025-05-09,historical,0.01,2.0,100,0.5,0.0,145000.0,0.0,4534.528713804586,5057.539682539683
2025,2025-05-23,historical,0.01,2.0,100,0.5,0.0,145000.0,0.0,15340.478269543984,5057.539682539683
2025,2025-06-09,historical,0.01,2.0,100,0.5,0.0,145000.0,0.0,34966.276990735016,5057.539682539683
2025,2025-06-23,historical,0.01,2.0,100,0.5,0.0,145000.0,0.0,-37201.130750972414,5057.539682539683
2025,2025-07-07,historical,0.01,2.0,100,0.5,0.0,145000.0,0.0,5017.763912195606,5057.539682539683
2025,2025-07-21,historical,0.01,2.0,100,0.5,0.0,145000.0,0.0,-7876.8165810404225,5057.539682539683
2025,2025-08-04,historical,0.01,2.0,100,0.5,0.0,145000.0,0.0,-18988.06153715184,5057.539682539683
2025,2025-08-18,historical,0.01,2.0,100,0.5,0.0,145000.0,0.0,1655.3146208576554,5057.539682539683
2025,2025-09-02,historical,0.01,2.0,100,0.5,0.0,145000.0,0.0,-2207.24559535088,5057.539682539683
2025,2025-09-16,historical,0.01,2.0,100,0.5,0.0,145000.0,0.0,-2867.365127731756,5057.539682539683
2025,2025-09-30,historical,0.01,2.0,100,0.5,0.0,145000.0,0.0,-25318.326579263197,5057.539682539683
2025,2025-10-14,historical,0.01,2.0,100,0.5,0.0,145000.0,0.0,1445.5499597374414,5057.539682539683
2025,2025-10-28,historical,0.01,2.0,100,0.5,0.0,145000.0,0.0,3411.501560587362,5057.539682539683
2025,2025-11-11,historical,0.01,2.0,100,0.5,0.0,145000.0,0.0,3099.8234033016797,5057.539682539683
2025,2025-11-25,historical,0.01,2.0,100,0.5,0.0,145000.0,0.0,-17936.796834782985,5057.539682539683
2025,2025-12-09,historical,0.01,2.0,100,0.5,0.0,145000.0,0.0,-4236.711941038684,5057.539682539683
2025,2025-12-23,historical,0.01,2.0,100,0.5,0.0,145000.0,0.0,23710.300792049304,5057.539682539683
2025,2025-01-13,historical,0.05,0.25,10,0.75,0.0,85000.0,0.0,-45769.60918920845,918.6507936507936
2025,2025-01-27,historical,0.05,0.25,10,0.75,0.0,85000.0,0.0,16606.621739522772,918.6507936507936
2025,2025-02-10,historical,0.05,0.25,10,0.75,0.0,85000.0,0.0,-18099.311178198644,918.6507936507936
2025,2025-02-24,historical,0.05,0.25,10,0.75,0.0,85000.0,0.0,-45887.72000070686,918.6507936507936
2025,2025-03-10,historical,0.05,0.25,10,0.75,0.0,85000.0,0.0,12148.174443835784,918.6507936507936
2025,2025-03-24,historical,0.05,0.25,10,0.75,0.0,85000.0,0.0,-38125.7007908528,918.6507936507936
2025,2025-04-07,historical,0.05,0.25,10,0.75,0.0,85000.0,0.0,-32458.389244985792,918.6507936507936
2025,2025-04-23,historical,0.05,0.25,10,0.75,0.0,85000.0,0.0,-1012.4449406084188,918.6507936507936
2025,2025-05-09,historical,0.05,0.25,10,0.75,0.0,85000.0,0.0,60.516886851635576,918.6507936507936
2025,2025-05-23,historical,0.05,0.25,10,0.75,0.0,85000.0,0.0,2651.2870143842115,918.6507936507936
2025,2025-06-09,historical,0.05,0.25,10,0.75,0.0,85000.0,0.0,14560.340718364872,918.6507936507936
2025,2025-06-23,historical,0.05,0.25,10,0.75,0.0,85000.0,0.0,-29163.73500171226,918.6507936507936
2025,2025-07-07,historical,0.05,0.25,10,0.75,0.0,85000.0,0.0,5122.002967094836,918.6507936507936
2025,2025-07-21,historical,0.05,0.25,10,0.75,0.0,85000.0,0.0,326.74292952685965,918.6507936507936
2025,2025-08-04,historical,0.05,0.25,10,0.75,0.0,85000.0,0.0,-14028.314556128282,918.6507936507936
2025,2025-08-18,historical,0.05,0.25,10,0.75,0.0,85000.0,0.0,1985.323421092332,918.6507936507936
2025,2025-09-02,historical,0.05,0.25,10,0.75,0.0,85000.0,0.0,-8081.823360074045,918.6507936507936
2025,2025-09-16,historical,0.05,0.25,10,0.75,0.0,85000.0,0.0,1329.793718587654,918.6507936507936
2025,2025-09-30,historical,0.05,0.25,10,0.75,0.0,85000.0,0.0,-5178.221500454106,918.6507936507936
2025,2025-10-14,historical,0.05,0.25,10,0.75,0.0,85000.0,0.0,-2641.7516275641424,918.6507936507936
2025,2025-10-28,historical,0.05,0.25,10,0.75,0.0,85000.0,0.0,4075.252927134312,918.6507936507936
2025,2025-11-11,historical,0.05,0.25,10,0.75,0.0,85000.0,0.0,2590.8976281685614,918.6507936507936
2025,2025-11-25,historical,0.05,0.25,10,0.75,0.0,85000.0,0.0,-12584.398022468538,918.6507936507936
2025,2025-12-09,historical,0.05,0.25,10,0.75,0.0,85000.0,0.0,-8548.433435768822,918.6507936507936
2025,2025-12-23,historical,0.05,0.25,10,0.75,0.0,85000.0,0.0,18176.54882972594,918.6507936507936
2025,2025-01-13,historical,0.05,0.25,50,0.0,0.0,150000.0,0.0,-94657.02000067291,297.6190476190476
2025,2025-01-27,historical,0.05,0.25,50,0.0,0.0,150000.0,0.0,6224.991726586258,297.6190476190476
2025,2025-02-10,historical,0.05,0.25,50,0.0,0.0,150000.0,0.0,-31283.09708925729,297.6190476190476
2025,2025-02-24,historical,0.05,0.25,50,0.0,0.0,150000.0,0.0,-84043.68207842085,297.6190476190476
2025,2025-03-10,historical,0.05,0.25,50,0.0,0.0,150000.0,0.0,42536.469322845296,297.6190476190476
2025,2025-03-24,historical,0.05,0.25,50,0.0,0.0,150000.0,0.0,-117526.72837332982,297.6190476190476
2025,2025-04-07,historical,0.05,0.25,50,0.0,0.0,150000.0,0.0,-8301.425688354797,297.6190476190476
2025,2025-04-23,historical,0.05,0.25,50,0.0,0.0,150000.0,0.0,-44962.04939416831,297.6190476190476
2025,2025-05-09,historical,0.05,0.25,50,0.0,0.0,150000.0,0.0,13482.552367710488,297.6190476190476
2025,2025-05-23,historical,0.05,0.25,50,0.0,0.0,150000.0,0.0,40718.86077986352,297.6190476190476
2025,2025-06-09,historical,0.05,0.25,50,0.0,0.0,150000.0,0.0,75778.1495354753,297.6190476190476
2025,2025-06-23,historical,0.05,0.25,50,0.0,0.0,150000.0,0.0,-53275.92224949273,297.6190476190476
2025,2025-07-07,historical,0.05,0.25,50,0.0,0.0,150000.0,0.0,4809.285802397146,297.6190476190476
2025,2025-07-21,historical,0.05,0.25,50,0.0,0.0,150000.0,0.0,-24283.935602174988,297.6190476190476
2025,2025-08-04,historical,0.05,0.25,50,0.0,0.0,150000.0,0.0,-28907.55549919895,297.6190476190476
2025,2025-08-18,historical,0.05,0.25,50,0.0,0.0,150000.0,0.0,995.2970203883016,297.6190476190476
2025,2025-09-02,historical,0.05,0.25,50,0.0,0.0,150000.0,0.0,9541.90993409545,297.6190476190476
2025,2025-09-16,historical,0.05,0.25,50,0.0,0.0,150000.0,0.0,-11261.682820370575,297.6190476190476
2025,2025-09-30,historical,0.05,0.25,50,0.0,0.0,150000.0,0.0,-65598.53673688137,297.6190476190476
2025,2025-10-14,historical,0.05,0.25,50,0.0,0.0,150000.0,0.0,9620.15313434061,297.6190476190476
2025,2025-10-28,historical,0.05,0.25,50,0.0,0.0,150000.0,0.0,2083.9988274934626,297.6190476190476
2025,2025-11-11,historical,0.05,0.25,50,0.0,0.0,150000.0,0.0,4117.674953567915,297.6190476190476
2025,2025-11-25,historical,0.05,0.25,50,0.0,0.0,150000.0,0.0,-28641.59445941188,297.6190476190476
2025,2025-12-09,historical,0.05,0.25,50,0.0,0.0,150000.0,0.0,4386.731048421589,297.6190476190476
2025,2025-12-23,historical,0.05,0.25,50,0.0,0.0,150000.0,0.0,34777.80471669603,297.6190476190476
2025,2025-01-13,historical,0.05,0.25,100,0.0,0.0,150000.0,0.0,-94657.02000067291,297.6190476190476
2025,2025-01-27,historical,0.05,0.25,100,0.0,0.0,150000.0,0.0,6224.991726586258,297.6190476190476
2025,2025-02-10,historical,0.05,0.25,100,0.0,0.0,150000.0,0.0,-31283.09708925729,297.6190476190476
2025,2025-02-24,historical,0.05,0.25,100,0.0,0.0,150000.0,0.0,-84043.68207842085,297.6190476190476
2025,2025-03-10,historical,0.05,0.25,100,0.0,0.0,150000.0,0.0,42536.469322845296,297.6190476190476
2025,2025-03-24,historical,0.05,0.25,100,0.0,0.0,150000.0,0.0,-117526.72837332982,297.6190476190476
2025,2025-04-07,historical,0.05,0.25,100,0.0,0.0,150000.0,0.0,-8301.425688354797,297.6190476190476
2025,2025-04-23,historical,0.05,0.25,100,0.0,0.0,150000.0,0.0,-44962.04939416831,297.6190476190476
2025,2025-05-09,historical,0.05,0.25,100,0.0,0.0,150000.0,0.0,13482.552367710488,297.6190476190476
2025,2025-05-23,historical,0.05,0.25,100,0.0,0.0,150000.0,0.0,40718.86077986352,297.6190476190476
2025,2025-06-09,historical,0.05,0.25,100,0.0,0.0,150000.0,0.0,75778.1495354753,297.6190476190476
2025,2025-06-23,historical,0.05,0.25,100,0.0,0.0,150000.0,0.0,-53275.92224949273,297.6190476190476
2025,2025-07-07,historical,0.05,0.25,100,0.0,0.0,150000.0,0.0,4809.285802397146,297.6190476190476
2025,2025-07-21,historical,0.05,0.25,100,0.0,0.0,150000.0,0.0,-24283.935602174988,297.6190476190476
2025,2025-08-04,historical,0.05,0.25,100,0.0,0.0,150000.0,0.0,-28907.55549919895,297.6190476190476
2025,2025-08-18,historical,0.05,0.25,100,0.0,0.0,150000.0,0.0,995.2970203883016,297.6190476190476
2025,2025-09-02,historical,0.05,0.25,100,0.0,0.0,150000.0,0.0,9541.90993409545,297.6190476190476
2025,2025-09-16,historical,0.05,0.25,100,0.0,0.0,150000.0,0.0,-11261.682820370575,297.6190476190476
2025,2025-09-30,historical,0.05,0.25,100,0.0,0.0,150000.0,0.0,-65598.53673688137,297.6190476190476
2025,2025-10-14,historical,0.05,0.25,100,0.0,0.0,150000.0,0.0,9620.15313434061,297.6190476190476
2025,2025-10-28,historical,0.05,0.25,100,0.0,0.0,150000.0,0.0,2083.9988274934626,297.6190476190476
2025,2025-11-11,historical,0.05,0.25,100,0.0,0.0,150000.0,0.0,4117.674953567915,297.6190476190476
2025,2025-11-25,historical,0.05,0.25,100,0.0,0.0,150000.0,0.0,-28641.59445941188,297.6190476190476
2025,2025-12-09,historical,0.05,0.25,100,0.0,0.0,150000.0,0.0,4386.731048421589,297.6190476190476
2025,2025-12-23,historical,0.05,0.25,100,0.0,0.0,150000.0,0.0,34777.80471669603,297.6190476190476
2025,2025-01-13,historical,0.05,1.0,10,1.0,0.0,55000.0,0.0,-29473.805585386952,1109.126984126984
2025,2025-01-27,historical,0.05,1.0,10,1.0,0.0,55000.0,0.0,20067.16507716828,1109.126984126984
2025,2025-02-10,historical,0.05,1.0,10,1.0,0.0,55000.0,0.0,-13704.715874512429,1109.126984126984
2025,2025-02-24,historical,0.05,1.0,10,1.0,0.0,55000.0,0.0,-33169.06597480219,1109.126984126984
2025,2025-03-10,historical,0.05,1.0,10,1.0,0.0,55000.0,0.0,2018.7428174992808,1109.126984126984
2025,2025-03-24,historical,0.05,1.0,10,1.0,0.0,55000.0,0.0,-11658.69159669379,1109.126984126984
2025,2025-04-07,historical,0.05,1.0,10,1.0,0.0,55000.0,0.0,-40510.710430529456,1109.126984126984
2025,2025-04-23,historical,0.05,1.0,10,1.0,0.0,55000.0,0.0,13637.42321057821,1109.126984126984
2025,2025-05-09,historical,0.05,1.0,10,1.0,0.0,55000.0,0.0,-4413.494940101315,1109.126984126984
2025,2025-05-23,historical,0.05,1.0,10,1.0,0.0,55000.0,0.0,-10037.90424077556,1109.126984126984
2025,2025-06-09,historical,0.05,1.0,10,1.0,0.0,55000.0,0.0,-5845.595554005267,1109.126984126984
2025,2025-06-23,historical,0.05,1.0,10,1.0,0.0,55000.0,0.0,-21126.3392524521,1109.126984126984
2025,2025-07-07,historical,0.05,1.0,10,1.0,0.0,55000.0,0.0,5226.242021994066,1109.126984126984
2025,2025-07-21,historical,0.05,1.0,10,1.0,0.0,55000.0,0.0,8530.302440094141,1109.126984126984
2025,2025-08-04,historical,0.05,1.0,10,1.0,0.0,55000.0,0.0,-9068.567575104727,1109.126984126984
2025,2025-08-18,historical,0.05,1.0,10,1.0,0.0,55000.0,0.0,2315.332221327009,1109.126984126984
2025,2025-09-02,historical,0.05,1.0,10,1.0,0.0,55000.0,0.0,-13956.40112479721,1109.126984126984
2025,2025-09-16,historical,0.05,1.0,10,1.0,0.0,55000.0,0.0,5526.952564907064,1109.126984126984
2025,2025-09-30,historical,0.05,1.0,10,1.0,0.0,55000.0,0.0,14961.883578354984,1109.126984126984
2025,2025-10-14,historical,0.05,1.0,10,1.0,0.0,55000.0,0.0,-6729.053214865727,1109.126984126984
2025,2025-10-28,historical,0.05,1.0,10,1.0,0.0,55000.0,0.0,4739.0042936812615,1109.126984126984
2025,2025-11-11,historical,0.05,1.0,10,1.0,0.0,55000.0,0.0,2081.9718530354435,1109.126984126984
2025,2025-11-25,historical,0.05,1.0,10,1.0,0.0,55000.0,0.0,-7231.999210154091,1109.126984126984
2025,2025-12-09,historical,0.05,1.0,10,1.0,0.0,55000.0,0.0,-12860.154930498958,1109.126984126984
2025,2025-12-23,historical,0.05,1.0,10,1.0,0.0,55000.0,0.0,12642.796867402578,1109.126984126984
2025,2025-01-13,historical,0.05,1.0,50,0.5,0.0,145000.0,0.0,-62065.41279302994,2787.6984126984125
2025,2025-01-27,historical,0.05,1.0,50,0.5,0.0,145000.0,0.0,13146.078401877268,2787.6984126984125
2025,2025-02-10,historical,0.05,1.0,50,0.5,0.0,145000.0,0.0,-22493.90648188486,2787.6984126984125
2025,2025-02-24,historical,0.05,1.0,50,0.5,0.0,145000.0,0.0,-58606.37402661152,2787.6984126984125
2025,2025-03-10,historical,0.05,1.0,50,0.5,0.0,145000.0,0.0,22277.60607017229,2787.6984126984125
2025,2025-03-24,historical,0.05,1.0,50,0.5,0.0,145000.0,0.0,-64592.7099850118,2787.6984126984125
2025,2025-04-07,historical,0.05,1.0,50,0.5,0.0,145000.0,0.0,-24406.06805944213,2787.6984126984125
2025,2025-04-23,historical,0.05,1.0,50,0.5,0.0,145000.0,0.0,-15662.313091795048,2787.6984126984125
2025,2025-05-09,historical,0.05,1.0,50,0.5,0.0,145000.0,0.0,4534.528713804586,2787.6984126984125
2025,2025-05-23,historical,0.05,1.0,50,0.5,0.0,145000.0,0.0,15340.478269543984,2787.6984126984125
2025,2025-06-09,historical,0.05,1.0,50,0.5,0.0,145000.0,0.0,34966.276990735016,2787.6984126984125
2025,2025-06-23,historical,0.05,1.0,50,0.5,0.0,145000.0,0.0,-37201.130750972414,2787.6984126984125
2025,2025-07-07,historical,0.05,1.0,50,0.5,0.0,145000.0,0.0,5017.763912195606,2787.6984126984125
2025,2025-07-21,historical,0.05,1.0,50,0.5,0.0,145000.0,0.0,-7876.8165810404225,2787.6984126984125
2025,2025-08-04,historical,0.05,1.0,50,0.5,0.0,145000.0,0.0,-18988.06153715184,2787.6984126984125
2025,2025-08-18,historical,0.05,1.0,50,0.5,0.0,145000.0,0.0,1655.3146208576554,2787.6984126984125
2025,2025-09-02,historical,0.05,1.0,50,0.5,0.0,145000.0,0.0,-2207.24559535088,2787.6984126984125
2025,2025-09-16,historical,0.05,1.0,50,0.5,0.0,145000.0,0.0,-2867.365127731756,2787.6984126984125
2025,2025-09-30,historical,0.05,1.0,50,0.5,0.0,145000.0,0.0,-25318.326579263197,2787.6984126984125
2025,2025-10-14,historical,0.05,1.0,50,0.5,0.0,145000.0,0.0,1445.5499597374414,2787.6984126984125
2025,2025-10-28,historical,0.05,1.0,50,0.5,0.0,145000.0,0.0,3411.501560587362,2787.6984126984125
2025,2025-11-11,historical,0.05,1.0,50,0.5,0.0,145000.0,0.0,3099.8234033016797,2787.6984126984125
2025,2025-11-25,historical,0.05,1.0,50,0.5,0.0,145000.0,0.0,-17936.796834782985,2787.6984126984125
2025,2025-12-09,historical,0.05,1.0,50,0.5,0.0,145000.0,0.0,-4236.711941038684,2787.6984126984125
2025,2025-12-23,historical,0.05,1.0,50,0.5,0.0,145000.0,0.0,23710.300792049304,2787.6984126984125
2025,2025-01-13,historical,0.05,1.0,100,0.0,0.0,150000.0,0.0,-94657.02000067291,297.6190476190476
2025,2025-01-27,historical,0.05,1.0,100,0.0,0.0,150000.0,0.0,6224.991726586258,297.6190476190476
2025,2025-02-10,historical,0.05,1.0,100,0.0,0.0,150000.0,0.0,-31283.09708925729,297.6190476190476
2025,2025-02-24,historical,0.05,1.0,100,0.0,0.0,150000.0,0.0,-84043.68207842085,297.6190476190476
2025,2025-03-10,historical,0.05,1.0,100,0.0,0.0,150000.0,0.0,42536.469322845296,297.6190476190476
2025,2025-03-24,historical,0.05,1.0,100,0.0,0.0,150000.0,0.0,-117526.72837332982,297.6190476190476
2025,2025-04-07,historical,0.05,1.0,100,0.0,0.0,150000.0,0.0,-8301.425688354797,297.6190476190476
2025,2025-04-23,historical,0.05,1.0,100,0.0,0.0,150000.0,0.0,-44962.04939416831,297.6190476190476
2025,2025-05-09,historical,0.05,1.0,100,0.0,0.0,150000.0,0.0,13482.552367710488,297.6190476190476
2025,2025-05-23,historical,0.05,1.0,100,0.0,0.0,150000.0,0.0,40718.86077986352,297.6190476190476
2025,2025-06-09,historical,0.05,1.0,100,0.0,0.0,150000.0,0.0,75778.1495354753,297.6190476190476
2025,2025-06-23,historical,0.05,1.0,100,0.0,0.0,150000.0,0.0,-53275.92224949273,297.6190476190476
2025,2025-07-07,historical,0.05,1.0,100,0.0,0.0,150000.0,0.0,4809.285802397146,297.6190476190476
2025,2025-07-21,historical,0.05,1.0,100,0.0,0.0,150000.0,0.0,-24283.935602174988,297.6190476190476
2025,2025-08-04,historical,0.05,1.0,100,0.0,0.0,150000.0,0.0,-28907.55549919895,297.6190476190476
2025,2025-08-18,historical,0.05,1.0,100,0.0,0.0,150000.0,0.0,995.2970203883016,297.6190476190476
2025,2025-09-02,historical,0.05,1.0,100,0.0,0.0,150000.0,0.0,9541.90993409545,297.6190476190476
2025,2025-09-16,historical,0.05,1.0,100,0.0,0.0,150000.0,0.0,-11261.682820370575,297.6190476190476
2025,2025-09-30,historical,0.05,1.0,100,0.0,0.0,150000.0,0.0,-65598.53673688137,297.6190476190476
2025,2025-10-14,historical,0.05,1.0,100,0.0,0.0,150000.0,0.0,9620.15313434061,297.6190476190476
2025,2025-10-28,historical,0.05,1.0,100,0.0,0.0,150000.0,0.0,2083.9988274934626,297.6190476190476
2025,2025-11-11,historical,0.05,1.0,100,0.0,0.0,150000.0,0.0,4117.674953567915,297.6190476190476
2025,2025-11-25,historical,0.05,1.0,100,0.0,0.0,150000.0,0.0,-28641.59445941188,297.6190476190476
2025,2025-12-09,historical,0.05,1.0,100,0.0,0.0,150000.0,0.0,4386.731048421589,297.6190476190476
2025,2025-12-23,historical,0.05,1.0,100,0.0,0.0,150000.0,0.0,34777.80471669603,297.6190476190476
2025,2025-01-13,historical,0.05,2.0,10,1.0,0.0,60000.0,0.0,-29473.805585386952,1119.047619047619
2025,2025-01-27,historical,0.05,2.0,10,1.0,0.0,60000.0,0.0,20067.16507716828,1119.047619047619
2025,2025-02-10,historical,0.05,2.0,10,1.0,0.0,60000.0,0.0,-13704.715874512429,1119.047619047619
2025,2025-02-24,historical,0.05,2.0,10,1.0,0.0,60000.0,0.0,-33169.06597480219,1119.047619047619
2025,2025-03-10,historical,0.05,2.0,10,1.0,0.0,60000.0,0.0,2018.7428174992808,1119.047619047619
2025,2025-03-24,historical,0.05,2.0,10,1.0,0.0,60000.0,0.0,-11658.69159669379,1119.047619047619
2025,2025-04-07,historical,0.05,2.0,10,1.0,0.0,60000.0,0.0,-40510.710430529456,1119.047619047619
2025,2025-04-23,historical,0.05,2.0,10,1.0,0.0,60000.0,0.0,13637.42321057821,1119.047619047619
2025,2025-05-09,historical,0.05,2.0,10,1.0,0.0,60000.0,0.0,-4413.494940101315,1119.047619047619
2025,2025-05-23,historical,0.05,2.0,10,1.0,0.0,60000.0,0.0,-10037.90424077556,1119.047619047619
2025,2025-06-09,historical,0.05,2.0,10,1.0,0.0,60000.0,0.0,-5845.595554005267,1119.047619047619
2025,2025-06-23,historical,0.05,2.0,10,1.0,0.0,60000.0,0.0,-21126.3392524521,1119.047619047619
2025,2025-07-07,historical,0.05,2.0,10,1.0,0.0,60000.0,0.0,5226.242021994066,1119.047619047619
2025,2025-07-21,historical,0.05,2.0,10,1.0,0.0,60000.0,0.0,8530.302440094141,1119.047619047619
2025,2025-08-04,historical,0.05,2.0,10,1.0,0.0,60000.0,0.0,-9068.567575104727,1119.047619047619
2025,2025-08-18,historical,0.05,2.0,10,1.0,0.0,60000.0,0.0,2315.332221327009,1119.047619047619
2025,2025-09-02,historical,0.05,2.0,10,1.0,0.0,60000.0,0.0,-13956.40112479721,1119.047619047619
2025,2025-09-16,historical,0.05,2.0,10,1.0,0.0,60000.0,0.0,5526.952564907064,1119.047619047619
2025,2025-09-30,historical,0.05,2.0,10,1.0,0.0,60000.0,0.0,14961.883578354984,1119.047619047619
2025,2025-10-14,historical,0.05,2.0,10,1.0,0.0,60000.0,0.0,-6729.053214865727,1119.047619047619
2025,2025-10-28,historical,0.05,2.0,10,1.0,0.0,60000.0,0.0,4739.0042936812615,1119.047619047619
2025,2025-11-11,historical,0.05,2.0,10,1.0,0.0,60000.0,0.0,2081.9718530354435,1119.047619047619
2025,2025-11-25,historical,0.05,2.0,10,1.0,0.0,60000.0,0.0,-7231.999210154091,1119.047619047619
2025,2025-12-09,historical,0.05,2.0,10,1.0,0.0,60000.0,0.0,-12860.154930498958,1119.047619047619
2025,2025-12-23,historical,0.05,2.0,10,1.0,0.0,60000.0,0.0,12642.796867402578,1119.047619047619
2025,2025-01-13,historical,0.05,2.0,50,0.75,0.0,145000.0,0.0,-45769.60918920845,4037.698412698413
2025,2025-01-27,historical,0.05,2.0,50,0.75,0.0,145000.0,0.0,16606.621739522772,4037.698412698413
2025,2025-02-10,historical,0.05,2.0,50,0.75,0.0,145000.0,0.0,-18099.311178198644,4037.698412698413
2025,2025-02-24,historical,0.05,2.0,50,0.75,0.0,145000.0,0.0,-45887.72000070686,4037.698412698413
2025,2025-03-10,historical,0.05,2.0,50,0.75,0.0,145000.0,0.0,12148.174443835784,4037.698412698413
2025,2025-03-24,historical,0.05,2.0,50,0.75,0.0,145000.0,0.0,-38125.7007908528,4037.698412698413
2025,2025-04-07,historical,0.05,2.0,50,0.75,0.0,145000.0,0.0,-32458.389244985792,4037.698412698413
2025,2025-04-23,historical,0.05,2.0,50,0.75,0.0,145000.0,0.0,-1012.4449406084188,4037.698412698413
2025,2025-05-09,historical,0.05,2.0,50,0.75,0.0,145000.0,0.0,60.516886851635576,4037.698412698413
2025,2025-05-23,historical,0.05,2.0,50,0.75,0.0,145000.0,0.0,2651.2870143842115,4037.698412698413
2025,2025-06-09,historical,0.05,2.0,50,0.75,0.0,145000.0,0.0,14560.340718364872,4037.698412698413
2025,2025-06-23,historical,0.05,2.0,50,0.75,0.0,145000.0,0.0,-29163.73500171226,4037.698412698413
2025,2025-07-07,historical,0.05,2.0,50,0.75,0.0,145000.0,0.0,5122.002967094836,4037.698412698413
2025,2025-07-21,historical,0.05,2.0,50,0.75,0.0,145000.0,0.0,326.74292952685965,4037.698412698413
2025,2025-08-04,historical,0.05,2.0,50,0.75,0.0,145000.0,0.0,-14028.314556128282,4037.698412698413
2025,2025-08-18,historical,0.05,2.0,50,0.75,0.0,145000.0,0.0,1985.323421092332,4037.698412698413
2025,2025-09-02,historical,0.05,2.0,50,0.75,0.0,145000.0,0.0,-8081.823360074045,4037.698412698413
2025,2025-09-16,historical,0.05,2.0,50,0.75,0.0,145000.0,0.0,1329.793718587654,4037.698412698413
2025,2025-09-30,historical,0.05,2.0,50,0.75,0.0,145000.0,0.0,-5178.221500454106,4037.698412698413
2025,2025-10-14,historical,0.05,2.0,50,0.75,0.0,145000.0,0.0,-2641.7516275641424,4037.698412698413
2025,2025-10-28,historical,0.05,2.0,50,0.75,0.0,145000.0,0.0,4075.252927134312,4037.698412698413
2025,2025-11-11,historical,0.05,2.0,50,0.75,0.0,145000.0,0.0,2590.8976281685614,4037.698412698413
2025,2025-11-25,historical,0.05,2.0,50,0.75,0.0,145000.0,0.0,-12584.398022468538,4037.698412698413
2025,2025-12-09,historical,0.05,2.0,50,0.75,0.0,145000.0,0.0,-8548.433435768822,4037.698412698413
2025,2025-12-23,historical,0.05,2.0,50,0.75,0.0,145000.0,0.0,18176.54882972594,4037.698412698413
2025,2025-01-13,historical,0.05,2.0,100,0.5,0.0,145000.0,0.0,-62065.41279302994,5287.6984126984125
2025,2025-01-27,historical,0.05,2.0,100,0.5,0.0,145000.0,0.0,13146.078401877268,5287.6984126984125
2025,2025-02-10,historical,0.05,2.0,100,0.5,0.0,145000.0,0.0,-22493.90648188486,5287.6984126984125
2025,2025-02-24,historical,0.05,2.0,100,0.5,0.0,145000.0,0.0,-58606.37402661152,5287.6984126984125
2025,2025-03-10,historical,0.05,2.0,100,0.5,0.0,145000.0,0.0,22277.60607017229,5287.6984126984125
2025,2025-03-24,historical,0.05,2.0,100,0.5,0.0,145000.0,0.0,-64592.7099850118,5287.6984126984125
2025,2025-04-07,historical,0.05,2.0,100,0.5,0.0,145000.0,0.0,-24406.06805944213,5287.6984126984125
2025,2025-04-23,historical,0.05,2.0,100,0.5,0.0,145000.0,0.0,-15662.313091795048,5287.6984126984125
2025,2025-05-09,historical,0.05,2.0,100,0.5,0.0,145000.0,0.0,4534.528713804586,5287.6984126984125
2025,2025-05-23,historical,0.05,2.0,100,0.5,0.0,145000.0,0.0,15340.478269543984,5287.6984126984125
2025,2025-06-09,historical,0.05,2.0,100,0.5,0.0,145000.0,0.0,34966.276990735016,5287.6984126984125
2025,2025-06-23,historical,0.05,2.0,100,0.5,0.0,145000.0,0.0,-37201.130750972414,5287.6984126984125
2025,2025-07-07,historical,0.05,2.0,100,0.5,0.0,145000.0,0.0,5017.763912195606,5287.6984126984125
2025,2025-07-21,historical,0.05,2.0,100,0.5,0.0,145000.0,0.0,-7876.8165810404225,5287.6984126984125
2025,2025-08-04,historical,0.05,2.0,100,0.5,0.0,145000.0,0.0,-18988.06153715184,5287.6984126984125
2025,2025-08-18,historical,0.05,2.0,100,0.5,0.0,145000.0,0.0,1655.3146208576554,5287.6984126984125
2025,2025-09-02,historical,0.05,2.0,100,0.5,0.0,145000.0,0.0,-2207.24559535088,5287.6984126984125
2025,2025-09-16,historical,0.05,2.0,100,0.5,0.0,145000.0,0.0,-2867.365127731756,5287.6984126984125
2025,2025-09-30,historical,0.05,2.0,100,0.5,0.0,145000.0,0.0,-25318.326579263197,5287.6984126984125
2025,2025-10-14,historical,0.05,2.0,100,0.5,0.0,145000.0,0.0,1445.5499597374414,5287.6984126984125
2025,2025-10-28,historical,0.05,2.0,100,0.5,0.0,145000.0,0.0,3411.501560587362,5287.6984126984125
2025,2025-11-11,historical,0.05,2.0,100,0.5,0.0,145000.0,0.0,3099.8234033016797,5287.6984126984125
2025,2025-11-25,historical,0.05,2.0,100,0.5,0.0,145000.0,0.0,-17936.796834782985,5287.6984126984125
2025,2025-12-09,historical,0.05,2.0,100,0.5,0.0,145000.0,0.0,-4236.711941038684,5287.6984126984125
2025,2025-12-23,historical,0.05,2.0,100,0.5,0.0,145000.0,0.0,23710.300792049304,5287.6984126984125
2025,2025-01-13,historical,0.1,0.25,10,1.0,0.0,40000.0,0.0,-29473.805585386952,1158.7301587301588
2025,2025-01-27,historical,0.1,0.25,10,1.0,0.0,40000.0,0.0,20067.16507716828,1158.7301587301588
2025,2025-02-10,historical,0.1,0.25,10,1.0,0.0,40000.0,0.0,-13704.715874512429,1158.7301587301588
2025,2025-02-24,historical,0.1,0.25,10,1.0,0.0,40000.0,0.0,-33169.06597480219,1158.7301587301588
2025,2025-03-10,historical,0.1,0.25,10,1.0,0.0,40000.0,0.0,2018.7428174992808,1158.7301587301588
2025,2025-03-24,historical,0.1,0.25,10,1.0,0.0,40000.0,0.0,-11658.69159669379,1158.7301587301588
2025,2025-04-07,historical,0.1,0.25,10,1.0,0.0,40000.0,0.0,-40510.710430529456,1158.7301587301588
2025,2025-04-23,historical,0.1,0.25,10,1.0,0.0,40000.0,0.0,13637.42321057821,1158.7301587301588
2025,2025-05-09,historical,0.1,0.25,10,1.0,0.0,40000.0,0.0,-4413.494940101315,1158.7301587301588
2025,2025-05-23,historical,0.1,0.25,10,1.0,0.0,40000.0,0.0,-10037.90424077556,1158.7301587301588
2025,2025-06-09,historical,0.1,0.25,10,1.0,0.0,40000.0,0.0,-5845.595554005267,1158.7301587301588
2025,2025-06-23,historical,0.1,0.25,10,1.0,0.0,40000.0,0.0,-21126.3392524521,1158.7301587301588
2025,2025-07-07,historical,0.1,0.25,10,1.0,0.0,40000.0,0.0,5226.242021994066,1158.7301587301588
2025,2025-07-21,historical,0.1,0.25,10,1.0,0.0,40000.0,0.0,8530.302440094141,1158.7301587301588
2025,2025-08-04,historical,0.1,0.25,10,1.0,0.0,40000.0,0.0,-9068.567575104727,1158.7301587301588
2025,2025-08-18,historical,0.1,0.25,10,1.0,0.0,40000.0,0.0,2315.332221327009,1158.7301587301588
2025,2025-09-02,historical,0.1,0.25,10,1.0,0.0,40000.0,0.0,-13956.40112479721,1158.7301587301588
2025,2025-09-16,historical,0.1,0.25,10,1.0,0.0,40000.0,0.0,5526.952564907064,1158.7301587301588
2025,2025-09-30,historical,0.1,0.25,10,1.0,0.0,40000.0,0.0,14961.883578354984,1158.7301587301588
2025,2025-10-14,historical,0.1,0.25,10,1.0,0.0,40000.0,0.0,-6729.053214865727,1158.7301587301588
2025,2025-10-28,historical,0.1,0.25,10,1.0,0.0,40000.0,0.0,4739.0042936812615,1158.7301587301588
2025,2025-11-11,historical,0.1,0.25,10,1.0,0.0,40000.0,0.0,2081.9718530354435,1158.7301587301588
2025,2025-11-25,historical,0.1,0.25,10,1.0,0.0,40000.0,0.0,-7231.999210154091,1158.7301587301588
2025,2025-12-09,historical,0.1,0.25,10,1.0,0.0,40000.0,0.0,-12860.154930498958,1158.7301587301588
2025,2025-12-23,historical,0.1,0.25,10,1.0,0.0,40000.0,0.0,12642.796867402578,1158.7301587301588
2025,2025-01-13,historical,0.1,0.25,50,0.0,0.0,150000.0,0.0,-94657.02000067291,595.2380952380952
2025,2025-01-27,historical,0.1,0.25,50,0.0,0.0,150000.0,0.0,6224.991726586258,595.2380952380952
2025,2025-02-10,historical,0.1,0.25,50,0.0,0.0,150000.0,0.0,-31283.09708925729,595.2380952380952
2025,2025-02-24,historical,0.1,0.25,50,0.0,0.0,150000.0,0.0,-84043.68207842085,595.2380952380952
2025,2025-03-10,historical,0.1,0.25,50,0.0,0.0,150000.0,0.0,42536.469322845296,595.2380952380952
2025,2025-03-24,historical,0.1,0.25,50,0.0,0.0,150000.0,0.0,-117526.72837332982,595.2380952380952
2025,2025-04-07,historical,0.1,0.25,50,0.0,0.0,150000.0,0.0,-8301.425688354797,595.2380952380952
2025,2025-04-23,historical,0.1,0.25,50,0.0,0.0,150000.0,0.0,-44962.04939416831,595.2380952380952
2025,2025-05-09,historical,0.1,0.25,50,0.0,0.0,150000.0,0.0,13482.552367710488,595.2380952380952
2025,2025-05-23,historical,0.1,0.25,50,0.0,0.0,150000.0,0.0,40718.86077986352,595.2380952380952
2025,2025-06-09,historical,0.1,0.25,50,0.0,0.0,150000.0,0.0,75778.1495354753,595.2380952380952
2025,2025-06-23,historical,0.1,0.25,50,0.0,0.0,150000.0,0.0,-53275.92224949273,595.2380952380952
2025,2025-07-07,historical,0.1,0.25,50,0.0,0.0,150000.0,0.0,4809.285802397146,595.2380952380952
2025,2025-07-21,historical,0.1,0.25,50,0.0,0.0,150000.0,0.0,-24283.935602174988,595.2380952380952
2025,2025-08-04,historical,0.1,0.25,50,0.0,0.0,150000.0,0.0,-28907.55549919895,595.2380952380952
2025,2025-08-18,historical,0.1,0.25,50,0.0,0.0,150000.0,0.0,995.2970203883016,595.2380952380952
2025,2025-09-02,historical,0.1,0.25,50,0.0,0.0,150000.0,0.0,9541.90993409545,595.2380952380952
2025,2025-09-16,historical,0.1,0.25,50,0.0,0.0,150000.0,0.0,-11261.682820370575,595.2380952380952
2025,2025-09-30,historical,0.1,0.25,50,0.0,0.0,150000.0,0.0,-65598.53673688137,595.2380952380952
2025,2025-10-14,historical,0.1,0.25,50,0.0,0.0,150000.0,0.0,9620.15313434061,595.2380952380952
2025,2025-10-28,historical,0.1,0.25,50,0.0,0.0,150000.0,0.0,2083.9988274934626,595.2380952380952
2025,2025-11-11,historical,0.1,0.25,50,0.0,0.0,150000.0,0.0,4117.674953567915,595.2380952380952
2025,2025-11-25,historical,0.1,0.25,50,0.0,0.0,150000.0,0.0,-28641.59445941188,595.2380952380952
2025,2025-12-09,historical,0.1,0.25,50,0.0,0.0,150000.0,0.0,4386.731048421589,595.2380952380952
2025,2025-12-23,historical,0.1,0.25,50,0.0,0.0,150000.0,0.0,34777.80471669603,595.2380952380952
2025,2025-01-13,historical,0.1,0.25,100,0.0,0.0,150000.0,0.0,-94657.02000067291,595.2380952380952
2025,2025-01-27,historical,0.1,0.25,100,0.0,0.0,150000.0,0.0,6224.991726586258,595.2380952380952
2025,2025-02-10,historical,0.1,0.25,100,0.0,0.0,150000.0,0.0,-31283.09708925729,595.2380952380952
2025,2025-02-24,historical,0.1,0.25,100,0.0,0.0,150000.0,0.0,-84043.68207842085,595.2380952380952
2025,2025-03-10,historical,0.1,0.25,100,0.0,0.0,150000.0,0.0,42536.469322845296,595.2380952380952
2025,2025-03-24,historical,0.1,0.25,100,0.0,0.0,150000.0,0.0,-117526.72837332982,595.2380952380952
2025,2025-04-07,historical,0.1,0.25,100,0.0,0.0,150000.0,0.0,-8301.425688354797,595.2380952380952
2025,2025-04-23,historical,0.1,0.25,100,0.0,0.0,150000.0,0.0,-44962.04939416831,595.2380952380952
2025,2025-05-09,historical,0.1,0.25,100,0.0,0.0,150000.0,0.0,13482.552367710488,595.2380952380952
2025,2025-05-23,historical,0.1,0.25,100,0.0,0.0,150000.0,0.0,40718.86077986352,595.2380952380952
2025,2025-06-09,historical,0.1,0.25,100,0.0,0.0,150000.0,0.0,75778.1495354753,595.2380952380952
2025,2025-06-23,historical,0.1,0.25,100,0.0,0.0,150000.0,0.0,-53275.92224949273,595.2380952380952
2025,2025-07-07,historical,0.1,0.25,100,0.0,0.0,150000.0,0.0,4809.285802397146,595.2380952380952
2025,2025-07-21,historical,0.1,0.25,100,0.0,0.0,150000.0,0.0,-24283.935602174988,595.2380952380952
2025,2025-08-04,historical,0.1,0.25,100,0.0,0.0,150000.0,0.0,-28907.55549919895,595.2380952380952
2025,2025-08-18,historical,0.1,0.25,100,0.0,0.0,150000.0,0.0,995.2970203883016,595.2380952380952
2025,2025-09-02,historical,0.1,0.25,100,0.0,0.0,150000.0,0.0,9541.90993409545,595.2380952380952
2025,2025-09-16,historical,0.1,0.25,100,0.0,0.0,150000.0,0.0,-11261.682820370575,595.2380952380952
2025,2025-09-30,historical,0.1,0.25,100,0.0,0.0,150000.0,0.0,-65598.53673688137,595.2380952380952
2025,2025-10-14,historical,0.1,0.25,100,0.0,0.0,150000.0,0.0,9620.15313434061,595.2380952380952
2025,2025-10-28,historical,0.1,0.25,100,0.0,0.0,150000.0,0.0,2083.9988274934626,595.2380952380952
2025,2025-11-11,historical,0.1,0.25,100,0.0,0.0,150000.0,0.0,4117.674953567915,595.2380952380952
2025,2025-11-25,historical,0.1,0.25,100,0.0,0.0,150000.0,0.0,-28641.59445941188,595.2380952380952
2025,2025-12-09,historical,0.1,0.25,100,0.0,0.0,150000.0,0.0,4386.731048421589,595.2380952380952
2025,2025-12-23,historical,0.1,0.25,100,0.0,0.0,150000.0,0.0,34777.80471669603,595.2380952380952
2025,2025-01-13,historical,0.1,1.0,10,1.0,0.0,50000.0,0.0,-29473.805585386952,1198.4126984126983
2025,2025-01-27,historical,0.1,1.0,10,1.0,0.0,50000.0,0.0,20067.16507716828,1198.4126984126983
2025,2025-02-10,historical,0.1,1.0,10,1.0,0.0,50000.0,0.0,-13704.715874512429,1198.4126984126983
2025,2025-02-24,historical,0.1,1.0,10,1.0,0.0,50000.0,0.0,-33169.06597480219,1198.4126984126983
2025,2025-03-10,historical,0.1,1.0,10,1.0,0.0,50000.0,0.0,2018.7428174992808,1198.4126984126983
2025,2025-03-24,historical,0.1,1.0,10,1.0,0.0,50000.0,0.0,-11658.69159669379,1198.4126984126983
2025,2025-04-07,historical,0.1,1.0,10,1.0,0.0,50000.0,0.0,-40510.710430529456,1198.4126984126983
2025,2025-04-23,historical,0.1,1.0,10,1.0,0.0,50000.0,0.0,13637.42321057821,1198.4126984126983
2025,2025-05-09,historical,0.1,1.0,10,1.0,0.0,50000.0,0.0,-4413.494940101315,1198.4126984126983
2025,2025-05-23,historical,0.1,1.0,10,1.0,0.0,50000.0,0.0,-10037.90424077556,1198.4126984126983
2025,2025-06-09,historical,0.1,1.0,10,1.0,0.0,50000.0,0.0,-5845.595554005267,1198.4126984126983
2025,2025-06-23,historical,0.1,1.0,10,1.0,0.0,50000.0,0.0,-21126.3392524521,1198.4126984126983
2025,2025-07-07,historical,0.1,1.0,10,1.0,0.0,50000.0,0.0,5226.242021994066,1198.4126984126983
2025,2025-07-21,historical,0.1,1.0,10,1.0,0.0,50000.0,0.0,8530.302440094141,1198.4126984126983
2025,2025-08-04,historical,0.1,1.0,10,1.0,0.0,50000.0,0.0,-9068.567575104727,1198.4126984126983
2025,2025-08-18,historical,0.1,1.0,10,1.0,0.0,50000.0,0.0,2315.332221327009,1198.4126984126983
2025,2025-09-02,historical,0.1,1.0,10,1.0,0.0,50000.0,0.0,-13956.40112479721,1198.4126984126983
2025,2025-09-16,historical,0.1,1.0,10,1.0,0.0,50000.0,0.0,5526.952564907064,1198.4126984126983
2025,2025-09-30,historical,0.1,1.0,10,1.0,0.0,50000.0,0.0,14961.883578354984,1198.4126984126983
2025,2025-10-14,historical,0.1,1.0,10,1.0,0.0,50000.0,0.0,-6729.053214865727,1198.4126984126983
2025,2025-10-28,historical,0.1,1.0,10,1.0,0.0,50000.0,0.0,4739.0042936812615,1198.4126984126983
2025,2025-11-11,historical,0.1,1.0,10,1.0,0.0,50000.0,0.0,2081.9718530354435,1198.4126984126983
2025,2025-11-25,historical,0.1,1.0,10,1.0,0.0,50000.0,0.0,-7231.999210154091,1198.4126984126983
2025,2025-12-09,historical,0.1,1.0,10,1.0,0.0,50000.0,0.0,-12860.154930498958,1198.4126984126983
2025,2025-12-23,historical,0.1,1.0,10,1.0,0.0,50000.0,0.0,12642.796867402578,1198.4126984126983
2025,2025-01-13,historical,0.1,1.0,50,0.5,0.0,145000.0,0.0,-62065.41279302994,3075.396825396825
2025,2025-01-27,historical,0.1,1.0,50,0.5,0.0,145000.0,0.0,13146.078401877268,3075.396825396825
2025,2025-02-10,historical,0.1,1.0,50,0.5,0.0,145000.0,0.0,-22493.90648188486,3075.396825396825
2025,2025-02-24,historical,0.1,1.0,50,0.5,0.0,145000.0,0.0,-58606.37402661152,3075.396825396825
2025,2025-03-10,historical,0.1,1.0,50,0.5,0.0,145000.0,0.0,22277.60607017229,3075.396825396825
2025,2025-03-24,historical,0.1,1.0,50,0.5,0.0,145000.0,0.0,-64592.7099850118,3075.396825396825
2025,2025-04-07,historical,0.1,1.0,50,0.5,0.0,145000.0,0.0,-24406.06805944213,3075.396825396825
2025,2025-04-23,historical,0.1,1.0,50,0.5,0.0,145000.0,0.0,-15662.313091795048,3075.396825396825
2025,2025-05-09,historical,0.1,1.0,50,0.5,0.0,145000.0,0.0,4534.528713804586,3075.396825396825
2025,2025-05-23,historical,0.1,1.0,50,0.5,0.0,145000.0,0.0,15340.478269543984,3075.396825396825
2025,2025-06-09,historical,0.1,1.0,50,0.5,0.0,145000.0,0.0,34966.276990735016,3075.396825396825
2025,2025-06-23,historical,0.1,1.0,50,0.5,0.0,145000.0,0.0,-37201.130750972414,3075.396825396825
2025,2025-07-07,historical,0.1,1.0,50,0.5,0.0,145000.0,0.0,5017.763912195606,3075.396825396825
2025,2025-07-21,historical,0.1,1.0,50,0.5,0.0,145000.0,0.0,-7876.8165810404225,3075.396825396825
2025,2025-08-04,historical,0.1,1.0,50,0.5,0.0,145000.0,0.0,-18988.06153715184,3075.396825396825
2025,2025-08-18,historical,0.1,1.0,50,0.5,0.0,145000.0,0.0,1655.3146208576554,3075.396825396825
2025,2025-09-02,historical,0.1,1.0,50,0.5,0.0,145000.0,0.0,-2207.24559535088,3075.396825396825
2025,2025-09-16,historical,0.1,1.0,50,0.5,0.0,145000.0,0.0,-2867.365127731756,3075.396825396825
2025,2025-09-30,historical,0.1,1.0,50,0.5,0.0,145000.0,0.0,-25318.326579263197,3075.396825396825
2025,2025-10-14,historical,0.1,1.0,50,0.5,0.0,145000.0,0.0,1445.5499597374414,3075.396825396825
2025,2025-10-28,historical,0.1,1.0,50,0.5,0.0,145000.0,0.0,3411.501560587362,3075.396825396825
2025,2025-11-11,historical,0.1,1.0,50,0.5,0.0,145000.0,0.0,3099.8234033016797,3075.396825396825
2025,2025-11-25,historical,0.1,1.0,50,0.5,0.0,145000.0,0.0,-17936.796834782985,3075.396825396825
2025,2025-12-09,historical,0.1,1.0,50,0.5,0.0,145000.0,0.0,-4236.711941038684,3075.396825396825
2025,2025-12-23,historical,0.1,1.0,50,0.5,0.0,145000.0,0.0,23710.300792049304,3075.396825396825
2025,2025-01-13,historical,0.1,1.0,100,0.0,0.0,150000.0,0.0,-94657.02000067291,595.2380952380952
2025,2025-01-27,historical,0.1,1.0,100,0.0,0.0,150000.0,0.0,6224.991726586258,595.2380952380952
2025,2025-02-10,historical,0.1,1.0,100,0.0,0.0,150000.0,0.0,-31283.09708925729,595.2380952380952
2025,2025-02-24,historical,0.1,1.0,100,0.0,0.0,150000.0,0.0,-84043.68207842085,595.2380952380952
2025,2025-03-10,historical,0.1,1.0,100,0.0,0.0,150000.0,0.0,42536.469322845296,595.2380952380952
2025,2025-03-24,historical,0.1,1.0,100,0.0,0.0,150000.0,0.0,-117526.72837332982,595.2380952380952
2025,2025-04-07,historical,0.1,1.0,100,0.0,0.0,150000.0,0.0,-8301.425688354797,595.2380952380952
2025,2025-04-23,historical,0.1,1.0,100,0.0,0.0,150000.0,0.0,-44962.04939416831,595.2380952380952
2025,2025-05-09,historical,0.1,1.0,100,0.0,0.0,150000.0,0.0,13482.552367710488,595.2380952380952
2025,2025-05-23,historical,0.1,1.0,100,0.0,0.0,150000.0,0.0,40718.86077986352,595.2380952380952
2025,2025-06-09,historical,0.1,1.0,100,0.0,0.0,150000.0,0.0,75778.1495354753,595.2380952380952
2025,2025-06-23,historical,0.1,1.0,100,0.0,0.0,150000.0,0.0,-53275.92224949273,595.2380952380952
2025,2025-07-07,historical,0.1,1.0,100,0.0,0.0,150000.0,0.0,4809.285802397146,595.2380952380952
2025,2025-07-21,historical,0.1,1.0,100,0.0,0.0,150000.0,0.0,-24283.935602174988,595.2380952380952
2025,2025-08-04,historical,0.1,1.0,100,0.0,0.0,150000.0,0.0,-28907.55549919895,595.2380952380952
2025,2025-08-18,historical,0.1,1.0,100,0.0,0.0,150000.0,0.0,995.2970203883016,595.2380952380952
2025,2025-09-02,historical,0.1,1.0,100,0.0,0.0,150000.0,0.0,9541.90993409545,595.2380952380952
2025,2025-09-16,historical,0.1,1.0,100,0.0,0.0,150000.0,0.0,-11261.682820370575,595.2380952380952
2025,2025-09-30,historical,0.1,1.0,100,0.0,0.0,150000.0,0.0,-65598.53673688137,595.2380952380952
2025,2025-10-14,historical,0.1,1.0,100,0.0,0.0,150000.0,0.0,9620.15313434061,595.2380952380952
2025,2025-10-28,historical,0.1,1.0,100,0.0,0.0,150000.0,0.0,2083.9988274934626,595.2380952380952
2025,2025-11-11,historical,0.1,1.0,100,0.0,0.0,150000.0,0.0,4117.674953567915,595.2380952380952
2025,2025-11-25,historical,0.1,1.0,100,0.0,0.0,150000.0,0.0,-28641.59445941188,595.2380952380952
2025,2025-12-09,historical,0.1,1.0,100,0.0,0.0,150000.0,0.0,4386.731048421589,595.2380952380952
2025,2025-12-23,historical,0.1,1.0,100,0.0,0.0,150000.0,0.0,34777.80471669603,595.2380952380952
2025,2025-01-13,historical,0.1,2.0,10,1.0,0.0,55000.0,0.0,-29473.805585386952,1218.2539682539682
2025,2025-01-27,historical,0.1,2.0,10,1.0,0.0,55000.0,0.0,20067.16507716828,1218.2539682539682
2025,2025-02-10,historical,0.1,2.0,10,1.0,0.0,55000.0,0.0,-13704.715874512429,1218.2539682539682
2025,2025-02-24,historical,0.1,2.0,10,1.0,0.0,55000.0,0.0,-33169.06597480219,1218.2539682539682
2025,2025-03-10,historical,0.1,2.0,10,1.0,0.0,55000.0,0.0,2018.7428174992808,1218.2539682539682
2025,2025-03-24,historical,0.1,2.0,10,1.0,0.0,55000.0,0.0,-11658.69159669379,1218.2539682539682
2025,2025-04-07,historical,0.1,2.0,10,1.0,0.0,55000.0,0.0,-40510.710430529456,1218.2539682539682
2025,2025-04-23,historical,0.1,2.0,10,1.0,0.0,55000.0,0.0,13637.42321057821,1218.2539682539682
2025,2025-05-09,historical,0.1,2.0,10,1.0,0.0,55000.0,0.0,-4413.494940101315,1218.2539682539682
2025,2025-05-23,historical,0.1,2.0,10,1.0,0.0,55000.0,0.0,-10037.90424077556,1218.2539682539682
2025,2025-06-09,historical,0.1,2.0,10,1.0,0.0,55000.0,0.0,-5845.595554005267,1218.2539682539682
2025,2025-06-23,historical,0.1,2.0,10,1.0,0.0,55000.0,0.0,-21126.3392524521,1218.2539682539682
2025,2025-07-07,historical,0.1,2.0,10,1.0,0.0,55000.0,0.0,5226.242021994066,1218.2539682539682
2025,2025-07-21,historical,0.1,2.0,10,1.0,0.0,55000.0,0.0,8530.302440094141,1218.2539682539682
2025,2025-08-04,historical,0.1,2.0,10,1.0,0.0,55000.0,0.0,-9068.567575104727,1218.2539682539682
2025,2025-08-18,historical,0.1,2.0,10,1.0,0.0,55000.0,0.0,2315.332221327009,1218.2539682539682
2025,2025-09-02,historical,0.1,2.0,10,1.0,0.0,55000.0,0.0,-13956.40112479721,1218.2539682539682
2025,2025-09-16,historical,0.1,2.0,10,1.0,0.0,55000.0,0.0,5526.952564907064,1218.2539682539682
2025,2025-09-30,historical,0.1,2.0,10,1.0,0.0,55000.0,0.0,14961.883578354984,1218.2539682539682
2025,2025-10-14,historical,0.1,2.0,10,1.0,0.0,55000.0,0.0,-6729.053214865727,1218.2539682539682
2025,2025-10-28,historical,0.1,2.0,10,1.0,0.0,55000.0,0.0,4739.0042936812615,1218.2539682539682
2025,2025-11-11,historical,0.1,2.0,10,1.0,0.0,55000.0,0.0,2081.9718530354435,1218.2539682539682
2025,2025-11-25,historical,0.1,2.0,10,1.0,0.0,55000.0,0.0,-7231.999210154091,1218.2539682539682
2025,2025-12-09,historical,0.1,2.0,10,1.0,0.0,55000.0,0.0,-12860.154930498958,1218.2539682539682
2025,2025-12-23,historical,0.1,2.0,10,1.0,0.0,55000.0,0.0,12642.796867402578,1218.2539682539682
2025,2025-01-13,historical,0.1,2.0,50,0.75,0.0,145000.0,0.0,-45769.60918920845,4325.396825396825
2025,2025-01-27,historical,0.1,2.0,50,0.75,0.0,145000.0,0.0,16606.621739522772,4325.396825396825
2025,2025-02-10,historical,0.1,2.0,50,0.75,0.0,145000.0,0.0,-18099.311178198644,4325.396825396825
2025,2025-02-24,historical,0.1,2.0,50,0.75,0.0,145000.0,0.0,-45887.72000070686,4325.396825396825
2025,2025-03-10,historical,0.1,2.0,50,0.75,0.0,145000.0,0.0,12148.174443835784,4325.396825396825
2025,2025-03-24,historical,0.1,2.0,50,0.75,0.0,145000.0,0.0,-38125.7007908528,4325.396825396825
2025,2025-04-07,historical,0.1,2.0,50,0.75,0.0,145000.0,0.0,-32458.389244985792,4325.396825396825
2025,2025-04-23,historical,0.1,2.0,50,0.75,0.0,145000.0,0.0,-1012.4449406084188,4325.396825396825
2025,2025-05-09,historical,0.1,2.0,50,0.75,0.0,145000.0,0.0,60.516886851635576,4325.396825396825
2025,2025-05-23,historical,0.1,2.0,50,0.75,0.0,145000.0,0.0,2651.2870143842115,4325.396825396825
2025,2025-06-09,historical,0.1,2.0,50,0.75,0.0,145000.0,0.0,14560.340718364872,4325.396825396825
2025,2025-06-23,historical,0.1,2.0,50,0.75,0.0,145000.0,0.0,-29163.73500171226,4325.396825396825
2025,2025-07-07,historical,0.1,2.0,50,0.75,0.0,145000.0,0.0,5122.002967094836,4325.396825396825
2025,2025-07-21,historical,0.1,2.0,50,0.75,0.0,145000.0,0.0,326.74292952685965,4325.396825396825
2025,2025-08-04,historical,0.1,2.0,50,0.75,0.0,145000.0,0.0,-14028.314556128282,4325.396825396825
2025,2025-08-18,historical,0.1,2.0,50,0.75,0.0,145000.0,0.0,1985.323421092332,4325.396825396825
2025,2025-09-02,historical,0.1,2.0,50,0.75,0.0,145000.0,0.0,-8081.823360074045,4325.396825396825
2025,2025-09-16,historical,0.1,2.0,50,0.75,0.0,145000.0,0.0,1329.793718587654,4325.396825396825
2025,2025-09-30,historical,0.1,2.0,50,0.75,0.0,145000.0,0.0,-5178.221500454106,4325.396825396825
2025,2025-10-14,historical,0.1,2.0,50,0.75,0.0,145000.0,0.0,-2641.7516275641424,4325.396825396825
2025,2025-10-28,historical,0.1,2.0,50,0.75,0.0,145000.0,0.0,4075.252927134312,4325.396825396825
2025,2025-11-11,historical,0.1,2.0,50,0.75,0.0,145000.0,0.0,2590.8976281685614,4325.396825396825
2025,2025-11-25,historical,0.1,2.0,50,0.75,0.0,145000.0,0.0,-12584.398022468538,4325.396825396825
2025,2025-12-09,historical,0.1,2.0,50,0.75,0.0,145000.0,0.0,-8548.433435768822,4325.396825396825
2025,2025-12-23,historical,0.1,2.0,50,0.75,0.0,145000.0,0.0,18176.54882972594,4325.396825396825
2025,2025-01-13,historical,0.1,2.0,100,0.5,0.0,145000.0,0.0,-62065.41279302994,5575.396825396825
2025,2025-01-27,historical,0.1,2.0,100,0.5,0.0,145000.0,0.0,13146.078401877268,5575.396825396825
2025,2025-02-10,historical,0.1,2.0,100,0.5,0.0,145000.0,0.0,-22493.90648188486,5575.396825396825
2025,2025-02-24,historical,0.1,2.0,100,0.5,0.0,145000.0,0.0,-58606.37402661152,5575.396825396825
2025,2025-03-10,historical,0.1,2.0,100,0.5,0.0,145000.0,0.0,22277.60607017229,5575.396825396825
2025,2025-03-24,historical,0.1,2.0,100,0.5,0.0,145000.0,0.0,-64592.7099850118,5575.396825396825
2025,2025-04-07,historical,0.1,2.0,100,0.5,0.0,145000.0,0.0,-24406.06805944213,5575.396825396825
2025,2025-04-23,historical,0.1,2.0,100,0.5,0.0,145000.0,0.0,-15662.313091795048,5575.396825396825
2025,2025-05-09,historical,0.1,2.0,100,0.5,0.0,145000.0,0.0,4534.528713804586,5575.396825396825
2025,2025-05-23,historical,0.1,2.0,100,0.5,0.0,145000.0,0.0,15340.478269543984,5575.396825396825
2025,2025-06-09,historical,0.1,2.0,100,0.5,0.0,145000.0,0.0,34966.276990735016,5575.396825396825
2025,2025-06-23,historical,0.1,2.0,100,0.5,0.0,145000.0,0.0,-37201.130750972414,5575.396825396825
2025,2025-07-07,historical,0.1,2.0,100,0.5,0.0,145000.0,0.0,5017.763912195606,5575.396825396825
2025,2025-07-21,historical,0.1,2.0,100,0.5,0.0,145000.0,0.0,-7876.8165810404225,5575.396825396825
2025,2025-08-04,historical,0.1,2.0,100,0.5,0.0,145000.0,0.0,-18988.06153715184,5575.396825396825
2025,2025-08-18,historical,0.1,2.0,100,0.5,0.0,145000.0,0.0,1655.3146208576554,5575.396825396825
2025,2025-09-02,historical,0.1,2.0,100,0.5,0.0,145000.0,0.0,-2207.24559535088,5575.396825396825
2025,2025-09-16,historical,0.1,2.0,100,0.5,0.0,145000.0,0.0,-2867.365127731756,5575.396825396825
2025,2025-09-30,historical,0.1,2.0,100,0.5,0.0,145000.0,0.0,-25318.326579263197,5575.396825396825
2025,2025-10-14,historical,0.1,2.0,100,0.5,0.0,145000.0,0.0,1445.5499597374414,5575.396825396825
2025,2025-10-28,historical,0.1,2.0,100,0.5,0.0,145000.0,0.0,3411.501560587362,5575.396825396825
2025,2025-11-11,historical,0.1,2.0,100,0.5,0.0,145000.0,0.0,3099.8234033016797,5575.396825396825
2025,2025-11-25,historical,0.1,2.0,100,0.5,0.0,145000.0,0.0,-17936.796834782985,5575.396825396825
2025,2025-12-09,historical,0.1,2.0,100,0.5,0.0,145000.0,0.0,-4236.711941038684,5575.396825396825
2025,2025-12-23,historical,0.1,2.0,100,0.5,0.0,145000.0,0.0,23710.300792049304,5575.396825396825
2025,2025-01-13,fixed_hedge_reference,0.01,0.25,10,1.0,0.0,60000.0,0.0,-29473.80558538696,1023.809523809524
2025,2025-01-27,fixed_hedge_reference,0.01,0.25,10,1.0,0.0,60000.0,0.0,20067.16507716828,1023.809523809524
2025,2025-02-10,fixed_hedge_reference,0.01,0.25,10,1.0,0.0,60000.0,0.0,-13704.715874512423,1023.809523809524
2025,2025-02-24,fixed_hedge_reference,0.01,0.25,10,1.0,0.0,60000.0,0.0,-33169.06597480219,1023.809523809524
2025,2025-03-10,fixed_hedge_reference,0.01,0.25,10,1.0,0.0,60000.0,0.0,2018.742817499278,1023.809523809524
2025,2025-03-24,fixed_hedge_reference,0.01,0.25,10,1.0,0.0,60000.0,0.0,-11658.69159669379,1023.809523809524
2025,2025-04-07,fixed_hedge_reference,0.01,0.25,10,1.0,0.0,60000.0,0.0,-40510.710430529456,1023.809523809524
2025,2025-04-23,fixed_hedge_reference,0.01,0.25,10,1.0,0.0,60000.0,0.0,13637.42321057821,1023.809523809524
2025,2025-05-09,fixed_hedge_reference,0.01,0.25,10,1.0,0.0,60000.0,0.0,-4413.494940101315,1023.809523809524
2025,2025-05-23,fixed_hedge_reference,0.01,0.25,10,1.0,0.0,60000.0,0.0,-10037.90424077556,1023.809523809524
2025,2025-06-09,fixed_hedge_reference,0.01,0.25,10,1.0,0.0,60000.0,0.0,-5845.595554005282,1023.809523809524
2025,2025-06-23,fixed_hedge_reference,0.01,0.25,10,1.0,0.0,60000.0,0.0,-21126.3392524521,1023.809523809524
2025,2025-07-07,fixed_hedge_reference,0.01,0.25,10,1.0,0.0,60000.0,0.0,5226.242021994066,1023.809523809524
2025,2025-07-21,fixed_hedge_reference,0.01,0.25,10,1.0,0.0,60000.0,0.0,8530.302440094143,1023.809523809524
2025,2025-08-04,fixed_hedge_reference,0.01,0.25,10,1.0,0.0,60000.0,0.0,-9068.567575104724,1023.809523809524
2025,2025-08-18,fixed_hedge_reference,0.01,0.25,10,1.0,0.0,60000.0,0.0,2315.332221327009,1023.809523809524
2025,2025-09-02,fixed_hedge_reference,0.01,0.25,10,1.0,0.0,60000.0,0.0,-13956.40112479721,1023.809523809524
2025,2025-09-16,fixed_hedge_reference,0.01,0.25,10,1.0,0.0,60000.0,0.0,5526.952564907066,1023.809523809524
2025,2025-09-30,fixed_hedge_reference,0.01,0.25,10,1.0,0.0,60000.0,0.0,14961.883578354978,1023.809523809524
2025,2025-10-14,fixed_hedge_reference,0.01,0.25,10,1.0,0.0,60000.0,0.0,-6729.053214865726,1023.809523809524
2025,2025-10-28,fixed_hedge_reference,0.01,0.25,10,1.0,0.0,60000.0,0.0,4739.004293681261,1023.809523809524
2025,2025-11-11,fixed_hedge_reference,0.01,0.25,10,1.0,0.0,60000.0,0.0,2081.9718530354435,1023.809523809524
2025,2025-11-25,fixed_hedge_reference,0.01,0.25,10,1.0,0.0,60000.0,0.0,-7231.999210154093,1023.809523809524
2025,2025-12-09,fixed_hedge_reference,0.01,0.25,10,1.0,0.0,60000.0,0.0,-12860.154930498957,1023.809523809524
2025,2025-12-23,fixed_hedge_reference,0.01,0.25,10,1.0,0.0,60000.0,0.0,12642.796867402578,1023.809523809524
2025,2025-01-13,fixed_hedge_reference,0.01,0.25,50,1.0,0.0,60000.0,0.0,-29473.80558538696,5023.809523809524
2025,2025-01-27,fixed_hedge_reference,0.01,0.25,50,1.0,0.0,60000.0,0.0,20067.16507716828,5023.809523809524
2025,2025-02-10,fixed_hedge_reference,0.01,0.25,50,1.0,0.0,60000.0,0.0,-13704.715874512423,5023.809523809524
2025,2025-02-24,fixed_hedge_reference,0.01,0.25,50,1.0,0.0,60000.0,0.0,-33169.06597480219,5023.809523809524
2025,2025-03-10,fixed_hedge_reference,0.01,0.25,50,1.0,0.0,60000.0,0.0,2018.742817499278,5023.809523809524
2025,2025-03-24,fixed_hedge_reference,0.01,0.25,50,1.0,0.0,60000.0,0.0,-11658.69159669379,5023.809523809524
2025,2025-04-07,fixed_hedge_reference,0.01,0.25,50,1.0,0.0,60000.0,0.0,-40510.710430529456,5023.809523809524
2025,2025-04-23,fixed_hedge_reference,0.01,0.25,50,1.0,0.0,60000.0,0.0,13637.42321057821,5023.809523809524
2025,2025-05-09,fixed_hedge_reference,0.01,0.25,50,1.0,0.0,60000.0,0.0,-4413.494940101315,5023.809523809524
2025,2025-05-23,fixed_hedge_reference,0.01,0.25,50,1.0,0.0,60000.0,0.0,-10037.90424077556,5023.809523809524
2025,2025-06-09,fixed_hedge_reference,0.01,0.25,50,1.0,0.0,60000.0,0.0,-5845.595554005282,5023.809523809524
2025,2025-06-23,fixed_hedge_reference,0.01,0.25,50,1.0,0.0,60000.0,0.0,-21126.3392524521,5023.809523809524
2025,2025-07-07,fixed_hedge_reference,0.01,0.25,50,1.0,0.0,60000.0,0.0,5226.242021994066,5023.809523809524
2025,2025-07-21,fixed_hedge_reference,0.01,0.25,50,1.0,0.0,60000.0,0.0,8530.302440094143,5023.809523809524
2025,2025-08-04,fixed_hedge_reference,0.01,0.25,50,1.0,0.0,60000.0,0.0,-9068.567575104724,5023.809523809524
2025,2025-08-18,fixed_hedge_reference,0.01,0.25,50,1.0,0.0,60000.0,0.0,2315.332221327009,5023.809523809524
2025,2025-09-02,fixed_hedge_reference,0.01,0.25,50,1.0,0.0,60000.0,0.0,-13956.40112479721,5023.809523809524
2025,2025-09-16,fixed_hedge_reference,0.01,0.25,50,1.0,0.0,60000.0,0.0,5526.952564907066,5023.809523809524
2025,2025-09-30,fixed_hedge_reference,0.01,0.25,50,1.0,0.0,60000.0,0.0,14961.883578354978,5023.809523809524
2025,2025-10-14,fixed_hedge_reference,0.01,0.25,50,1.0,0.0,60000.0,0.0,-6729.053214865726,5023.809523809524
2025,2025-10-28,fixed_hedge_reference,0.01,0.25,50,1.0,0.0,60000.0,0.0,4739.004293681261,5023.809523809524
2025,2025-11-11,fixed_hedge_reference,0.01,0.25,50,1.0,0.0,60000.0,0.0,2081.9718530354435,5023.809523809524
2025,2025-11-25,fixed_hedge_reference,0.01,0.25,50,1.0,0.0,60000.0,0.0,-7231.999210154093,5023.809523809524
2025,2025-12-09,fixed_hedge_reference,0.01,0.25,50,1.0,0.0,60000.0,0.0,-12860.154930498957,5023.809523809524
2025,2025-12-23,fixed_hedge_reference,0.01,0.25,50,1.0,0.0,60000.0,0.0,12642.796867402578,5023.809523809524
2025,2025-01-13,fixed_hedge_reference,0.01,0.25,100,1.0,0.0,60000.0,0.0,-29473.80558538696,10023.809523809525
2025,2025-01-27,fixed_hedge_reference,0.01,0.25,100,1.0,0.0,60000.0,0.0,20067.16507716828,10023.809523809525
2025,2025-02-10,fixed_hedge_reference,0.01,0.25,100,1.0,0.0,60000.0,0.0,-13704.715874512423,10023.809523809525
2025,2025-02-24,fixed_hedge_reference,0.01,0.25,100,1.0,0.0,60000.0,0.0,-33169.06597480219,10023.809523809525
2025,2025-03-10,fixed_hedge_reference,0.01,0.25,100,1.0,0.0,60000.0,0.0,2018.742817499278,10023.809523809525
2025,2025-03-24,fixed_hedge_reference,0.01,0.25,100,1.0,0.0,60000.0,0.0,-11658.69159669379,10023.809523809525
2025,2025-04-07,fixed_hedge_reference,0.01,0.25,100,1.0,0.0,60000.0,0.0,-40510.710430529456,10023.809523809525
2025,2025-04-23,fixed_hedge_reference,0.01,0.25,100,1.0,0.0,60000.0,0.0,13637.42321057821,10023.809523809525
2025,2025-05-09,fixed_hedge_reference,0.01,0.25,100,1.0,0.0,60000.0,0.0,-4413.494940101315,10023.809523809525
2025,2025-05-23,fixed_hedge_reference,0.01,0.25,100,1.0,0.0,60000.0,0.0,-10037.90424077556,10023.809523809525
2025,2025-06-09,fixed_hedge_reference,0.01,0.25,100,1.0,0.0,60000.0,0.0,-5845.595554005282,10023.809523809525
2025,2025-06-23,fixed_hedge_reference,0.01,0.25,100,1.0,0.0,60000.0,0.0,-21126.3392524521,10023.809523809525
2025,2025-07-07,fixed_hedge_reference,0.01,0.25,100,1.0,0.0,60000.0,0.0,5226.242021994066,10023.809523809525
2025,2025-07-21,fixed_hedge_reference,0.01,0.25,100,1.0,0.0,60000.0,0.0,8530.302440094143,10023.809523809525
2025,2025-08-04,fixed_hedge_reference,0.01,0.25,100,1.0,0.0,60000.0,0.0,-9068.567575104724,10023.809523809525
2025,2025-08-18,fixed_hedge_reference,0.01,0.25,100,1.0,0.0,60000.0,0.0,2315.332221327009,10023.809523809525
2025,2025-09-02,fixed_hedge_reference,0.01,0.25,100,1.0,0.0,60000.0,0.0,-13956.40112479721,10023.809523809525
2025,2025-09-16,fixed_hedge_reference,0.01,0.25,100,1.0,0.0,60000.0,0.0,5526.952564907066,10023.809523809525
2025,2025-09-30,fixed_hedge_reference,0.01,0.25,100,1.0,0.0,60000.0,0.0,14961.883578354978,10023.809523809525
2025,2025-10-14,fixed_hedge_reference,0.01,0.25,100,1.0,0.0,60000.0,0.0,-6729.053214865726,10023.809523809525
2025,2025-10-28,fixed_hedge_reference,0.01,0.25,100,1.0,0.0,60000.0,0.0,4739.004293681261,10023.809523809525
2025,2025-11-11,fixed_hedge_reference,0.01,0.25,100,1.0,0.0,60000.0,0.0,2081.9718530354435,10023.809523809525
2025,2025-11-25,fixed_hedge_reference,0.01,0.25,100,1.0,0.0,60000.0,0.0,-7231.999210154093,10023.809523809525
2025,2025-12-09,fixed_hedge_reference,0.01,0.25,100,1.0,0.0,60000.0,0.0,-12860.154930498957,10023.809523809525
2025,2025-12-23,fixed_hedge_reference,0.01,0.25,100,1.0,0.0,60000.0,0.0,12642.796867402578,10023.809523809525
2025,2025-01-13,fixed_hedge_reference,0.01,1.0,10,1.0,0.0,60000.0,0.0,-29473.80558538696,1023.809523809524
2025,2025-01-27,fixed_hedge_reference,0.01,1.0,10,1.0,0.0,60000.0,0.0,20067.16507716828,1023.809523809524
2025,2025-02-10,fixed_hedge_reference,0.01,1.0,10,1.0,0.0,60000.0,0.0,-13704.715874512423,1023.809523809524
2025,2025-02-24,fixed_hedge_reference,0.01,1.0,10,1.0,0.0,60000.0,0.0,-33169.06597480219,1023.809523809524
2025,2025-03-10,fixed_hedge_reference,0.01,1.0,10,1.0,0.0,60000.0,0.0,2018.742817499278,1023.809523809524
2025,2025-03-24,fixed_hedge_reference,0.01,1.0,10,1.0,0.0,60000.0,0.0,-11658.69159669379,1023.809523809524
2025,2025-04-07,fixed_hedge_reference,0.01,1.0,10,1.0,0.0,60000.0,0.0,-40510.710430529456,1023.809523809524
2025,2025-04-23,fixed_hedge_reference,0.01,1.0,10,1.0,0.0,60000.0,0.0,13637.42321057821,1023.809523809524
2025,2025-05-09,fixed_hedge_reference,0.01,1.0,10,1.0,0.0,60000.0,0.0,-4413.494940101315,1023.809523809524
2025,2025-05-23,fixed_hedge_reference,0.01,1.0,10,1.0,0.0,60000.0,0.0,-10037.90424077556,1023.809523809524
2025,2025-06-09,fixed_hedge_reference,0.01,1.0,10,1.0,0.0,60000.0,0.0,-5845.595554005282,1023.809523809524
2025,2025-06-23,fixed_hedge_reference,0.01,1.0,10,1.0,0.0,60000.0,0.0,-21126.3392524521,1023.809523809524
2025,2025-07-07,fixed_hedge_reference,0.01,1.0,10,1.0,0.0,60000.0,0.0,5226.242021994066,1023.809523809524
2025,2025-07-21,fixed_hedge_reference,0.01,1.0,10,1.0,0.0,60000.0,0.0,8530.302440094143,1023.809523809524
2025,2025-08-04,fixed_hedge_reference,0.01,1.0,10,1.0,0.0,60000.0,0.0,-9068.567575104724,1023.809523809524
2025,2025-08-18,fixed_hedge_reference,0.01,1.0,10,1.0,0.0,60000.0,0.0,2315.332221327009,1023.809523809524
2025,2025-09-02,fixed_hedge_reference,0.01,1.0,10,1.0,0.0,60000.0,0.0,-13956.40112479721,1023.809523809524
2025,2025-09-16,fixed_hedge_reference,0.01,1.0,10,1.0,0.0,60000.0,0.0,5526.952564907066,1023.809523809524
2025,2025-09-30,fixed_hedge_reference,0.01,1.0,10,1.0,0.0,60000.0,0.0,14961.883578354978,1023.809523809524
2025,2025-10-14,fixed_hedge_reference,0.01,1.0,10,1.0,0.0,60000.0,0.0,-6729.053214865726,1023.809523809524
2025,2025-10-28,fixed_hedge_reference,0.01,1.0,10,1.0,0.0,60000.0,0.0,4739.004293681261,1023.809523809524
2025,2025-11-11,fixed_hedge_reference,0.01,1.0,10,1.0,0.0,60000.0,0.0,2081.9718530354435,1023.809523809524
2025,2025-11-25,fixed_hedge_reference,0.01,1.0,10,1.0,0.0,60000.0,0.0,-7231.999210154093,1023.809523809524
2025,2025-12-09,fixed_hedge_reference,0.01,1.0,10,1.0,0.0,60000.0,0.0,-12860.154930498957,1023.809523809524
2025,2025-12-23,fixed_hedge_reference,0.01,1.0,10,1.0,0.0,60000.0,0.0,12642.796867402578,1023.809523809524
2025,2025-01-13,fixed_hedge_reference,0.01,1.0,50,1.0,0.0,60000.0,0.0,-29473.80558538696,5023.809523809524
2025,2025-01-27,fixed_hedge_reference,0.01,1.0,50,1.0,0.0,60000.0,0.0,20067.16507716828,5023.809523809524
2025,2025-02-10,fixed_hedge_reference,0.01,1.0,50,1.0,0.0,60000.0,0.0,-13704.715874512423,5023.809523809524
2025,2025-02-24,fixed_hedge_reference,0.01,1.0,50,1.0,0.0,60000.0,0.0,-33169.06597480219,5023.809523809524
2025,2025-03-10,fixed_hedge_reference,0.01,1.0,50,1.0,0.0,60000.0,0.0,2018.742817499278,5023.809523809524
2025,2025-03-24,fixed_hedge_reference,0.01,1.0,50,1.0,0.0,60000.0,0.0,-11658.69159669379,5023.809523809524
2025,2025-04-07,fixed_hedge_reference,0.01,1.0,50,1.0,0.0,60000.0,0.0,-40510.710430529456,5023.809523809524
2025,2025-04-23,fixed_hedge_reference,0.01,1.0,50,1.0,0.0,60000.0,0.0,13637.42321057821,5023.809523809524
2025,2025-05-09,fixed_hedge_reference,0.01,1.0,50,1.0,0.0,60000.0,0.0,-4413.494940101315,5023.809523809524
2025,2025-05-23,fixed_hedge_reference,0.01,1.0,50,1.0,0.0,60000.0,0.0,-10037.90424077556,5023.809523809524
2025,2025-06-09,fixed_hedge_reference,0.01,1.0,50,1.0,0.0,60000.0,0.0,-5845.595554005282,5023.809523809524
2025,2025-06-23,fixed_hedge_reference,0.01,1.0,50,1.0,0.0,60000.0,0.0,-21126.3392524521,5023.809523809524
2025,2025-07-07,fixed_hedge_reference,0.01,1.0,50,1.0,0.0,60000.0,0.0,5226.242021994066,5023.809523809524
2025,2025-07-21,fixed_hedge_reference,0.01,1.0,50,1.0,0.0,60000.0,0.0,8530.302440094143,5023.809523809524
2025,2025-08-04,fixed_hedge_reference,0.01,1.0,50,1.0,0.0,60000.0,0.0,-9068.567575104724,5023.809523809524
2025,2025-08-18,fixed_hedge_reference,0.01,1.0,50,1.0,0.0,60000.0,0.0,2315.332221327009,5023.809523809524
2025,2025-09-02,fixed_hedge_reference,0.01,1.0,50,1.0,0.0,60000.0,0.0,-13956.40112479721,5023.809523809524
2025,2025-09-16,fixed_hedge_reference,0.01,1.0,50,1.0,0.0,60000.0,0.0,5526.952564907066,5023.809523809524
2025,2025-09-30,fixed_hedge_reference,0.01,1.0,50,1.0,0.0,60000.0,0.0,14961.883578354978,5023.809523809524
2025,2025-10-14,fixed_hedge_reference,0.01,1.0,50,1.0,0.0,60000.0,0.0,-6729.053214865726,5023.809523809524
2025,2025-10-28,fixed_hedge_reference,0.01,1.0,50,1.0,0.0,60000.0,0.0,4739.004293681261,5023.809523809524
2025,2025-11-11,fixed_hedge_reference,0.01,1.0,50,1.0,0.0,60000.0,0.0,2081.9718530354435,5023.809523809524
2025,2025-11-25,fixed_hedge_reference,0.01,1.0,50,1.0,0.0,60000.0,0.0,-7231.999210154093,5023.809523809524
2025,2025-12-09,fixed_hedge_reference,0.01,1.0,50,1.0,0.0,60000.0,0.0,-12860.154930498957,5023.809523809524
2025,2025-12-23,fixed_hedge_reference,0.01,1.0,50,1.0,0.0,60000.0,0.0,12642.796867402578,5023.809523809524
2025,2025-01-13,fixed_hedge_reference,0.01,1.0,100,1.0,0.0,60000.0,0.0,-29473.80558538696,10023.809523809525
2025,2025-01-27,fixed_hedge_reference,0.01,1.0,100,1.0,0.0,60000.0,0.0,20067.16507716828,10023.809523809525
2025,2025-02-10,fixed_hedge_reference,0.01,1.0,100,1.0,0.0,60000.0,0.0,-13704.715874512423,10023.809523809525
2025,2025-02-24,fixed_hedge_reference,0.01,1.0,100,1.0,0.0,60000.0,0.0,-33169.06597480219,10023.809523809525
2025,2025-03-10,fixed_hedge_reference,0.01,1.0,100,1.0,0.0,60000.0,0.0,2018.742817499278,10023.809523809525
2025,2025-03-24,fixed_hedge_reference,0.01,1.0,100,1.0,0.0,60000.0,0.0,-11658.69159669379,10023.809523809525
2025,2025-04-07,fixed_hedge_reference,0.01,1.0,100,1.0,0.0,60000.0,0.0,-40510.710430529456,10023.809523809525
2025,2025-04-23,fixed_hedge_reference,0.01,1.0,100,1.0,0.0,60000.0,0.0,13637.42321057821,10023.809523809525
2025,2025-05-09,fixed_hedge_reference,0.01,1.0,100,1.0,0.0,60000.0,0.0,-4413.494940101315,10023.809523809525
2025,2025-05-23,fixed_hedge_reference,0.01,1.0,100,1.0,0.0,60000.0,0.0,-10037.90424077556,10023.809523809525
2025,2025-06-09,fixed_hedge_reference,0.01,1.0,100,1.0,0.0,60000.0,0.0,-5845.595554005282,10023.809523809525
2025,2025-06-23,fixed_hedge_reference,0.01,1.0,100,1.0,0.0,60000.0,0.0,-21126.3392524521,10023.809523809525
2025,2025-07-07,fixed_hedge_reference,0.01,1.0,100,1.0,0.0,60000.0,0.0,5226.242021994066,10023.809523809525
2025,2025-07-21,fixed_hedge_reference,0.01,1.0,100,1.0,0.0,60000.0,0.0,8530.302440094143,10023.809523809525
2025,2025-08-04,fixed_hedge_reference,0.01,1.0,100,1.0,0.0,60000.0,0.0,-9068.567575104724,10023.809523809525
2025,2025-08-18,fixed_hedge_reference,0.01,1.0,100,1.0,0.0,60000.0,0.0,2315.332221327009,10023.809523809525
2025,2025-09-02,fixed_hedge_reference,0.01,1.0,100,1.0,0.0,60000.0,0.0,-13956.40112479721,10023.809523809525
2025,2025-09-16,fixed_hedge_reference,0.01,1.0,100,1.0,0.0,60000.0,0.0,5526.952564907066,10023.809523809525
2025,2025-09-30,fixed_hedge_reference,0.01,1.0,100,1.0,0.0,60000.0,0.0,14961.883578354978,10023.809523809525
2025,2025-10-14,fixed_hedge_reference,0.01,1.0,100,1.0,0.0,60000.0,0.0,-6729.053214865726,10023.809523809525
2025,2025-10-28,fixed_hedge_reference,0.01,1.0,100,1.0,0.0,60000.0,0.0,4739.004293681261,10023.809523809525
2025,2025-11-11,fixed_hedge_reference,0.01,1.0,100,1.0,0.0,60000.0,0.0,2081.9718530354435,10023.809523809525
2025,2025-11-25,fixed_hedge_reference,0.01,1.0,100,1.0,0.0,60000.0,0.0,-7231.999210154093,10023.809523809525
2025,2025-12-09,fixed_hedge_reference,0.01,1.0,100,1.0,0.0,60000.0,0.0,-12860.154930498957,10023.809523809525
2025,2025-12-23,fixed_hedge_reference,0.01,1.0,100,1.0,0.0,60000.0,0.0,12642.796867402578,10023.809523809525
2025,2025-01-13,fixed_hedge_reference,0.01,2.0,10,1.0,0.0,60000.0,0.0,-29473.80558538696,1023.809523809524
2025,2025-01-27,fixed_hedge_reference,0.01,2.0,10,1.0,0.0,60000.0,0.0,20067.16507716828,1023.809523809524
2025,2025-02-10,fixed_hedge_reference,0.01,2.0,10,1.0,0.0,60000.0,0.0,-13704.715874512423,1023.809523809524
2025,2025-02-24,fixed_hedge_reference,0.01,2.0,10,1.0,0.0,60000.0,0.0,-33169.06597480219,1023.809523809524
2025,2025-03-10,fixed_hedge_reference,0.01,2.0,10,1.0,0.0,60000.0,0.0,2018.742817499278,1023.809523809524
2025,2025-03-24,fixed_hedge_reference,0.01,2.0,10,1.0,0.0,60000.0,0.0,-11658.69159669379,1023.809523809524
2025,2025-04-07,fixed_hedge_reference,0.01,2.0,10,1.0,0.0,60000.0,0.0,-40510.710430529456,1023.809523809524
2025,2025-04-23,fixed_hedge_reference,0.01,2.0,10,1.0,0.0,60000.0,0.0,13637.42321057821,1023.809523809524
2025,2025-05-09,fixed_hedge_reference,0.01,2.0,10,1.0,0.0,60000.0,0.0,-4413.494940101315,1023.809523809524
2025,2025-05-23,fixed_hedge_reference,0.01,2.0,10,1.0,0.0,60000.0,0.0,-10037.90424077556,1023.809523809524
2025,2025-06-09,fixed_hedge_reference,0.01,2.0,10,1.0,0.0,60000.0,0.0,-5845.595554005282,1023.809523809524
2025,2025-06-23,fixed_hedge_reference,0.01,2.0,10,1.0,0.0,60000.0,0.0,-21126.3392524521,1023.809523809524
2025,2025-07-07,fixed_hedge_reference,0.01,2.0,10,1.0,0.0,60000.0,0.0,5226.242021994066,1023.809523809524
2025,2025-07-21,fixed_hedge_reference,0.01,2.0,10,1.0,0.0,60000.0,0.0,8530.302440094143,1023.809523809524
2025,2025-08-04,fixed_hedge_reference,0.01,2.0,10,1.0,0.0,60000.0,0.0,-9068.567575104724,1023.809523809524
2025,2025-08-18,fixed_hedge_reference,0.01,2.0,10,1.0,0.0,60000.0,0.0,2315.332221327009,1023.809523809524
2025,2025-09-02,fixed_hedge_reference,0.01,2.0,10,1.0,0.0,60000.0,0.0,-13956.40112479721,1023.809523809524
2025,2025-09-16,fixed_hedge_reference,0.01,2.0,10,1.0,0.0,60000.0,0.0,5526.952564907066,1023.809523809524
2025,2025-09-30,fixed_hedge_reference,0.01,2.0,10,1.0,0.0,60000.0,0.0,14961.883578354978,1023.809523809524
2025,2025-10-14,fixed_hedge_reference,0.01,2.0,10,1.0,0.0,60000.0,0.0,-6729.053214865726,1023.809523809524
2025,2025-10-28,fixed_hedge_reference,0.01,2.0,10,1.0,0.0,60000.0,0.0,4739.004293681261,1023.809523809524
2025,2025-11-11,fixed_hedge_reference,0.01,2.0,10,1.0,0.0,60000.0,0.0,2081.9718530354435,1023.809523809524
2025,2025-11-25,fixed_hedge_reference,0.01,2.0,10,1.0,0.0,60000.0,0.0,-7231.999210154093,1023.809523809524
2025,2025-12-09,fixed_hedge_reference,0.01,2.0,10,1.0,0.0,60000.0,0.0,-12860.154930498957,1023.809523809524
2025,2025-12-23,fixed_hedge_reference,0.01,2.0,10,1.0,0.0,60000.0,0.0,12642.796867402578,1023.809523809524
2025,2025-01-13,fixed_hedge_reference,0.01,2.0,50,1.0,0.0,60000.0,0.0,-29473.80558538696,5023.809523809524
2025,2025-01-27,fixed_hedge_reference,0.01,2.0,50,1.0,0.0,60000.0,0.0,20067.16507716828,5023.809523809524
2025,2025-02-10,fixed_hedge_reference,0.01,2.0,50,1.0,0.0,60000.0,0.0,-13704.715874512423,5023.809523809524
2025,2025-02-24,fixed_hedge_reference,0.01,2.0,50,1.0,0.0,60000.0,0.0,-33169.06597480219,5023.809523809524
2025,2025-03-10,fixed_hedge_reference,0.01,2.0,50,1.0,0.0,60000.0,0.0,2018.742817499278,5023.809523809524
2025,2025-03-24,fixed_hedge_reference,0.01,2.0,50,1.0,0.0,60000.0,0.0,-11658.69159669379,5023.809523809524
2025,2025-04-07,fixed_hedge_reference,0.01,2.0,50,1.0,0.0,60000.0,0.0,-40510.710430529456,5023.809523809524
2025,2025-04-23,fixed_hedge_reference,0.01,2.0,50,1.0,0.0,60000.0,0.0,13637.42321057821,5023.809523809524
2025,2025-05-09,fixed_hedge_reference,0.01,2.0,50,1.0,0.0,60000.0,0.0,-4413.494940101315,5023.809523809524
2025,2025-05-23,fixed_hedge_reference,0.01,2.0,50,1.0,0.0,60000.0,0.0,-10037.90424077556,5023.809523809524
2025,2025-06-09,fixed_hedge_reference,0.01,2.0,50,1.0,0.0,60000.0,0.0,-5845.595554005282,5023.809523809524
2025,2025-06-23,fixed_hedge_reference,0.01,2.0,50,1.0,0.0,60000.0,0.0,-21126.3392524521,5023.809523809524
2025,2025-07-07,fixed_hedge_reference,0.01,2.0,50,1.0,0.0,60000.0,0.0,5226.242021994066,5023.809523809524
2025,2025-07-21,fixed_hedge_reference,0.01,2.0,50,1.0,0.0,60000.0,0.0,8530.302440094143,5023.809523809524
2025,2025-08-04,fixed_hedge_reference,0.01,2.0,50,1.0,0.0,60000.0,0.0,-9068.567575104724,5023.809523809524
2025,2025-08-18,fixed_hedge_reference,0.01,2.0,50,1.0,0.0,60000.0,0.0,2315.332221327009,5023.809523809524
2025,2025-09-02,fixed_hedge_reference,0.01,2.0,50,1.0,0.0,60000.0,0.0,-13956.40112479721,5023.809523809524
2025,2025-09-16,fixed_hedge_reference,0.01,2.0,50,1.0,0.0,60000.0,0.0,5526.952564907066,5023.809523809524
2025,2025-09-30,fixed_hedge_reference,0.01,2.0,50,1.0,0.0,60000.0,0.0,14961.883578354978,5023.809523809524
2025,2025-10-14,fixed_hedge_reference,0.01,2.0,50,1.0,0.0,60000.0,0.0,-6729.053214865726,5023.809523809524
2025,2025-10-28,fixed_hedge_reference,0.01,2.0,50,1.0,0.0,60000.0,0.0,4739.004293681261,5023.809523809524
2025,2025-11-11,fixed_hedge_reference,0.01,2.0,50,1.0,0.0,60000.0,0.0,2081.9718530354435,5023.809523809524
2025,2025-11-25,fixed_hedge_reference,0.01,2.0,50,1.0,0.0,60000.0,0.0,-7231.999210154093,5023.809523809524
2025,2025-12-09,fixed_hedge_reference,0.01,2.0,50,1.0,0.0,60000.0,0.0,-12860.154930498957,5023.809523809524
2025,2025-12-23,fixed_hedge_reference,0.01,2.0,50,1.0,0.0,60000.0,0.0,12642.796867402578,5023.809523809524
2025,2025-01-13,fixed_hedge_reference,0.01,2.0,100,1.0,0.0,60000.0,0.0,-29473.80558538696,10023.809523809525
2025,2025-01-27,fixed_hedge_reference,0.01,2.0,100,1.0,0.0,60000.0,0.0,20067.16507716828,10023.809523809525
2025,2025-02-10,fixed_hedge_reference,0.01,2.0,100,1.0,0.0,60000.0,0.0,-13704.715874512423,10023.809523809525
2025,2025-02-24,fixed_hedge_reference,0.01,2.0,100,1.0,0.0,60000.0,0.0,-33169.06597480219,10023.809523809525
2025,2025-03-10,fixed_hedge_reference,0.01,2.0,100,1.0,0.0,60000.0,0.0,2018.742817499278,10023.809523809525
2025,2025-03-24,fixed_hedge_reference,0.01,2.0,100,1.0,0.0,60000.0,0.0,-11658.69159669379,10023.809523809525
2025,2025-04-07,fixed_hedge_reference,0.01,2.0,100,1.0,0.0,60000.0,0.0,-40510.710430529456,10023.809523809525
2025,2025-04-23,fixed_hedge_reference,0.01,2.0,100,1.0,0.0,60000.0,0.0,13637.42321057821,10023.809523809525
2025,2025-05-09,fixed_hedge_reference,0.01,2.0,100,1.0,0.0,60000.0,0.0,-4413.494940101315,10023.809523809525
2025,2025-05-23,fixed_hedge_reference,0.01,2.0,100,1.0,0.0,60000.0,0.0,-10037.90424077556,10023.809523809525
2025,2025-06-09,fixed_hedge_reference,0.01,2.0,100,1.0,0.0,60000.0,0.0,-5845.595554005282,10023.809523809525
2025,2025-06-23,fixed_hedge_reference,0.01,2.0,100,1.0,0.0,60000.0,0.0,-21126.3392524521,10023.809523809525
2025,2025-07-07,fixed_hedge_reference,0.01,2.0,100,1.0,0.0,60000.0,0.0,5226.242021994066,10023.809523809525
2025,2025-07-21,fixed_hedge_reference,0.01,2.0,100,1.0,0.0,60000.0,0.0,8530.302440094143,10023.809523809525
2025,2025-08-04,fixed_hedge_reference,0.01,2.0,100,1.0,0.0,60000.0,0.0,-9068.567575104724,10023.809523809525
2025,2025-08-18,fixed_hedge_reference,0.01,2.0,100,1.0,0.0,60000.0,0.0,2315.332221327009,10023.809523809525
2025,2025-09-02,fixed_hedge_reference,0.01,2.0,100,1.0,0.0,60000.0,0.0,-13956.40112479721,10023.809523809525
2025,2025-09-16,fixed_hedge_reference,0.01,2.0,100,1.0,0.0,60000.0,0.0,5526.952564907066,10023.809523809525
2025,2025-09-30,fixed_hedge_reference,0.01,2.0,100,1.0,0.0,60000.0,0.0,14961.883578354978,10023.809523809525
2025,2025-10-14,fixed_hedge_reference,0.01,2.0,100,1.0,0.0,60000.0,0.0,-6729.053214865726,10023.809523809525
2025,2025-10-28,fixed_hedge_reference,0.01,2.0,100,1.0,0.0,60000.0,0.0,4739.004293681261,10023.809523809525
2025,2025-11-11,fixed_hedge_reference,0.01,2.0,100,1.0,0.0,60000.0,0.0,2081.9718530354435,10023.809523809525
2025,2025-11-25,fixed_hedge_reference,0.01,2.0,100,1.0,0.0,60000.0,0.0,-7231.999210154093,10023.809523809525
2025,2025-12-09,fixed_hedge_reference,0.01,2.0,100,1.0,0.0,60000.0,0.0,-12860.154930498957,10023.809523809525
2025,2025-12-23,fixed_hedge_reference,0.01,2.0,100,1.0,0.0,60000.0,0.0,12642.796867402578,10023.809523809525
2025,2025-01-13,fixed_hedge_reference,0.05,0.25,10,1.0,0.0,60000.0,0.0,-29473.80558538696,1119.047619047619
2025,2025-01-27,fixed_hedge_reference,0.05,0.25,10,1.0,0.0,60000.0,0.0,20067.16507716828,1119.047619047619
2025,2025-02-10,fixed_hedge_reference,0.05,0.25,10,1.0,0.0,60000.0,0.0,-13704.715874512423,1119.047619047619
2025,2025-02-24,fixed_hedge_reference,0.05,0.25,10,1.0,0.0,60000.0,0.0,-33169.06597480219,1119.047619047619
2025,2025-03-10,fixed_hedge_reference,0.05,0.25,10,1.0,0.0,60000.0,0.0,2018.742817499278,1119.047619047619
2025,2025-03-24,fixed_hedge_reference,0.05,0.25,10,1.0,0.0,60000.0,0.0,-11658.69159669379,1119.047619047619
2025,2025-04-07,fixed_hedge_reference,0.05,0.25,10,1.0,0.0,60000.0,0.0,-40510.710430529456,1119.047619047619
2025,2025-04-23,fixed_hedge_reference,0.05,0.25,10,1.0,0.0,60000.0,0.0,13637.42321057821,1119.047619047619
2025,2025-05-09,fixed_hedge_reference,0.05,0.25,10,1.0,0.0,60000.0,0.0,-4413.494940101315,1119.047619047619
2025,2025-05-23,fixed_hedge_reference,0.05,0.25,10,1.0,0.0,60000.0,0.0,-10037.90424077556,1119.047619047619
2025,2025-06-09,fixed_hedge_reference,0.05,0.25,10,1.0,0.0,60000.0,0.0,-5845.595554005282,1119.047619047619
2025,2025-06-23,fixed_hedge_reference,0.05,0.25,10,1.0,0.0,60000.0,0.0,-21126.3392524521,1119.047619047619
2025,2025-07-07,fixed_hedge_reference,0.05,0.25,10,1.0,0.0,60000.0,0.0,5226.242021994066,1119.047619047619
2025,2025-07-21,fixed_hedge_reference,0.05,0.25,10,1.0,0.0,60000.0,0.0,8530.302440094143,1119.047619047619
2025,2025-08-04,fixed_hedge_reference,0.05,0.25,10,1.0,0.0,60000.0,0.0,-9068.567575104724,1119.047619047619
2025,2025-08-18,fixed_hedge_reference,0.05,0.25,10,1.0,0.0,60000.0,0.0,2315.332221327009,1119.047619047619
2025,2025-09-02,fixed_hedge_reference,0.05,0.25,10,1.0,0.0,60000.0,0.0,-13956.40112479721,1119.047619047619
2025,2025-09-16,fixed_hedge_reference,0.05,0.25,10,1.0,0.0,60000.0,0.0,5526.952564907066,1119.047619047619
2025,2025-09-30,fixed_hedge_reference,0.05,0.25,10,1.0,0.0,60000.0,0.0,14961.883578354978,1119.047619047619
2025,2025-10-14,fixed_hedge_reference,0.05,0.25,10,1.0,0.0,60000.0,0.0,-6729.053214865726,1119.047619047619
2025,2025-10-28,fixed_hedge_reference,0.05,0.25,10,1.0,0.0,60000.0,0.0,4739.004293681261,1119.047619047619
2025,2025-11-11,fixed_hedge_reference,0.05,0.25,10,1.0,0.0,60000.0,0.0,2081.9718530354435,1119.047619047619
2025,2025-11-25,fixed_hedge_reference,0.05,0.25,10,1.0,0.0,60000.0,0.0,-7231.999210154093,1119.047619047619
2025,2025-12-09,fixed_hedge_reference,0.05,0.25,10,1.0,0.0,60000.0,0.0,-12860.154930498957,1119.047619047619
2025,2025-12-23,fixed_hedge_reference,0.05,0.25,10,1.0,0.0,60000.0,0.0,12642.796867402578,1119.047619047619
2025,2025-01-13,fixed_hedge_reference,0.05,0.25,50,1.0,0.0,60000.0,0.0,-29473.80558538696,5119.047619047619
2025,2025-01-27,fixed_hedge_reference,0.05,0.25,50,1.0,0.0,60000.0,0.0,20067.16507716828,5119.047619047619
2025,2025-02-10,fixed_hedge_reference,0.05,0.25,50,1.0,0.0,60000.0,0.0,-13704.715874512423,5119.047619047619
2025,2025-02-24,fixed_hedge_reference,0.05,0.25,50,1.0,0.0,60000.0,0.0,-33169.06597480219,5119.047619047619
2025,2025-03-10,fixed_hedge_reference,0.05,0.25,50,1.0,0.0,60000.0,0.0,2018.742817499278,5119.047619047619
2025,2025-03-24,fixed_hedge_reference,0.05,0.25,50,1.0,0.0,60000.0,0.0,-11658.69159669379,5119.047619047619
2025,2025-04-07,fixed_hedge_reference,0.05,0.25,50,1.0,0.0,60000.0,0.0,-40510.710430529456,5119.047619047619
2025,2025-04-23,fixed_hedge_reference,0.05,0.25,50,1.0,0.0,60000.0,0.0,13637.42321057821,5119.047619047619
2025,2025-05-09,fixed_hedge_reference,0.05,0.25,50,1.0,0.0,60000.0,0.0,-4413.494940101315,5119.047619047619
2025,2025-05-23,fixed_hedge_reference,0.05,0.25,50,1.0,0.0,60000.0,0.0,-10037.90424077556,5119.047619047619
2025,2025-06-09,fixed_hedge_reference,0.05,0.25,50,1.0,0.0,60000.0,0.0,-5845.595554005282,5119.047619047619
2025,2025-06-23,fixed_hedge_reference,0.05,0.25,50,1.0,0.0,60000.0,0.0,-21126.3392524521,5119.047619047619
2025,2025-07-07,fixed_hedge_reference,0.05,0.25,50,1.0,0.0,60000.0,0.0,5226.242021994066,5119.047619047619
2025,2025-07-21,fixed_hedge_reference,0.05,0.25,50,1.0,0.0,60000.0,0.0,8530.302440094143,5119.047619047619
2025,2025-08-04,fixed_hedge_reference,0.05,0.25,50,1.0,0.0,60000.0,0.0,-9068.567575104724,5119.047619047619
2025,2025-08-18,fixed_hedge_reference,0.05,0.25,50,1.0,0.0,60000.0,0.0,2315.332221327009,5119.047619047619
2025,2025-09-02,fixed_hedge_reference,0.05,0.25,50,1.0,0.0,60000.0,0.0,-13956.40112479721,5119.047619047619
2025,2025-09-16,fixed_hedge_reference,0.05,0.25,50,1.0,0.0,60000.0,0.0,5526.952564907066,5119.047619047619
2025,2025-09-30,fixed_hedge_reference,0.05,0.25,50,1.0,0.0,60000.0,0.0,14961.883578354978,5119.047619047619
2025,2025-10-14,fixed_hedge_reference,0.05,0.25,50,1.0,0.0,60000.0,0.0,-6729.053214865726,5119.047619047619
2025,2025-10-28,fixed_hedge_reference,0.05,0.25,50,1.0,0.0,60000.0,0.0,4739.004293681261,5119.047619047619
2025,2025-11-11,fixed_hedge_reference,0.05,0.25,50,1.0,0.0,60000.0,0.0,2081.9718530354435,5119.047619047619
2025,2025-11-25,fixed_hedge_reference,0.05,0.25,50,1.0,0.0,60000.0,0.0,-7231.999210154093,5119.047619047619
2025,2025-12-09,fixed_hedge_reference,0.05,0.25,50,1.0,0.0,60000.0,0.0,-12860.154930498957,5119.047619047619
2025,2025-12-23,fixed_hedge_reference,0.05,0.25,50,1.0,0.0,60000.0,0.0,12642.796867402578,5119.047619047619
2025,2025-01-13,fixed_hedge_reference,0.05,0.25,100,1.0,0.0,60000.0,0.0,-29473.80558538696,10119.047619047618
2025,2025-01-27,fixed_hedge_reference,0.05,0.25,100,1.0,0.0,60000.0,0.0,20067.16507716828,10119.047619047618
2025,2025-02-10,fixed_hedge_reference,0.05,0.25,100,1.0,0.0,60000.0,0.0,-13704.715874512423,10119.047619047618
2025,2025-02-24,fixed_hedge_reference,0.05,0.25,100,1.0,0.0,60000.0,0.0,-33169.06597480219,10119.047619047618
2025,2025-03-10,fixed_hedge_reference,0.05,0.25,100,1.0,0.0,60000.0,0.0,2018.742817499278,10119.047619047618
2025,2025-03-24,fixed_hedge_reference,0.05,0.25,100,1.0,0.0,60000.0,0.0,-11658.69159669379,10119.047619047618
2025,2025-04-07,fixed_hedge_reference,0.05,0.25,100,1.0,0.0,60000.0,0.0,-40510.710430529456,10119.047619047618
2025,2025-04-23,fixed_hedge_reference,0.05,0.25,100,1.0,0.0,60000.0,0.0,13637.42321057821,10119.047619047618
2025,2025-05-09,fixed_hedge_reference,0.05,0.25,100,1.0,0.0,60000.0,0.0,-4413.494940101315,10119.047619047618
2025,2025-05-23,fixed_hedge_reference,0.05,0.25,100,1.0,0.0,60000.0,0.0,-10037.90424077556,10119.047619047618
2025,2025-06-09,fixed_hedge_reference,0.05,0.25,100,1.0,0.0,60000.0,0.0,-5845.595554005282,10119.047619047618
2025,2025-06-23,fixed_hedge_reference,0.05,0.25,100,1.0,0.0,60000.0,0.0,-21126.3392524521,10119.047619047618
2025,2025-07-07,fixed_hedge_reference,0.05,0.25,100,1.0,0.0,60000.0,0.0,5226.242021994066,10119.047619047618
2025,2025-07-21,fixed_hedge_reference,0.05,0.25,100,1.0,0.0,60000.0,0.0,8530.302440094143,10119.047619047618
2025,2025-08-04,fixed_hedge_reference,0.05,0.25,100,1.0,0.0,60000.0,0.0,-9068.567575104724,10119.047619047618
2025,2025-08-18,fixed_hedge_reference,0.05,0.25,100,1.0,0.0,60000.0,0.0,2315.332221327009,10119.047619047618
2025,2025-09-02,fixed_hedge_reference,0.05,0.25,100,1.0,0.0,60000.0,0.0,-13956.40112479721,10119.047619047618
2025,2025-09-16,fixed_hedge_reference,0.05,0.25,100,1.0,0.0,60000.0,0.0,5526.952564907066,10119.047619047618
2025,2025-09-30,fixed_hedge_reference,0.05,0.25,100,1.0,0.0,60000.0,0.0,14961.883578354978,10119.047619047618
2025,2025-10-14,fixed_hedge_reference,0.05,0.25,100,1.0,0.0,60000.0,0.0,-6729.053214865726,10119.047619047618
2025,2025-10-28,fixed_hedge_reference,0.05,0.25,100,1.0,0.0,60000.0,0.0,4739.004293681261,10119.047619047618
2025,2025-11-11,fixed_hedge_reference,0.05,0.25,100,1.0,0.0,60000.0,0.0,2081.9718530354435,10119.047619047618
2025,2025-11-25,fixed_hedge_reference,0.05,0.25,100,1.0,0.0,60000.0,0.0,-7231.999210154093,10119.047619047618
2025,2025-12-09,fixed_hedge_reference,0.05,0.25,100,1.0,0.0,60000.0,0.0,-12860.154930498957,10119.047619047618
2025,2025-12-23,fixed_hedge_reference,0.05,0.25,100,1.0,0.0,60000.0,0.0,12642.796867402578,10119.047619047618
2025,2025-01-13,fixed_hedge_reference,0.05,1.0,10,1.0,0.0,60000.0,0.0,-29473.80558538696,1119.047619047619
2025,2025-01-27,fixed_hedge_reference,0.05,1.0,10,1.0,0.0,60000.0,0.0,20067.16507716828,1119.047619047619
2025,2025-02-10,fixed_hedge_reference,0.05,1.0,10,1.0,0.0,60000.0,0.0,-13704.715874512423,1119.047619047619
2025,2025-02-24,fixed_hedge_reference,0.05,1.0,10,1.0,0.0,60000.0,0.0,-33169.06597480219,1119.047619047619
2025,2025-03-10,fixed_hedge_reference,0.05,1.0,10,1.0,0.0,60000.0,0.0,2018.742817499278,1119.047619047619
2025,2025-03-24,fixed_hedge_reference,0.05,1.0,10,1.0,0.0,60000.0,0.0,-11658.69159669379,1119.047619047619
2025,2025-04-07,fixed_hedge_reference,0.05,1.0,10,1.0,0.0,60000.0,0.0,-40510.710430529456,1119.047619047619
2025,2025-04-23,fixed_hedge_reference,0.05,1.0,10,1.0,0.0,60000.0,0.0,13637.42321057821,1119.047619047619
2025,2025-05-09,fixed_hedge_reference,0.05,1.0,10,1.0,0.0,60000.0,0.0,-4413.494940101315,1119.047619047619
2025,2025-05-23,fixed_hedge_reference,0.05,1.0,10,1.0,0.0,60000.0,0.0,-10037.90424077556,1119.047619047619
2025,2025-06-09,fixed_hedge_reference,0.05,1.0,10,1.0,0.0,60000.0,0.0,-5845.595554005282,1119.047619047619
2025,2025-06-23,fixed_hedge_reference,0.05,1.0,10,1.0,0.0,60000.0,0.0,-21126.3392524521,1119.047619047619
2025,2025-07-07,fixed_hedge_reference,0.05,1.0,10,1.0,0.0,60000.0,0.0,5226.242021994066,1119.047619047619
2025,2025-07-21,fixed_hedge_reference,0.05,1.0,10,1.0,0.0,60000.0,0.0,8530.302440094143,1119.047619047619
2025,2025-08-04,fixed_hedge_reference,0.05,1.0,10,1.0,0.0,60000.0,0.0,-9068.567575104724,1119.047619047619
2025,2025-08-18,fixed_hedge_reference,0.05,1.0,10,1.0,0.0,60000.0,0.0,2315.332221327009,1119.047619047619
2025,2025-09-02,fixed_hedge_reference,0.05,1.0,10,1.0,0.0,60000.0,0.0,-13956.40112479721,1119.047619047619
2025,2025-09-16,fixed_hedge_reference,0.05,1.0,10,1.0,0.0,60000.0,0.0,5526.952564907066,1119.047619047619
2025,2025-09-30,fixed_hedge_reference,0.05,1.0,10,1.0,0.0,60000.0,0.0,14961.883578354978,1119.047619047619
2025,2025-10-14,fixed_hedge_reference,0.05,1.0,10,1.0,0.0,60000.0,0.0,-6729.053214865726,1119.047619047619
2025,2025-10-28,fixed_hedge_reference,0.05,1.0,10,1.0,0.0,60000.0,0.0,4739.004293681261,1119.047619047619
2025,2025-11-11,fixed_hedge_reference,0.05,1.0,10,1.0,0.0,60000.0,0.0,2081.9718530354435,1119.047619047619
2025,2025-11-25,fixed_hedge_reference,0.05,1.0,10,1.0,0.0,60000.0,0.0,-7231.999210154093,1119.047619047619
2025,2025-12-09,fixed_hedge_reference,0.05,1.0,10,1.0,0.0,60000.0,0.0,-12860.154930498957,1119.047619047619
2025,2025-12-23,fixed_hedge_reference,0.05,1.0,10,1.0,0.0,60000.0,0.0,12642.796867402578,1119.047619047619
2025,2025-01-13,fixed_hedge_reference,0.05,1.0,50,1.0,0.0,60000.0,0.0,-29473.80558538696,5119.047619047619
2025,2025-01-27,fixed_hedge_reference,0.05,1.0,50,1.0,0.0,60000.0,0.0,20067.16507716828,5119.047619047619
2025,2025-02-10,fixed_hedge_reference,0.05,1.0,50,1.0,0.0,60000.0,0.0,-13704.715874512423,5119.047619047619
2025,2025-02-24,fixed_hedge_reference,0.05,1.0,50,1.0,0.0,60000.0,0.0,-33169.06597480219,5119.047619047619
2025,2025-03-10,fixed_hedge_reference,0.05,1.0,50,1.0,0.0,60000.0,0.0,2018.742817499278,5119.047619047619
2025,2025-03-24,fixed_hedge_reference,0.05,1.0,50,1.0,0.0,60000.0,0.0,-11658.69159669379,5119.047619047619
2025,2025-04-07,fixed_hedge_reference,0.05,1.0,50,1.0,0.0,60000.0,0.0,-40510.710430529456,5119.047619047619
2025,2025-04-23,fixed_hedge_reference,0.05,1.0,50,1.0,0.0,60000.0,0.0,13637.42321057821,5119.047619047619
2025,2025-05-09,fixed_hedge_reference,0.05,1.0,50,1.0,0.0,60000.0,0.0,-4413.494940101315,5119.047619047619
2025,2025-05-23,fixed_hedge_reference,0.05,1.0,50,1.0,0.0,60000.0,0.0,-10037.90424077556,5119.047619047619
2025,2025-06-09,fixed_hedge_reference,0.05,1.0,50,1.0,0.0,60000.0,0.0,-5845.595554005282,5119.047619047619
2025,2025-06-23,fixed_hedge_reference,0.05,1.0,50,1.0,0.0,60000.0,0.0,-21126.3392524521,5119.047619047619
2025,2025-07-07,fixed_hedge_reference,0.05,1.0,50,1.0,0.0,60000.0,0.0,5226.242021994066,5119.047619047619
2025,2025-07-21,fixed_hedge_reference,0.05,1.0,50,1.0,0.0,60000.0,0.0,8530.302440094143,5119.047619047619
2025,2025-08-04,fixed_hedge_reference,0.05,1.0,50,1.0,0.0,60000.0,0.0,-9068.567575104724,5119.047619047619
2025,2025-08-18,fixed_hedge_reference,0.05,1.0,50,1.0,0.0,60000.0,0.0,2315.332221327009,5119.047619047619
2025,2025-09-02,fixed_hedge_reference,0.05,1.0,50,1.0,0.0,60000.0,0.0,-13956.40112479721,5119.047619047619
2025,2025-09-16,fixed_hedge_reference,0.05,1.0,50,1.0,0.0,60000.0,0.0,5526.952564907066,5119.047619047619
2025,2025-09-30,fixed_hedge_reference,0.05,1.0,50,1.0,0.0,60000.0,0.0,14961.883578354978,5119.047619047619
2025,2025-10-14,fixed_hedge_reference,0.05,1.0,50,1.0,0.0,60000.0,0.0,-6729.053214865726,5119.047619047619
2025,2025-10-28,fixed_hedge_reference,0.05,1.0,50,1.0,0.0,60000.0,0.0,4739.004293681261,5119.047619047619
2025,2025-11-11,fixed_hedge_reference,0.05,1.0,50,1.0,0.0,60000.0,0.0,2081.9718530354435,5119.047619047619
2025,2025-11-25,fixed_hedge_reference,0.05,1.0,50,1.0,0.0,60000.0,0.0,-7231.999210154093,5119.047619047619
2025,2025-12-09,fixed_hedge_reference,0.05,1.0,50,1.0,0.0,60000.0,0.0,-12860.154930498957,5119.047619047619
2025,2025-12-23,fixed_hedge_reference,0.05,1.0,50,1.0,0.0,60000.0,0.0,12642.796867402578,5119.047619047619
2025,2025-01-13,fixed_hedge_reference,0.05,1.0,100,1.0,0.0,60000.0,0.0,-29473.80558538696,10119.047619047618
2025,2025-01-27,fixed_hedge_reference,0.05,1.0,100,1.0,0.0,60000.0,0.0,20067.16507716828,10119.047619047618
2025,2025-02-10,fixed_hedge_reference,0.05,1.0,100,1.0,0.0,60000.0,0.0,-13704.715874512423,10119.047619047618
2025,2025-02-24,fixed_hedge_reference,0.05,1.0,100,1.0,0.0,60000.0,0.0,-33169.06597480219,10119.047619047618
2025,2025-03-10,fixed_hedge_reference,0.05,1.0,100,1.0,0.0,60000.0,0.0,2018.742817499278,10119.047619047618
2025,2025-03-24,fixed_hedge_reference,0.05,1.0,100,1.0,0.0,60000.0,0.0,-11658.69159669379,10119.047619047618
2025,2025-04-07,fixed_hedge_reference,0.05,1.0,100,1.0,0.0,60000.0,0.0,-40510.710430529456,10119.047619047618
2025,2025-04-23,fixed_hedge_reference,0.05,1.0,100,1.0,0.0,60000.0,0.0,13637.42321057821,10119.047619047618
2025,2025-05-09,fixed_hedge_reference,0.05,1.0,100,1.0,0.0,60000.0,0.0,-4413.494940101315,10119.047619047618
2025,2025-05-23,fixed_hedge_reference,0.05,1.0,100,1.0,0.0,60000.0,0.0,-10037.90424077556,10119.047619047618
2025,2025-06-09,fixed_hedge_reference,0.05,1.0,100,1.0,0.0,60000.0,0.0,-5845.595554005282,10119.047619047618
2025,2025-06-23,fixed_hedge_reference,0.05,1.0,100,1.0,0.0,60000.0,0.0,-21126.3392524521,10119.047619047618
2025,2025-07-07,fixed_hedge_reference,0.05,1.0,100,1.0,0.0,60000.0,0.0,5226.242021994066,10119.047619047618
2025,2025-07-21,fixed_hedge_reference,0.05,1.0,100,1.0,0.0,60000.0,0.0,8530.302440094143,10119.047619047618
2025,2025-08-04,fixed_hedge_reference,0.05,1.0,100,1.0,0.0,60000.0,0.0,-9068.567575104724,10119.047619047618
2025,2025-08-18,fixed_hedge_reference,0.05,1.0,100,1.0,0.0,60000.0,0.0,2315.332221327009,10119.047619047618
2025,2025-09-02,fixed_hedge_reference,0.05,1.0,100,1.0,0.0,60000.0,0.0,-13956.40112479721,10119.047619047618
2025,2025-09-16,fixed_hedge_reference,0.05,1.0,100,1.0,0.0,60000.0,0.0,5526.952564907066,10119.047619047618
2025,2025-09-30,fixed_hedge_reference,0.05,1.0,100,1.0,0.0,60000.0,0.0,14961.883578354978,10119.047619047618
2025,2025-10-14,fixed_hedge_reference,0.05,1.0,100,1.0,0.0,60000.0,0.0,-6729.053214865726,10119.047619047618
2025,2025-10-28,fixed_hedge_reference,0.05,1.0,100,1.0,0.0,60000.0,0.0,4739.004293681261,10119.047619047618
2025,2025-11-11,fixed_hedge_reference,0.05,1.0,100,1.0,0.0,60000.0,0.0,2081.9718530354435,10119.047619047618
2025,2025-11-25,fixed_hedge_reference,0.05,1.0,100,1.0,0.0,60000.0,0.0,-7231.999210154093,10119.047619047618
2025,2025-12-09,fixed_hedge_reference,0.05,1.0,100,1.0,0.0,60000.0,0.0,-12860.154930498957,10119.047619047618
2025,2025-12-23,fixed_hedge_reference,0.05,1.0,100,1.0,0.0,60000.0,0.0,12642.796867402578,10119.047619047618
2025,2025-01-13,fixed_hedge_reference,0.05,2.0,10,1.0,0.0,60000.0,0.0,-29473.80558538696,1119.047619047619
2025,2025-01-27,fixed_hedge_reference,0.05,2.0,10,1.0,0.0,60000.0,0.0,20067.16507716828,1119.047619047619
2025,2025-02-10,fixed_hedge_reference,0.05,2.0,10,1.0,0.0,60000.0,0.0,-13704.715874512423,1119.047619047619
2025,2025-02-24,fixed_hedge_reference,0.05,2.0,10,1.0,0.0,60000.0,0.0,-33169.06597480219,1119.047619047619
2025,2025-03-10,fixed_hedge_reference,0.05,2.0,10,1.0,0.0,60000.0,0.0,2018.742817499278,1119.047619047619
2025,2025-03-24,fixed_hedge_reference,0.05,2.0,10,1.0,0.0,60000.0,0.0,-11658.69159669379,1119.047619047619
2025,2025-04-07,fixed_hedge_reference,0.05,2.0,10,1.0,0.0,60000.0,0.0,-40510.710430529456,1119.047619047619
2025,2025-04-23,fixed_hedge_reference,0.05,2.0,10,1.0,0.0,60000.0,0.0,13637.42321057821,1119.047619047619
2025,2025-05-09,fixed_hedge_reference,0.05,2.0,10,1.0,0.0,60000.0,0.0,-4413.494940101315,1119.047619047619
2025,2025-05-23,fixed_hedge_reference,0.05,2.0,10,1.0,0.0,60000.0,0.0,-10037.90424077556,1119.047619047619
2025,2025-06-09,fixed_hedge_reference,0.05,2.0,10,1.0,0.0,60000.0,0.0,-5845.595554005282,1119.047619047619
2025,2025-06-23,fixed_hedge_reference,0.05,2.0,10,1.0,0.0,60000.0,0.0,-21126.3392524521,1119.047619047619
2025,2025-07-07,fixed_hedge_reference,0.05,2.0,10,1.0,0.0,60000.0,0.0,5226.242021994066,1119.047619047619
2025,2025-07-21,fixed_hedge_reference,0.05,2.0,10,1.0,0.0,60000.0,0.0,8530.302440094143,1119.047619047619
2025,2025-08-04,fixed_hedge_reference,0.05,2.0,10,1.0,0.0,60000.0,0.0,-9068.567575104724,1119.047619047619
2025,2025-08-18,fixed_hedge_reference,0.05,2.0,10,1.0,0.0,60000.0,0.0,2315.332221327009,1119.047619047619
2025,2025-09-02,fixed_hedge_reference,0.05,2.0,10,1.0,0.0,60000.0,0.0,-13956.40112479721,1119.047619047619
2025,2025-09-16,fixed_hedge_reference,0.05,2.0,10,1.0,0.0,60000.0,0.0,5526.952564907066,1119.047619047619
2025,2025-09-30,fixed_hedge_reference,0.05,2.0,10,1.0,0.0,60000.0,0.0,14961.883578354978,1119.047619047619
2025,2025-10-14,fixed_hedge_reference,0.05,2.0,10,1.0,0.0,60000.0,0.0,-6729.053214865726,1119.047619047619
2025,2025-10-28,fixed_hedge_reference,0.05,2.0,10,1.0,0.0,60000.0,0.0,4739.004293681261,1119.047619047619
2025,2025-11-11,fixed_hedge_reference,0.05,2.0,10,1.0,0.0,60000.0,0.0,2081.9718530354435,1119.047619047619
2025,2025-11-25,fixed_hedge_reference,0.05,2.0,10,1.0,0.0,60000.0,0.0,-7231.999210154093,1119.047619047619
2025,2025-12-09,fixed_hedge_reference,0.05,2.0,10,1.0,0.0,60000.0,0.0,-12860.154930498957,1119.047619047619
2025,2025-12-23,fixed_hedge_reference,0.05,2.0,10,1.0,0.0,60000.0,0.0,12642.796867402578,1119.047619047619
2025,2025-01-13,fixed_hedge_reference,0.05,2.0,50,1.0,0.0,60000.0,0.0,-29473.80558538696,5119.047619047619
2025,2025-01-27,fixed_hedge_reference,0.05,2.0,50,1.0,0.0,60000.0,0.0,20067.16507716828,5119.047619047619
2025,2025-02-10,fixed_hedge_reference,0.05,2.0,50,1.0,0.0,60000.0,0.0,-13704.715874512423,5119.047619047619
2025,2025-02-24,fixed_hedge_reference,0.05,2.0,50,1.0,0.0,60000.0,0.0,-33169.06597480219,5119.047619047619
2025,2025-03-10,fixed_hedge_reference,0.05,2.0,50,1.0,0.0,60000.0,0.0,2018.742817499278,5119.047619047619
2025,2025-03-24,fixed_hedge_reference,0.05,2.0,50,1.0,0.0,60000.0,0.0,-11658.69159669379,5119.047619047619
2025,2025-04-07,fixed_hedge_reference,0.05,2.0,50,1.0,0.0,60000.0,0.0,-40510.710430529456,5119.047619047619
2025,2025-04-23,fixed_hedge_reference,0.05,2.0,50,1.0,0.0,60000.0,0.0,13637.42321057821,5119.047619047619
2025,2025-05-09,fixed_hedge_reference,0.05,2.0,50,1.0,0.0,60000.0,0.0,-4413.494940101315,5119.047619047619
2025,2025-05-23,fixed_hedge_reference,0.05,2.0,50,1.0,0.0,60000.0,0.0,-10037.90424077556,5119.047619047619
2025,2025-06-09,fixed_hedge_reference,0.05,2.0,50,1.0,0.0,60000.0,0.0,-5845.595554005282,5119.047619047619
2025,2025-06-23,fixed_hedge_reference,0.05,2.0,50,1.0,0.0,60000.0,0.0,-21126.3392524521,5119.047619047619
2025,2025-07-07,fixed_hedge_reference,0.05,2.0,50,1.0,0.0,60000.0,0.0,5226.242021994066,5119.047619047619
2025,2025-07-21,fixed_hedge_reference,0.05,2.0,50,1.0,0.0,60000.0,0.0,8530.302440094143,5119.047619047619
2025,2025-08-04,fixed_hedge_reference,0.05,2.0,50,1.0,0.0,60000.0,0.0,-9068.567575104724,5119.047619047619
2025,2025-08-18,fixed_hedge_reference,0.05,2.0,50,1.0,0.0,60000.0,0.0,2315.332221327009,5119.047619047619
2025,2025-09-02,fixed_hedge_reference,0.05,2.0,50,1.0,0.0,60000.0,0.0,-13956.40112479721,5119.047619047619
2025,2025-09-16,fixed_hedge_reference,0.05,2.0,50,1.0,0.0,60000.0,0.0,5526.952564907066,5119.047619047619
2025,2025-09-30,fixed_hedge_reference,0.05,2.0,50,1.0,0.0,60000.0,0.0,14961.883578354978,5119.047619047619
2025,2025-10-14,fixed_hedge_reference,0.05,2.0,50,1.0,0.0,60000.0,0.0,-6729.053214865726,5119.047619047619
2025,2025-10-28,fixed_hedge_reference,0.05,2.0,50,1.0,0.0,60000.0,0.0,4739.004293681261,5119.047619047619
2025,2025-11-11,fixed_hedge_reference,0.05,2.0,50,1.0,0.0,60000.0,0.0,2081.9718530354435,5119.047619047619
2025,2025-11-25,fixed_hedge_reference,0.05,2.0,50,1.0,0.0,60000.0,0.0,-7231.999210154093,5119.047619047619
2025,2025-12-09,fixed_hedge_reference,0.05,2.0,50,1.0,0.0,60000.0,0.0,-12860.154930498957,5119.047619047619
2025,2025-12-23,fixed_hedge_reference,0.05,2.0,50,1.0,0.0,60000.0,0.0,12642.796867402578,5119.047619047619
2025,2025-01-13,fixed_hedge_reference,0.05,2.0,100,1.0,0.0,60000.0,0.0,-29473.80558538696,10119.047619047618
2025,2025-01-27,fixed_hedge_reference,0.05,2.0,100,1.0,0.0,60000.0,0.0,20067.16507716828,10119.047619047618
2025,2025-02-10,fixed_hedge_reference,0.05,2.0,100,1.0,0.0,60000.0,0.0,-13704.715874512423,10119.047619047618
2025,2025-02-24,fixed_hedge_reference,0.05,2.0,100,1.0,0.0,60000.0,0.0,-33169.06597480219,10119.047619047618
2025,2025-03-10,fixed_hedge_reference,0.05,2.0,100,1.0,0.0,60000.0,0.0,2018.742817499278,10119.047619047618
2025,2025-03-24,fixed_hedge_reference,0.05,2.0,100,1.0,0.0,60000.0,0.0,-11658.69159669379,10119.047619047618
2025,2025-04-07,fixed_hedge_reference,0.05,2.0,100,1.0,0.0,60000.0,0.0,-40510.710430529456,10119.047619047618
2025,2025-04-23,fixed_hedge_reference,0.05,2.0,100,1.0,0.0,60000.0,0.0,13637.42321057821,10119.047619047618
2025,2025-05-09,fixed_hedge_reference,0.05,2.0,100,1.0,0.0,60000.0,0.0,-4413.494940101315,10119.047619047618
2025,2025-05-23,fixed_hedge_reference,0.05,2.0,100,1.0,0.0,60000.0,0.0,-10037.90424077556,10119.047619047618
2025,2025-06-09,fixed_hedge_reference,0.05,2.0,100,1.0,0.0,60000.0,0.0,-5845.595554005282,10119.047619047618
2025,2025-06-23,fixed_hedge_reference,0.05,2.0,100,1.0,0.0,60000.0,0.0,-21126.3392524521,10119.047619047618
2025,2025-07-07,fixed_hedge_reference,0.05,2.0,100,1.0,0.0,60000.0,0.0,5226.242021994066,10119.047619047618
2025,2025-07-21,fixed_hedge_reference,0.05,2.0,100,1.0,0.0,60000.0,0.0,8530.302440094143,10119.047619047618
2025,2025-08-04,fixed_hedge_reference,0.05,2.0,100,1.0,0.0,60000.0,0.0,-9068.567575104724,10119.047619047618
2025,2025-08-18,fixed_hedge_reference,0.05,2.0,100,1.0,0.0,60000.0,0.0,2315.332221327009,10119.047619047618
2025,2025-09-02,fixed_hedge_reference,0.05,2.0,100,1.0,0.0,60000.0,0.0,-13956.40112479721,10119.047619047618
2025,2025-09-16,fixed_hedge_reference,0.05,2.0,100,1.0,0.0,60000.0,0.0,5526.952564907066,10119.047619047618
2025,2025-09-30,fixed_hedge_reference,0.05,2.0,100,1.0,0.0,60000.0,0.0,14961.883578354978,10119.047619047618
2025,2025-10-14,fixed_hedge_reference,0.05,2.0,100,1.0,0.0,60000.0,0.0,-6729.053214865726,10119.047619047618
2025,2025-10-28,fixed_hedge_reference,0.05,2.0,100,1.0,0.0,60000.0,0.0,4739.004293681261,10119.047619047618
2025,2025-11-11,fixed_hedge_reference,0.05,2.0,100,1.0,0.0,60000.0,0.0,2081.9718530354435,10119.047619047618
2025,2025-11-25,fixed_hedge_reference,0.05,2.0,100,1.0,0.0,60000.0,0.0,-7231.999210154093,10119.047619047618
2025,2025-12-09,fixed_hedge_reference,0.05,2.0,100,1.0,0.0,60000.0,0.0,-12860.154930498957,10119.047619047618
2025,2025-12-23,fixed_hedge_reference,0.05,2.0,100,1.0,0.0,60000.0,0.0,12642.796867402578,10119.047619047618
2025,2025-01-13,fixed_hedge_reference,0.1,0.25,10,1.0,0.0,60000.0,0.0,-29473.80558538696,1238.095238095238
2025,2025-01-27,fixed_hedge_reference,0.1,0.25,10,1.0,0.0,60000.0,0.0,20067.16507716828,1238.095238095238
2025,2025-02-10,fixed_hedge_reference,0.1,0.25,10,1.0,0.0,60000.0,0.0,-13704.715874512423,1238.095238095238
2025,2025-02-24,fixed_hedge_reference,0.1,0.25,10,1.0,0.0,60000.0,0.0,-33169.06597480219,1238.095238095238
2025,2025-03-10,fixed_hedge_reference,0.1,0.25,10,1.0,0.0,60000.0,0.0,2018.742817499278,1238.095238095238
2025,2025-03-24,fixed_hedge_reference,0.1,0.25,10,1.0,0.0,60000.0,0.0,-11658.69159669379,1238.095238095238
2025,2025-04-07,fixed_hedge_reference,0.1,0.25,10,1.0,0.0,60000.0,0.0,-40510.710430529456,1238.095238095238
2025,2025-04-23,fixed_hedge_reference,0.1,0.25,10,1.0,0.0,60000.0,0.0,13637.42321057821,1238.095238095238
2025,2025-05-09,fixed_hedge_reference,0.1,0.25,10,1.0,0.0,60000.0,0.0,-4413.494940101315,1238.095238095238
2025,2025-05-23,fixed_hedge_reference,0.1,0.25,10,1.0,0.0,60000.0,0.0,-10037.90424077556,1238.095238095238
2025,2025-06-09,fixed_hedge_reference,0.1,0.25,10,1.0,0.0,60000.0,0.0,-5845.595554005282,1238.095238095238
2025,2025-06-23,fixed_hedge_reference,0.1,0.25,10,1.0,0.0,60000.0,0.0,-21126.3392524521,1238.095238095238
2025,2025-07-07,fixed_hedge_reference,0.1,0.25,10,1.0,0.0,60000.0,0.0,5226.242021994066,1238.095238095238
2025,2025-07-21,fixed_hedge_reference,0.1,0.25,10,1.0,0.0,60000.0,0.0,8530.302440094143,1238.095238095238
2025,2025-08-04,fixed_hedge_reference,0.1,0.25,10,1.0,0.0,60000.0,0.0,-9068.567575104724,1238.095238095238
2025,2025-08-18,fixed_hedge_reference,0.1,0.25,10,1.0,0.0,60000.0,0.0,2315.332221327009,1238.095238095238
2025,2025-09-02,fixed_hedge_reference,0.1,0.25,10,1.0,0.0,60000.0,0.0,-13956.40112479721,1238.095238095238
2025,2025-09-16,fixed_hedge_reference,0.1,0.25,10,1.0,0.0,60000.0,0.0,5526.952564907066,1238.095238095238
2025,2025-09-30,fixed_hedge_reference,0.1,0.25,10,1.0,0.0,60000.0,0.0,14961.883578354978,1238.095238095238
2025,2025-10-14,fixed_hedge_reference,0.1,0.25,10,1.0,0.0,60000.0,0.0,-6729.053214865726,1238.095238095238
2025,2025-10-28,fixed_hedge_reference,0.1,0.25,10,1.0,0.0,60000.0,0.0,4739.004293681261,1238.095238095238
2025,2025-11-11,fixed_hedge_reference,0.1,0.25,10,1.0,0.0,60000.0,0.0,2081.9718530354435,1238.095238095238
2025,2025-11-25,fixed_hedge_reference,0.1,0.25,10,1.0,0.0,60000.0,0.0,-7231.999210154093,1238.095238095238
2025,2025-12-09,fixed_hedge_reference,0.1,0.25,10,1.0,0.0,60000.0,0.0,-12860.154930498957,1238.095238095238
2025,2025-12-23,fixed_hedge_reference,0.1,0.25,10,1.0,0.0,60000.0,0.0,12642.796867402578,1238.095238095238
2025,2025-01-13,fixed_hedge_reference,0.1,0.25,50,1.0,0.0,60000.0,0.0,-29473.80558538696,5238.095238095239
2025,2025-01-27,fixed_hedge_reference,0.1,0.25,50,1.0,0.0,60000.0,0.0,20067.16507716828,5238.095238095239
2025,2025-02-10,fixed_hedge_reference,0.1,0.25,50,1.0,0.0,60000.0,0.0,-13704.715874512423,5238.095238095239
2025,2025-02-24,fixed_hedge_reference,0.1,0.25,50,1.0,0.0,60000.0,0.0,-33169.06597480219,5238.095238095239
2025,2025-03-10,fixed_hedge_reference,0.1,0.25,50,1.0,0.0,60000.0,0.0,2018.742817499278,5238.095238095239
2025,2025-03-24,fixed_hedge_reference,0.1,0.25,50,1.0,0.0,60000.0,0.0,-11658.69159669379,5238.095238095239
2025,2025-04-07,fixed_hedge_reference,0.1,0.25,50,1.0,0.0,60000.0,0.0,-40510.710430529456,5238.095238095239
2025,2025-04-23,fixed_hedge_reference,0.1,0.25,50,1.0,0.0,60000.0,0.0,13637.42321057821,5238.095238095239
2025,2025-05-09,fixed_hedge_reference,0.1,0.25,50,1.0,0.0,60000.0,0.0,-4413.494940101315,5238.095238095239
2025,2025-05-23,fixed_hedge_reference,0.1,0.25,50,1.0,0.0,60000.0,0.0,-10037.90424077556,5238.095238095239
2025,2025-06-09,fixed_hedge_reference,0.1,0.25,50,1.0,0.0,60000.0,0.0,-5845.595554005282,5238.095238095239
2025,2025-06-23,fixed_hedge_reference,0.1,0.25,50,1.0,0.0,60000.0,0.0,-21126.3392524521,5238.095238095239
2025,2025-07-07,fixed_hedge_reference,0.1,0.25,50,1.0,0.0,60000.0,0.0,5226.242021994066,5238.095238095239
2025,2025-07-21,fixed_hedge_reference,0.1,0.25,50,1.0,0.0,60000.0,0.0,8530.302440094143,5238.095238095239
2025,2025-08-04,fixed_hedge_reference,0.1,0.25,50,1.0,0.0,60000.0,0.0,-9068.567575104724,5238.095238095239
2025,2025-08-18,fixed_hedge_reference,0.1,0.25,50,1.0,0.0,60000.0,0.0,2315.332221327009,5238.095238095239
2025,2025-09-02,fixed_hedge_reference,0.1,0.25,50,1.0,0.0,60000.0,0.0,-13956.40112479721,5238.095238095239
2025,2025-09-16,fixed_hedge_reference,0.1,0.25,50,1.0,0.0,60000.0,0.0,5526.952564907066,5238.095238095239
2025,2025-09-30,fixed_hedge_reference,0.1,0.25,50,1.0,0.0,60000.0,0.0,14961.883578354978,5238.095238095239
2025,2025-10-14,fixed_hedge_reference,0.1,0.25,50,1.0,0.0,60000.0,0.0,-6729.053214865726,5238.095238095239
2025,2025-10-28,fixed_hedge_reference,0.1,0.25,50,1.0,0.0,60000.0,0.0,4739.004293681261,5238.095238095239
2025,2025-11-11,fixed_hedge_reference,0.1,0.25,50,1.0,0.0,60000.0,0.0,2081.9718530354435,5238.095238095239
2025,2025-11-25,fixed_hedge_reference,0.1,0.25,50,1.0,0.0,60000.0,0.0,-7231.999210154093,5238.095238095239
2025,2025-12-09,fixed_hedge_reference,0.1,0.25,50,1.0,0.0,60000.0,0.0,-12860.154930498957,5238.095238095239
2025,2025-12-23,fixed_hedge_reference,0.1,0.25,50,1.0,0.0,60000.0,0.0,12642.796867402578,5238.095238095239
2025,2025-01-13,fixed_hedge_reference,0.1,0.25,100,1.0,0.0,60000.0,0.0,-29473.80558538696,10238.09523809524
2025,2025-01-27,fixed_hedge_reference,0.1,0.25,100,1.0,0.0,60000.0,0.0,20067.16507716828,10238.09523809524
2025,2025-02-10,fixed_hedge_reference,0.1,0.25,100,1.0,0.0,60000.0,0.0,-13704.715874512423,10238.09523809524
2025,2025-02-24,fixed_hedge_reference,0.1,0.25,100,1.0,0.0,60000.0,0.0,-33169.06597480219,10238.09523809524
2025,2025-03-10,fixed_hedge_reference,0.1,0.25,100,1.0,0.0,60000.0,0.0,2018.742817499278,10238.09523809524
2025,2025-03-24,fixed_hedge_reference,0.1,0.25,100,1.0,0.0,60000.0,0.0,-11658.69159669379,10238.09523809524
2025,2025-04-07,fixed_hedge_reference,0.1,0.25,100,1.0,0.0,60000.0,0.0,-40510.710430529456,10238.09523809524
2025,2025-04-23,fixed_hedge_reference,0.1,0.25,100,1.0,0.0,60000.0,0.0,13637.42321057821,10238.09523809524
2025,2025-05-09,fixed_hedge_reference,0.1,0.25,100,1.0,0.0,60000.0,0.0,-4413.494940101315,10238.09523809524
2025,2025-05-23,fixed_hedge_reference,0.1,0.25,100,1.0,0.0,60000.0,0.0,-10037.90424077556,10238.09523809524
2025,2025-06-09,fixed_hedge_reference,0.1,0.25,100,1.0,0.0,60000.0,0.0,-5845.595554005282,10238.09523809524
2025,2025-06-23,fixed_hedge_reference,0.1,0.25,100,1.0,0.0,60000.0,0.0,-21126.3392524521,10238.09523809524
2025,2025-07-07,fixed_hedge_reference,0.1,0.25,100,1.0,0.0,60000.0,0.0,5226.242021994066,10238.09523809524
2025,2025-07-21,fixed_hedge_reference,0.1,0.25,100,1.0,0.0,60000.0,0.0,8530.302440094143,10238.09523809524
2025,2025-08-04,fixed_hedge_reference,0.1,0.25,100,1.0,0.0,60000.0,0.0,-9068.567575104724,10238.09523809524
2025,2025-08-18,fixed_hedge_reference,0.1,0.25,100,1.0,0.0,60000.0,0.0,2315.332221327009,10238.09523809524
2025,2025-09-02,fixed_hedge_reference,0.1,0.25,100,1.0,0.0,60000.0,0.0,-13956.40112479721,10238.09523809524
2025,2025-09-16,fixed_hedge_reference,0.1,0.25,100,1.0,0.0,60000.0,0.0,5526.952564907066,10238.09523809524
2025,2025-09-30,fixed_hedge_reference,0.1,0.25,100,1.0,0.0,60000.0,0.0,14961.883578354978,10238.09523809524
2025,2025-10-14,fixed_hedge_reference,0.1,0.25,100,1.0,0.0,60000.0,0.0,-6729.053214865726,10238.09523809524
2025,2025-10-28,fixed_hedge_reference,0.1,0.25,100,1.0,0.0,60000.0,0.0,4739.004293681261,10238.09523809524
2025,2025-11-11,fixed_hedge_reference,0.1,0.25,100,1.0,0.0,60000.0,0.0,2081.9718530354435,10238.09523809524
2025,2025-11-25,fixed_hedge_reference,0.1,0.25,100,1.0,0.0,60000.0,0.0,-7231.999210154093,10238.09523809524
2025,2025-12-09,fixed_hedge_reference,0.1,0.25,100,1.0,0.0,60000.0,0.0,-12860.154930498957,10238.09523809524
2025,2025-12-23,fixed_hedge_reference,0.1,0.25,100,1.0,0.0,60000.0,0.0,12642.796867402578,10238.09523809524
2025,2025-01-13,fixed_hedge_reference,0.1,1.0,10,1.0,0.0,60000.0,0.0,-29473.80558538696,1238.095238095238
2025,2025-01-27,fixed_hedge_reference,0.1,1.0,10,1.0,0.0,60000.0,0.0,20067.16507716828,1238.095238095238
2025,2025-02-10,fixed_hedge_reference,0.1,1.0,10,1.0,0.0,60000.0,0.0,-13704.715874512423,1238.095238095238
2025,2025-02-24,fixed_hedge_reference,0.1,1.0,10,1.0,0.0,60000.0,0.0,-33169.06597480219,1238.095238095238
2025,2025-03-10,fixed_hedge_reference,0.1,1.0,10,1.0,0.0,60000.0,0.0,2018.742817499278,1238.095238095238
2025,2025-03-24,fixed_hedge_reference,0.1,1.0,10,1.0,0.0,60000.0,0.0,-11658.69159669379,1238.095238095238
2025,2025-04-07,fixed_hedge_reference,0.1,1.0,10,1.0,0.0,60000.0,0.0,-40510.710430529456,1238.095238095238
2025,2025-04-23,fixed_hedge_reference,0.1,1.0,10,1.0,0.0,60000.0,0.0,13637.42321057821,1238.095238095238
2025,2025-05-09,fixed_hedge_reference,0.1,1.0,10,1.0,0.0,60000.0,0.0,-4413.494940101315,1238.095238095238
2025,2025-05-23,fixed_hedge_reference,0.1,1.0,10,1.0,0.0,60000.0,0.0,-10037.90424077556,1238.095238095238
2025,2025-06-09,fixed_hedge_reference,0.1,1.0,10,1.0,0.0,60000.0,0.0,-5845.595554005282,1238.095238095238
2025,2025-06-23,fixed_hedge_reference,0.1,1.0,10,1.0,0.0,60000.0,0.0,-21126.3392524521,1238.095238095238
2025,2025-07-07,fixed_hedge_reference,0.1,1.0,10,1.0,0.0,60000.0,0.0,5226.242021994066,1238.095238095238
2025,2025-07-21,fixed_hedge_reference,0.1,1.0,10,1.0,0.0,60000.0,0.0,8530.302440094143,1238.095238095238
2025,2025-08-04,fixed_hedge_reference,0.1,1.0,10,1.0,0.0,60000.0,0.0,-9068.567575104724,1238.095238095238
2025,2025-08-18,fixed_hedge_reference,0.1,1.0,10,1.0,0.0,60000.0,0.0,2315.332221327009,1238.095238095238
2025,2025-09-02,fixed_hedge_reference,0.1,1.0,10,1.0,0.0,60000.0,0.0,-13956.40112479721,1238.095238095238
2025,2025-09-16,fixed_hedge_reference,0.1,1.0,10,1.0,0.0,60000.0,0.0,5526.952564907066,1238.095238095238
2025,2025-09-30,fixed_hedge_reference,0.1,1.0,10,1.0,0.0,60000.0,0.0,14961.883578354978,1238.095238095238
2025,2025-10-14,fixed_hedge_reference,0.1,1.0,10,1.0,0.0,60000.0,0.0,-6729.053214865726,1238.095238095238
2025,2025-10-28,fixed_hedge_reference,0.1,1.0,10,1.0,0.0,60000.0,0.0,4739.004293681261,1238.095238095238
2025,2025-11-11,fixed_hedge_reference,0.1,1.0,10,1.0,0.0,60000.0,0.0,2081.9718530354435,1238.095238095238
2025,2025-11-25,fixed_hedge_reference,0.1,1.0,10,1.0,0.0,60000.0,0.0,-7231.999210154093,1238.095238095238
2025,2025-12-09,fixed_hedge_reference,0.1,1.0,10,1.0,0.0,60000.0,0.0,-12860.154930498957,1238.095238095238
2025,2025-12-23,fixed_hedge_reference,0.1,1.0,10,1.0,0.0,60000.0,0.0,12642.796867402578,1238.095238095238
2025,2025-01-13,fixed_hedge_reference,0.1,1.0,50,1.0,0.0,60000.0,0.0,-29473.80558538696,5238.095238095239
2025,2025-01-27,fixed_hedge_reference,0.1,1.0,50,1.0,0.0,60000.0,0.0,20067.16507716828,5238.095238095239
2025,2025-02-10,fixed_hedge_reference,0.1,1.0,50,1.0,0.0,60000.0,0.0,-13704.715874512423,5238.095238095239
2025,2025-02-24,fixed_hedge_reference,0.1,1.0,50,1.0,0.0,60000.0,0.0,-33169.06597480219,5238.095238095239
2025,2025-03-10,fixed_hedge_reference,0.1,1.0,50,1.0,0.0,60000.0,0.0,2018.742817499278,5238.095238095239
2025,2025-03-24,fixed_hedge_reference,0.1,1.0,50,1.0,0.0,60000.0,0.0,-11658.69159669379,5238.095238095239
2025,2025-04-07,fixed_hedge_reference,0.1,1.0,50,1.0,0.0,60000.0,0.0,-40510.710430529456,5238.095238095239
2025,2025-04-23,fixed_hedge_reference,0.1,1.0,50,1.0,0.0,60000.0,0.0,13637.42321057821,5238.095238095239
2025,2025-05-09,fixed_hedge_reference,0.1,1.0,50,1.0,0.0,60000.0,0.0,-4413.494940101315,5238.095238095239
2025,2025-05-23,fixed_hedge_reference,0.1,1.0,50,1.0,0.0,60000.0,0.0,-10037.90424077556,5238.095238095239
2025,2025-06-09,fixed_hedge_reference,0.1,1.0,50,1.0,0.0,60000.0,0.0,-5845.595554005282,5238.095238095239
2025,2025-06-23,fixed_hedge_reference,0.1,1.0,50,1.0,0.0,60000.0,0.0,-21126.3392524521,5238.095238095239
2025,2025-07-07,fixed_hedge_reference,0.1,1.0,50,1.0,0.0,60000.0,0.0,5226.242021994066,5238.095238095239
2025,2025-07-21,fixed_hedge_reference,0.1,1.0,50,1.0,0.0,60000.0,0.0,8530.302440094143,5238.095238095239
2025,2025-08-04,fixed_hedge_reference,0.1,1.0,50,1.0,0.0,60000.0,0.0,-9068.567575104724,5238.095238095239
2025,2025-08-18,fixed_hedge_reference,0.1,1.0,50,1.0,0.0,60000.0,0.0,2315.332221327009,5238.095238095239
2025,2025-09-02,fixed_hedge_reference,0.1,1.0,50,1.0,0.0,60000.0,0.0,-13956.40112479721,5238.095238095239
2025,2025-09-16,fixed_hedge_reference,0.1,1.0,50,1.0,0.0,60000.0,0.0,5526.952564907066,5238.095238095239
2025,2025-09-30,fixed_hedge_reference,0.1,1.0,50,1.0,0.0,60000.0,0.0,14961.883578354978,5238.095238095239
2025,2025-10-14,fixed_hedge_reference,0.1,1.0,50,1.0,0.0,60000.0,0.0,-6729.053214865726,5238.095238095239
2025,2025-10-28,fixed_hedge_reference,0.1,1.0,50,1.0,0.0,60000.0,0.0,4739.004293681261,5238.095238095239
2025,2025-11-11,fixed_hedge_reference,0.1,1.0,50,1.0,0.0,60000.0,0.0,2081.9718530354435,5238.095238095239
2025,2025-11-25,fixed_hedge_reference,0.1,1.0,50,1.0,0.0,60000.0,0.0,-7231.999210154093,5238.095238095239
2025,2025-12-09,fixed_hedge_reference,0.1,1.0,50,1.0,0.0,60000.0,0.0,-12860.154930498957,5238.095238095239
2025,2025-12-23,fixed_hedge_reference,0.1,1.0,50,1.0,0.0,60000.0,0.0,12642.796867402578,5238.095238095239
2025,2025-01-13,fixed_hedge_reference,0.1,1.0,100,1.0,0.0,60000.0,0.0,-29473.80558538696,10238.09523809524
2025,2025-01-27,fixed_hedge_reference,0.1,1.0,100,1.0,0.0,60000.0,0.0,20067.16507716828,10238.09523809524
2025,2025-02-10,fixed_hedge_reference,0.1,1.0,100,1.0,0.0,60000.0,0.0,-13704.715874512423,10238.09523809524
2025,2025-02-24,fixed_hedge_reference,0.1,1.0,100,1.0,0.0,60000.0,0.0,-33169.06597480219,10238.09523809524
2025,2025-03-10,fixed_hedge_reference,0.1,1.0,100,1.0,0.0,60000.0,0.0,2018.742817499278,10238.09523809524
2025,2025-03-24,fixed_hedge_reference,0.1,1.0,100,1.0,0.0,60000.0,0.0,-11658.69159669379,10238.09523809524
2025,2025-04-07,fixed_hedge_reference,0.1,1.0,100,1.0,0.0,60000.0,0.0,-40510.710430529456,10238.09523809524
2025,2025-04-23,fixed_hedge_reference,0.1,1.0,100,1.0,0.0,60000.0,0.0,13637.42321057821,10238.09523809524
2025,2025-05-09,fixed_hedge_reference,0.1,1.0,100,1.0,0.0,60000.0,0.0,-4413.494940101315,10238.09523809524
2025,2025-05-23,fixed_hedge_reference,0.1,1.0,100,1.0,0.0,60000.0,0.0,-10037.90424077556,10238.09523809524
2025,2025-06-09,fixed_hedge_reference,0.1,1.0,100,1.0,0.0,60000.0,0.0,-5845.595554005282,10238.09523809524
2025,2025-06-23,fixed_hedge_reference,0.1,1.0,100,1.0,0.0,60000.0,0.0,-21126.3392524521,10238.09523809524
2025,2025-07-07,fixed_hedge_reference,0.1,1.0,100,1.0,0.0,60000.0,0.0,5226.242021994066,10238.09523809524
2025,2025-07-21,fixed_hedge_reference,0.1,1.0,100,1.0,0.0,60000.0,0.0,8530.302440094143,10238.09523809524
2025,2025-08-04,fixed_hedge_reference,0.1,1.0,100,1.0,0.0,60000.0,0.0,-9068.567575104724,10238.09523809524
2025,2025-08-18,fixed_hedge_reference,0.1,1.0,100,1.0,0.0,60000.0,0.0,2315.332221327009,10238.09523809524
2025,2025-09-02,fixed_hedge_reference,0.1,1.0,100,1.0,0.0,60000.0,0.0,-13956.40112479721,10238.09523809524
2025,2025-09-16,fixed_hedge_reference,0.1,1.0,100,1.0,0.0,60000.0,0.0,5526.952564907066,10238.09523809524
2025,2025-09-30,fixed_hedge_reference,0.1,1.0,100,1.0,0.0,60000.0,0.0,14961.883578354978,10238.09523809524
2025,2025-10-14,fixed_hedge_reference,0.1,1.0,100,1.0,0.0,60000.0,0.0,-6729.053214865726,10238.09523809524
2025,2025-10-28,fixed_hedge_reference,0.1,1.0,100,1.0,0.0,60000.0,0.0,4739.004293681261,10238.09523809524
2025,2025-11-11,fixed_hedge_reference,0.1,1.0,100,1.0,0.0,60000.0,0.0,2081.9718530354435,10238.09523809524
2025,2025-11-25,fixed_hedge_reference,0.1,1.0,100,1.0,0.0,60000.0,0.0,-7231.999210154093,10238.09523809524
2025,2025-12-09,fixed_hedge_reference,0.1,1.0,100,1.0,0.0,60000.0,0.0,-12860.154930498957,10238.09523809524
2025,2025-12-23,fixed_hedge_reference,0.1,1.0,100,1.0,0.0,60000.0,0.0,12642.796867402578,10238.09523809524
2025,2025-01-13,fixed_hedge_reference,0.1,2.0,10,1.0,0.0,60000.0,0.0,-29473.80558538696,1238.095238095238
2025,2025-01-27,fixed_hedge_reference,0.1,2.0,10,1.0,0.0,60000.0,0.0,20067.16507716828,1238.095238095238
2025,2025-02-10,fixed_hedge_reference,0.1,2.0,10,1.0,0.0,60000.0,0.0,-13704.715874512423,1238.095238095238
2025,2025-02-24,fixed_hedge_reference,0.1,2.0,10,1.0,0.0,60000.0,0.0,-33169.06597480219,1238.095238095238
2025,2025-03-10,fixed_hedge_reference,0.1,2.0,10,1.0,0.0,60000.0,0.0,2018.742817499278,1238.095238095238
2025,2025-03-24,fixed_hedge_reference,0.1,2.0,10,1.0,0.0,60000.0,0.0,-11658.69159669379,1238.095238095238
2025,2025-04-07,fixed_hedge_reference,0.1,2.0,10,1.0,0.0,60000.0,0.0,-40510.710430529456,1238.095238095238
2025,2025-04-23,fixed_hedge_reference,0.1,2.0,10,1.0,0.0,60000.0,0.0,13637.42321057821,1238.095238095238
2025,2025-05-09,fixed_hedge_reference,0.1,2.0,10,1.0,0.0,60000.0,0.0,-4413.494940101315,1238.095238095238
2025,2025-05-23,fixed_hedge_reference,0.1,2.0,10,1.0,0.0,60000.0,0.0,-10037.90424077556,1238.095238095238
2025,2025-06-09,fixed_hedge_reference,0.1,2.0,10,1.0,0.0,60000.0,0.0,-5845.595554005282,1238.095238095238
2025,2025-06-23,fixed_hedge_reference,0.1,2.0,10,1.0,0.0,60000.0,0.0,-21126.3392524521,1238.095238095238
2025,2025-07-07,fixed_hedge_reference,0.1,2.0,10,1.0,0.0,60000.0,0.0,5226.242021994066,1238.095238095238
2025,2025-07-21,fixed_hedge_reference,0.1,2.0,10,1.0,0.0,60000.0,0.0,8530.302440094143,1238.095238095238
2025,2025-08-04,fixed_hedge_reference,0.1,2.0,10,1.0,0.0,60000.0,0.0,-9068.567575104724,1238.095238095238
2025,2025-08-18,fixed_hedge_reference,0.1,2.0,10,1.0,0.0,60000.0,0.0,2315.332221327009,1238.095238095238
2025,2025-09-02,fixed_hedge_reference,0.1,2.0,10,1.0,0.0,60000.0,0.0,-13956.40112479721,1238.095238095238
2025,2025-09-16,fixed_hedge_reference,0.1,2.0,10,1.0,0.0,60000.0,0.0,5526.952564907066,1238.095238095238
2025,2025-09-30,fixed_hedge_reference,0.1,2.0,10,1.0,0.0,60000.0,0.0,14961.883578354978,1238.095238095238
2025,2025-10-14,fixed_hedge_reference,0.1,2.0,10,1.0,0.0,60000.0,0.0,-6729.053214865726,1238.095238095238
2025,2025-10-28,fixed_hedge_reference,0.1,2.0,10,1.0,0.0,60000.0,0.0,4739.004293681261,1238.095238095238
2025,2025-11-11,fixed_hedge_reference,0.1,2.0,10,1.0,0.0,60000.0,0.0,2081.9718530354435,1238.095238095238
2025,2025-11-25,fixed_hedge_reference,0.1,2.0,10,1.0,0.0,60000.0,0.0,-7231.999210154093,1238.095238095238
2025,2025-12-09,fixed_hedge_reference,0.1,2.0,10,1.0,0.0,60000.0,0.0,-12860.154930498957,1238.095238095238
2025,2025-12-23,fixed_hedge_reference,0.1,2.0,10,1.0,0.0,60000.0,0.0,12642.796867402578,1238.095238095238
2025,2025-01-13,fixed_hedge_reference,0.1,2.0,50,1.0,0.0,60000.0,0.0,-29473.80558538696,5238.095238095239
2025,2025-01-27,fixed_hedge_reference,0.1,2.0,50,1.0,0.0,60000.0,0.0,20067.16507716828,5238.095238095239
2025,2025-02-10,fixed_hedge_reference,0.1,2.0,50,1.0,0.0,60000.0,0.0,-13704.715874512423,5238.095238095239
2025,2025-02-24,fixed_hedge_reference,0.1,2.0,50,1.0,0.0,60000.0,0.0,-33169.06597480219,5238.095238095239
2025,2025-03-10,fixed_hedge_reference,0.1,2.0,50,1.0,0.0,60000.0,0.0,2018.742817499278,5238.095238095239
2025,2025-03-24,fixed_hedge_reference,0.1,2.0,50,1.0,0.0,60000.0,0.0,-11658.69159669379,5238.095238095239
2025,2025-04-07,fixed_hedge_reference,0.1,2.0,50,1.0,0.0,60000.0,0.0,-40510.710430529456,5238.095238095239
2025,2025-04-23,fixed_hedge_reference,0.1,2.0,50,1.0,0.0,60000.0,0.0,13637.42321057821,5238.095238095239
2025,2025-05-09,fixed_hedge_reference,0.1,2.0,50,1.0,0.0,60000.0,0.0,-4413.494940101315,5238.095238095239
2025,2025-05-23,fixed_hedge_reference,0.1,2.0,50,1.0,0.0,60000.0,0.0,-10037.90424077556,5238.095238095239
2025,2025-06-09,fixed_hedge_reference,0.1,2.0,50,1.0,0.0,60000.0,0.0,-5845.595554005282,5238.095238095239
2025,2025-06-23,fixed_hedge_reference,0.1,2.0,50,1.0,0.0,60000.0,0.0,-21126.3392524521,5238.095238095239
2025,2025-07-07,fixed_hedge_reference,0.1,2.0,50,1.0,0.0,60000.0,0.0,5226.242021994066,5238.095238095239
2025,2025-07-21,fixed_hedge_reference,0.1,2.0,50,1.0,0.0,60000.0,0.0,8530.302440094143,5238.095238095239
2025,2025-08-04,fixed_hedge_reference,0.1,2.0,50,1.0,0.0,60000.0,0.0,-9068.567575104724,5238.095238095239
2025,2025-08-18,fixed_hedge_reference,0.1,2.0,50,1.0,0.0,60000.0,0.0,2315.332221327009,5238.095238095239
2025,2025-09-02,fixed_hedge_reference,0.1,2.0,50,1.0,0.0,60000.0,0.0,-13956.40112479721,5238.095238095239
2025,2025-09-16,fixed_hedge_reference,0.1,2.0,50,1.0,0.0,60000.0,0.0,5526.952564907066,5238.095238095239
2025,2025-09-30,fixed_hedge_reference,0.1,2.0,50,1.0,0.0,60000.0,0.0,14961.883578354978,5238.095238095239
2025,2025-10-14,fixed_hedge_reference,0.1,2.0,50,1.0,0.0,60000.0,0.0,-6729.053214865726,5238.095238095239
2025,2025-10-28,fixed_hedge_reference,0.1,2.0,50,1.0,0.0,60000.0,0.0,4739.004293681261,5238.095238095239
2025,2025-11-11,fixed_hedge_reference,0.1,2.0,50,1.0,0.0,60000.0,0.0,2081.9718530354435,5238.095238095239
2025,2025-11-25,fixed_hedge_reference,0.1,2.0,50,1.0,0.0,60000.0,0.0,-7231.999210154093,5238.095238095239
2025,2025-12-09,fixed_hedge_reference,0.1,2.0,50,1.0,0.0,60000.0,0.0,-12860.154930498957,5238.095238095239
2025,2025-12-23,fixed_hedge_reference,0.1,2.0,50,1.0,0.0,60000.0,0.0,12642.796867402578,5238.095238095239
2025,2025-01-13,fixed_hedge_reference,0.1,2.0,100,1.0,0.0,60000.0,0.0,-29473.80558538696,10238.09523809524
2025,2025-01-27,fixed_hedge_reference,0.1,2.0,100,1.0,0.0,60000.0,0.0,20067.16507716828,10238.09523809524
2025,2025-02-10,fixed_hedge_reference,0.1,2.0,100,1.0,0.0,60000.0,0.0,-13704.715874512423,10238.09523809524
2025,2025-02-24,fixed_hedge_reference,0.1,2.0,100,1.0,0.0,60000.0,0.0,-33169.06597480219,10238.09523809524
2025,2025-03-10,fixed_hedge_reference,0.1,2.0,100,1.0,0.0,60000.0,0.0,2018.742817499278,10238.09523809524
2025,2025-03-24,fixed_hedge_reference,0.1,2.0,100,1.0,0.0,60000.0,0.0,-11658.69159669379,10238.09523809524
2025,2025-04-07,fixed_hedge_reference,0.1,2.0,100,1.0,0.0,60000.0,0.0,-40510.710430529456,10238.09523809524
2025,2025-04-23,fixed_hedge_reference,0.1,2.0,100,1.0,0.0,60000.0,0.0,13637.42321057821,10238.09523809524
2025,2025-05-09,fixed_hedge_reference,0.1,2.0,100,1.0,0.0,60000.0,0.0,-4413.494940101315,10238.09523809524
2025,2025-05-23,fixed_hedge_reference,0.1,2.0,100,1.0,0.0,60000.0,0.0,-10037.90424077556,10238.09523809524
2025,2025-06-09,fixed_hedge_reference,0.1,2.0,100,1.0,0.0,60000.0,0.0,-5845.595554005282,10238.09523809524
2025,2025-06-23,fixed_hedge_reference,0.1,2.0,100,1.0,0.0,60000.0,0.0,-21126.3392524521,10238.09523809524
2025,2025-07-07,fixed_hedge_reference,0.1,2.0,100,1.0,0.0,60000.0,0.0,5226.242021994066,10238.09523809524
2025,2025-07-21,fixed_hedge_reference,0.1,2.0,100,1.0,0.0,60000.0,0.0,8530.302440094143,10238.09523809524
2025,2025-08-04,fixed_hedge_reference,0.1,2.0,100,1.0,0.0,60000.0,0.0,-9068.567575104724,10238.09523809524
2025,2025-08-18,fixed_hedge_reference,0.1,2.0,100,1.0,0.0,60000.0,0.0,2315.332221327009,10238.09523809524
2025,2025-09-02,fixed_hedge_reference,0.1,2.0,100,1.0,0.0,60000.0,0.0,-13956.40112479721,10238.09523809524
2025,2025-09-16,fixed_hedge_reference,0.1,2.0,100,1.0,0.0,60000.0,0.0,5526.952564907066,10238.09523809524
2025,2025-09-30,fixed_hedge_reference,0.1,2.0,100,1.0,0.0,60000.0,0.0,14961.883578354978,10238.09523809524
2025,2025-10-14,fixed_hedge_reference,0.1,2.0,100,1.0,0.0,60000.0,0.0,-6729.053214865726,10238.09523809524
2025,2025-10-28,fixed_hedge_reference,0.1,2.0,100,1.0,0.0,60000.0,0.0,4739.004293681261,10238.09523809524
2025,2025-11-11,fixed_hedge_reference,0.1,2.0,100,1.0,0.0,60000.0,0.0,2081.9718530354435,10238.09523809524
2025,2025-11-25,fixed_hedge_reference,0.1,2.0,100,1.0,0.0,60000.0,0.0,-7231.999210154093,10238.09523809524
2025,2025-12-09,fixed_hedge_reference,0.1,2.0,100,1.0,0.0,60000.0,0.0,-12860.154930498957,10238.09523809524
2025,2025-12-23,fixed_hedge_reference,0.1,2.0,100,1.0,0.0,60000.0,0.0,12642.796867402578,10238.09523809524
2026,2026-01-09,tabular,0.01,0.25,10,0.25,0.0,145000.0,0.0,26217.473091212327,307.53968253968253
2026,2026-01-23,tabular,0.01,0.25,10,0.25,0.0,145000.0,0.0,20640.91010508253,307.53968253968253
2026,2026-02-06,tabular,0.01,0.25,10,0.25,0.0,145000.0,0.0,26854.91410793052,307.53968253968253
2026,2026-02-20,tabular,0.01,0.25,10,0.25,0.0,145000.0,115459.73680322926,260459.7368032293,29172.473883347
2026,2026-03-06,tabular,0.01,0.25,10,0.25,0.0,145000.0,33310.94906992899,178310.949069929,8635.27695002193
2026,2026-03-20,tabular,0.01,0.25,10,0.25,0.0,145000.0,0.0,125135.80500091228,307.53968253968253
2026,2026-04-07,tabular,0.01,0.25,10,0.0,0.0,150000.0,0.0,-245743.64825427328,59.523809523809526
2026,2026-04-21,tabular,0.01,0.25,10,0.25,0.0,145000.0,0.0,-30770.231971079447,307.53968253968253
2026,2026-05-07,tabular,0.01,0.25,10,0.5,0.0,145000.0,0.0,35065.43017266806,557.5396825396825
2026,2026-05-21,tabular,0.01,0.25,10,0.25,0.0,145000.0,0.0,-63824.52895247433,307.53968253968253
2026,2026-06-05,tabular,0.01,0.25,10,0.25,0.0,145000.0,0.0,-117264.03974498858,307.53968253968253
2026,2026-06-19,tabular,0.01,0.25,10,0.25,0.0,145000.0,0.0,-108389.42676396172,307.53968253968253
2026,2026-07-03,tabular,0.01,0.25,10,0.25,0.0,145000.0,34734.19499798704,179734.19499798704,8991.088432036442
2026,2026-07-17,tabular,0.01,0.25,10,0.25,0.0,145000.0,0.0,100375.57618896714,307.53968253968253
2026,2026-07-31,tabular,0.01,0.25,10,0.25,0.0,145000.0,0.0,-44866.85928246479,307.53968253968253
2026,2026-08-14,tabular,0.01,0.25,10,0.25,0.0,145000.0,0.0,-24867.91537108174,307.53968253968253
2026,2026-01-09,tabular,0.01,0.25,50,0.0,0.0,150000.0,0.0,37928.42379002972,59.523809523809526
2026,2026-01-23,tabular,0.01,0.25,50,0.0,0.0,150000.0,0.0,29040.26456517647,59.523809523809526
2026,2026-02-06,tabular,0.01,0.25,50,0.0,0.0,150000.0,0.0,35016.73099934284,59.523809523809526
2026,2026-02-20,tabular,0.01,0.25,50,0.0,0.0,150000.0,189463.1732293461,339463.1732293461,47425.31711686034
2026,2026-03-06,tabular,0.01,0.25,50,0.0,0.0,150000.0,87533.84441147908,237533.84441147908,21942.98491239358
2026,2026-03-20,tabular,0.01,0.25,50,0.0,0.0,150000.0,16915.065261003503,166915.0652610035,4288.290124774685
2026,2026-04-07,tabular,0.01,0.25,50,0.0,0.0,150000.0,0.0,-245743.64825427328,59.523809523809526
2026,2026-04-21,tabular,0.01,0.25,50,0.0,0.0,150000.0,0.0,-40945.47221980757,59.523809523809526
2026,2026-05-07,tabular,0.01,0.25,50,0.0,0.0,150000.0,0.0,54806.14908840176,59.523809523809526
2026,2026-05-21,tabular,0.01,0.25,50,0.0,0.0,150000.0,0.0,-84020.10718376683,59.523809523809526
2026,2026-06-05,tabular,0.01,0.25,50,0.0,0.0,150000.0,0.0,-160511.03326950295,59.523809523809526
2026,2026-06-19,tabular,0.01,0.25,50,0.0,0.0,150000.0,0.0,-144991.46504385234,59.523809523809526
2026,2026-07-03,tabular,0.01,0.25,50,0.0,0.0,150000.0,89176.53629093987,239176.53629093987,22353.657882258776
2026,2026-07-17,tabular,0.01,0.25,50,0.0,0.0,150000.0,0.0,135489.0922459016,59.523809523809526
2026,2026-07-31,tabular,0.01,0.25,50,0.0,0.0,150000.0,0.0,-57579.59780747771,59.523809523809526
2026,2026-08-14,tabular,0.01,0.25,50,0.0,0.0,150000.0,0.0,-31035.052949868943,59.523809523809526
2026,2026-01-09,tabular,0.01,0.25,100,0.0,0.0,150000.0,0.0,37928.42379002972,59.523809523809526
2026,2026-01-23,tabular,0.01,0.25,100,0.0,0.0,150000.0,0.0,29040.26456517647,59.523809523809526
2026,2026-02-06,tabular,0.01,0.25,100,0.0,0.0,150000.0,0.0,35016.73099934284,59.523809523809526
2026,2026-02-20,tabular,0.01,0.25,100,0.0,0.0,150000.0,189463.1732293461,339463.1732293461,47425.31711686034
2026,2026-03-06,tabular,0.01,0.25,100,0.0,0.0,150000.0,87533.84441147908,237533.84441147908,21942.98491239358
2026,2026-03-20,tabular,0.01,0.25,100,0.0,0.0,150000.0,16915.065261003503,166915.0652610035,4288.290124774685
2026,2026-04-07,tabular,0.01,0.25,100,0.0,0.0,150000.0,0.0,-245743.64825427328,59.523809523809526
2026,2026-04-21,tabular,0.01,0.25,100,0.0,0.0,150000.0,0.0,-40945.47221980757,59.523809523809526
2026,2026-05-07,tabular,0.01,0.25,100,0.0,0.0,150000.0,0.0,54806.14908840176,59.523809523809526
2026,2026-05-21,tabular,0.01,0.25,100,0.0,0.0,150000.0,0.0,-84020.10718376683,59.523809523809526
2026,2026-06-05,tabular,0.01,0.25,100,0.0,0.0,150000.0,0.0,-160511.03326950295,59.523809523809526
2026,2026-06-19,tabular,0.01,0.25,100,0.0,0.0,150000.0,0.0,-144991.46504385234,59.523809523809526
2026,2026-07-03,tabular,0.01,0.25,100,0.0,0.0,150000.0,89176.53629093987,239176.53629093987,22353.657882258776
2026,2026-07-17,tabular,0.01,0.25,100,0.0,0.0,150000.0,0.0,135489.0922459016,59.523809523809526
2026,2026-07-31,tabular,0.01,0.25,100,0.0,0.0,150000.0,0.0,-57579.59780747771,59.523809523809526
2026,2026-08-14,tabular,0.01,0.25,100,0.0,0.0,150000.0,0.0,-31035.052949868943,59.523809523809526
2026,2026-01-09,tabular,0.01,1.0,10,0.75,0.0,145000.0,0.0,2795.5716935775463,807.5396825396825
2026,2026-01-23,tabular,0.01,1.0,10,0.75,0.0,145000.0,0.0,3842.201184894669,807.5396825396825
2026,2026-02-06,tabular,0.01,1.0,10,0.75,0.0,145000.0,0.0,10531.280325105878,807.5396825396825
2026,2026-02-20,tabular,0.01,1.0,10,0.75,0.0,145000.0,0.0,102452.86395099564,807.5396825396825
2026,2026-03-06,tabular,0.01,1.0,10,0.75,0.0,145000.0,0.0,59865.15838682887,807.5396825396825
2026,2026-03-20,tabular,0.01,1.0,10,0.75,0.0,145000.0,0.0,41577.28448072987,807.5396825396825
2026,2026-04-07,tabular,0.01,1.0,10,0.75,0.0,145000.0,0.0,-71714.99620304683,807.5396825396825
2026,2026-04-21,tabular,0.01,1.0,10,0.75,0.0,145000.0,0.0,-10419.7514736232,807.5396825396825
2026,2026-05-07,tabular,0.01,1.0,10,0.75,0.0,145000.0,0.0,25195.070714801204,807.5396825396825
2026,2026-05-21,tabular,0.01,1.0,10,0.75,0.0,145000.0,0.0,-23433.37248988932,807.5396825396825
2026,2026-06-05,tabular,0.01,1.0,10,0.5,0.0,145000.0,0.0,-74017.04622047422,557.5396825396825
2026,2026-06-19,tabular,0.01,1.0,10,0.75,0.0,145000.0,0.0,-35185.35020418056,807.5396825396825
2026,2026-07-03,tabular,0.01,1.0,10,0.75,0.0,145000.0,0.0,60849.51241208136,807.5396825396825
2026,2026-07-17,tabular,0.01,1.0,10,0.75,0.0,145000.0,0.0,30148.544075098205,807.5396825396825
2026,2026-07-31,tabular,0.01,1.0,10,0.75,0.0,145000.0,0.0,-19441.382232438937,807.5396825396825
2026,2026-08-14,tabular,0.01,1.0,10,0.75,0.0,145000.0,0.0,-12533.64021350734,807.5396825396825
2026,2026-01-09,tabular,0.01,1.0,50,0.0,0.0,150000.0,0.0,37928.42379002972,59.523809523809526
2026,2026-01-23,tabular,0.01,1.0,50,0.0,0.0,150000.0,0.0,29040.26456517647,59.523809523809526
2026,2026-02-06,tabular,0.01,1.0,50,0.25,0.0,145000.0,0.0,26854.91410793052,1307.5396825396826
2026,2026-02-20,tabular,0.01,1.0,50,0.0,0.0,150000.0,189463.1732293461,339463.1732293461,189522.69703886996
2026,2026-03-06,tabular,0.01,1.0,50,0.0,0.0,150000.0,87533.84441147908,237533.84441147908,87593.3682210029
2026,2026-03-20,tabular,0.01,1.0,50,0.25,0.0,145000.0,0.0,125135.80500091228,1307.5396825396826
2026,2026-04-07,tabular,0.01,1.0,50,0.0,0.0,150000.0,0.0,-245743.64825427328,59.523809523809526
2026,2026-04-21,tabular,0.01,1.0,50,0.25,0.0,145000.0,0.0,-30770.231971079447,1307.5396825396826
2026,2026-05-07,tabular,0.01,1.0,50,0.25,0.0,145000.0,0.0,44935.789630534906,1307.5396825396826
2026,2026-05-21,tabular,0.01,1.0,50,0.0,0.0,150000.0,0.0,-84020.10718376683,59.523809523809526
2026,2026-06-05,tabular,0.01,1.0,50,0.25,0.0,145000.0,0.0,-117264.03974498858,1307.5396825396826
2026,2026-06-19,tabular,0.01,1.0,50,0.0,0.0,150000.0,0.0,-144991.46504385234,59.523809523809526
2026,2026-07-03,tabular,0.01,1.0,50,0.0,0.0,150000.0,89176.53629093987,239176.53629093987,89236.06010046368
2026,2026-07-17,tabular,0.01,1.0,50,0.25,0.0,145000.0,0.0,100375.57618896714,1307.5396825396826
2026,2026-07-31,tabular,0.01,1.0,50,0.25,0.0,145000.0,0.0,-44866.85928246479,1307.5396825396826
2026,2026-08-14,tabular,0.01,1.0,50,0.25,0.0,145000.0,0.0,-24867.91537108174,1307.5396825396826
2026,2026-01-09,tabular,0.01,1.0,100,0.0,0.0,150000.0,0.0,37928.42379002972,59.523809523809526
2026,2026-01-23,tabular,0.01,1.0,100,0.0,0.0,150000.0,0.0,29040.26456517647,59.523809523809526
2026,2026-02-06,tabular,0.01,1.0,100,0.0,0.0,150000.0,0.0,35016.73099934284,59.523809523809526
2026,2026-02-20,tabular,0.01,1.0,100,0.0,0.0,150000.0,189463.1732293461,339463.1732293461,189522.69703886996
2026,2026-03-06,tabular,0.01,1.0,100,0.0,0.0,150000.0,87533.84441147908,237533.84441147908,87593.3682210029
2026,2026-03-20,tabular,0.01,1.0,100,0.0,0.0,150000.0,16915.065261003503,166915.0652610035,16974.589070527312
2026,2026-04-07,tabular,0.01,1.0,100,0.0,0.0,150000.0,0.0,-245743.64825427328,59.523809523809526
2026,2026-04-21,tabular,0.01,1.0,100,0.0,0.0,150000.0,0.0,-40945.47221980757,59.523809523809526
2026,2026-05-07,tabular,0.01,1.0,100,0.0,0.0,150000.0,0.0,54806.14908840176,59.523809523809526
2026,2026-05-21,tabular,0.01,1.0,100,0.0,0.0,150000.0,0.0,-84020.10718376683,59.523809523809526
2026,2026-06-05,tabular,0.01,1.0,100,0.0,0.0,150000.0,0.0,-160511.03326950295,59.523809523809526
2026,2026-06-19,tabular,0.01,1.0,100,0.0,0.0,150000.0,0.0,-144991.46504385234,59.523809523809526
2026,2026-07-03,tabular,0.01,1.0,100,0.0,0.0,150000.0,89176.53629093987,239176.53629093987,89236.06010046368
2026,2026-07-17,tabular,0.01,1.0,100,0.0,0.0,150000.0,0.0,135489.0922459016,59.523809523809526
2026,2026-07-31,tabular,0.01,1.0,100,0.0,0.0,150000.0,0.0,-57579.59780747771,59.523809523809526
2026,2026-08-14,tabular,0.01,1.0,100,0.0,0.0,150000.0,0.0,-31035.052949868943,59.523809523809526
2026,2026-01-09,tabular,0.01,2.0,10,0.75,0.0,145000.0,0.0,2795.5716935775463,807.5396825396825
2026,2026-01-23,tabular,0.01,2.0,10,0.75,0.0,145000.0,0.0,3842.201184894669,807.5396825396825
2026,2026-02-06,tabular,0.01,2.0,10,0.75,0.0,145000.0,0.0,10531.280325105878,807.5396825396825
2026,2026-02-20,tabular,0.01,2.0,10,0.75,0.0,145000.0,0.0,102452.86395099564,807.5396825396825
2026,2026-03-06,tabular,0.01,2.0,10,0.75,0.0,145000.0,0.0,59865.15838682887,807.5396825396825
2026,2026-03-20,tabular,0.01,2.0,10,1.0,0.0,70000.0,0.0,-201.97577936134635,1027.7777777777778
2026,2026-04-07,tabular,0.01,2.0,10,0.75,0.0,145000.0,0.0,-71714.99620304683,807.5396825396825
2026,2026-04-21,tabular,0.01,2.0,10,1.0,0.0,70000.0,0.0,-244.5112248950776,1027.7777777777778
2026,2026-05-07,tabular,0.01,2.0,10,1.0,0.0,70000.0,0.0,15324.711256934354,1027.7777777777778
2026,2026-05-21,tabular,0.01,2.0,10,0.75,0.0,145000.0,0.0,-23433.37248988932,807.5396825396825
2026,2026-06-05,tabular,0.01,2.0,10,0.75,0.0,145000.0,0.0,-30770.052695959865,807.5396825396825
2026,2026-06-19,tabular,0.01,2.0,10,0.75,0.0,145000.0,0.0,-35185.35020418056,807.5396825396825
2026,2026-07-03,tabular,0.01,2.0,10,0.75,0.0,145000.0,0.0,60849.51241208136,807.5396825396825
2026,2026-07-17,tabular,0.01,2.0,10,0.75,0.0,145000.0,0.0,30148.544075098205,807.5396825396825
2026,2026-07-31,tabular,0.01,2.0,10,1.0,0.0,70000.0,0.0,-6728.643707426013,1027.7777777777778
2026,2026-08-14,tabular,0.01,2.0,10,0.75,0.0,145000.0,0.0,-12533.64021350734,807.5396825396825
2026,2026-01-09,tabular,0.01,2.0,50,0.25,0.0,145000.0,0.0,26217.473091212327,1307.5396825396826
2026,2026-01-23,tabular,0.01,2.0,50,0.5,0.0,145000.0,0.0,12241.555644988604,2557.5396825396824
2026,2026-02-06,tabular,0.01,2.0,50,0.25,0.0,145000.0,0.0,26854.91410793052,1307.5396825396826
2026,2026-02-20,tabular,0.01,2.0,50,0.5,0.0,145000.0,36456.30037711244,181456.30037711243,75470.14043676456
2026,2026-03-06,tabular,0.01,2.0,50,0.25,0.0,145000.0,33310.94906992899,178310.949069929,67929.43782239767
2026,2026-03-20,tabular,0.01,2.0,50,0.5,0.0,145000.0,0.0,83356.54474082107,2557.5396825396824
2026,2026-04-07,tabular,0.01,2.0,50,0.5,0.0,145000.0,0.0,-129724.54688678896,2557.5396825396824
2026,2026-04-21,tabular,0.01,2.0,50,0.5,0.0,145000.0,0.0,-20594.99172235133,2557.5396825396824
2026,2026-05-07,tabular,0.01,2.0,50,0.75,0.0,145000.0,0.0,25195.070714801204,3807.5396825396815
2026,2026-05-21,tabular,0.01,2.0,50,0.25,0.0,145000.0,0.0,-63824.52895247433,1307.5396825396826
2026,2026-06-05,tabular,0.01,2.0,50,0.25,0.0,145000.0,0.0,-117264.03974498858,1307.5396825396826
2026,2026-06-19,tabular,0.01,2.0,50,0.5,0.0,145000.0,0.0,-71787.38848407115,2557.5396825396824
2026,2026-07-03,tabular,0.01,2.0,50,0.5,0.0,145000.0,0.0,120291.8537050342,2557.5396825396824
2026,2026-07-17,tabular,0.01,2.0,50,0.5,0.0,145000.0,0.0,65262.06013203268,2557.5396825396824
2026,2026-07-31,tabular,0.01,2.0,50,0.5,0.0,145000.0,0.0,-32154.12075745186,2557.5396825396824
2026,2026-08-14,tabular,0.01,2.0,50,0.5,0.0,145000.0,0.0,-18700.777792294542,2557.5396825396824
2026,2026-01-09,tabular,0.01,2.0,100,0.0,0.0,150000.0,0.0,37928.42379002972,59.523809523809526
2026,2026-01-23,tabular,0.01,2.0,100,0.0,0.0,150000.0,0.0,29040.26456517647,59.523809523809526
2026,2026-02-06,tabular,0.01,2.0,100,0.25,0.0,145000.0,0.0,26854.91410793052,2557.5396825396824
2026,2026-02-20,tabular,0.01,2.0,100,0.0,0.0,150000.0,189463.1732293461,339463.1732293461,378985.870268216
2026,2026-03-06,tabular,0.01,2.0,100,0.0,0.0,150000.0,87533.84441147908,237533.84441147908,175127.21263248197
2026,2026-03-20,tabular,0.01,2.0,100,0.25,0.0,145000.0,0.0,125135.80500091228,2557.5396825396824
2026,2026-04-07,tabular,0.01,2.0,100,0.0,0.0,150000.0,0.0,-245743.64825427328,59.523809523809526
2026,2026-04-21,tabular,0.01,2.0,100,0.25,0.0,145000.0,0.0,-30770.231971079447,2557.5396825396824
2026,2026-05-07,tabular,0.01,2.0,100,0.25,0.0,145000.0,0.0,44935.789630534906,2557.5396825396824
2026,2026-05-21,tabular,0.01,2.0,100,0.0,0.0,150000.0,0.0,-84020.10718376683,59.523809523809526
2026,2026-06-05,tabular,0.01,2.0,100,0.25,0.0,145000.0,0.0,-117264.03974498858,2557.5396825396824
2026,2026-06-19,tabular,0.01,2.0,100,0.0,0.0,150000.0,0.0,-144991.46504385234,59.523809523809526
2026,2026-07-03,tabular,0.01,2.0,100,0.0,0.0,150000.0,89176.53629093987,239176.53629093987,178412.59639140355
2026,2026-07-17,tabular,0.01,2.0,100,0.25,0.0,145000.0,0.0,100375.57618896714,2557.5396825396824
2026,2026-07-31,tabular,0.01,2.0,100,0.25,0.0,145000.0,0.0,-44866.85928246479,2557.5396825396824
2026,2026-08-14,tabular,0.01,2.0,100,0.25,0.0,145000.0,0.0,-24867.91537108174,2557.5396825396824
2026,2026-01-09,tabular,0.05,0.25,10,0.25,0.0,145000.0,0.0,26217.473091212327,537.6984126984128
2026,2026-01-23,tabular,0.05,0.25,10,0.25,0.0,145000.0,0.0,20640.91010508253,537.6984126984128
2026,2026-02-06,tabular,0.05,0.25,10,0.25,0.0,145000.0,0.0,26854.91410793052,537.6984126984128
2026,2026-02-20,tabular,0.05,0.25,10,0.25,0.0,145000.0,115459.73680322926,260459.7368032293,29402.632613505728
2026,2026-03-06,tabular,0.05,0.25,10,0.25,0.0,145000.0,33310.94906992899,178310.949069929,8865.43568018066
2026,2026-03-20,tabular,0.05,0.25,10,0.25,0.0,145000.0,0.0,125135.80500091228,537.6984126984128
2026,2026-04-07,tabular,0.05,0.25,10,0.25,0.0,145000.0,0.0,-187734.0975705311,537.6984126984128
2026,2026-04-21,tabular,0.05,0.25,10,0.25,0.0,145000.0,0.0,-30770.231971079447,537.6984126984128
2026,2026-05-07,tabular,0.05,0.25,10,0.75,0.0,75000.0,0.0,25195.070714801204,898.8095238095239
2026,2026-05-21,tabular,0.05,0.25,10,0.25,0.0,145000.0,0.0,-63824.52895247433,537.6984126984128
2026,2026-06-05,tabular,0.05,0.25,10,0.25,0.0,145000.0,0.0,-117264.03974498858,537.6984126984128
2026,2026-06-19,tabular,0.05,0.25,10,0.25,0.0,145000.0,0.0,-108389.42676396172,537.6984126984128
2026,2026-07-03,tabular,0.05,0.25,10,0.25,0.0,145000.0,34734.19499798704,179734.19499798704,9221.247162195174
2026,2026-07-17,tabular,0.05,0.25,10,0.25,0.0,145000.0,0.0,100375.57618896714,537.6984126984128
2026,2026-07-31,tabular,0.05,0.25,10,0.25,0.0,145000.0,0.0,-44866.85928246479,537.6984126984128
2026,2026-08-14,tabular,0.05,0.25,10,0.25,0.0,145000.0,0.0,-24867.91537108174,537.6984126984128
2026,2026-01-09,tabular,0.05,0.25,50,0.0,0.0,150000.0,0.0,37928.42379002972,297.6190476190476
2026,2026-01-23,tabular,0.05,0.25,50,0.0,0.0,150000.0,0.0,29040.26456517647,297.6190476190476
2026,2026-02-06,tabular,0.05,0.25,50,0.0,0.0,150000.0,0.0,35016.73099934284,297.6190476190476
2026,2026-02-20,tabular,0.05,0.25,50,0.0,0.0,150000.0,189463.1732293461,339463.1732293461,47663.41235495557
2026,2026-03-06,tabular,0.05,0.25,50,0.0,0.0,150000.0,87533.84441147908,237533.84441147908,22181.08015048881
2026,2026-03-20,tabular,0.05,0.25,50,0.0,0.0,150000.0,16915.065261003503,166915.0652610035,4526.385362869924
2026,2026-04-07,tabular,0.05,0.25,50,0.0,0.0,150000.0,0.0,-245743.64825427328,297.6190476190476
2026,2026-04-21,tabular,0.05,0.25,50,0.0,0.0,150000.0,0.0,-40945.47221980757,297.6190476190476
2026,2026-05-07,tabular,0.05,0.25,50,0.0,0.0,150000.0,0.0,54806.14908840176,297.6190476190476
2026,2026-05-21,tabular,0.05,0.25,50,0.0,0.0,150000.0,0.0,-84020.10718376683,297.6190476190476
2026,2026-06-05,tabular,0.05,0.25,50,0.0,0.0,150000.0,0.0,-160511.03326950295,297.6190476190476
2026,2026-06-19,tabular,0.05,0.25,50,0.0,0.0,150000.0,0.0,-144991.46504385234,297.6190476190476
2026,2026-07-03,tabular,0.05,0.25,50,0.0,0.0,150000.0,89176.53629093987,239176.53629093987,22591.753120354013
2026,2026-07-17,tabular,0.05,0.25,50,0.0,0.0,150000.0,0.0,135489.0922459016,297.6190476190476
2026,2026-07-31,tabular,0.05,0.25,50,0.0,0.0,150000.0,0.0,-57579.59780747771,297.6190476190476
2026,2026-08-14,tabular,0.05,0.25,50,0.0,0.0,150000.0,0.0,-31035.052949868943,297.6190476190476
2026,2026-01-09,tabular,0.05,0.25,100,0.0,0.0,150000.0,0.0,37928.42379002972,297.6190476190476
2026,2026-01-23,tabular,0.05,0.25,100,0.0,0.0,150000.0,0.0,29040.26456517647,297.6190476190476
2026,2026-02-06,tabular,0.05,0.25,100,0.0,0.0,150000.0,0.0,35016.73099934284,297.6190476190476
2026,2026-02-20,tabular,0.05,0.25,100,0.0,0.0,150000.0,189463.1732293461,339463.1732293461,47663.41235495557
2026,2026-03-06,tabular,0.05,0.25,100,0.0,0.0,150000.0,87533.84441147908,237533.84441147908,22181.08015048881
2026,2026-03-20,tabular,0.05,0.25,100,0.0,0.0,150000.0,16915.065261003503,166915.0652610035,4526.385362869924
2026,2026-04-07,tabular,0.05,0.25,100,0.0,0.0,150000.0,0.0,-245743.64825427328,297.6190476190476
2026,2026-04-21,tabular,0.05,0.25,100,0.0,0.0,150000.0,0.0,-40945.47221980757,297.6190476190476
2026,2026-05-07,tabular,0.05,0.25,100,0.0,0.0,150000.0,0.0,54806.14908840176,297.6190476190476
2026,2026-05-21,tabular,0.05,0.25,100,0.0,0.0,150000.0,0.0,-84020.10718376683,297.6190476190476
2026,2026-06-05,tabular,0.05,0.25,100,0.0,0.0,150000.0,0.0,-160511.03326950295,297.6190476190476
2026,2026-06-19,tabular,0.05,0.25,100,0.0,0.0,150000.0,0.0,-144991.46504385234,297.6190476190476
2026,2026-07-03,tabular,0.05,0.25,100,0.0,0.0,150000.0,89176.53629093987,239176.53629093987,22591.753120354013
2026,2026-07-17,tabular,0.05,0.25,100,0.0,0.0,150000.0,0.0,135489.0922459016,297.6190476190476
2026,2026-07-31,tabular,0.05,0.25,100,0.0,0.0,150000.0,0.0,-57579.59780747771,297.6190476190476
2026,2026-08-14,tabular,0.05,0.25,100,0.0,0.0,150000.0,0.0,-31035.052949868943,297.6190476190476
2026,2026-01-09,tabular,0.05,1.0,10,0.75,0.0,100000.0,0.0,2795.5716935775463,948.4126984126984
2026,2026-01-23,tabular,0.05,1.0,10,0.75,0.0,120000.0,0.0,3842.201184894669,988.095238095238
2026,2026-02-06,tabular,0.05,1.0,10,0.75,0.0,95000.0,0.0,10531.280325105878,938.4920634920636
2026,2026-02-20,tabular,0.05,1.0,10,0.75,0.0,120000.0,0.0,102452.86395099564,988.095238095238
2026,2026-03-06,tabular,0.05,1.0,10,0.75,0.0,100000.0,0.0,59865.15838682887,948.4126984126984
2026,2026-03-20,tabular,0.05,1.0,10,1.0,0.0,55000.0,0.0,-201.97577936134635,1109.126984126984
2026,2026-04-07,tabular,0.05,1.0,10,0.75,0.0,125000.0,0.0,-71714.99620304683,998.015873015873
2026,2026-04-21,tabular,0.05,1.0,10,1.0,0.0,55000.0,0.0,-244.5112248950776,1109.126984126984
2026,2026-05-07,tabular,0.05,1.0,10,1.0,0.0,55000.0,0.0,15324.711256934354,1109.126984126984
2026,2026-05-21,tabular,0.05,1.0,10,0.75,0.0,90000.0,0.0,-23433.37248988932,928.5714285714286
2026,2026-06-05,tabular,0.05,1.0,10,0.75,0.0,85000.0,0.0,-30770.052695959865,918.6507936507936
2026,2026-06-19,tabular,0.05,1.0,10,1.0,0.0,50000.0,0.0,1416.688075710021,1099.2063492063492
2026,2026-07-03,tabular,0.05,1.0,10,0.75,0.0,120000.0,0.0,60849.51241208136,988.095238095238
2026,2026-07-17,tabular,0.05,1.0,10,0.75,0.0,100000.0,0.0,30148.544075098205,948.4126984126984
2026,2026-07-31,tabular,0.05,1.0,10,1.0,0.0,55000.0,0.0,-6728.643707426013,1109.126984126984
2026,2026-08-14,tabular,0.05,1.0,10,0.75,0.0,125000.0,0.0,-12533.64021350734,998.015873015873
2026,2026-01-09,tabular,0.05,1.0,50,0.0,0.0,150000.0,0.0,37928.42379002972,297.6190476190476
2026,2026-01-23,tabular,0.05,1.0,50,0.0,0.0,150000.0,0.0,29040.26456517647,297.6190476190476
2026,2026-02-06,tabular,0.05,1.0,50,0.25,0.0,145000.0,0.0,26854.91410793052,1537.6984126984128
2026,2026-02-20,tabular,0.05,1.0,50,0.0,0.0,150000.0,189463.1732293461,339463.1732293461,189760.7922769652
2026,2026-03-06,tabular,0.05,1.0,50,0.0,0.0,150000.0,87533.84441147908,237533.84441147908,87831.46345909813
2026,2026-03-20,tabular,0.05,1.0,50,0.25,0.0,145000.0,0.0,125135.80500091228,1537.6984126984128
2026,2026-04-07,tabular,0.05,1.0,50,0.0,0.0,150000.0,0.0,-245743.64825427328,297.6190476190476
2026,2026-04-21,tabular,0.05,1.0,50,0.25,0.0,145000.0,0.0,-30770.231971079447,1537.6984126984128
2026,2026-05-07,tabular,0.05,1.0,50,0.25,0.0,145000.0,0.0,44935.789630534906,1537.6984126984128
2026,2026-05-21,tabular,0.05,1.0,50,0.0,0.0,150000.0,0.0,-84020.10718376683,297.6190476190476
2026,2026-06-05,tabular,0.05,1.0,50,0.25,0.0,145000.0,0.0,-117264.03974498858,1537.6984126984128
2026,2026-06-19,tabular,0.05,1.0,50,0.0,0.0,150000.0,0.0,-144991.46504385234,297.6190476190476
2026,2026-07-03,tabular,0.05,1.0,50,0.0,0.0,150000.0,89176.53629093987,239176.53629093987,89474.15533855892
2026,2026-07-17,tabular,0.05,1.0,50,0.25,0.0,145000.0,0.0,100375.57618896714,1537.6984126984128
2026,2026-07-31,tabular,0.05,1.0,50,0.25,0.0,145000.0,0.0,-44866.85928246479,1537.6984126984128
2026,2026-08-14,tabular,0.05,1.0,50,0.25,0.0,145000.0,0.0,-24867.91537108174,1537.6984126984128
2026,2026-01-09,tabular,0.05,1.0,100,0.0,0.0,150000.0,0.0,37928.42379002972,297.6190476190476
2026,2026-01-23,tabular,0.05,1.0,100,0.0,0.0,150000.0,0.0,29040.26456517647,297.6190476190476
2026,2026-02-06,tabular,0.05,1.0,100,0.0,0.0,150000.0,0.0,35016.73099934284,297.6190476190476
2026,2026-02-20,tabular,0.05,1.0,100,0.0,0.0,150000.0,189463.1732293461,339463.1732293461,189760.7922769652
2026,2026-03-06,tabular,0.05,1.0,100,0.0,0.0,150000.0,87533.84441147908,237533.84441147908,87831.46345909813
2026,2026-03-20,tabular,0.05,1.0,100,0.0,0.0,150000.0,16915.065261003503,166915.0652610035,17212.68430862255
2026,2026-04-07,tabular,0.05,1.0,100,0.0,0.0,150000.0,0.0,-245743.64825427328,297.6190476190476
2026,2026-04-21,tabular,0.05,1.0,100,0.0,0.0,150000.0,0.0,-40945.47221980757,297.6190476190476
2026,2026-05-07,tabular,0.05,1.0,100,0.0,0.0,150000.0,0.0,54806.14908840176,297.6190476190476
2026,2026-05-21,tabular,0.05,1.0,100,0.0,0.0,150000.0,0.0,-84020.10718376683,297.6190476190476
2026,2026-06-05,tabular,0.05,1.0,100,0.0,0.0,150000.0,0.0,-160511.03326950295,297.6190476190476
2026,2026-06-19,tabular,0.05,1.0,100,0.0,0.0,150000.0,0.0,-144991.46504385234,297.6190476190476
2026,2026-07-03,tabular,0.05,1.0,100,0.0,0.0,150000.0,89176.53629093987,239176.53629093987,89474.15533855892
2026,2026-07-17,tabular,0.05,1.0,100,0.0,0.0,150000.0,0.0,135489.0922459016,297.6190476190476
2026,2026-07-31,tabular,0.05,1.0,100,0.0,0.0,150000.0,0.0,-57579.59780747771,297.6190476190476
2026,2026-08-14,tabular,0.05,1.0,100,0.0,0.0,150000.0,0.0,-31035.052949868943,297.6190476190476
2026,2026-01-09,tabular,0.05,2.0,10,1.0,0.0,60000.0,0.0,-8915.379005239844,1119.047619047619
2026,2026-01-23,tabular,0.05,2.0,10,1.0,0.0,60000.0,0.0,-4557.153275199264,1119.047619047619
2026,2026-02-06,tabular,0.05,2.0,10,1.0,0.0,55000.0,0.0,2369.4634336935555,1109.126984126984
2026,2026-02-20,tabular,0.05,2.0,10,1.0,0.0,60000.0,0.0,23449.42752487877,1119.047619047619
2026,2026-03-06,tabular,0.05,2.0,10,1.0,0.0,55000.0,0.0,642.2630452788125,1109.126984126984
2026,2026-03-20,tabular,0.05,2.0,10,1.0,0.0,60000.0,0.0,-201.97577936134635,1119.047619047619
2026,2026-04-07,tabular,0.05,2.0,10,1.0,0.0,65000.0,0.0,-13705.445519304692,1128.968253968254
2026,2026-04-21,tabular,0.05,2.0,10,1.0,0.0,65000.0,0.0,-244.5112248950776,1128.968253968254
2026,2026-05-07,tabular,0.05,2.0,10,1.0,0.0,60000.0,0.0,15324.711256934354,1119.047619047619
2026,2026-05-21,tabular,0.05,2.0,10,1.0,0.0,55000.0,0.0,-3237.7942585968126,1109.126984126984
2026,2026-06-05,tabular,0.05,2.0,10,1.0,0.0,55000.0,0.0,12476.940828554494,1109.126984126984
2026,2026-06-19,tabular,0.05,2.0,10,1.0,0.0,60000.0,0.0,1416.688075710021,1119.047619047619
2026,2026-07-03,tabular,0.05,2.0,10,1.0,0.0,60000.0,0.0,1407.171119128525,1119.047619047619
2026,2026-07-17,tabular,0.05,2.0,10,1.0,0.0,55000.0,0.0,-4964.971981836264,1109.126984126984
2026,2026-07-31,tabular,0.05,2.0,10,1.0,0.0,60000.0,0.0,-6728.643707426013,1119.047619047619
2026,2026-08-14,tabular,0.05,2.0,10,1.0,0.0,65000.0,0.0,-6366.502634720137,1128.968253968254
2026,2026-01-09,tabular,0.05,2.0,50,0.25,0.0,145000.0,0.0,26217.473091212327,1537.6984126984128
2026,2026-01-23,tabular,0.05,2.0,50,0.5,0.0,145000.0,0.0,12241.555644988604,2787.6984126984125
2026,2026-02-06,tabular,0.05,2.0,50,0.25,0.0,145000.0,0.0,26854.91410793052,1537.6984126984128
2026,2026-02-20,tabular,0.05,2.0,50,0.5,0.0,145000.0,36456.30037711244,181456.30037711243,75700.29916692329
2026,2026-03-06,tabular,0.05,2.0,50,0.25,0.0,145000.0,33310.94906992899,178310.949069929,68159.5965525564
2026,2026-03-20,tabular,0.05,2.0,50,0.5,0.0,145000.0,0.0,83356.54474082107,2787.6984126984125
2026,2026-04-07,tabular,0.05,2.0,50,0.5,0.0,145000.0,0.0,-129724.54688678896,2787.6984126984125
2026,2026-04-21,tabular,0.05,2.0,50,0.5,0.0,145000.0,0.0,-20594.99172235133,2787.6984126984125
2026,2026-05-07,tabular,0.05,2.0,50,0.75,0.0,145000.0,0.0,25195.070714801204,4037.698412698413
2026,2026-05-21,tabular,0.05,2.0,50,0.25,0.0,145000.0,0.0,-63824.52895247433,1537.6984126984128
2026,2026-06-05,tabular,0.05,2.0,50,0.25,0.0,145000.0,0.0,-117264.03974498858,1537.6984126984128
2026,2026-06-19,tabular,0.05,2.0,50,0.5,0.0,145000.0,0.0,-71787.38848407115,2787.6984126984125
2026,2026-07-03,tabular,0.05,2.0,50,0.5,0.0,145000.0,0.0,120291.8537050342,2787.6984126984125
2026,2026-07-17,tabular,0.05,2.0,50,0.5,0.0,145000.0,0.0,65262.06013203268,2787.6984126984125
2026,2026-07-31,tabular,0.05,2.0,50,0.5,0.0,145000.0,0.0,-32154.12075745186,2787.6984126984125
2026,2026-08-14,tabular,0.05,2.0,50,0.5,0.0,145000.0,0.0,-18700.777792294542,2787.6984126984125
2026,2026-01-09,tabular,0.05,2.0,100,0.0,0.0,150000.0,0.0,37928.42379002972,297.6190476190476
2026,2026-01-23,tabular,0.05,2.0,100,0.0,0.0,150000.0,0.0,29040.26456517647,297.6190476190476
2026,2026-02-06,tabular,0.05,2.0,100,0.25,0.0,145000.0,0.0,26854.91410793052,2787.6984126984125
2026,2026-02-20,tabular,0.05,2.0,100,0.0,0.0,150000.0,189463.1732293461,339463.1732293461,379223.9655063113
2026,2026-03-06,tabular,0.05,2.0,100,0.0,0.0,150000.0,87533.84441147908,237533.84441147908,175365.3078705772
2026,2026-03-20,tabular,0.05,2.0,100,0.25,0.0,145000.0,0.0,125135.80500091228,2787.6984126984125
2026,2026-04-07,tabular,0.05,2.0,100,0.0,0.0,150000.0,0.0,-245743.64825427328,297.6190476190476
2026,2026-04-21,tabular,0.05,2.0,100,0.25,0.0,145000.0,0.0,-30770.231971079447,2787.6984126984125
2026,2026-05-07,tabular,0.05,2.0,100,0.25,0.0,145000.0,0.0,44935.789630534906,2787.6984126984125
2026,2026-05-21,tabular,0.05,2.0,100,0.0,0.0,150000.0,0.0,-84020.10718376683,297.6190476190476
2026,2026-06-05,tabular,0.05,2.0,100,0.25,0.0,145000.0,0.0,-117264.03974498858,2787.6984126984125
2026,2026-06-19,tabular,0.05,2.0,100,0.0,0.0,150000.0,0.0,-144991.46504385234,297.6190476190476
2026,2026-07-03,tabular,0.05,2.0,100,0.0,0.0,150000.0,89176.53629093987,239176.53629093987,178650.6916294988
2026,2026-07-17,tabular,0.05,2.0,100,0.25,0.0,145000.0,0.0,100375.57618896714,2787.6984126984125
2026,2026-07-31,tabular,0.05,2.0,100,0.25,0.0,145000.0,0.0,-44866.85928246479,2787.6984126984125
2026,2026-08-14,tabular,0.05,2.0,100,0.25,0.0,145000.0,0.0,-24867.91537108174,2787.6984126984125
2026,2026-01-09,tabular,0.1,0.25,10,0.5,0.0,90000.0,0.0,14506.522392394936,857.1428571428571
2026,2026-01-23,tabular,0.1,0.25,10,0.75,0.0,55000.0,0.0,3842.201184894669,968.2539682539682
2026,2026-02-06,tabular,0.1,0.25,10,0.75,0.0,55000.0,0.0,10531.280325105878,968.2539682539682
2026,2026-02-20,tabular,0.1,0.25,10,0.75,0.0,55000.0,47452.86395099563,102452.86395099564,12831.469956002877
2026,2026-03-06,tabular,0.1,0.25,10,0.5,0.0,90000.0,29088.053728378945,119088.05372837896,8129.156289237593
2026,2026-03-20,tabular,0.1,0.25,10,0.75,0.0,55000.0,0.0,41577.28448072987,968.2539682539682
2026,2026-04-07,tabular,0.1,0.25,10,0.5,0.0,90000.0,0.0,-129724.54688678896,857.1428571428571
2026,2026-04-21,tabular,0.1,0.25,10,0.75,0.0,60000.0,0.0,-10419.7514736232,988.095238095238
2026,2026-05-07,tabular,0.1,0.25,10,0.75,0.0,60000.0,0.0,25195.070714801204,988.095238095238
2026,2026-05-21,tabular,0.1,0.25,10,0.75,0.0,50000.0,0.0,-23433.37248988932,948.4126984126984
2026,2026-06-05,tabular,0.1,0.25,10,0.5,0.0,95000.0,0.0,-74017.04622047422,876.984126984127
2026,2026-06-19,tabular,0.1,0.25,10,0.75,0.0,50000.0,0.0,-35185.35020418056,948.4126984126984
2026,2026-07-03,tabular,0.1,0.25,10,0.75,0.0,55000.0,5849.512412081363,60849.51241208136,2430.632071274309
2026,2026-07-17,tabular,0.1,0.25,10,0.75,0.0,55000.0,0.0,30148.544075098205,968.2539682539682
2026,2026-07-31,tabular,0.1,0.25,10,0.75,0.0,55000.0,0.0,-19441.382232438937,968.2539682539682
2026,2026-08-14,tabular,0.1,0.25,10,0.75,0.0,60000.0,0.0,-12533.64021350734,988.095238095238
2026,2026-01-09,tabular,0.1,0.25,50,0.0,0.0,150000.0,0.0,37928.42379002972,595.2380952380952
2026,2026-01-23,tabular,0.1,0.25,50,0.0,0.0,150000.0,0.0,29040.26456517647,595.2380952380952
2026,2026-02-06,tabular,0.1,0.25,50,0.0,0.0,150000.0,0.0,35016.73099934284,595.2380952380952
2026,2026-02-20,tabular,0.1,0.25,50,0.0,0.0,150000.0,189463.1732293461,339463.1732293461,47961.03140257462
2026,2026-03-06,tabular,0.1,0.25,50,0.0,0.0,150000.0,87533.84441147908,237533.84441147908,22478.699198107865
2026,2026-03-20,tabular,0.1,0.25,50,0.0,0.0,150000.0,16915.065261003503,166915.0652610035,4824.004410488971
2026,2026-04-07,tabular,0.1,0.25,50,0.0,0.0,150000.0,0.0,-245743.64825427328,595.2380952380952
2026,2026-04-21,tabular,0.1,0.25,50,0.0,0.0,150000.0,0.0,-40945.47221980757,595.2380952380952
2026,2026-05-07,tabular,0.1,0.25,50,0.0,0.0,150000.0,0.0,54806.14908840176,595.2380952380952
2026,2026-05-21,tabular,0.1,0.25,50,0.0,0.0,150000.0,0.0,-84020.10718376683,595.2380952380952
2026,2026-06-05,tabular,0.1,0.25,50,0.0,0.0,150000.0,0.0,-160511.03326950295,595.2380952380952
2026,2026-06-19,tabular,0.1,0.25,50,0.0,0.0,150000.0,0.0,-144991.46504385234,595.2380952380952
2026,2026-07-03,tabular,0.1,0.25,50,0.0,0.0,150000.0,89176.53629093987,239176.53629093987,22889.372167973062
2026,2026-07-17,tabular,0.1,0.25,50,0.0,0.0,150000.0,0.0,135489.0922459016,595.2380952380952
2026,2026-07-31,tabular,0.1,0.25,50,0.0,0.0,150000.0,0.0,-57579.59780747771,595.2380952380952
2026,2026-08-14,tabular,0.1,0.25,50,0.0,0.0,150000.0,0.0,-31035.052949868943,595.2380952380952
2026,2026-01-09,tabular,0.1,0.25,100,0.0,0.0,150000.0,0.0,37928.42379002972,595.2380952380952
2026,2026-01-23,tabular,0.1,0.25,100,0.0,0.0,150000.0,0.0,29040.26456517647,595.2380952380952
2026,2026-02-06,tabular,0.1,0.25,100,0.0,0.0,150000.0,0.0,35016.73099934284,595.2380952380952
2026,2026-02-20,tabular,0.1,0.25,100,0.0,0.0,150000.0,189463.1732293461,339463.1732293461,47961.03140257462
2026,2026-03-06,tabular,0.1,0.25,100,0.0,0.0,150000.0,87533.84441147908,237533.84441147908,22478.699198107865
2026,2026-03-20,tabular,0.1,0.25,100,0.0,0.0,150000.0,16915.065261003503,166915.0652610035,4824.004410488971
2026,2026-04-07,tabular,0.1,0.25,100,0.0,0.0,150000.0,0.0,-245743.64825427328,595.2380952380952
2026,2026-04-21,tabular,0.1,0.25,100,0.0,0.0,150000.0,0.0,-40945.47221980757,595.2380952380952
2026,2026-05-07,tabular,0.1,0.25,100,0.0,0.0,150000.0,0.0,54806.14908840176,595.2380952380952
2026,2026-05-21,tabular,0.1,0.25,100,0.0,0.0,150000.0,0.0,-84020.10718376683,595.2380952380952
2026,2026-06-05,tabular,0.1,0.25,100,0.0,0.0,150000.0,0.0,-160511.03326950295,595.2380952380952
2026,2026-06-19,tabular,0.1,0.25,100,0.0,0.0,150000.0,0.0,-144991.46504385234,595.2380952380952
2026,2026-07-03,tabular,0.1,0.25,100,0.0,0.0,150000.0,89176.53629093987,239176.53629093987,22889.372167973062
2026,2026-07-17,tabular,0.1,0.25,100,0.0,0.0,150000.0,0.0,135489.0922459016,595.2380952380952
2026,2026-07-31,tabular,0.1,0.25,100,0.0,0.0,150000.0,0.0,-57579.59780747771,595.2380952380952
2026,2026-08-14,tabular,0.1,0.25,100,0.0,0.0,150000.0,0.0,-31035.052949868943,595.2380952380952
2026,2026-01-09,tabular,0.1,1.0,10,1.0,0.0,45000.0,0.0,-8915.379005239844,1178.5714285714284
2026,2026-01-23,tabular,0.1,1.0,10,1.0,0.0,45000.0,0.0,-4557.153275199264,1178.5714285714284
2026,2026-02-06,tabular,0.1,1.0,10,1.0,0.0,45000.0,0.0,2369.4634336935555,1178.5714285714284
2026,2026-02-20,tabular,0.1,1.0,10,1.0,0.0,50000.0,0.0,23449.42752487877,1198.4126984126983
2026,2026-03-06,tabular,0.1,1.0,10,1.0,0.0,45000.0,0.0,642.2630452788125,1178.5714285714284
2026,2026-03-20,tabular,0.1,1.0,10,1.0,0.0,50000.0,0.0,-201.97577936134635,1198.4126984126983
2026,2026-04-07,tabular,0.1,1.0,10,1.0,0.0,55000.0,0.0,-13705.445519304692,1218.2539682539682
2026,2026-04-21,tabular,0.1,1.0,10,1.0,0.0,50000.0,0.0,-244.5112248950776,1198.4126984126983
2026,2026-05-07,tabular,0.1,1.0,10,1.0,0.0,50000.0,0.0,15324.711256934354,1198.4126984126983
2026,2026-05-21,tabular,0.1,1.0,10,1.0,0.0,40000.0,0.0,-3237.7942585968126,1158.7301587301588
2026,2026-06-05,tabular,0.1,1.0,10,1.0,0.0,40000.0,0.0,12476.940828554494,1158.7301587301588
2026,2026-06-19,tabular,0.1,1.0,10,1.0,0.0,45000.0,0.0,1416.688075710021,1178.5714285714284
2026,2026-07-03,tabular,0.1,1.0,10,1.0,0.0,50000.0,0.0,1407.171119128525,1198.4126984126983
2026,2026-07-17,tabular,0.1,1.0,10,1.0,0.0,45000.0,0.0,-4964.971981836264,1178.5714285714284
2026,2026-07-31,tabular,0.1,1.0,10,1.0,0.0,50000.0,0.0,-6728.643707426013,1198.4126984126983
2026,2026-08-14,tabular,0.1,1.0,10,1.0,0.0,50000.0,0.0,-6366.502634720137,1198.4126984126983
2026,2026-01-09,tabular,0.1,1.0,50,0.0,0.0,150000.0,0.0,37928.42379002972,595.2380952380952
2026,2026-01-23,tabular,0.1,1.0,50,0.0,0.0,150000.0,0.0,29040.26456517647,595.2380952380952
2026,2026-02-06,tabular,0.1,1.0,50,0.25,0.0,145000.0,0.0,26854.91410793052,1825.3968253968253
2026,2026-02-20,tabular,0.1,1.0,50,0.0,0.0,150000.0,189463.1732293461,339463.1732293461,190058.41132458425
2026,2026-03-06,tabular,0.1,1.0,50,0.0,0.0,150000.0,87533.84441147908,237533.84441147908,88129.08250671717
2026,2026-03-20,tabular,0.1,1.0,50,0.25,0.0,145000.0,0.0,125135.80500091228,1825.3968253968253
2026,2026-04-07,tabular,0.1,1.0,50,0.0,0.0,150000.0,0.0,-245743.64825427328,595.2380952380952
2026,2026-04-21,tabular,0.1,1.0,50,0.25,0.0,145000.0,0.0,-30770.231971079447,1825.3968253968253
2026,2026-05-07,tabular,0.1,1.0,50,0.25,0.0,145000.0,0.0,44935.789630534906,1825.3968253968253
2026,2026-05-21,tabular,0.1,1.0,50,0.0,0.0,150000.0,0.0,-84020.10718376683,595.2380952380952
2026,2026-06-05,tabular,0.1,1.0,50,0.25,0.0,145000.0,0.0,-117264.03974498858,1825.3968253968253
2026,2026-06-19,tabular,0.1,1.0,50,0.0,0.0,150000.0,0.0,-144991.46504385234,595.2380952380952
2026,2026-07-03,tabular,0.1,1.0,50,0.25,0.0,145000.0,34734.19499798704,179734.19499798704,36559.59182338387
2026,2026-07-17,tabular,0.1,1.0,50,0.25,0.0,145000.0,0.0,100375.57618896714,1825.3968253968253
2026,2026-07-31,tabular,0.1,1.0,50,0.25,0.0,145000.0,0.0,-44866.85928246479,1825.3968253968253
2026,2026-08-14,tabular,0.1,1.0,50,0.25,0.0,145000.0,0.0,-24867.91537108174,1825.3968253968253
2026,2026-01-09,tabular,0.1,1.0,100,0.0,0.0,150000.0,0.0,37928.42379002972,595.2380952380952
2026,2026-01-23,tabular,0.1,1.0,100,0.0,0.0,150000.0,0.0,29040.26456517647,595.2380952380952
2026,2026-02-06,tabular,0.1,1.0,100,0.0,0.0,150000.0,0.0,35016.73099934284,595.2380952380952
2026,2026-02-20,tabular,0.1,1.0,100,0.0,0.0,150000.0,189463.1732293461,339463.1732293461,190058.41132458425
2026,2026-03-06,tabular,0.1,1.0,100,0.0,0.0,150000.0,87533.84441147908,237533.84441147908,88129.08250671717
2026,2026-03-20,tabular,0.1,1.0,100,0.0,0.0,150000.0,16915.065261003503,166915.0652610035,17510.3033562416
2026,2026-04-07,tabular,0.1,1.0,100,0.0,0.0,150000.0,0.0,-245743.64825427328,595.2380952380952
2026,2026-04-21,tabular,0.1,1.0,100,0.0,0.0,150000.0,0.0,-40945.47221980757,595.2380952380952
2026,2026-05-07,tabular,0.1,1.0,100,0.0,0.0,150000.0,0.0,54806.14908840176,595.2380952380952
2026,2026-05-21,tabular,0.1,1.0,100,0.0,0.0,150000.0,0.0,-84020.10718376683,595.2380952380952
2026,2026-06-05,tabular,0.1,1.0,100,0.0,0.0,150000.0,0.0,-160511.03326950295,595.2380952380952
2026,2026-06-19,tabular,0.1,1.0,100,0.0,0.0,150000.0,0.0,-144991.46504385234,595.2380952380952
2026,2026-07-03,tabular,0.1,1.0,100,0.0,0.0,150000.0,89176.53629093987,239176.53629093987,89771.77438617796
2026,2026-07-17,tabular,0.1,1.0,100,0.0,0.0,150000.0,0.0,135489.0922459016,595.2380952380952
2026,2026-07-31,tabular,0.1,1.0,100,0.0,0.0,150000.0,0.0,-57579.59780747771,595.2380952380952
2026,2026-08-14,tabular,0.1,1.0,100,0.0,0.0,150000.0,0.0,-31035.052949868943,595.2380952380952
2026,2026-01-09,tabular,0.1,2.0,10,1.0,0.0,50000.0,0.0,-8915.379005239844,1198.4126984126983
2026,2026-01-23,tabular,0.1,2.0,10,1.0,0.0,55000.0,0.0,-4557.153275199264,1218.2539682539682
2026,2026-02-06,tabular,0.1,2.0,10,1.0,0.0,50000.0,0.0,2369.4634336935555,1198.4126984126983
2026,2026-02-20,tabular,0.1,2.0,10,1.0,0.0,55000.0,0.0,23449.42752487877,1218.2539682539682
2026,2026-03-06,tabular,0.1,2.0,10,1.0,0.0,50000.0,0.0,642.2630452788125,1198.4126984126983
2026,2026-03-20,tabular,0.1,2.0,10,1.0,0.0,55000.0,0.0,-201.97577936134635,1218.2539682539682
2026,2026-04-07,tabular,0.1,2.0,10,1.0,0.0,60000.0,0.0,-13705.445519304692,1238.095238095238
2026,2026-04-21,tabular,0.1,2.0,10,1.0,0.0,55000.0,0.0,-244.5112248950776,1218.2539682539682
2026,2026-05-07,tabular,0.1,2.0,10,1.0,0.0,55000.0,0.0,15324.711256934354,1218.2539682539682
2026,2026-05-21,tabular,0.1,2.0,10,1.0,0.0,50000.0,0.0,-3237.7942585968126,1198.4126984126983
2026,2026-06-05,tabular,0.1,2.0,10,1.0,0.0,50000.0,0.0,12476.940828554494,1198.4126984126983
2026,2026-06-19,tabular,0.1,2.0,10,1.0,0.0,50000.0,0.0,1416.688075710021,1198.4126984126983
2026,2026-07-03,tabular,0.1,2.0,10,1.0,0.0,55000.0,0.0,1407.171119128525,1218.2539682539682
2026,2026-07-17,tabular,0.1,2.0,10,1.0,0.0,50000.0,0.0,-4964.971981836264,1198.4126984126983
2026,2026-07-31,tabular,0.1,2.0,10,1.0,0.0,55000.0,0.0,-6728.643707426013,1218.2539682539682
2026,2026-08-14,tabular,0.1,2.0,10,1.0,0.0,60000.0,0.0,-6366.502634720137,1238.095238095238
2026,2026-01-09,tabular,0.1,2.0,50,0.25,0.0,145000.0,0.0,26217.473091212327,1825.3968253968253
2026,2026-01-23,tabular,0.1,2.0,50,0.5,0.0,145000.0,0.0,12241.555644988604,3075.396825396825
2026,2026-02-06,tabular,0.1,2.0,50,0.25,0.0,145000.0,0.0,26854.91410793052,1825.3968253968253
2026,2026-02-20,tabular,0.1,2.0,50,0.5,0.0,145000.0,36456.30037711244,181456.30037711243,75987.99757962169
2026,2026-03-06,tabular,0.1,2.0,50,0.25,0.0,145000.0,33310.94906992899,178310.949069929,68447.2949652548
2026,2026-03-20,tabular,0.1,2.0,50,0.5,0.0,145000.0,0.0,83356.54474082107,3075.396825396825
2026,2026-04-07,tabular,0.1,2.0,50,0.5,0.0,145000.0,0.0,-129724.54688678896,3075.396825396825
2026,2026-04-21,tabular,0.1,2.0,50,0.5,0.0,145000.0,0.0,-20594.99172235133,3075.396825396825
2026,2026-05-07,tabular,0.1,2.0,50,0.75,0.0,145000.0,0.0,25195.070714801204,4325.396825396825
2026,2026-05-21,tabular,0.1,2.0,50,0.25,0.0,145000.0,0.0,-63824.52895247433,1825.3968253968253
2026,2026-06-05,tabular,0.1,2.0,50,0.25,0.0,145000.0,0.0,-117264.03974498858,1825.3968253968253
2026,2026-06-19,tabular,0.1,2.0,50,0.5,0.0,145000.0,0.0,-71787.38848407115,3075.396825396825
2026,2026-07-03,tabular,0.1,2.0,50,0.5,0.0,145000.0,0.0,120291.8537050342,3075.396825396825
2026,2026-07-17,tabular,0.1,2.0,50,0.5,0.0,145000.0,0.0,65262.06013203268,3075.396825396825
2026,2026-07-31,tabular,0.1,2.0,50,0.5,0.0,145000.0,0.0,-32154.12075745186,3075.396825396825
2026,2026-08-14,tabular,0.1,2.0,50,0.5,0.0,145000.0,0.0,-18700.777792294542,3075.396825396825
2026,2026-01-09,tabular,0.1,2.0,100,0.0,0.0,150000.0,0.0,37928.42379002972,595.2380952380952
2026,2026-01-23,tabular,0.1,2.0,100,0.0,0.0,150000.0,0.0,29040.26456517647,595.2380952380952
2026,2026-02-06,tabular,0.1,2.0,100,0.25,0.0,145000.0,0.0,26854.91410793052,3075.396825396825
2026,2026-02-20,tabular,0.1,2.0,100,0.0,0.0,150000.0,189463.1732293461,339463.1732293461,379521.5845539303
2026,2026-03-06,tabular,0.1,2.0,100,0.0,0.0,150000.0,87533.84441147908,237533.84441147908,175662.92691819626
2026,2026-03-20,tabular,0.1,2.0,100,0.25,0.0,145000.0,0.0,125135.80500091228,3075.396825396825
2026,2026-04-07,tabular,0.1,2.0,100,0.0,0.0,150000.0,0.0,-245743.64825427328,595.2380952380952
2026,2026-04-21,tabular,0.1,2.0,100,0.25,0.0,145000.0,0.0,-30770.231971079447,3075.396825396825
2026,2026-05-07,tabular,0.1,2.0,100,0.25,0.0,145000.0,0.0,44935.789630534906,3075.396825396825
2026,2026-05-21,tabular,0.1,2.0,100,0.0,0.0,150000.0,0.0,-84020.10718376683,595.2380952380952
2026,2026-06-05,tabular,0.1,2.0,100,0.25,0.0,145000.0,0.0,-117264.03974498858,3075.396825396825
2026,2026-06-19,tabular,0.1,2.0,100,0.0,0.0,150000.0,0.0,-144991.46504385234,595.2380952380952
2026,2026-07-03,tabular,0.1,2.0,100,0.0,0.0,150000.0,89176.53629093987,239176.53629093987,178948.31067711784
2026,2026-07-17,tabular,0.1,2.0,100,0.25,0.0,145000.0,0.0,100375.57618896714,3075.396825396825
2026,2026-07-31,tabular,0.1,2.0,100,0.25,0.0,145000.0,0.0,-44866.85928246479,3075.396825396825
2026,2026-08-14,tabular,0.1,2.0,100,0.25,0.0,145000.0,0.0,-24867.91537108174,3075.396825396825
2026,2026-01-09,cnn_1d,0.01,0.25,10,0.5,0.0,145000.0,0.0,14506.522392394936,557.5396825396825
2026,2026-01-23,cnn_1d,0.01,0.25,10,0.25,0.0,145000.0,0.0,20640.91010508253,307.53968253968253
2026,2026-02-06,cnn_1d,0.01,0.25,10,0.25,0.0,145000.0,0.0,26854.91410793052,307.53968253968253
2026,2026-02-20,cnn_1d,0.01,0.25,10,0.25,0.0,145000.0,115459.73680322926,260459.7368032293,29172.473883347
2026,2026-03-06,cnn_1d,0.01,0.25,10,0.25,0.0,145000.0,33310.94906992899,178310.949069929,8635.27695002193
2026,2026-03-20,cnn_1d,0.01,0.25,10,0.25,0.0,145000.0,0.0,125135.80500091228,307.53968253968253
2026,2026-04-07,cnn_1d,0.01,0.25,10,0.25,0.0,145000.0,0.0,-187734.0975705311,307.53968253968253
2026,2026-04-21,cnn_1d,0.01,0.25,10,0.25,0.0,145000.0,0.0,-30770.231971079447,307.53968253968253
2026,2026-05-07,cnn_1d,0.01,0.25,10,0.25,0.0,145000.0,0.0,44935.789630534906,307.53968253968253
2026,2026-05-21,cnn_1d,0.01,0.25,10,0.25,0.0,145000.0,0.0,-63824.52895247433,307.53968253968253
2026,2026-06-05,cnn_1d,0.01,0.25,10,0.5,0.0,145000.0,0.0,-74017.04622047422,557.5396825396825
2026,2026-06-19,cnn_1d,0.01,0.25,10,0.75,0.0,145000.0,0.0,-35185.35020418056,807.5396825396825
2026,2026-07-03,cnn_1d,0.01,0.25,10,1.0,0.0,55000.0,0.0,1407.171119128525,1021.8253968253968
2026,2026-07-17,cnn_1d,0.01,0.25,10,0.75,0.0,145000.0,0.0,30148.544075098205,807.5396825396825
2026,2026-07-31,cnn_1d,0.01,0.25,10,0.75,0.0,145000.0,0.0,-19441.382232438937,807.5396825396825
2026,2026-08-14,cnn_1d,0.01,0.25,10,0.75,0.0,145000.0,0.0,-12533.64021350734,807.5396825396825
2026,2026-01-09,cnn_1d,0.01,0.25,50,0.0,0.0,150000.0,0.0,37928.42379002972,59.523809523809526
2026,2026-01-23,cnn_1d,0.01,0.25,50,0.0,0.0,150000.0,0.0,29040.26456517647,59.523809523809526
2026,2026-02-06,cnn_1d,0.01,0.25,50,0.0,0.0,150000.0,0.0,35016.73099934284,59.523809523809526
2026,2026-02-20,cnn_1d,0.01,0.25,50,0.0,0.0,150000.0,189463.1732293461,339463.1732293461,47425.31711686034
2026,2026-03-06,cnn_1d,0.01,0.25,50,0.0,0.0,150000.0,87533.84441147908,237533.84441147908,21942.98491239358
2026,2026-03-20,cnn_1d,0.01,0.25,50,0.0,0.0,150000.0,16915.065261003503,166915.0652610035,4288.290124774685
2026,2026-04-07,cnn_1d,0.01,0.25,50,0.0,0.0,150000.0,0.0,-245743.64825427328,59.523809523809526
2026,2026-04-21,cnn_1d,0.01,0.25,50,0.0,0.0,150000.0,0.0,-40945.47221980757,59.523809523809526
2026,2026-05-07,cnn_1d,0.01,0.25,50,0.0,0.0,150000.0,0.0,54806.14908840176,59.523809523809526
2026,2026-05-21,cnn_1d,0.01,0.25,50,0.0,0.0,150000.0,0.0,-84020.10718376683,59.523809523809526
2026,2026-06-05,cnn_1d,0.01,0.25,50,0.0,0.0,150000.0,0.0,-160511.03326950295,59.523809523809526
2026,2026-06-19,cnn_1d,0.01,0.25,50,0.0,0.0,150000.0,0.0,-144991.46504385234,59.523809523809526
2026,2026-07-03,cnn_1d,0.01,0.25,50,0.25,0.0,145000.0,34734.19499798704,179734.19499798704,9991.088432036442
2026,2026-07-17,cnn_1d,0.01,0.25,50,0.0,0.0,150000.0,0.0,135489.0922459016,59.523809523809526
2026,2026-07-31,cnn_1d,0.01,0.25,50,0.0,0.0,150000.0,0.0,-57579.59780747771,59.523809523809526
2026,2026-08-14,cnn_1d,0.01,0.25,50,0.0,0.0,150000.0,0.0,-31035.052949868943,59.523809523809526
2026,2026-01-09,cnn_1d,0.01,0.25,100,0.0,0.0,150000.0,0.0,37928.42379002972,59.523809523809526
2026,2026-01-23,cnn_1d,0.01,0.25,100,0.0,0.0,150000.0,0.0,29040.26456517647,59.523809523809526
2026,2026-02-06,cnn_1d,0.01,0.25,100,0.0,0.0,150000.0,0.0,35016.73099934284,59.523809523809526
2026,2026-02-20,cnn_1d,0.01,0.25,100,0.0,0.0,150000.0,189463.1732293461,339463.1732293461,47425.31711686034
2026,2026-03-06,cnn_1d,0.01,0.25,100,0.0,0.0,150000.0,87533.84441147908,237533.84441147908,21942.98491239358
2026,2026-03-20,cnn_1d,0.01,0.25,100,0.0,0.0,150000.0,16915.065261003503,166915.0652610035,4288.290124774685
2026,2026-04-07,cnn_1d,0.01,0.25,100,0.0,0.0,150000.0,0.0,-245743.64825427328,59.523809523809526
2026,2026-04-21,cnn_1d,0.01,0.25,100,0.0,0.0,150000.0,0.0,-40945.47221980757,59.523809523809526
2026,2026-05-07,cnn_1d,0.01,0.25,100,0.0,0.0,150000.0,0.0,54806.14908840176,59.523809523809526
2026,2026-05-21,cnn_1d,0.01,0.25,100,0.0,0.0,150000.0,0.0,-84020.10718376683,59.523809523809526
2026,2026-06-05,cnn_1d,0.01,0.25,100,0.0,0.0,150000.0,0.0,-160511.03326950295,59.523809523809526
2026,2026-06-19,cnn_1d,0.01,0.25,100,0.0,0.0,150000.0,0.0,-144991.46504385234,59.523809523809526
2026,2026-07-03,cnn_1d,0.01,0.25,100,0.0,0.0,150000.0,89176.53629093987,239176.53629093987,22353.657882258776
2026,2026-07-17,cnn_1d,0.01,0.25,100,0.0,0.0,150000.0,0.0,135489.0922459016,59.523809523809526
2026,2026-07-31,cnn_1d,0.01,0.25,100,0.0,0.0,150000.0,0.0,-57579.59780747771,59.523809523809526
2026,2026-08-14,cnn_1d,0.01,0.25,100,0.0,0.0,150000.0,0.0,-31035.052949868943,59.523809523809526
2026,2026-01-09,cnn_1d,0.01,1.0,10,0.75,0.0,145000.0,0.0,2795.5716935775463,807.5396825396825
2026,2026-01-23,cnn_1d,0.01,1.0,10,0.75,0.0,145000.0,0.0,3842.201184894669,807.5396825396825
2026,2026-02-06,cnn_1d,0.01,1.0,10,0.75,0.0,145000.0,0.0,10531.280325105878,807.5396825396825
2026,2026-02-20,cnn_1d,0.01,1.0,10,0.75,0.0,145000.0,0.0,102452.86395099564,807.5396825396825
2026,2026-03-06,cnn_1d,0.01,1.0,10,0.75,0.0,145000.0,0.0,59865.15838682887,807.5396825396825
2026,2026-03-20,cnn_1d,0.01,1.0,10,0.75,0.0,145000.0,0.0,41577.28448072987,807.5396825396825
2026,2026-04-07,cnn_1d,0.01,1.0,10,0.75,0.0,145000.0,0.0,-71714.99620304683,807.5396825396825
2026,2026-04-21,cnn_1d,0.01,1.0,10,0.75,0.0,145000.0,0.0,-10419.7514736232,807.5396825396825
2026,2026-05-07,cnn_1d,0.01,1.0,10,0.75,0.0,145000.0,0.0,25195.070714801204,807.5396825396825
2026,2026-05-21,cnn_1d,0.01,1.0,10,0.75,0.0,145000.0,0.0,-23433.37248988932,807.5396825396825
2026,2026-06-05,cnn_1d,0.01,1.0,10,1.0,0.0,60000.0,0.0,12476.940828554494,1023.809523809524
2026,2026-06-19,cnn_1d,0.01,1.0,10,1.0,0.0,60000.0,0.0,1416.688075710021,1023.809523809524
2026,2026-07-03,cnn_1d,0.01,1.0,10,1.0,0.0,65000.0,0.0,1407.171119128525,1025.7936507936508
2026,2026-07-17,cnn_1d,0.01,1.0,10,1.0,0.0,65000.0,0.0,-4964.971981836264,1025.7936507936508
2026,2026-07-31,cnn_1d,0.01,1.0,10,1.0,0.0,65000.0,0.0,-6728.643707426013,1025.7936507936508
2026,2026-08-14,cnn_1d,0.01,1.0,10,1.0,0.0,65000.0,0.0,-6366.502634720137,1025.7936507936508
2026,2026-01-09,cnn_1d,0.01,1.0,50,0.25,0.0,145000.0,0.0,26217.473091212327,1307.5396825396826
2026,2026-01-23,cnn_1d,0.01,1.0,50,0.25,0.0,145000.0,0.0,20640.91010508253,1307.5396825396826
2026,2026-02-06,cnn_1d,0.01,1.0,50,0.25,0.0,145000.0,0.0,26854.91410793052,1307.5396825396826
2026,2026-02-20,cnn_1d,0.01,1.0,50,0.25,0.0,145000.0,115459.73680322926,260459.7368032293,116767.27648576896
2026,2026-03-06,cnn_1d,0.01,1.0,50,0.0,0.0,150000.0,87533.84441147908,237533.84441147908,87593.3682210029
2026,2026-03-20,cnn_1d,0.01,1.0,50,0.0,0.0,150000.0,16915.065261003503,166915.0652610035,16974.589070527312
2026,2026-04-07,cnn_1d,0.01,1.0,50,0.0,0.0,150000.0,0.0,-245743.64825427328,59.523809523809526
2026,2026-04-21,cnn_1d,0.01,1.0,50,0.25,0.0,145000.0,0.0,-30770.231971079447,1307.5396825396826
2026,2026-05-07,cnn_1d,0.01,1.0,50,0.25,0.0,145000.0,0.0,44935.789630534906,1307.5396825396826
2026,2026-05-21,cnn_1d,0.01,1.0,50,0.25,0.0,145000.0,0.0,-63824.52895247433,1307.5396825396826
2026,2026-06-05,cnn_1d,0.01,1.0,50,0.25,0.0,145000.0,0.0,-117264.03974498858,1307.5396825396826
2026,2026-06-19,cnn_1d,0.01,1.0,50,0.75,0.0,145000.0,0.0,-35185.35020418056,3807.5396825396815
2026,2026-07-03,cnn_1d,0.01,1.0,50,0.75,0.0,145000.0,0.0,60849.51241208136,3807.5396825396815
2026,2026-07-17,cnn_1d,0.01,1.0,50,0.75,0.0,145000.0,0.0,30148.544075098205,3807.5396825396815
2026,2026-07-31,cnn_1d,0.01,1.0,50,0.75,0.0,145000.0,0.0,-19441.382232438937,3807.5396825396815
2026,2026-08-14,cnn_1d,0.01,1.0,50,0.5,0.0,145000.0,0.0,-18700.777792294542,2557.5396825396824
2026,2026-01-09,cnn_1d,0.01,1.0,100,0.0,0.0,150000.0,0.0,37928.42379002972,59.523809523809526
2026,2026-01-23,cnn_1d,0.01,1.0,100,0.0,0.0,150000.0,0.0,29040.26456517647,59.523809523809526
2026,2026-02-06,cnn_1d,0.01,1.0,100,0.0,0.0,150000.0,0.0,35016.73099934284,59.523809523809526
2026,2026-02-20,cnn_1d,0.01,1.0,100,0.0,0.0,150000.0,189463.1732293461,339463.1732293461,189522.69703886996
2026,2026-03-06,cnn_1d,0.01,1.0,100,0.0,0.0,150000.0,87533.84441147908,237533.84441147908,87593.3682210029
2026,2026-03-20,cnn_1d,0.01,1.0,100,0.0,0.0,150000.0,16915.065261003503,166915.0652610035,16974.589070527312
2026,2026-04-07,cnn_1d,0.01,1.0,100,0.0,0.0,150000.0,0.0,-245743.64825427328,59.523809523809526
2026,2026-04-21,cnn_1d,0.01,1.0,100,0.0,0.0,150000.0,0.0,-40945.47221980757,59.523809523809526
2026,2026-05-07,cnn_1d,0.01,1.0,100,0.0,0.0,150000.0,0.0,54806.14908840176,59.523809523809526
2026,2026-05-21,cnn_1d,0.01,1.0,100,0.0,0.0,150000.0,0.0,-84020.10718376683,59.523809523809526
2026,2026-06-05,cnn_1d,0.01,1.0,100,0.0,0.0,150000.0,0.0,-160511.03326950295,59.523809523809526
2026,2026-06-19,cnn_1d,0.01,1.0,100,0.75,0.0,140000.0,0.0,-35185.35020418056,7555.555555555556
2026,2026-07-03,cnn_1d,0.01,1.0,100,0.75,0.0,140000.0,0.0,60849.51241208136,7555.555555555556
2026,2026-07-17,cnn_1d,0.01,1.0,100,0.5,0.0,145000.0,0.0,65262.06013203268,5057.539682539683
2026,2026-07-31,cnn_1d,0.01,1.0,100,0.0,0.0,150000.0,0.0,-57579.59780747771,59.523809523809526
2026,2026-08-14,cnn_1d,0.01,1.0,100,0.0,0.0,150000.0,0.0,-31035.052949868943,59.523809523809526
2026,2026-01-09,cnn_1d,0.01,2.0,10,1.0,0.0,70000.0,0.0,-8915.379005239844,1027.7777777777778
2026,2026-01-23,cnn_1d,0.01,2.0,10,1.0,0.0,70000.0,0.0,-4557.153275199264,1027.7777777777778
2026,2026-02-06,cnn_1d,0.01,2.0,10,1.0,0.0,70000.0,0.0,2369.4634336935555,1027.7777777777778
2026,2026-02-20,cnn_1d,0.01,2.0,10,1.0,0.0,70000.0,0.0,23449.42752487877,1027.7777777777778
2026,2026-03-06,cnn_1d,0.01,2.0,10,0.75,0.0,145000.0,0.0,59865.15838682887,807.5396825396825
2026,2026-03-20,cnn_1d,0.01,2.0,10,0.75,0.0,145000.0,0.0,41577.28448072987,807.5396825396825
2026,2026-04-07,cnn_1d,0.01,2.0,10,0.75,0.0,145000.0,0.0,-71714.99620304683,807.5396825396825
2026,2026-04-21,cnn_1d,0.01,2.0,10,0.75,0.0,145000.0,0.0,-10419.7514736232,807.5396825396825
2026,2026-05-07,cnn_1d,0.01,2.0,10,1.0,0.0,65000.0,0.0,15324.711256934354,1025.7936507936508
2026,2026-05-21,cnn_1d,0.01,2.0,10,1.0,0.0,65000.0,0.0,-3237.7942585968126,1025.7936507936508
2026,2026-06-05,cnn_1d,0.01,2.0,10,1.0,0.0,65000.0,0.0,12476.940828554494,1025.7936507936508
2026,2026-06-19,cnn_1d,0.01,2.0,10,1.0,0.0,65000.0,0.0,1416.688075710021,1025.7936507936508
2026,2026-07-03,cnn_1d,0.01,2.0,10,1.0,0.0,65000.0,0.0,1407.171119128525,1025.7936507936508
2026,2026-07-17,cnn_1d,0.01,2.0,10,1.0,0.0,65000.0,0.0,-4964.971981836264,1025.7936507936508
2026,2026-07-31,cnn_1d,0.01,2.0,10,1.0,0.0,65000.0,0.0,-6728.643707426013,1025.7936507936508
2026,2026-08-14,cnn_1d,0.01,2.0,10,1.0,0.0,65000.0,0.0,-6366.502634720137,1025.7936507936508
2026,2026-01-09,cnn_1d,0.01,2.0,50,0.75,0.0,145000.0,0.0,2795.5716935775463,3807.5396825396815
2026,2026-01-23,cnn_1d,0.01,2.0,50,0.5,0.0,145000.0,0.0,12241.555644988604,2557.5396825396824
2026,2026-02-06,cnn_1d,0.01,2.0,50,0.5,0.0,145000.0,0.0,18693.0972165182,2557.5396825396824
2026,2026-02-20,cnn_1d,0.01,2.0,50,0.5,0.0,145000.0,36456.30037711244,181456.30037711243,75470.14043676456
2026,2026-03-06,cnn_1d,0.01,2.0,50,0.5,0.0,145000.0,0.0,119088.05372837896,2557.5396825396824
2026,2026-03-20,cnn_1d,0.01,2.0,50,0.25,0.0,145000.0,0.0,125135.80500091228,1307.5396825396826
2026,2026-04-07,cnn_1d,0.01,2.0,50,0.25,0.0,145000.0,0.0,-187734.0975705311,1307.5396825396826
2026,2026-04-21,cnn_1d,0.01,2.0,50,0.5,0.0,145000.0,0.0,-20594.99172235133,2557.5396825396824
2026,2026-05-07,cnn_1d,0.01,2.0,50,0.5,0.0,145000.0,0.0,35065.43017266806,2557.5396825396824
2026,2026-05-21,cnn_1d,0.01,2.0,50,0.5,0.0,145000.0,0.0,-43628.95072118182,2557.5396825396824
2026,2026-06-05,cnn_1d,0.01,2.0,50,0.75,0.0,145000.0,0.0,-30770.052695959865,3807.5396825396815
2026,2026-06-19,cnn_1d,0.01,2.0,50,1.0,0.0,65000.0,0.0,1416.688075710021,5025.793650793651
2026,2026-07-03,cnn_1d,0.01,2.0,50,1.0,0.0,65000.0,0.0,1407.171119128525,5025.793650793651
2026,2026-07-17,cnn_1d,0.01,2.0,50,0.75,0.0,145000.0,0.0,30148.544075098205,3807.5396825396815
2026,2026-07-31,cnn_1d,0.01,2.0,50,0.75,0.0,145000.0,0.0,-19441.382232438937,3807.5396825396815
2026,2026-08-14,cnn_1d,0.01,2.0,50,0.75,0.0,145000.0,0.0,-12533.64021350734,3807.5396825396815
2026,2026-01-09,cnn_1d,0.01,2.0,100,0.25,0.0,145000.0,0.0,26217.473091212327,2557.5396825396824
2026,2026-01-23,cnn_1d,0.01,2.0,100,0.25,0.0,145000.0,0.0,20640.91010508253,2557.5396825396824
2026,2026-02-06,cnn_1d,0.01,2.0,100,0.25,0.0,145000.0,0.0,26854.91410793052,2557.5396825396824
2026,2026-02-20,cnn_1d,0.01,2.0,100,0.25,0.0,145000.0,115459.73680322926,260459.7368032293,233477.0132889982
2026,2026-03-06,cnn_1d,0.01,2.0,100,0.0,0.0,150000.0,87533.84441147908,237533.84441147908,175127.21263248197
2026,2026-03-20,cnn_1d,0.01,2.0,100,0.0,0.0,150000.0,16915.065261003503,166915.0652610035,33889.654331530815
2026,2026-04-07,cnn_1d,0.01,2.0,100,0.0,0.0,150000.0,0.0,-245743.64825427328,59.523809523809526
2026,2026-04-21,cnn_1d,0.01,2.0,100,0.25,0.0,145000.0,0.0,-30770.231971079447,2557.5396825396824
2026,2026-05-07,cnn_1d,0.01,2.0,100,0.25,0.0,145000.0,0.0,44935.789630534906,2557.5396825396824
2026,2026-05-21,cnn_1d,0.01,2.0,100,0.25,0.0,145000.0,0.0,-63824.52895247433,2557.5396825396824
2026,2026-06-05,cnn_1d,0.01,2.0,100,0.25,0.0,145000.0,0.0,-117264.03974498858,2557.5396825396824
2026,2026-06-19,cnn_1d,0.01,2.0,100,0.75,0.0,140000.0,0.0,-35185.35020418056,7555.555555555556
2026,2026-07-03,cnn_1d,0.01,2.0,100,0.75,0.0,140000.0,0.0,60849.51241208136,7555.555555555556
2026,2026-07-17,cnn_1d,0.01,2.0,100,0.75,0.0,140000.0,0.0,30148.544075098205,7555.555555555556
2026,2026-07-31,cnn_1d,0.01,2.0,100,0.75,0.0,140000.0,0.0,-19441.382232438937,7555.555555555556
2026,2026-08-14,cnn_1d,0.01,2.0,100,0.5,0.0,145000.0,0.0,-18700.777792294542,5057.539682539683
2026,2026-01-09,cnn_1d,0.05,0.25,10,0.75,0.0,75000.0,0.0,2795.5716935775463,898.8095238095239
2026,2026-01-23,cnn_1d,0.05,0.25,10,0.25,0.0,145000.0,0.0,20640.91010508253,537.6984126984128
2026,2026-02-06,cnn_1d,0.05,0.25,10,0.25,0.0,145000.0,0.0,26854.91410793052,537.6984126984128
2026,2026-02-20,cnn_1d,0.05,0.25,10,0.25,0.0,145000.0,115459.73680322926,260459.7368032293,29402.632613505728
2026,2026-03-06,cnn_1d,0.05,0.25,10,0.25,0.0,145000.0,33310.94906992899,178310.949069929,8865.43568018066
2026,2026-03-20,cnn_1d,0.05,0.25,10,0.25,0.0,145000.0,0.0,125135.80500091228,537.6984126984128
2026,2026-04-07,cnn_1d,0.05,0.25,10,0.25,0.0,145000.0,0.0,-187734.0975705311,537.6984126984128
2026,2026-04-21,cnn_1d,0.05,0.25,10,0.25,0.0,145000.0,0.0,-30770.231971079447,537.6984126984128
2026,2026-05-07,cnn_1d,0.05,0.25,10,0.25,0.0,145000.0,0.0,44935.789630534906,537.6984126984128
2026,2026-05-21,cnn_1d,0.05,0.25,10,0.25,0.0,145000.0,0.0,-63824.52895247433,537.6984126984128
2026,2026-06-05,cnn_1d,0.05,0.25,10,0.75,0.0,75000.0,0.0,-30770.052695959865,898.8095238095239
2026,2026-06-19,cnn_1d,0.05,0.25,10,1.0,0.0,40000.0,0.0,1416.688075710021,1079.3650793650793
2026,2026-07-03,cnn_1d,0.05,0.25,10,1.0,0.0,40000.0,0.0,1407.171119128525,1079.3650793650793
2026,2026-07-17,cnn_1d,0.05,0.25,10,1.0,0.0,40000.0,0.0,-4964.971981836264,1079.3650793650793
2026,2026-07-31,cnn_1d,0.05,0.25,10,1.0,0.0,40000.0,0.0,-6728.643707426013,1079.3650793650793
2026,2026-08-14,cnn_1d,0.05,0.25,10,0.75,0.0,85000.0,0.0,-12533.64021350734,918.6507936507936
2026,2026-01-09,cnn_1d,0.05,0.25,50,0.0,0.0,150000.0,0.0,37928.42379002972,297.6190476190476
2026,2026-01-23,cnn_1d,0.05,0.25,50,0.0,0.0,150000.0,0.0,29040.26456517647,297.6190476190476
2026,2026-02-06,cnn_1d,0.05,0.25,50,0.0,0.0,150000.0,0.0,35016.73099934284,297.6190476190476
2026,2026-02-20,cnn_1d,0.05,0.25,50,0.0,0.0,150000.0,189463.1732293461,339463.1732293461,47663.41235495557
2026,2026-03-06,cnn_1d,0.05,0.25,50,0.0,0.0,150000.0,87533.84441147908,237533.84441147908,22181.08015048881
2026,2026-03-20,cnn_1d,0.05,0.25,50,0.0,0.0,150000.0,16915.065261003503,166915.0652610035,4526.385362869924
2026,2026-04-07,cnn_1d,0.05,0.25,50,0.0,0.0,150000.0,0.0,-245743.64825427328,297.6190476190476
2026,2026-04-21,cnn_1d,0.05,0.25,50,0.0,0.0,150000.0,0.0,-40945.47221980757,297.6190476190476
2026,2026-05-07,cnn_1d,0.05,0.25,50,0.0,0.0,150000.0,0.0,54806.14908840176,297.6190476190476
2026,2026-05-21,cnn_1d,0.05,0.25,50,0.0,0.0,150000.0,0.0,-84020.10718376683,297.6190476190476
2026,2026-06-05,cnn_1d,0.05,0.25,50,0.0,0.0,150000.0,0.0,-160511.03326950295,297.6190476190476
2026,2026-06-19,cnn_1d,0.05,0.25,50,0.0,0.0,150000.0,0.0,-144991.46504385234,297.6190476190476
2026,2026-07-03,cnn_1d,0.05,0.25,50,0.25,0.0,145000.0,34734.19499798704,179734.19499798704,10221.247162195174
2026,2026-07-17,cnn_1d,0.05,0.25,50,0.0,0.0,150000.0,0.0,135489.0922459016,297.6190476190476
2026,2026-07-31,cnn_1d,0.05,0.25,50,0.0,0.0,150000.0,0.0,-57579.59780747771,297.6190476190476
2026,2026-08-14,cnn_1d,0.05,0.25,50,0.0,0.0,150000.0,0.0,-31035.052949868943,297.6190476190476
2026,2026-01-09,cnn_1d,0.05,0.25,100,0.0,0.0,150000.0,0.0,37928.42379002972,297.6190476190476
2026,2026-01-23,cnn_1d,0.05,0.25,100,0.0,0.0,150000.0,0.0,29040.26456517647,297.6190476190476
2026,2026-02-06,cnn_1d,0.05,0.25,100,0.0,0.0,150000.0,0.0,35016.73099934284,297.6190476190476
2026,2026-02-20,cnn_1d,0.05,0.25,100,0.0,0.0,150000.0,189463.1732293461,339463.1732293461,47663.41235495557
2026,2026-03-06,cnn_1d,0.05,0.25,100,0.0,0.0,150000.0,87533.84441147908,237533.84441147908,22181.08015048881
2026,2026-03-20,cnn_1d,0.05,0.25,100,0.0,0.0,150000.0,16915.065261003503,166915.0652610035,4526.385362869924
2026,2026-04-07,cnn_1d,0.05,0.25,100,0.0,0.0,150000.0,0.0,-245743.64825427328,297.6190476190476
2026,2026-04-21,cnn_1d,0.05,0.25,100,0.0,0.0,150000.0,0.0,-40945.47221980757,297.6190476190476
2026,2026-05-07,cnn_1d,0.05,0.25,100,0.0,0.0,150000.0,0.0,54806.14908840176,297.6190476190476
2026,2026-05-21,cnn_1d,0.05,0.25,100,0.0,0.0,150000.0,0.0,-84020.10718376683,297.6190476190476
2026,2026-06-05,cnn_1d,0.05,0.25,100,0.0,0.0,150000.0,0.0,-160511.03326950295,297.6190476190476
2026,2026-06-19,cnn_1d,0.05,0.25,100,0.0,0.0,150000.0,0.0,-144991.46504385234,297.6190476190476
2026,2026-07-03,cnn_1d,0.05,0.25,100,0.0,0.0,150000.0,89176.53629093987,239176.53629093987,22591.753120354013
2026,2026-07-17,cnn_1d,0.05,0.25,100,0.0,0.0,150000.0,0.0,135489.0922459016,297.6190476190476
2026,2026-07-31,cnn_1d,0.05,0.25,100,0.0,0.0,150000.0,0.0,-57579.59780747771,297.6190476190476
2026,2026-08-14,cnn_1d,0.05,0.25,100,0.0,0.0,150000.0,0.0,-31035.052949868943,297.6190476190476
2026,2026-01-09,cnn_1d,0.05,1.0,10,1.0,0.0,55000.0,0.0,-8915.379005239844,1109.126984126984
2026,2026-01-23,cnn_1d,0.05,1.0,10,1.0,0.0,55000.0,0.0,-4557.153275199264,1109.126984126984
2026,2026-02-06,cnn_1d,0.05,1.0,10,1.0,0.0,55000.0,0.0,2369.4634336935555,1109.126984126984
2026,2026-02-20,cnn_1d,0.05,1.0,10,1.0,0.0,55000.0,0.0,23449.42752487877,1109.126984126984
2026,2026-03-06,cnn_1d,0.05,1.0,10,0.75,0.0,120000.0,0.0,59865.15838682887,988.095238095238
2026,2026-03-20,cnn_1d,0.05,1.0,10,0.75,0.0,100000.0,0.0,41577.28448072987,948.4126984126984
2026,2026-04-07,cnn_1d,0.05,1.0,10,0.75,0.0,100000.0,0.0,-71714.99620304683,948.4126984126984
2026,2026-04-21,cnn_1d,0.05,1.0,10,1.0,0.0,50000.0,0.0,-244.5112248950776,1099.2063492063492
2026,2026-05-07,cnn_1d,0.05,1.0,10,1.0,0.0,50000.0,0.0,15324.711256934354,1099.2063492063492
2026,2026-05-21,cnn_1d,0.05,1.0,10,1.0,0.0,50000.0,0.0,-3237.7942585968126,1099.2063492063492
2026,2026-06-05,cnn_1d,0.05,1.0,10,1.0,0.0,50000.0,0.0,12476.940828554494,1099.2063492063492
2026,2026-06-19,cnn_1d,0.05,1.0,10,1.0,0.0,55000.0,0.0,1416.688075710021,1109.126984126984
2026,2026-07-03,cnn_1d,0.05,1.0,10,1.0,0.0,55000.0,0.0,1407.171119128525,1109.126984126984
2026,2026-07-17,cnn_1d,0.05,1.0,10,1.0,0.0,55000.0,0.0,-4964.971981836264,1109.126984126984
2026,2026-07-31,cnn_1d,0.05,1.0,10,1.0,0.0,55000.0,0.0,-6728.643707426013,1109.126984126984
2026,2026-08-14,cnn_1d,0.05,1.0,10,1.0,0.0,50000.0,0.0,-6366.502634720137,1099.2063492063492
2026,2026-01-09,cnn_1d,0.05,1.0,50,0.25,0.0,145000.0,0.0,26217.473091212327,1537.6984126984128
2026,2026-01-23,cnn_1d,0.05,1.0,50,0.25,0.0,145000.0,0.0,20640.91010508253,1537.6984126984128
2026,2026-02-06,cnn_1d,0.05,1.0,50,0.25,0.0,145000.0,0.0,26854.91410793052,1537.6984126984128
2026,2026-02-20,cnn_1d,0.05,1.0,50,0.25,0.0,145000.0,115459.73680322926,260459.7368032293,116997.43521592768
2026,2026-03-06,cnn_1d,0.05,1.0,50,0.0,0.0,150000.0,87533.84441147908,237533.84441147908,87831.46345909813
2026,2026-03-20,cnn_1d,0.05,1.0,50,0.0,0.0,150000.0,16915.065261003503,166915.0652610035,17212.68430862255
2026,2026-04-07,cnn_1d,0.05,1.0,50,0.0,0.0,150000.0,0.0,-245743.64825427328,297.6190476190476
2026,2026-04-21,cnn_1d,0.05,1.0,50,0.25,0.0,145000.0,0.0,-30770.231971079447,1537.6984126984128
2026,2026-05-07,cnn_1d,0.05,1.0,50,0.25,0.0,145000.0,0.0,44935.789630534906,1537.6984126984128
2026,2026-05-21,cnn_1d,0.05,1.0,50,0.25,0.0,145000.0,0.0,-63824.52895247433,1537.6984126984128
2026,2026-06-05,cnn_1d,0.05,1.0,50,0.25,0.0,145000.0,0.0,-117264.03974498858,1537.6984126984128
2026,2026-06-19,cnn_1d,0.05,1.0,50,0.75,0.0,145000.0,0.0,-35185.35020418056,4037.698412698413
2026,2026-07-03,cnn_1d,0.05,1.0,50,1.0,0.0,55000.0,0.0,1407.171119128525,5109.126984126984
2026,2026-07-17,cnn_1d,0.05,1.0,50,0.75,0.0,145000.0,0.0,30148.544075098205,4037.698412698413
2026,2026-07-31,cnn_1d,0.05,1.0,50,0.75,0.0,145000.0,0.0,-19441.382232438937,4037.698412698413
2026,2026-08-14,cnn_1d,0.05,1.0,50,0.5,0.0,145000.0,0.0,-18700.777792294542,2787.6984126984125
2026,2026-01-09,cnn_1d,0.05,1.0,100,0.0,0.0,150000.0,0.0,37928.42379002972,297.6190476190476
2026,2026-01-23,cnn_1d,0.05,1.0,100,0.0,0.0,150000.0,0.0,29040.26456517647,297.6190476190476
2026,2026-02-06,cnn_1d,0.05,1.0,100,0.0,0.0,150000.0,0.0,35016.73099934284,297.6190476190476
2026,2026-02-20,cnn_1d,0.05,1.0,100,0.0,0.0,150000.0,189463.1732293461,339463.1732293461,189760.7922769652
2026,2026-03-06,cnn_1d,0.05,1.0,100,0.0,0.0,150000.0,87533.84441147908,237533.84441147908,87831.46345909813
2026,2026-03-20,cnn_1d,0.05,1.0,100,0.0,0.0,150000.0,16915.065261003503,166915.0652610035,17212.68430862255
2026,2026-04-07,cnn_1d,0.05,1.0,100,0.0,0.0,150000.0,0.0,-245743.64825427328,297.6190476190476
2026,2026-04-21,cnn_1d,0.05,1.0,100,0.0,0.0,150000.0,0.0,-40945.47221980757,297.6190476190476
2026,2026-05-07,cnn_1d,0.05,1.0,100,0.0,0.0,150000.0,0.0,54806.14908840176,297.6190476190476
2026,2026-05-21,cnn_1d,0.05,1.0,100,0.0,0.0,150000.0,0.0,-84020.10718376683,297.6190476190476
2026,2026-06-05,cnn_1d,0.05,1.0,100,0.0,0.0,150000.0,0.0,-160511.03326950295,297.6190476190476
2026,2026-06-19,cnn_1d,0.05,1.0,100,0.75,0.0,140000.0,0.0,-35185.35020418056,7777.777777777777
2026,2026-07-03,cnn_1d,0.05,1.0,100,0.75,0.0,140000.0,0.0,60849.51241208136,7777.777777777777
2026,2026-07-17,cnn_1d,0.05,1.0,100,0.5,0.0,145000.0,0.0,65262.06013203268,5287.6984126984125
2026,2026-07-31,cnn_1d,0.05,1.0,100,0.0,0.0,150000.0,0.0,-57579.59780747771,297.6190476190476
2026,2026-08-14,cnn_1d,0.05,1.0,100,0.0,0.0,150000.0,0.0,-31035.052949868943,297.6190476190476
2026,2026-01-09,cnn_1d,0.05,2.0,10,1.0,0.0,60000.0,0.0,-8915.379005239844,1119.047619047619
2026,2026-01-23,cnn_1d,0.05,2.0,10,1.0,0.0,60000.0,0.0,-4557.153275199264,1119.047619047619
2026,2026-02-06,cnn_1d,0.05,2.0,10,1.0,0.0,60000.0,0.0,2369.4634336935555,1119.047619047619
2026,2026-02-20,cnn_1d,0.05,2.0,10,1.0,0.0,60000.0,0.0,23449.42752487877,1119.047619047619
2026,2026-03-06,cnn_1d,0.05,2.0,10,1.0,0.0,60000.0,0.0,642.2630452788125,1119.047619047619
2026,2026-03-20,cnn_1d,0.05,2.0,10,1.0,0.0,60000.0,0.0,-201.97577936134635,1119.047619047619
2026,2026-04-07,cnn_1d,0.05,2.0,10,1.0,0.0,55000.0,0.0,-13705.445519304692,1109.126984126984
2026,2026-04-21,cnn_1d,0.05,2.0,10,1.0,0.0,55000.0,0.0,-244.5112248950776,1109.126984126984
2026,2026-05-07,cnn_1d,0.05,2.0,10,1.0,0.0,55000.0,0.0,15324.711256934354,1109.126984126984
2026,2026-05-21,cnn_1d,0.05,2.0,10,1.0,0.0,55000.0,0.0,-3237.7942585968126,1109.126984126984
2026,2026-06-05,cnn_1d,0.05,2.0,10,1.0,0.0,55000.0,0.0,12476.940828554494,1109.126984126984
2026,2026-06-19,cnn_1d,0.05,2.0,10,1.0,0.0,55000.0,0.0,1416.688075710021,1109.126984126984
2026,2026-07-03,cnn_1d,0.05,2.0,10,1.0,0.0,60000.0,0.0,1407.171119128525,1119.047619047619
2026,2026-07-17,cnn_1d,0.05,2.0,10,1.0,0.0,55000.0,0.0,-4964.971981836264,1109.126984126984
2026,2026-07-31,cnn_1d,0.05,2.0,10,1.0,0.0,55000.0,0.0,-6728.643707426013,1109.126984126984
2026,2026-08-14,cnn_1d,0.05,2.0,10,1.0,0.0,55000.0,0.0,-6366.502634720137,1109.126984126984
2026,2026-01-09,cnn_1d,0.05,2.0,50,0.75,0.0,145000.0,0.0,2795.5716935775463,4037.698412698413
2026,2026-01-23,cnn_1d,0.05,2.0,50,0.5,0.0,145000.0,0.0,12241.555644988604,2787.6984126984125
2026,2026-02-06,cnn_1d,0.05,2.0,50,0.5,0.0,145000.0,0.0,18693.0972165182,2787.6984126984125
2026,2026-02-20,cnn_1d,0.05,2.0,50,0.5,0.0,145000.0,36456.30037711244,181456.30037711243,75700.29916692329
2026,2026-03-06,cnn_1d,0.05,2.0,50,0.5,0.0,145000.0,0.0,119088.05372837896,2787.6984126984125
2026,2026-03-20,cnn_1d,0.05,2.0,50,0.25,0.0,145000.0,0.0,125135.80500091228,1537.6984126984128
2026,2026-04-07,cnn_1d,0.05,2.0,50,0.25,0.0,145000.0,0.0,-187734.0975705311,1537.6984126984128
2026,2026-04-21,cnn_1d,0.05,2.0,50,0.5,0.0,145000.0,0.0,-20594.99172235133,2787.6984126984125
2026,2026-05-07,cnn_1d,0.05,2.0,50,0.5,0.0,145000.0,0.0,35065.43017266806,2787.6984126984125
2026,2026-05-21,cnn_1d,0.05,2.0,50,0.5,0.0,145000.0,0.0,-43628.95072118182,2787.6984126984125
2026,2026-06-05,cnn_1d,0.05,2.0,50,0.75,0.0,145000.0,0.0,-30770.052695959865,4037.698412698413
2026,2026-06-19,cnn_1d,0.05,2.0,50,1.0,0.0,55000.0,0.0,1416.688075710021,5109.126984126984
2026,2026-07-03,cnn_1d,0.05,2.0,50,1.0,0.0,60000.0,0.0,1407.171119128525,5119.047619047619
2026,2026-07-17,cnn_1d,0.05,2.0,50,1.0,0.0,55000.0,0.0,-4964.971981836264,5109.126984126984
2026,2026-07-31,cnn_1d,0.05,2.0,50,0.75,0.0,145000.0,0.0,-19441.382232438937,4037.698412698413
2026,2026-08-14,cnn_1d,0.05,2.0,50,0.75,0.0,145000.0,0.0,-12533.64021350734,4037.698412698413
2026,2026-01-09,cnn_1d,0.05,2.0,100,0.25,0.0,145000.0,0.0,26217.473091212327,2787.6984126984125
2026,2026-01-23,cnn_1d,0.05,2.0,100,0.25,0.0,145000.0,0.0,20640.91010508253,2787.6984126984125
2026,2026-02-06,cnn_1d,0.05,2.0,100,0.25,0.0,145000.0,0.0,26854.91410793052,2787.6984126984125
2026,2026-02-20,cnn_1d,0.05,2.0,100,0.25,0.0,145000.0,115459.73680322926,260459.7368032293,233707.1720191569
2026,2026-03-06,cnn_1d,0.05,2.0,100,0.0,0.0,150000.0,87533.84441147908,237533.84441147908,175365.3078705772
2026,2026-03-20,cnn_1d,0.05,2.0,100,0.0,0.0,150000.0,16915.065261003503,166915.0652610035,34127.74956962605
2026,2026-04-07,cnn_1d,0.05,2.0,100,0.0,0.0,150000.0,0.0,-245743.64825427328,297.6190476190476
2026,2026-04-21,cnn_1d,0.05,2.0,100,0.25,0.0,145000.0,0.0,-30770.231971079447,2787.6984126984125
2026,2026-05-07,cnn_1d,0.05,2.0,100,0.25,0.0,145000.0,0.0,44935.789630534906,2787.6984126984125
2026,2026-05-21,cnn_1d,0.05,2.0,100,0.25,0.0,145000.0,0.0,-63824.52895247433,2787.6984126984125
2026,2026-06-05,cnn_1d,0.05,2.0,100,0.25,0.0,145000.0,0.0,-117264.03974498858,2787.6984126984125
2026,2026-06-19,cnn_1d,0.05,2.0,100,0.75,0.0,140000.0,0.0,-35185.35020418056,7777.777777777777
2026,2026-07-03,cnn_1d,0.05,2.0,100,1.0,0.0,60000.0,0.0,1407.171119128525,10119.047619047618
2026,2026-07-17,cnn_1d,0.05,2.0,100,0.75,0.0,140000.0,0.0,30148.544075098205,7777.777777777777
2026,2026-07-31,cnn_1d,0.05,2.0,100,0.75,0.0,140000.0,0.0,-19441.382232438937,7777.777777777777
2026,2026-08-14,cnn_1d,0.05,2.0,100,0.5,0.0,145000.0,0.0,-18700.777792294542,5287.6984126984125
2026,2026-01-09,cnn_1d,0.1,0.25,10,0.75,0.0,55000.0,0.0,2795.5716935775463,968.2539682539682
2026,2026-01-23,cnn_1d,0.1,0.25,10,0.75,0.0,55000.0,0.0,3842.201184894669,968.2539682539682
2026,2026-02-06,cnn_1d,0.1,0.25,10,0.75,0.0,55000.0,0.0,10531.280325105878,968.2539682539682
2026,2026-02-20,cnn_1d,0.1,0.25,10,0.75,0.0,55000.0,47452.86395099563,102452.86395099564,12831.469956002877
2026,2026-03-06,cnn_1d,0.1,0.25,10,0.75,0.0,55000.0,4865.158386828873,59865.15838682887,2184.5435649611863
2026,2026-03-20,cnn_1d,0.1,0.25,10,0.5,0.0,90000.0,0.0,83356.54474082107,857.1428571428571
2026,2026-04-07,cnn_1d,0.1,0.25,10,0.5,0.0,95000.0,0.0,-129724.54688678896,876.984126984127
2026,2026-04-21,cnn_1d,0.1,0.25,10,0.75,0.0,55000.0,0.0,-10419.7514736232,968.2539682539682
2026,2026-05-07,cnn_1d,0.1,0.25,10,0.75,0.0,55000.0,0.0,25195.070714801204,968.2539682539682
2026,2026-05-21,cnn_1d,0.1,0.25,10,0.75,0.0,55000.0,0.0,-23433.37248988932,968.2539682539682
2026,2026-06-05,cnn_1d,0.1,0.25,10,1.0,0.0,30000.0,0.0,12476.940828554494,1119.047619047619
2026,2026-06-19,cnn_1d,0.1,0.25,10,1.0,0.0,35000.0,0.0,1416.688075710021,1138.888888888889
2026,2026-07-03,cnn_1d,0.1,0.25,10,1.0,0.0,35000.0,0.0,1407.171119128525,1138.888888888889
2026,2026-07-17,cnn_1d,0.1,0.25,10,1.0,0.0,35000.0,0.0,-4964.971981836264,1138.888888888889
2026,2026-07-31,cnn_1d,0.1,0.25,10,1.0,0.0,35000.0,0.0,-6728.643707426013,1138.888888888889
2026,2026-08-14,cnn_1d,0.1,0.25,10,1.0,0.0,35000.0,0.0,-6366.502634720137,1138.888888888889
2026,2026-01-09,cnn_1d,0.1,0.25,50,0.0,0.0,150000.0,0.0,37928.42379002972,595.2380952380952
2026,2026-01-23,cnn_1d,0.1,0.25,50,0.0,0.0,150000.0,0.0,29040.26456517647,595.2380952380952
2026,2026-02-06,cnn_1d,0.1,0.25,50,0.0,0.0,150000.0,0.0,35016.73099934284,595.2380952380952
2026,2026-02-20,cnn_1d,0.1,0.25,50,0.0,0.0,150000.0,189463.1732293461,339463.1732293461,47961.03140257462
2026,2026-03-06,cnn_1d,0.1,0.25,50,0.0,0.0,150000.0,87533.84441147908,237533.84441147908,22478.699198107865
2026,2026-03-20,cnn_1d,0.1,0.25,50,0.0,0.0,150000.0,16915.065261003503,166915.0652610035,4824.004410488971
2026,2026-04-07,cnn_1d,0.1,0.25,50,0.0,0.0,150000.0,0.0,-245743.64825427328,595.2380952380952
2026,2026-04-21,cnn_1d,0.1,0.25,50,0.0,0.0,150000.0,0.0,-40945.47221980757,595.2380952380952
2026,2026-05-07,cnn_1d,0.1,0.25,50,0.0,0.0,150000.0,0.0,54806.14908840176,595.2380952380952
2026,2026-05-21,cnn_1d,0.1,0.25,50,0.0,0.0,150000.0,0.0,-84020.10718376683,595.2380952380952
2026,2026-06-05,cnn_1d,0.1,0.25,50,0.0,0.0,150000.0,0.0,-160511.03326950295,595.2380952380952
2026,2026-06-19,cnn_1d,0.1,0.25,50,0.0,0.0,150000.0,0.0,-144991.46504385234,595.2380952380952
2026,2026-07-03,cnn_1d,0.1,0.25,50,0.25,0.0,145000.0,34734.19499798704,179734.19499798704,10508.945574893583
2026,2026-07-17,cnn_1d,0.1,0.25,50,0.0,0.0,150000.0,0.0,135489.0922459016,595.2380952380952
2026,2026-07-31,cnn_1d,0.1,0.25,50,0.0,0.0,150000.0,0.0,-57579.59780747771,595.2380952380952
2026,2026-08-14,cnn_1d,0.1,0.25,50,0.0,0.0,150000.0,0.0,-31035.052949868943,595.2380952380952
2026,2026-01-09,cnn_1d,0.1,0.25,100,0.0,0.0,150000.0,0.0,37928.42379002972,595.2380952380952
2026,2026-01-23,cnn_1d,0.1,0.25,100,0.0,0.0,150000.0,0.0,29040.26456517647,595.2380952380952
2026,2026-02-06,cnn_1d,0.1,0.25,100,0.0,0.0,150000.0,0.0,35016.73099934284,595.2380952380952
2026,2026-02-20,cnn_1d,0.1,0.25,100,0.0,0.0,150000.0,189463.1732293461,339463.1732293461,47961.03140257462
2026,2026-03-06,cnn_1d,0.1,0.25,100,0.0,0.0,150000.0,87533.84441147908,237533.84441147908,22478.699198107865
2026,2026-03-20,cnn_1d,0.1,0.25,100,0.0,0.0,150000.0,16915.065261003503,166915.0652610035,4824.004410488971
2026,2026-04-07,cnn_1d,0.1,0.25,100,0.0,0.0,150000.0,0.0,-245743.64825427328,595.2380952380952
2026,2026-04-21,cnn_1d,0.1,0.25,100,0.0,0.0,150000.0,0.0,-40945.47221980757,595.2380952380952
2026,2026-05-07,cnn_1d,0.1,0.25,100,0.0,0.0,150000.0,0.0,54806.14908840176,595.2380952380952
2026,2026-05-21,cnn_1d,0.1,0.25,100,0.0,0.0,150000.0,0.0,-84020.10718376683,595.2380952380952
2026,2026-06-05,cnn_1d,0.1,0.25,100,0.0,0.0,150000.0,0.0,-160511.03326950295,595.2380952380952
2026,2026-06-19,cnn_1d,0.1,0.25,100,0.0,0.0,150000.0,0.0,-144991.46504385234,595.2380952380952
2026,2026-07-03,cnn_1d,0.1,0.25,100,0.0,0.0,150000.0,89176.53629093987,239176.53629093987,22889.372167973062
2026,2026-07-17,cnn_1d,0.1,0.25,100,0.0,0.0,150000.0,0.0,135489.0922459016,595.2380952380952
2026,2026-07-31,cnn_1d,0.1,0.25,100,0.0,0.0,150000.0,0.0,-57579.59780747771,595.2380952380952
2026,2026-08-14,cnn_1d,0.1,0.25,100,0.0,0.0,150000.0,0.0,-31035.052949868943,595.2380952380952
2026,2026-01-09,cnn_1d,0.1,1.0,10,1.0,0.0,45000.0,0.0,-8915.379005239844,1178.5714285714284
2026,2026-01-23,cnn_1d,0.1,1.0,10,1.0,0.0,45000.0,0.0,-4557.153275199264,1178.5714285714284
2026,2026-02-06,cnn_1d,0.1,1.0,10,1.0,0.0,45000.0,0.0,2369.4634336935555,1178.5714285714284
2026,2026-02-20,cnn_1d,0.1,1.0,10,1.0,0.0,45000.0,0.0,23449.42752487877,1178.5714285714284
2026,2026-03-06,cnn_1d,0.1,1.0,10,1.0,0.0,45000.0,0.0,642.2630452788125,1178.5714285714284
2026,2026-03-20,cnn_1d,0.1,1.0,10,1.0,0.0,45000.0,0.0,-201.97577936134635,1178.5714285714284
2026,2026-04-07,cnn_1d,0.1,1.0,10,1.0,0.0,45000.0,0.0,-13705.445519304692,1178.5714285714284
2026,2026-04-21,cnn_1d,0.1,1.0,10,1.0,0.0,45000.0,0.0,-244.5112248950776,1178.5714285714284
2026,2026-05-07,cnn_1d,0.1,1.0,10,1.0,0.0,45000.0,0.0,15324.711256934354,1178.5714285714284
2026,2026-05-21,cnn_1d,0.1,1.0,10,1.0,0.0,45000.0,0.0,-3237.7942585968126,1178.5714285714284
2026,2026-06-05,cnn_1d,0.1,1.0,10,1.0,0.0,45000.0,0.0,12476.940828554494,1178.5714285714284
2026,2026-06-19,cnn_1d,0.1,1.0,10,1.0,0.0,45000.0,0.0,1416.688075710021,1178.5714285714284
2026,2026-07-03,cnn_1d,0.1,1.0,10,1.0,0.0,50000.0,0.0,1407.171119128525,1198.4126984126983
2026,2026-07-17,cnn_1d,0.1,1.0,10,1.0,0.0,45000.0,0.0,-4964.971981836264,1178.5714285714284
2026,2026-07-31,cnn_1d,0.1,1.0,10,1.0,0.0,45000.0,0.0,-6728.643707426013,1178.5714285714284
2026,2026-08-14,cnn_1d,0.1,1.0,10,1.0,0.0,45000.0,0.0,-6366.502634720137,1178.5714285714284
2026,2026-01-09,cnn_1d,0.1,1.0,50,0.25,0.0,145000.0,0.0,26217.473091212327,1825.3968253968253
2026,2026-01-23,cnn_1d,0.1,1.0,50,0.25,0.0,145000.0,0.0,20640.91010508253,1825.3968253968253
2026,2026-02-06,cnn_1d,0.1,1.0,50,0.25,0.0,145000.0,0.0,26854.91410793052,1825.3968253968253
2026,2026-02-20,cnn_1d,0.1,1.0,50,0.25,0.0,145000.0,115459.73680322926,260459.7368032293,117285.13362862608
2026,2026-03-06,cnn_1d,0.1,1.0,50,0.0,0.0,150000.0,87533.84441147908,237533.84441147908,88129.08250671717
2026,2026-03-20,cnn_1d,0.1,1.0,50,0.0,0.0,150000.0,16915.065261003503,166915.0652610035,17510.3033562416
2026,2026-04-07,cnn_1d,0.1,1.0,50,0.0,0.0,150000.0,0.0,-245743.64825427328,595.2380952380952
2026,2026-04-21,cnn_1d,0.1,1.0,50,0.25,0.0,145000.0,0.0,-30770.231971079447,1825.3968253968253
2026,2026-05-07,cnn_1d,0.1,1.0,50,0.25,0.0,145000.0,0.0,44935.789630534906,1825.3968253968253
2026,2026-05-21,cnn_1d,0.1,1.0,50,0.25,0.0,145000.0,0.0,-63824.52895247433,1825.3968253968253
2026,2026-06-05,cnn_1d,0.1,1.0,50,0.25,0.0,145000.0,0.0,-117264.03974498858,1825.3968253968253
2026,2026-06-19,cnn_1d,0.1,1.0,50,0.75,0.0,145000.0,0.0,-35185.35020418056,4325.396825396825
2026,2026-07-03,cnn_1d,0.1,1.0,50,1.0,0.0,50000.0,0.0,1407.171119128525,5198.412698412699
2026,2026-07-17,cnn_1d,0.1,1.0,50,0.75,0.0,145000.0,0.0,30148.544075098205,4325.396825396825
2026,2026-07-31,cnn_1d,0.1,1.0,50,0.75,0.0,145000.0,0.0,-19441.382232438937,4325.396825396825
2026,2026-08-14,cnn_1d,0.1,1.0,50,0.5,0.0,145000.0,0.0,-18700.777792294542,3075.396825396825
2026,2026-01-09,cnn_1d,0.1,1.0,100,0.0,0.0,150000.0,0.0,37928.42379002972,595.2380952380952
2026,2026-01-23,cnn_1d,0.1,1.0,100,0.0,0.0,150000.0,0.0,29040.26456517647,595.2380952380952
2026,2026-02-06,cnn_1d,0.1,1.0,100,0.0,0.0,150000.0,0.0,35016.73099934284,595.2380952380952
2026,2026-02-20,cnn_1d,0.1,1.0,100,0.0,0.0,150000.0,189463.1732293461,339463.1732293461,190058.41132458425
2026,2026-03-06,cnn_1d,0.1,1.0,100,0.0,0.0,150000.0,87533.84441147908,237533.84441147908,88129.08250671717
2026,2026-03-20,cnn_1d,0.1,1.0,100,0.0,0.0,150000.0,16915.065261003503,166915.0652610035,17510.3033562416
2026,2026-04-07,cnn_1d,0.1,1.0,100,0.0,0.0,150000.0,0.0,-245743.64825427328,595.2380952380952
2026,2026-04-21,cnn_1d,0.1,1.0,100,0.0,0.0,150000.0,0.0,-40945.47221980757,595.2380952380952
2026,2026-05-07,cnn_1d,0.1,1.0,100,0.0,0.0,150000.0,0.0,54806.14908840176,595.2380952380952
2026,2026-05-21,cnn_1d,0.1,1.0,100,0.0,0.0,150000.0,0.0,-84020.10718376683,595.2380952380952
2026,2026-06-05,cnn_1d,0.1,1.0,100,0.0,0.0,150000.0,0.0,-160511.03326950295,595.2380952380952
2026,2026-06-19,cnn_1d,0.1,1.0,100,0.75,0.0,140000.0,0.0,-35185.35020418056,8055.555555555556
2026,2026-07-03,cnn_1d,0.1,1.0,100,0.75,0.0,140000.0,0.0,60849.51241208136,8055.555555555556
2026,2026-07-17,cnn_1d,0.1,1.0,100,0.5,0.0,145000.0,0.0,65262.06013203268,5575.396825396825
2026,2026-07-31,cnn_1d,0.1,1.0,100,0.0,0.0,150000.0,0.0,-57579.59780747771,595.2380952380952
2026,2026-08-14,cnn_1d,0.1,1.0,100,0.0,0.0,150000.0,0.0,-31035.052949868943,595.2380952380952
2026,2026-01-09,cnn_1d,0.1,2.0,10,1.0,0.0,55000.0,0.0,-8915.379005239844,1218.2539682539682
2026,2026-01-23,cnn_1d,0.1,2.0,10,1.0,0.0,55000.0,0.0,-4557.153275199264,1218.2539682539682
2026,2026-02-06,cnn_1d,0.1,2.0,10,1.0,0.0,55000.0,0.0,2369.4634336935555,1218.2539682539682
2026,2026-02-20,cnn_1d,0.1,2.0,10,1.0,0.0,55000.0,0.0,23449.42752487877,1218.2539682539682
2026,2026-03-06,cnn_1d,0.1,2.0,10,1.0,0.0,55000.0,0.0,642.2630452788125,1218.2539682539682
2026,2026-03-20,cnn_1d,0.1,2.0,10,1.0,0.0,50000.0,0.0,-201.97577936134635,1198.4126984126983
2026,2026-04-07,cnn_1d,0.1,2.0,10,1.0,0.0,50000.0,0.0,-13705.445519304692,1198.4126984126983
2026,2026-04-21,cnn_1d,0.1,2.0,10,1.0,0.0,50000.0,0.0,-244.5112248950776,1198.4126984126983
2026,2026-05-07,cnn_1d,0.1,2.0,10,1.0,0.0,50000.0,0.0,15324.711256934354,1198.4126984126983
2026,2026-05-21,cnn_1d,0.1,2.0,10,1.0,0.0,50000.0,0.0,-3237.7942585968126,1198.4126984126983
2026,2026-06-05,cnn_1d,0.1,2.0,10,1.0,0.0,50000.0,0.0,12476.940828554494,1198.4126984126983
2026,2026-06-19,cnn_1d,0.1,2.0,10,1.0,0.0,55000.0,0.0,1416.688075710021,1218.2539682539682
2026,2026-07-03,cnn_1d,0.1,2.0,10,1.0,0.0,55000.0,0.0,1407.171119128525,1218.2539682539682
2026,2026-07-17,cnn_1d,0.1,2.0,10,1.0,0.0,55000.0,0.0,-4964.971981836264,1218.2539682539682
2026,2026-07-31,cnn_1d,0.1,2.0,10,1.0,0.0,55000.0,0.0,-6728.643707426013,1218.2539682539682
2026,2026-08-14,cnn_1d,0.1,2.0,10,1.0,0.0,50000.0,0.0,-6366.502634720137,1198.4126984126983
2026,2026-01-09,cnn_1d,0.1,2.0,50,0.75,0.0,145000.0,0.0,2795.5716935775463,4325.396825396825
2026,2026-01-23,cnn_1d,0.1,2.0,50,0.5,0.0,145000.0,0.0,12241.555644988604,3075.396825396825
2026,2026-02-06,cnn_1d,0.1,2.0,50,0.5,0.0,145000.0,0.0,18693.0972165182,3075.396825396825
2026,2026-02-20,cnn_1d,0.1,2.0,50,0.5,0.0,145000.0,36456.30037711244,181456.30037711243,75987.99757962169
2026,2026-03-06,cnn_1d,0.1,2.0,50,0.5,0.0,145000.0,0.0,119088.05372837896,3075.396825396825
2026,2026-03-20,cnn_1d,0.1,2.0,50,0.25,0.0,145000.0,0.0,125135.80500091228,1825.3968253968253
2026,2026-04-07,cnn_1d,0.1,2.0,50,0.25,0.0,145000.0,0.0,-187734.0975705311,1825.3968253968253
2026,2026-04-21,cnn_1d,0.1,2.0,50,0.5,0.0,145000.0,0.0,-20594.99172235133,3075.396825396825
2026,2026-05-07,cnn_1d,0.1,2.0,50,0.5,0.0,145000.0,0.0,35065.43017266806,3075.396825396825
2026,2026-05-21,cnn_1d,0.1,2.0,50,0.5,0.0,145000.0,0.0,-43628.95072118182,3075.396825396825
2026,2026-06-05,cnn_1d,0.1,2.0,50,0.75,0.0,145000.0,0.0,-30770.052695959865,4325.396825396825
2026,2026-06-19,cnn_1d,0.1,2.0,50,1.0,0.0,55000.0,0.0,1416.688075710021,5218.253968253968
2026,2026-07-03,cnn_1d,0.1,2.0,50,1.0,0.0,55000.0,0.0,1407.171119128525,5218.253968253968
2026,2026-07-17,cnn_1d,0.1,2.0,50,1.0,0.0,55000.0,0.0,-4964.971981836264,5218.253968253968
2026,2026-07-31,cnn_1d,0.1,2.0,50,0.75,0.0,145000.0,0.0,-19441.382232438937,4325.396825396825
2026,2026-08-14,cnn_1d,0.1,2.0,50,0.75,0.0,145000.0,0.0,-12533.64021350734,4325.396825396825
2026,2026-01-09,cnn_1d,0.1,2.0,100,0.25,0.0,145000.0,0.0,26217.473091212327,3075.396825396825
2026,2026-01-23,cnn_1d,0.1,2.0,100,0.25,0.0,145000.0,0.0,20640.91010508253,3075.396825396825
2026,2026-02-06,cnn_1d,0.1,2.0,100,0.25,0.0,145000.0,0.0,26854.91410793052,3075.396825396825
2026,2026-02-20,cnn_1d,0.1,2.0,100,0.25,0.0,145000.0,115459.73680322926,260459.7368032293,233994.87043185532
2026,2026-03-06,cnn_1d,0.1,2.0,100,0.0,0.0,150000.0,87533.84441147908,237533.84441147908,175662.92691819626
2026,2026-03-20,cnn_1d,0.1,2.0,100,0.0,0.0,150000.0,16915.065261003503,166915.0652610035,34425.3686172451
2026,2026-04-07,cnn_1d,0.1,2.0,100,0.0,0.0,150000.0,0.0,-245743.64825427328,595.2380952380952
2026,2026-04-21,cnn_1d,0.1,2.0,100,0.25,0.0,145000.0,0.0,-30770.231971079447,3075.396825396825
2026,2026-05-07,cnn_1d,0.1,2.0,100,0.25,0.0,145000.0,0.0,44935.789630534906,3075.396825396825
2026,2026-05-21,cnn_1d,0.1,2.0,100,0.25,0.0,145000.0,0.0,-63824.52895247433,3075.396825396825
2026,2026-06-05,cnn_1d,0.1,2.0,100,0.25,0.0,145000.0,0.0,-117264.03974498858,3075.396825396825
2026,2026-06-19,cnn_1d,0.1,2.0,100,0.75,0.0,140000.0,0.0,-35185.35020418056,8055.555555555556
2026,2026-07-03,cnn_1d,0.1,2.0,100,1.0,0.0,55000.0,0.0,1407.171119128525,10218.253968253968
2026,2026-07-17,cnn_1d,0.1,2.0,100,0.75,0.0,140000.0,0.0,30148.544075098205,8055.555555555556
2026,2026-07-31,cnn_1d,0.1,2.0,100,0.75,0.0,140000.0,0.0,-19441.382232438937,8055.555555555556
2026,2026-08-14,cnn_1d,0.1,2.0,100,0.5,0.0,145000.0,0.0,-18700.777792294542,5575.396825396825
2026,2026-01-09,cnn_visual,0.01,0.25,10,0.25,0.0,145000.0,0.0,26217.473091212327,307.53968253968253
2026,2026-01-23,cnn_visual,0.01,0.25,10,0.25,0.0,145000.0,0.0,20640.91010508253,307.53968253968253
2026,2026-02-06,cnn_visual,0.01,0.25,10,0.25,0.0,145000.0,0.0,26854.91410793052,307.53968253968253
2026,2026-02-20,cnn_visual,0.01,0.25,10,0.25,0.0,145000.0,115459.73680322926,260459.7368032293,29172.473883347
2026,2026-03-06,cnn_visual,0.01,0.25,10,0.25,0.0,145000.0,33310.94906992899,178310.949069929,8635.27695002193
2026,2026-03-20,cnn_visual,0.01,0.25,10,0.5,0.0,145000.0,0.0,83356.54474082107,557.5396825396825
2026,2026-04-07,cnn_visual,0.01,0.25,10,0.75,0.0,145000.0,0.0,-71714.99620304683,807.5396825396825
2026,2026-04-21,cnn_visual,0.01,0.25,10,0.75,0.0,145000.0,0.0,-10419.7514736232,807.5396825396825
2026,2026-05-07,cnn_visual,0.01,0.25,10,0.75,0.0,145000.0,0.0,25195.070714801204,807.5396825396825
2026,2026-05-21,cnn_visual,0.01,0.25,10,0.75,0.0,145000.0,0.0,-23433.37248988932,807.5396825396825
2026,2026-06-05,cnn_visual,0.01,0.25,10,0.75,0.0,145000.0,0.0,-30770.052695959865,807.5396825396825
2026,2026-06-19,cnn_visual,0.01,0.25,10,0.75,0.0,145000.0,0.0,-35185.35020418056,807.5396825396825
2026,2026-07-03,cnn_visual,0.01,0.25,10,0.5,0.0,145000.0,0.0,120291.8537050342,557.5396825396825
2026,2026-07-17,cnn_visual,0.01,0.25,10,0.5,0.0,145000.0,0.0,65262.06013203268,557.5396825396825
2026,2026-07-31,cnn_visual,0.01,0.25,10,0.5,0.0,145000.0,0.0,-32154.12075745186,557.5396825396825
2026,2026-08-14,cnn_visual,0.01,0.25,10,0.5,0.0,145000.0,0.0,-18700.777792294542,557.5396825396825
2026,2026-01-09,cnn_visual,0.01,0.25,50,0.0,0.0,150000.0,0.0,37928.42379002972,59.523809523809526
2026,2026-01-23,cnn_visual,0.01,0.25,50,0.0,0.0,150000.0,0.0,29040.26456517647,59.523809523809526
2026,2026-02-06,cnn_visual,0.01,0.25,50,0.0,0.0,150000.0,0.0,35016.73099934284,59.523809523809526
2026,2026-02-20,cnn_visual,0.01,0.25,50,0.0,0.0,150000.0,189463.1732293461,339463.1732293461,47425.31711686034
2026,2026-03-06,cnn_visual,0.01,0.25,50,0.0,0.0,150000.0,87533.84441147908,237533.84441147908,21942.98491239358
2026,2026-03-20,cnn_visual,0.01,0.25,50,0.0,0.0,150000.0,16915.065261003503,166915.0652610035,4288.290124774685
2026,2026-04-07,cnn_visual,0.01,0.25,50,0.0,0.0,150000.0,0.0,-245743.64825427328,59.523809523809526
2026,2026-04-21,cnn_visual,0.01,0.25,50,0.0,0.0,150000.0,0.0,-40945.47221980757,59.523809523809526
2026,2026-05-07,cnn_visual,0.01,0.25,50,0.0,0.0,150000.0,0.0,54806.14908840176,59.523809523809526
2026,2026-05-21,cnn_visual,0.01,0.25,50,0.0,0.0,150000.0,0.0,-84020.10718376683,59.523809523809526
2026,2026-06-05,cnn_visual,0.01,0.25,50,0.0,0.0,150000.0,0.0,-160511.03326950295,59.523809523809526
2026,2026-06-19,cnn_visual,0.01,0.25,50,0.0,0.0,150000.0,0.0,-144991.46504385234,59.523809523809526
2026,2026-07-03,cnn_visual,0.01,0.25,50,0.0,0.0,150000.0,89176.53629093987,239176.53629093987,22353.657882258776
2026,2026-07-17,cnn_visual,0.01,0.25,50,0.0,0.0,150000.0,0.0,135489.0922459016,59.523809523809526
2026,2026-07-31,cnn_visual,0.01,0.25,50,0.0,0.0,150000.0,0.0,-57579.59780747771,59.523809523809526
2026,2026-08-14,cnn_visual,0.01,0.25,50,0.0,0.0,150000.0,0.0,-31035.052949868943,59.523809523809526
2026,2026-01-09,cnn_visual,0.01,0.25,100,0.0,0.0,150000.0,0.0,37928.42379002972,59.523809523809526
2026,2026-01-23,cnn_visual,0.01,0.25,100,0.0,0.0,150000.0,0.0,29040.26456517647,59.523809523809526
2026,2026-02-06,cnn_visual,0.01,0.25,100,0.0,0.0,150000.0,0.0,35016.73099934284,59.523809523809526
2026,2026-02-20,cnn_visual,0.01,0.25,100,0.0,0.0,150000.0,189463.1732293461,339463.1732293461,47425.31711686034
2026,2026-03-06,cnn_visual,0.01,0.25,100,0.0,0.0,150000.0,87533.84441147908,237533.84441147908,21942.98491239358
2026,2026-03-20,cnn_visual,0.01,0.25,100,0.0,0.0,150000.0,16915.065261003503,166915.0652610035,4288.290124774685
2026,2026-04-07,cnn_visual,0.01,0.25,100,0.0,0.0,150000.0,0.0,-245743.64825427328,59.523809523809526
2026,2026-04-21,cnn_visual,0.01,0.25,100,0.0,0.0,150000.0,0.0,-40945.47221980757,59.523809523809526
2026,2026-05-07,cnn_visual,0.01,0.25,100,0.0,0.0,150000.0,0.0,54806.14908840176,59.523809523809526
2026,2026-05-21,cnn_visual,0.01,0.25,100,0.0,0.0,150000.0,0.0,-84020.10718376683,59.523809523809526
2026,2026-06-05,cnn_visual,0.01,0.25,100,0.0,0.0,150000.0,0.0,-160511.03326950295,59.523809523809526
2026,2026-06-19,cnn_visual,0.01,0.25,100,0.0,0.0,150000.0,0.0,-144991.46504385234,59.523809523809526
2026,2026-07-03,cnn_visual,0.01,0.25,100,0.0,0.0,150000.0,89176.53629093987,239176.53629093987,22353.657882258776
2026,2026-07-17,cnn_visual,0.01,0.25,100,0.0,0.0,150000.0,0.0,135489.0922459016,59.523809523809526
2026,2026-07-31,cnn_visual,0.01,0.25,100,0.0,0.0,150000.0,0.0,-57579.59780747771,59.523809523809526
2026,2026-08-14,cnn_visual,0.01,0.25,100,0.0,0.0,150000.0,0.0,-31035.052949868943,59.523809523809526
2026,2026-01-09,cnn_visual,0.01,1.0,10,0.75,0.0,145000.0,0.0,2795.5716935775463,807.5396825396825
2026,2026-01-23,cnn_visual,0.01,1.0,10,0.75,0.0,145000.0,0.0,3842.201184894669,807.5396825396825
2026,2026-02-06,cnn_visual,0.01,1.0,10,0.75,0.0,145000.0,0.0,10531.280325105878,807.5396825396825
2026,2026-02-20,cnn_visual,0.01,1.0,10,0.75,0.0,145000.0,0.0,102452.86395099564,807.5396825396825
2026,2026-03-06,cnn_visual,0.01,1.0,10,0.75,0.0,145000.0,0.0,59865.15838682887,807.5396825396825
2026,2026-03-20,cnn_visual,0.01,1.0,10,1.0,0.0,65000.0,0.0,-201.97577936134635,1025.7936507936508
2026,2026-04-07,cnn_visual,0.01,1.0,10,1.0,0.0,65000.0,0.0,-13705.445519304692,1025.7936507936508
2026,2026-04-21,cnn_visual,0.01,1.0,10,1.0,0.0,65000.0,0.0,-244.5112248950776,1025.7936507936508
2026,2026-05-07,cnn_visual,0.01,1.0,10,1.0,0.0,65000.0,0.0,15324.711256934354,1025.7936507936508
2026,2026-05-21,cnn_visual,0.01,1.0,10,1.0,0.0,65000.0,0.0,-3237.7942585968126,1025.7936507936508
2026,2026-06-05,cnn_visual,0.01,1.0,10,1.0,0.0,65000.0,0.0,12476.940828554494,1025.7936507936508
2026,2026-06-19,cnn_visual,0.01,1.0,10,1.0,0.0,65000.0,0.0,1416.688075710021,1025.7936507936508
2026,2026-07-03,cnn_visual,0.01,1.0,10,1.0,0.0,65000.0,0.0,1407.171119128525,1025.7936507936508
2026,2026-07-17,cnn_visual,0.01,1.0,10,1.0,0.0,65000.0,0.0,-4964.971981836264,1025.7936507936508
2026,2026-07-31,cnn_visual,0.01,1.0,10,0.75,0.0,145000.0,0.0,-19441.382232438937,807.5396825396825
2026,2026-08-14,cnn_visual,0.01,1.0,10,1.0,0.0,65000.0,0.0,-6366.502634720137,1025.7936507936508
2026,2026-01-09,cnn_visual,0.01,1.0,50,0.25,0.0,145000.0,0.0,26217.473091212327,1307.5396825396826
2026,2026-01-23,cnn_visual,0.01,1.0,50,0.25,0.0,145000.0,0.0,20640.91010508253,1307.5396825396826
2026,2026-02-06,cnn_visual,0.01,1.0,50,0.25,0.0,145000.0,0.0,26854.91410793052,1307.5396825396826
2026,2026-02-20,cnn_visual,0.01,1.0,50,0.25,0.0,145000.0,115459.73680322926,260459.7368032293,116767.27648576896
2026,2026-03-06,cnn_visual,0.01,1.0,50,0.25,0.0,145000.0,33310.94906992899,178310.949069929,34618.48875246867
2026,2026-03-20,cnn_visual,0.01,1.0,50,0.25,0.0,145000.0,0.0,125135.80500091228,1307.5396825396826
2026,2026-04-07,cnn_visual,0.01,1.0,50,0.5,0.0,145000.0,0.0,-129724.54688678896,2557.5396825396824
2026,2026-04-21,cnn_visual,0.01,1.0,50,0.75,0.0,145000.0,0.0,-10419.7514736232,3807.5396825396815
2026,2026-05-07,cnn_visual,0.01,1.0,50,0.75,0.0,145000.0,0.0,25195.070714801204,3807.5396825396815
2026,2026-05-21,cnn_visual,0.01,1.0,50,0.75,0.0,145000.0,0.0,-23433.37248988932,3807.5396825396815
2026,2026-06-05,cnn_visual,0.01,1.0,50,0.75,0.0,145000.0,0.0,-30770.052695959865,3807.5396825396815
2026,2026-06-19,cnn_visual,0.01,1.0,50,0.75,0.0,145000.0,0.0,-35185.35020418056,3807.5396825396815
2026,2026-07-03,cnn_visual,0.01,1.0,50,0.5,0.0,145000.0,0.0,120291.8537050342,2557.5396825396824
2026,2026-07-17,cnn_visual,0.01,1.0,50,0.25,0.0,145000.0,0.0,100375.57618896714,1307.5396825396826
2026,2026-07-31,cnn_visual,0.01,1.0,50,0.25,0.0,145000.0,0.0,-44866.85928246479,1307.5396825396826
2026,2026-08-14,cnn_visual,0.01,1.0,50,0.25,0.0,145000.0,0.0,-24867.91537108174,1307.5396825396826
2026,2026-01-09,cnn_visual,0.01,1.0,100,0.0,0.0,150000.0,0.0,37928.42379002972,59.523809523809526
2026,2026-01-23,cnn_visual,0.01,1.0,100,0.0,0.0,150000.0,0.0,29040.26456517647,59.523809523809526
2026,2026-02-06,cnn_visual,0.01,1.0,100,0.0,0.0,150000.0,0.0,35016.73099934284,59.523809523809526
2026,2026-02-20,cnn_visual,0.01,1.0,100,0.0,0.0,150000.0,189463.1732293461,339463.1732293461,189522.69703886996
2026,2026-03-06,cnn_visual,0.01,1.0,100,0.0,0.0,150000.0,87533.84441147908,237533.84441147908,87593.3682210029
2026,2026-03-20,cnn_visual,0.01,1.0,100,0.0,0.0,150000.0,16915.065261003503,166915.0652610035,16974.589070527312
2026,2026-04-07,cnn_visual,0.01,1.0,100,0.0,0.0,150000.0,0.0,-245743.64825427328,59.523809523809526
2026,2026-04-21,cnn_visual,0.01,1.0,100,0.0,0.0,150000.0,0.0,-40945.47221980757,59.523809523809526
2026,2026-05-07,cnn_visual,0.01,1.0,100,0.0,0.0,150000.0,0.0,54806.14908840176,59.523809523809526
2026,2026-05-21,cnn_visual,0.01,1.0,100,0.0,0.0,150000.0,0.0,-84020.10718376683,59.523809523809526
2026,2026-06-05,cnn_visual,0.01,1.0,100,0.0,0.0,150000.0,0.0,-160511.03326950295,59.523809523809526
2026,2026-06-19,cnn_visual,0.01,1.0,100,0.0,0.0,150000.0,0.0,-144991.46504385234,59.523809523809526
2026,2026-07-03,cnn_visual,0.01,1.0,100,0.0,0.0,150000.0,89176.53629093987,239176.53629093987,89236.06010046368
2026,2026-07-17,cnn_visual,0.01,1.0,100,0.0,0.0,150000.0,0.0,135489.0922459016,59.523809523809526
2026,2026-07-31,cnn_visual,0.01,1.0,100,0.0,0.0,150000.0,0.0,-57579.59780747771,59.523809523809526
2026,2026-08-14,cnn_visual,0.01,1.0,100,0.0,0.0,150000.0,0.0,-31035.052949868943,59.523809523809526
2026,2026-01-09,cnn_visual,0.01,2.0,10,1.0,0.0,70000.0,0.0,-8915.379005239844,1027.7777777777778
2026,2026-01-23,cnn_visual,0.01,2.0,10,1.0,0.0,70000.0,0.0,-4557.153275199264,1027.7777777777778
2026,2026-02-06,cnn_visual,0.01,2.0,10,1.0,0.0,70000.0,0.0,2369.4634336935555,1027.7777777777778
2026,2026-02-20,cnn_visual,0.01,2.0,10,1.0,0.0,70000.0,0.0,23449.42752487877,1027.7777777777778
2026,2026-03-06,cnn_visual,0.01,2.0,10,1.0,0.0,70000.0,0.0,642.2630452788125,1027.7777777777778
2026,2026-03-20,cnn_visual,0.01,2.0,10,1.0,0.0,70000.0,0.0,-201.97577936134635,1027.7777777777778
2026,2026-04-07,cnn_visual,0.01,2.0,10,1.0,0.0,70000.0,0.0,-13705.445519304692,1027.7777777777778
2026,2026-04-21,cnn_visual,0.01,2.0,10,1.0,0.0,70000.0,0.0,-244.5112248950776,1027.7777777777778
2026,2026-05-07,cnn_visual,0.01,2.0,10,1.0,0.0,70000.0,0.0,15324.711256934354,1027.7777777777778
2026,2026-05-21,cnn_visual,0.01,2.0,10,1.0,0.0,70000.0,0.0,-3237.7942585968126,1027.7777777777778
2026,2026-06-05,cnn_visual,0.01,2.0,10,1.0,0.0,70000.0,0.0,12476.940828554494,1027.7777777777778
2026,2026-06-19,cnn_visual,0.01,2.0,10,1.0,0.0,70000.0,0.0,1416.688075710021,1027.7777777777778
2026,2026-07-03,cnn_visual,0.01,2.0,10,1.0,0.0,70000.0,0.0,1407.171119128525,1027.7777777777778
2026,2026-07-17,cnn_visual,0.01,2.0,10,1.0,0.0,70000.0,0.0,-4964.971981836264,1027.7777777777778
2026,2026-07-31,cnn_visual,0.01,2.0,10,1.0,0.0,70000.0,0.0,-6728.643707426013,1027.7777777777778
2026,2026-08-14,cnn_visual,0.01,2.0,10,1.0,0.0,70000.0,0.0,-6366.502634720137,1027.7777777777778
2026,2026-01-09,cnn_visual,0.01,2.0,50,0.5,0.0,145000.0,0.0,14506.522392394936,2557.5396825396824
2026,2026-01-23,cnn_visual,0.01,2.0,50,0.5,0.0,145000.0,0.0,12241.555644988604,2557.5396825396824
2026,2026-02-06,cnn_visual,0.01,2.0,50,0.5,0.0,145000.0,0.0,18693.0972165182,2557.5396825396824
2026,2026-02-20,cnn_visual,0.01,2.0,50,0.5,0.0,145000.0,36456.30037711244,181456.30037711243,75470.14043676456
2026,2026-03-06,cnn_visual,0.01,2.0,50,0.5,0.0,145000.0,0.0,119088.05372837896,2557.5396825396824
2026,2026-03-20,cnn_visual,0.01,2.0,50,0.75,0.0,145000.0,0.0,41577.28448072987,3807.5396825396815
2026,2026-04-07,cnn_visual,0.01,2.0,50,0.75,0.0,145000.0,0.0,-71714.99620304683,3807.5396825396815
2026,2026-04-21,cnn_visual,0.01,2.0,50,0.75,0.0,145000.0,0.0,-10419.7514736232,3807.5396825396815
2026,2026-05-07,cnn_visual,0.01,2.0,50,0.75,0.0,145000.0,0.0,25195.070714801204,3807.5396825396815
2026,2026-05-21,cnn_visual,0.01,2.0,50,0.75,0.0,145000.0,0.0,-23433.37248988932,3807.5396825396815
2026,2026-06-05,cnn_visual,0.01,2.0,50,0.75,0.0,145000.0,0.0,-30770.052695959865,3807.5396825396815
2026,2026-06-19,cnn_visual,0.01,2.0,50,0.75,0.0,145000.0,0.0,-35185.35020418056,3807.5396825396815
2026,2026-07-03,cnn_visual,0.01,2.0,50,0.75,0.0,145000.0,0.0,60849.51241208136,3807.5396825396815
2026,2026-07-17,cnn_visual,0.01,2.0,50,0.75,0.0,145000.0,0.0,30148.544075098205,3807.5396825396815
2026,2026-07-31,cnn_visual,0.01,2.0,50,0.75,0.0,145000.0,0.0,-19441.382232438937,3807.5396825396815
2026,2026-08-14,cnn_visual,0.01,2.0,50,0.75,0.0,145000.0,0.0,-12533.64021350734,3807.5396825396815
2026,2026-01-09,cnn_visual,0.01,2.0,100,0.25,0.0,145000.0,0.0,26217.473091212327,2557.5396825396824
2026,2026-01-23,cnn_visual,0.01,2.0,100,0.25,0.0,145000.0,0.0,20640.91010508253,2557.5396825396824
2026,2026-02-06,cnn_visual,0.01,2.0,100,0.25,0.0,145000.0,0.0,26854.91410793052,2557.5396825396824
2026,2026-02-20,cnn_visual,0.01,2.0,100,0.25,0.0,145000.0,115459.73680322926,260459.7368032293,233477.0132889982
2026,2026-03-06,cnn_visual,0.01,2.0,100,0.25,0.0,145000.0,33310.94906992899,178310.949069929,69179.43782239767
2026,2026-03-20,cnn_visual,0.01,2.0,100,0.25,0.0,145000.0,0.0,125135.80500091228,2557.5396825396824
2026,2026-04-07,cnn_visual,0.01,2.0,100,0.5,0.0,145000.0,0.0,-129724.54688678896,5057.539682539683
2026,2026-04-21,cnn_visual,0.01,2.0,100,0.75,0.0,140000.0,0.0,-10419.7514736232,7555.555555555556
2026,2026-05-07,cnn_visual,0.01,2.0,100,0.75,0.0,140000.0,0.0,25195.070714801204,7555.555555555556
2026,2026-05-21,cnn_visual,0.01,2.0,100,0.75,0.0,140000.0,0.0,-23433.37248988932,7555.555555555556
2026,2026-06-05,cnn_visual,0.01,2.0,100,0.75,0.0,140000.0,0.0,-30770.052695959865,7555.555555555556
2026,2026-06-19,cnn_visual,0.01,2.0,100,0.5,0.0,145000.0,0.0,-71787.38848407115,5057.539682539683
2026,2026-07-03,cnn_visual,0.01,2.0,100,0.5,0.0,145000.0,0.0,120291.8537050342,5057.539682539683
2026,2026-07-17,cnn_visual,0.01,2.0,100,0.25,0.0,145000.0,0.0,100375.57618896714,2557.5396825396824
2026,2026-07-31,cnn_visual,0.01,2.0,100,0.25,0.0,145000.0,0.0,-44866.85928246479,2557.5396825396824
2026,2026-08-14,cnn_visual,0.01,2.0,100,0.25,0.0,145000.0,0.0,-24867.91537108174,2557.5396825396824
2026,2026-01-09,cnn_visual,0.05,0.25,10,0.25,0.0,145000.0,0.0,26217.473091212327,537.6984126984128
2026,2026-01-23,cnn_visual,0.05,0.25,10,0.25,0.0,145000.0,0.0,20640.91010508253,537.6984126984128
2026,2026-02-06,cnn_visual,0.05,0.25,10,0.25,0.0,145000.0,0.0,26854.91410793052,537.6984126984128
2026,2026-02-20,cnn_visual,0.05,0.25,10,0.25,0.0,145000.0,115459.73680322926,260459.7368032293,29402.632613505728
2026,2026-03-06,cnn_visual,0.05,0.25,10,0.25,0.0,145000.0,33310.94906992899,178310.949069929,8865.43568018066
2026,2026-03-20,cnn_visual,0.05,0.25,10,0.75,0.0,75000.0,0.0,41577.28448072987,898.8095238095239
2026,2026-04-07,cnn_visual,0.05,0.25,10,0.75,0.0,80000.0,0.0,-71714.99620304683,908.7301587301588
2026,2026-04-21,cnn_visual,0.05,0.25,10,1.0,0.0,40000.0,0.0,-244.5112248950776,1079.3650793650793
2026,2026-05-07,cnn_visual,0.05,0.25,10,1.0,0.0,40000.0,0.0,15324.711256934354,1079.3650793650793
2026,2026-05-21,cnn_visual,0.05,0.25,10,1.0,0.0,40000.0,0.0,-3237.7942585968126,1079.3650793650793
2026,2026-06-05,cnn_visual,0.05,0.25,10,1.0,0.0,40000.0,0.0,12476.940828554494,1079.3650793650793
2026,2026-06-19,cnn_visual,0.05,0.25,10,1.0,0.0,40000.0,0.0,1416.688075710021,1079.3650793650793
2026,2026-07-03,cnn_visual,0.05,0.25,10,0.75,0.0,75000.0,0.0,60849.51241208136,898.8095238095239
2026,2026-07-17,cnn_visual,0.05,0.25,10,0.75,0.0,75000.0,0.0,30148.544075098205,898.8095238095239
2026,2026-07-31,cnn_visual,0.05,0.25,10,0.75,0.0,75000.0,0.0,-19441.382232438937,898.8095238095239
2026,2026-08-14,cnn_visual,0.05,0.25,10,0.75,0.0,75000.0,0.0,-12533.64021350734,898.8095238095239
2026,2026-01-09,cnn_visual,0.05,0.25,50,0.0,0.0,150000.0,0.0,37928.42379002972,297.6190476190476
2026,2026-01-23,cnn_visual,0.05,0.25,50,0.0,0.0,150000.0,0.0,29040.26456517647,297.6190476190476
2026,2026-02-06,cnn_visual,0.05,0.25,50,0.0,0.0,150000.0,0.0,35016.73099934284,297.6190476190476
2026,2026-02-20,cnn_visual,0.05,0.25,50,0.0,0.0,150000.0,189463.1732293461,339463.1732293461,47663.41235495557
2026,2026-03-06,cnn_visual,0.05,0.25,50,0.0,0.0,150000.0,87533.84441147908,237533.84441147908,22181.08015048881
2026,2026-03-20,cnn_visual,0.05,0.25,50,0.0,0.0,150000.0,16915.065261003503,166915.0652610035,4526.385362869924
2026,2026-04-07,cnn_visual,0.05,0.25,50,0.0,0.0,150000.0,0.0,-245743.64825427328,297.6190476190476
2026,2026-04-21,cnn_visual,0.05,0.25,50,0.0,0.0,150000.0,0.0,-40945.47221980757,297.6190476190476
2026,2026-05-07,cnn_visual,0.05,0.25,50,0.0,0.0,150000.0,0.0,54806.14908840176,297.6190476190476
2026,2026-05-21,cnn_visual,0.05,0.25,50,0.0,0.0,150000.0,0.0,-84020.10718376683,297.6190476190476
2026,2026-06-05,cnn_visual,0.05,0.25,50,0.0,0.0,150000.0,0.0,-160511.03326950295,297.6190476190476
2026,2026-06-19,cnn_visual,0.05,0.25,50,0.0,0.0,150000.0,0.0,-144991.46504385234,297.6190476190476
2026,2026-07-03,cnn_visual,0.05,0.25,50,0.0,0.0,150000.0,89176.53629093987,239176.53629093987,22591.753120354013
2026,2026-07-17,cnn_visual,0.05,0.25,50,0.0,0.0,150000.0,0.0,135489.0922459016,297.6190476190476
2026,2026-07-31,cnn_visual,0.05,0.25,50,0.0,0.0,150000.0,0.0,-57579.59780747771,297.6190476190476
2026,2026-08-14,cnn_visual,0.05,0.25,50,0.0,0.0,150000.0,0.0,-31035.052949868943,297.6190476190476
2026,2026-01-09,cnn_visual,0.05,0.25,100,0.0,0.0,150000.0,0.0,37928.42379002972,297.6190476190476
2026,2026-01-23,cnn_visual,0.05,0.25,100,0.0,0.0,150000.0,0.0,29040.26456517647,297.6190476190476
2026,2026-02-06,cnn_visual,0.05,0.25,100,0.0,0.0,150000.0,0.0,35016.73099934284,297.6190476190476
2026,2026-02-20,cnn_visual,0.05,0.25,100,0.0,0.0,150000.0,189463.1732293461,339463.1732293461,47663.41235495557
2026,2026-03-06,cnn_visual,0.05,0.25,100,0.0,0.0,150000.0,87533.84441147908,237533.84441147908,22181.08015048881
2026,2026-03-20,cnn_visual,0.05,0.25,100,0.0,0.0,150000.0,16915.065261003503,166915.0652610035,4526.385362869924
2026,2026-04-07,cnn_visual,0.05,0.25,100,0.0,0.0,150000.0,0.0,-245743.64825427328,297.6190476190476
2026,2026-04-21,cnn_visual,0.05,0.25,100,0.0,0.0,150000.0,0.0,-40945.47221980757,297.6190476190476
2026,2026-05-07,cnn_visual,0.05,0.25,100,0.0,0.0,150000.0,0.0,54806.14908840176,297.6190476190476
2026,2026-05-21,cnn_visual,0.05,0.25,100,0.0,0.0,150000.0,0.0,-84020.10718376683,297.6190476190476
2026,2026-06-05,cnn_visual,0.05,0.25,100,0.0,0.0,150000.0,0.0,-160511.03326950295,297.6190476190476
2026,2026-06-19,cnn_visual,0.05,0.25,100,0.0,0.0,150000.0,0.0,-144991.46504385234,297.6190476190476
2026,2026-07-03,cnn_visual,0.05,0.25,100,0.0,0.0,150000.0,89176.53629093987,239176.53629093987,22591.753120354013
2026,2026-07-17,cnn_visual,0.05,0.25,100,0.0,0.0,150000.0,0.0,135489.0922459016,297.6190476190476
2026,2026-07-31,cnn_visual,0.05,0.25,100,0.0,0.0,150000.0,0.0,-57579.59780747771,297.6190476190476
2026,2026-08-14,cnn_visual,0.05,0.25,100,0.0,0.0,150000.0,0.0,-31035.052949868943,297.6190476190476
2026,2026-01-09,cnn_visual,0.05,1.0,10,1.0,0.0,50000.0,0.0,-8915.379005239844,1099.2063492063492
2026,2026-01-23,cnn_visual,0.05,1.0,10,1.0,0.0,50000.0,0.0,-4557.153275199264,1099.2063492063492
2026,2026-02-06,cnn_visual,0.05,1.0,10,1.0,0.0,55000.0,0.0,2369.4634336935555,1109.126984126984
2026,2026-02-20,cnn_visual,0.05,1.0,10,1.0,0.0,55000.0,0.0,23449.42752487877,1109.126984126984
2026,2026-03-06,cnn_visual,0.05,1.0,10,1.0,0.0,55000.0,0.0,642.2630452788125,1109.126984126984
2026,2026-03-20,cnn_visual,0.05,1.0,10,1.0,0.0,55000.0,0.0,-201.97577936134635,1109.126984126984
2026,2026-04-07,cnn_visual,0.05,1.0,10,1.0,0.0,55000.0,0.0,-13705.445519304692,1109.126984126984
2026,2026-04-21,cnn_visual,0.05,1.0,10,1.0,0.0,55000.0,0.0,-244.5112248950776,1109.126984126984
2026,2026-05-07,cnn_visual,0.05,1.0,10,1.0,0.0,55000.0,0.0,15324.711256934354,1109.126984126984
2026,2026-05-21,cnn_visual,0.05,1.0,10,1.0,0.0,55000.0,0.0,-3237.7942585968126,1109.126984126984
2026,2026-06-05,cnn_visual,0.05,1.0,10,1.0,0.0,55000.0,0.0,12476.940828554494,1109.126984126984
2026,2026-06-19,cnn_visual,0.05,1.0,10,1.0,0.0,55000.0,0.0,1416.688075710021,1109.126984126984
2026,2026-07-03,cnn_visual,0.05,1.0,10,1.0,0.0,55000.0,0.0,1407.171119128525,1109.126984126984
2026,2026-07-17,cnn_visual,0.05,1.0,10,1.0,0.0,55000.0,0.0,-4964.971981836264,1109.126984126984
2026,2026-07-31,cnn_visual,0.05,1.0,10,1.0,0.0,55000.0,0.0,-6728.643707426013,1109.126984126984
2026,2026-08-14,cnn_visual,0.05,1.0,10,1.0,0.0,55000.0,0.0,-6366.502634720137,1109.126984126984
2026,2026-01-09,cnn_visual,0.05,1.0,50,0.25,0.0,145000.0,0.0,26217.473091212327,1537.6984126984128
2026,2026-01-23,cnn_visual,0.05,1.0,50,0.25,0.0,145000.0,0.0,20640.91010508253,1537.6984126984128
2026,2026-02-06,cnn_visual,0.05,1.0,50,0.25,0.0,145000.0,0.0,26854.91410793052,1537.6984126984128
2026,2026-02-20,cnn_visual,0.05,1.0,50,0.25,0.0,145000.0,115459.73680322926,260459.7368032293,116997.43521592768
2026,2026-03-06,cnn_visual,0.05,1.0,50,0.25,0.0,145000.0,33310.94906992899,178310.949069929,34848.6474826274
2026,2026-03-20,cnn_visual,0.05,1.0,50,0.25,0.0,145000.0,0.0,125135.80500091228,1537.6984126984128
2026,2026-04-07,cnn_visual,0.05,1.0,50,0.5,0.0,145000.0,0.0,-129724.54688678896,2787.6984126984125
2026,2026-04-21,cnn_visual,0.05,1.0,50,0.75,0.0,145000.0,0.0,-10419.7514736232,4037.698412698413
2026,2026-05-07,cnn_visual,0.05,1.0,50,0.75,0.0,145000.0,0.0,25195.070714801204,4037.698412698413
2026,2026-05-21,cnn_visual,0.05,1.0,50,0.75,0.0,145000.0,0.0,-23433.37248988932,4037.698412698413
2026,2026-06-05,cnn_visual,0.05,1.0,50,0.75,0.0,145000.0,0.0,-30770.052695959865,4037.698412698413
2026,2026-06-19,cnn_visual,0.05,1.0,50,0.75,0.0,145000.0,0.0,-35185.35020418056,4037.698412698413
2026,2026-07-03,cnn_visual,0.05,1.0,50,0.5,0.0,145000.0,0.0,120291.8537050342,2787.6984126984125
2026,2026-07-17,cnn_visual,0.05,1.0,50,0.25,0.0,145000.0,0.0,100375.57618896714,1537.6984126984128
2026,2026-07-31,cnn_visual,0.05,1.0,50,0.25,0.0,145000.0,0.0,-44866.85928246479,1537.6984126984128
2026,2026-08-14,cnn_visual,0.05,1.0,50,0.25,0.0,145000.0,0.0,-24867.91537108174,1537.6984126984128
2026,2026-01-09,cnn_visual,0.05,1.0,100,0.0,0.0,150000.0,0.0,37928.42379002972,297.6190476190476
2026,2026-01-23,cnn_visual,0.05,1.0,100,0.0,0.0,150000.0,0.0,29040.26456517647,297.6190476190476
2026,2026-02-06,cnn_visual,0.05,1.0,100,0.0,0.0,150000.0,0.0,35016.73099934284,297.6190476190476
2026,2026-02-20,cnn_visual,0.05,1.0,100,0.0,0.0,150000.0,189463.1732293461,339463.1732293461,189760.7922769652
2026,2026-03-06,cnn_visual,0.05,1.0,100,0.0,0.0,150000.0,87533.84441147908,237533.84441147908,87831.46345909813
2026,2026-03-20,cnn_visual,0.05,1.0,100,0.0,0.0,150000.0,16915.065261003503,166915.0652610035,17212.68430862255
2026,2026-04-07,cnn_visual,0.05,1.0,100,0.0,0.0,150000.0,0.0,-245743.64825427328,297.6190476190476
2026,2026-04-21,cnn_visual,0.05,1.0,100,0.0,0.0,150000.0,0.0,-40945.47221980757,297.6190476190476
2026,2026-05-07,cnn_visual,0.05,1.0,100,0.0,0.0,150000.0,0.0,54806.14908840176,297.6190476190476
2026,2026-05-21,cnn_visual,0.05,1.0,100,0.0,0.0,150000.0,0.0,-84020.10718376683,297.6190476190476
2026,2026-06-05,cnn_visual,0.05,1.0,100,0.0,0.0,150000.0,0.0,-160511.03326950295,297.6190476190476
2026,2026-06-19,cnn_visual,0.05,1.0,100,0.0,0.0,150000.0,0.0,-144991.46504385234,297.6190476190476
2026,2026-07-03,cnn_visual,0.05,1.0,100,0.0,0.0,150000.0,89176.53629093987,239176.53629093987,89474.15533855892
2026,2026-07-17,cnn_visual,0.05,1.0,100,0.0,0.0,150000.0,0.0,135489.0922459016,297.6190476190476
2026,2026-07-31,cnn_visual,0.05,1.0,100,0.0,0.0,150000.0,0.0,-57579.59780747771,297.6190476190476
2026,2026-08-14,cnn_visual,0.05,1.0,100,0.0,0.0,150000.0,0.0,-31035.052949868943,297.6190476190476
2026,2026-01-09,cnn_visual,0.05,2.0,10,1.0,0.0,60000.0,0.0,-8915.379005239844,1119.047619047619
2026,2026-01-23,cnn_visual,0.05,2.0,10,1.0,0.0,60000.0,0.0,-4557.153275199264,1119.047619047619
2026,2026-02-06,cnn_visual,0.05,2.0,10,1.0,0.0,60000.0,0.0,2369.4634336935555,1119.047619047619
2026,2026-02-20,cnn_visual,0.05,2.0,10,1.0,0.0,60000.0,0.0,23449.42752487877,1119.047619047619
2026,2026-03-06,cnn_visual,0.05,2.0,10,1.0,0.0,60000.0,0.0,642.2630452788125,1119.047619047619
2026,2026-03-20,cnn_visual,0.05,2.0,10,1.0,0.0,60000.0,0.0,-201.97577936134635,1119.047619047619
2026,2026-04-07,cnn_visual,0.05,2.0,10,1.0,0.0,60000.0,0.0,-13705.445519304692,1119.047619047619
2026,2026-04-21,cnn_visual,0.05,2.0,10,1.0,0.0,60000.0,0.0,-244.5112248950776,1119.047619047619
2026,2026-05-07,cnn_visual,0.05,2.0,10,1.0,0.0,60000.0,0.0,15324.711256934354,1119.047619047619
2026,2026-05-21,cnn_visual,0.05,2.0,10,1.0,0.0,60000.0,0.0,-3237.7942585968126,1119.047619047619
2026,2026-06-05,cnn_visual,0.05,2.0,10,1.0,0.0,60000.0,0.0,12476.940828554494,1119.047619047619
2026,2026-06-19,cnn_visual,0.05,2.0,10,1.0,0.0,60000.0,0.0,1416.688075710021,1119.047619047619
2026,2026-07-03,cnn_visual,0.05,2.0,10,1.0,0.0,60000.0,0.0,1407.171119128525,1119.047619047619
2026,2026-07-17,cnn_visual,0.05,2.0,10,1.0,0.0,60000.0,0.0,-4964.971981836264,1119.047619047619
2026,2026-07-31,cnn_visual,0.05,2.0,10,1.0,0.0,60000.0,0.0,-6728.643707426013,1119.047619047619
2026,2026-08-14,cnn_visual,0.05,2.0,10,1.0,0.0,60000.0,0.0,-6366.502634720137,1119.047619047619
2026,2026-01-09,cnn_visual,0.05,2.0,50,0.5,0.0,145000.0,0.0,14506.522392394936,2787.6984126984125
2026,2026-01-23,cnn_visual,0.05,2.0,50,0.5,0.0,145000.0,0.0,12241.555644988604,2787.6984126984125
2026,2026-02-06,cnn_visual,0.05,2.0,50,0.5,0.0,145000.0,0.0,18693.0972165182,2787.6984126984125
2026,2026-02-20,cnn_visual,0.05,2.0,50,0.5,0.0,145000.0,36456.30037711244,181456.30037711243,75700.29916692329
2026,2026-03-06,cnn_visual,0.05,2.0,50,0.5,0.0,145000.0,0.0,119088.05372837896,2787.6984126984125
2026,2026-03-20,cnn_visual,0.05,2.0,50,0.75,0.0,145000.0,0.0,41577.28448072987,4037.698412698413
2026,2026-04-07,cnn_visual,0.05,2.0,50,0.75,0.0,145000.0,0.0,-71714.99620304683,4037.698412698413
2026,2026-04-21,cnn_visual,0.05,2.0,50,0.75,0.0,145000.0,0.0,-10419.7514736232,4037.698412698413
2026,2026-05-07,cnn_visual,0.05,2.0,50,0.75,0.0,145000.0,0.0,25195.070714801204,4037.698412698413
2026,2026-05-21,cnn_visual,0.05,2.0,50,0.75,0.0,145000.0,0.0,-23433.37248988932,4037.698412698413
2026,2026-06-05,cnn_visual,0.05,2.0,50,0.75,0.0,145000.0,0.0,-30770.052695959865,4037.698412698413
2026,2026-06-19,cnn_visual,0.05,2.0,50,0.75,0.0,145000.0,0.0,-35185.35020418056,4037.698412698413
2026,2026-07-03,cnn_visual,0.05,2.0,50,0.75,0.0,145000.0,0.0,60849.51241208136,4037.698412698413
2026,2026-07-17,cnn_visual,0.05,2.0,50,0.75,0.0,145000.0,0.0,30148.544075098205,4037.698412698413
2026,2026-07-31,cnn_visual,0.05,2.0,50,0.75,0.0,145000.0,0.0,-19441.382232438937,4037.698412698413
2026,2026-08-14,cnn_visual,0.05,2.0,50,0.75,0.0,145000.0,0.0,-12533.64021350734,4037.698412698413
2026,2026-01-09,cnn_visual,0.05,2.0,100,0.25,0.0,145000.0,0.0,26217.473091212327,2787.6984126984125
2026,2026-01-23,cnn_visual,0.05,2.0,100,0.25,0.0,145000.0,0.0,20640.91010508253,2787.6984126984125
2026,2026-02-06,cnn_visual,0.05,2.0,100,0.25,0.0,145000.0,0.0,26854.91410793052,2787.6984126984125
2026,2026-02-20,cnn_visual,0.05,2.0,100,0.25,0.0,145000.0,115459.73680322926,260459.7368032293,233707.1720191569
2026,2026-03-06,cnn_visual,0.05,2.0,100,0.25,0.0,145000.0,33310.94906992899,178310.949069929,69409.5965525564
2026,2026-03-20,cnn_visual,0.05,2.0,100,0.25,0.0,145000.0,0.0,125135.80500091228,2787.6984126984125
2026,2026-04-07,cnn_visual,0.05,2.0,100,0.5,0.0,145000.0,0.0,-129724.54688678896,5287.6984126984125
2026,2026-04-21,cnn_visual,0.05,2.0,100,0.75,0.0,140000.0,0.0,-10419.7514736232,7777.777777777777
2026,2026-05-07,cnn_visual,0.05,2.0,100,0.75,0.0,140000.0,0.0,25195.070714801204,7777.777777777777
2026,2026-05-21,cnn_visual,0.05,2.0,100,0.75,0.0,140000.0,0.0,-23433.37248988932,7777.777777777777
2026,2026-06-05,cnn_visual,0.05,2.0,100,0.75,0.0,140000.0,0.0,-30770.052695959865,7777.777777777777
2026,2026-06-19,cnn_visual,0.05,2.0,100,0.5,0.0,145000.0,0.0,-71787.38848407115,5287.6984126984125
2026,2026-07-03,cnn_visual,0.05,2.0,100,0.5,0.0,145000.0,0.0,120291.8537050342,5287.6984126984125
2026,2026-07-17,cnn_visual,0.05,2.0,100,0.25,0.0,145000.0,0.0,100375.57618896714,2787.6984126984125
2026,2026-07-31,cnn_visual,0.05,2.0,100,0.25,0.0,145000.0,0.0,-44866.85928246479,2787.6984126984125
2026,2026-08-14,cnn_visual,0.05,2.0,100,0.25,0.0,145000.0,0.0,-24867.91537108174,2787.6984126984125
2026,2026-01-09,cnn_visual,0.1,0.25,10,0.75,0.0,55000.0,0.0,2795.5716935775463,968.2539682539682
2026,2026-01-23,cnn_visual,0.1,0.25,10,0.75,0.0,55000.0,0.0,3842.201184894669,968.2539682539682
2026,2026-02-06,cnn_visual,0.1,0.25,10,0.75,0.0,55000.0,0.0,10531.280325105878,968.2539682539682
2026,2026-02-20,cnn_visual,0.1,0.25,10,0.75,0.0,55000.0,47452.86395099563,102452.86395099564,12831.469956002877
2026,2026-03-06,cnn_visual,0.1,0.25,10,0.75,0.0,55000.0,4865.158386828873,59865.15838682887,2184.5435649611863
2026,2026-03-20,cnn_visual,0.1,0.25,10,0.75,0.0,55000.0,0.0,41577.28448072987,968.2539682539682
2026,2026-04-07,cnn_visual,0.1,0.25,10,1.0,0.0,35000.0,0.0,-13705.445519304692,1138.888888888889
2026,2026-04-21,cnn_visual,0.1,0.25,10,1.0,0.0,35000.0,0.0,-244.5112248950776,1138.888888888889
2026,2026-05-07,cnn_visual,0.1,0.25,10,1.0,0.0,35000.0,0.0,15324.711256934354,1138.888888888889
2026,2026-05-21,cnn_visual,0.1,0.25,10,1.0,0.0,35000.0,0.0,-3237.7942585968126,1138.888888888889
2026,2026-06-05,cnn_visual,0.1,0.25,10,1.0,0.0,35000.0,0.0,12476.940828554494,1138.888888888889
2026,2026-06-19,cnn_visual,0.1,0.25,10,1.0,0.0,35000.0,0.0,1416.688075710021,1138.888888888889
2026,2026-07-03,cnn_visual,0.1,0.25,10,1.0,0.0,35000.0,0.0,1407.171119128525,1138.888888888889
2026,2026-07-17,cnn_visual,0.1,0.25,10,0.75,0.0,55000.0,0.0,30148.544075098205,968.2539682539682
2026,2026-07-31,cnn_visual,0.1,0.25,10,0.75,0.0,55000.0,0.0,-19441.382232438937,968.2539682539682
2026,2026-08-14,cnn_visual,0.1,0.25,10,0.75,0.0,55000.0,0.0,-12533.64021350734,968.2539682539682
2026,2026-01-09,cnn_visual,0.1,0.25,50,0.0,0.0,150000.0,0.0,37928.42379002972,595.2380952380952
2026,2026-01-23,cnn_visual,0.1,0.25,50,0.0,0.0,150000.0,0.0,29040.26456517647,595.2380952380952
2026,2026-02-06,cnn_visual,0.1,0.25,50,0.0,0.0,150000.0,0.0,35016.73099934284,595.2380952380952
2026,2026-02-20,cnn_visual,0.1,0.25,50,0.0,0.0,150000.0,189463.1732293461,339463.1732293461,47961.03140257462
2026,2026-03-06,cnn_visual,0.1,0.25,50,0.0,0.0,150000.0,87533.84441147908,237533.84441147908,22478.699198107865
2026,2026-03-20,cnn_visual,0.1,0.25,50,0.0,0.0,150000.0,16915.065261003503,166915.0652610035,4824.004410488971
2026,2026-04-07,cnn_visual,0.1,0.25,50,0.0,0.0,150000.0,0.0,-245743.64825427328,595.2380952380952
2026,2026-04-21,cnn_visual,0.1,0.25,50,0.0,0.0,150000.0,0.0,-40945.47221980757,595.2380952380952
2026,2026-05-07,cnn_visual,0.1,0.25,50,0.0,0.0,150000.0,0.0,54806.14908840176,595.2380952380952
2026,2026-05-21,cnn_visual,0.1,0.25,50,0.0,0.0,150000.0,0.0,-84020.10718376683,595.2380952380952
2026,2026-06-05,cnn_visual,0.1,0.25,50,0.0,0.0,150000.0,0.0,-160511.03326950295,595.2380952380952
2026,2026-06-19,cnn_visual,0.1,0.25,50,0.0,0.0,150000.0,0.0,-144991.46504385234,595.2380952380952
2026,2026-07-03,cnn_visual,0.1,0.25,50,0.0,0.0,150000.0,89176.53629093987,239176.53629093987,22889.372167973062
2026,2026-07-17,cnn_visual,0.1,0.25,50,0.0,0.0,150000.0,0.0,135489.0922459016,595.2380952380952
2026,2026-07-31,cnn_visual,0.1,0.25,50,0.0,0.0,150000.0,0.0,-57579.59780747771,595.2380952380952
2026,2026-08-14,cnn_visual,0.1,0.25,50,0.0,0.0,150000.0,0.0,-31035.052949868943,595.2380952380952
2026,2026-01-09,cnn_visual,0.1,0.25,100,0.0,0.0,150000.0,0.0,37928.42379002972,595.2380952380952
2026,2026-01-23,cnn_visual,0.1,0.25,100,0.0,0.0,150000.0,0.0,29040.26456517647,595.2380952380952
2026,2026-02-06,cnn_visual,0.1,0.25,100,0.0,0.0,150000.0,0.0,35016.73099934284,595.2380952380952
2026,2026-02-20,cnn_visual,0.1,0.25,100,0.0,0.0,150000.0,189463.1732293461,339463.1732293461,47961.03140257462
2026,2026-03-06,cnn_visual,0.1,0.25,100,0.0,0.0,150000.0,87533.84441147908,237533.84441147908,22478.699198107865
2026,2026-03-20,cnn_visual,0.1,0.25,100,0.0,0.0,150000.0,16915.065261003503,166915.0652610035,4824.004410488971
2026,2026-04-07,cnn_visual,0.1,0.25,100,0.0,0.0,150000.0,0.0,-245743.64825427328,595.2380952380952
2026,2026-04-21,cnn_visual,0.1,0.25,100,0.0,0.0,150000.0,0.0,-40945.47221980757,595.2380952380952
2026,2026-05-07,cnn_visual,0.1,0.25,100,0.0,0.0,150000.0,0.0,54806.14908840176,595.2380952380952
2026,2026-05-21,cnn_visual,0.1,0.25,100,0.0,0.0,150000.0,0.0,-84020.10718376683,595.2380952380952
2026,2026-06-05,cnn_visual,0.1,0.25,100,0.0,0.0,150000.0,0.0,-160511.03326950295,595.2380952380952
2026,2026-06-19,cnn_visual,0.1,0.25,100,0.0,0.0,150000.0,0.0,-144991.46504385234,595.2380952380952
2026,2026-07-03,cnn_visual,0.1,0.25,100,0.0,0.0,150000.0,89176.53629093987,239176.53629093987,22889.372167973062
2026,2026-07-17,cnn_visual,0.1,0.25,100,0.0,0.0,150000.0,0.0,135489.0922459016,595.2380952380952
2026,2026-07-31,cnn_visual,0.1,0.25,100,0.0,0.0,150000.0,0.0,-57579.59780747771,595.2380952380952
2026,2026-08-14,cnn_visual,0.1,0.25,100,0.0,0.0,150000.0,0.0,-31035.052949868943,595.2380952380952
2026,2026-01-09,cnn_visual,0.1,1.0,10,1.0,0.0,45000.0,0.0,-8915.379005239844,1178.5714285714284
2026,2026-01-23,cnn_visual,0.1,1.0,10,1.0,0.0,45000.0,0.0,-4557.153275199264,1178.5714285714284
2026,2026-02-06,cnn_visual,0.1,1.0,10,1.0,0.0,45000.0,0.0,2369.4634336935555,1178.5714285714284
2026,2026-02-20,cnn_visual,0.1,1.0,10,1.0,0.0,45000.0,0.0,23449.42752487877,1178.5714285714284
2026,2026-03-06,cnn_visual,0.1,1.0,10,1.0,0.0,45000.0,0.0,642.2630452788125,1178.5714285714284
2026,2026-03-20,cnn_visual,0.1,1.0,10,1.0,0.0,45000.0,0.0,-201.97577936134635,1178.5714285714284
2026,2026-04-07,cnn_visual,0.1,1.0,10,1.0,0.0,45000.0,0.0,-13705.445519304692,1178.5714285714284
2026,2026-04-21,cnn_visual,0.1,1.0,10,1.0,0.0,45000.0,0.0,-244.5112248950776,1178.5714285714284
2026,2026-05-07,cnn_visual,0.1,1.0,10,1.0,0.0,45000.0,0.0,15324.711256934354,1178.5714285714284
2026,2026-05-21,cnn_visual,0.1,1.0,10,1.0,0.0,45000.0,0.0,-3237.7942585968126,1178.5714285714284
2026,2026-06-05,cnn_visual,0.1,1.0,10,1.0,0.0,45000.0,0.0,12476.940828554494,1178.5714285714284
2026,2026-06-19,cnn_visual,0.1,1.0,10,1.0,0.0,45000.0,0.0,1416.688075710021,1178.5714285714284
2026,2026-07-03,cnn_visual,0.1,1.0,10,1.0,0.0,45000.0,0.0,1407.171119128525,1178.5714285714284
2026,2026-07-17,cnn_visual,0.1,1.0,10,1.0,0.0,45000.0,0.0,-4964.971981836264,1178.5714285714284
2026,2026-07-31,cnn_visual,0.1,1.0,10,1.0,0.0,45000.0,0.0,-6728.643707426013,1178.5714285714284
2026,2026-08-14,cnn_visual,0.1,1.0,10,1.0,0.0,45000.0,0.0,-6366.502634720137,1178.5714285714284
2026,2026-01-09,cnn_visual,0.1,1.0,50,0.25,0.0,145000.0,0.0,26217.473091212327,1825.3968253968253
2026,2026-01-23,cnn_visual,0.1,1.0,50,0.25,0.0,145000.0,0.0,20640.91010508253,1825.3968253968253
2026,2026-02-06,cnn_visual,0.1,1.0,50,0.25,0.0,145000.0,0.0,26854.91410793052,1825.3968253968253
2026,2026-02-20,cnn_visual,0.1,1.0,50,0.25,0.0,145000.0,115459.73680322926,260459.7368032293,117285.13362862608
2026,2026-03-06,cnn_visual,0.1,1.0,50,0.25,0.0,145000.0,33310.94906992899,178310.949069929,35136.345895325816
2026,2026-03-20,cnn_visual,0.1,1.0,50,0.25,0.0,145000.0,0.0,125135.80500091228,1825.3968253968253
2026,2026-04-07,cnn_visual,0.1,1.0,50,0.5,0.0,145000.0,0.0,-129724.54688678896,3075.396825396825
2026,2026-04-21,cnn_visual,0.1,1.0,50,0.75,0.0,145000.0,0.0,-10419.7514736232,4325.396825396825
2026,2026-05-07,cnn_visual,0.1,1.0,50,0.75,0.0,145000.0,0.0,25195.070714801204,4325.396825396825
2026,2026-05-21,cnn_visual,0.1,1.0,50,0.75,0.0,145000.0,0.0,-23433.37248988932,4325.396825396825
2026,2026-06-05,cnn_visual,0.1,1.0,50,0.75,0.0,145000.0,0.0,-30770.052695959865,4325.396825396825
2026,2026-06-19,cnn_visual,0.1,1.0,50,0.75,0.0,145000.0,0.0,-35185.35020418056,4325.396825396825
2026,2026-07-03,cnn_visual,0.1,1.0,50,0.5,0.0,145000.0,0.0,120291.8537050342,3075.396825396825
2026,2026-07-17,cnn_visual,0.1,1.0,50,0.25,0.0,145000.0,0.0,100375.57618896714,1825.3968253968253
2026,2026-07-31,cnn_visual,0.1,1.0,50,0.25,0.0,145000.0,0.0,-44866.85928246479,1825.3968253968253
2026,2026-08-14,cnn_visual,0.1,1.0,50,0.25,0.0,145000.0,0.0,-24867.91537108174,1825.3968253968253
2026,2026-01-09,cnn_visual,0.1,1.0,100,0.0,0.0,150000.0,0.0,37928.42379002972,595.2380952380952
2026,2026-01-23,cnn_visual,0.1,1.0,100,0.0,0.0,150000.0,0.0,29040.26456517647,595.2380952380952
2026,2026-02-06,cnn_visual,0.1,1.0,100,0.0,0.0,150000.0,0.0,35016.73099934284,595.2380952380952
2026,2026-02-20,cnn_visual,0.1,1.0,100,0.0,0.0,150000.0,189463.1732293461,339463.1732293461,190058.41132458425
2026,2026-03-06,cnn_visual,0.1,1.0,100,0.0,0.0,150000.0,87533.84441147908,237533.84441147908,88129.08250671717
2026,2026-03-20,cnn_visual,0.1,1.0,100,0.0,0.0,150000.0,16915.065261003503,166915.0652610035,17510.3033562416
2026,2026-04-07,cnn_visual,0.1,1.0,100,0.0,0.0,150000.0,0.0,-245743.64825427328,595.2380952380952
2026,2026-04-21,cnn_visual,0.1,1.0,100,0.0,0.0,150000.0,0.0,-40945.47221980757,595.2380952380952
2026,2026-05-07,cnn_visual,0.1,1.0,100,0.0,0.0,150000.0,0.0,54806.14908840176,595.2380952380952
2026,2026-05-21,cnn_visual,0.1,1.0,100,0.0,0.0,150000.0,0.0,-84020.10718376683,595.2380952380952
2026,2026-06-05,cnn_visual,0.1,1.0,100,0.0,0.0,150000.0,0.0,-160511.03326950295,595.2380952380952
2026,2026-06-19,cnn_visual,0.1,1.0,100,0.0,0.0,150000.0,0.0,-144991.46504385234,595.2380952380952
2026,2026-07-03,cnn_visual,0.1,1.0,100,0.0,0.0,150000.0,89176.53629093987,239176.53629093987,89771.77438617796
2026,2026-07-17,cnn_visual,0.1,1.0,100,0.0,0.0,150000.0,0.0,135489.0922459016,595.2380952380952
2026,2026-07-31,cnn_visual,0.1,1.0,100,0.0,0.0,150000.0,0.0,-57579.59780747771,595.2380952380952
2026,2026-08-14,cnn_visual,0.1,1.0,100,0.0,0.0,150000.0,0.0,-31035.052949868943,595.2380952380952
2026,2026-01-09,cnn_visual,0.1,2.0,10,1.0,0.0,50000.0,0.0,-8915.379005239844,1198.4126984126983
2026,2026-01-23,cnn_visual,0.1,2.0,10,1.0,0.0,50000.0,0.0,-4557.153275199264,1198.4126984126983
2026,2026-02-06,cnn_visual,0.1,2.0,10,1.0,0.0,55000.0,0.0,2369.4634336935555,1218.2539682539682
2026,2026-02-20,cnn_visual,0.1,2.0,10,1.0,0.0,55000.0,0.0,23449.42752487877,1218.2539682539682
2026,2026-03-06,cnn_visual,0.1,2.0,10,1.0,0.0,55000.0,0.0,642.2630452788125,1218.2539682539682
2026,2026-03-20,cnn_visual,0.1,2.0,10,1.0,0.0,55000.0,0.0,-201.97577936134635,1218.2539682539682
2026,2026-04-07,cnn_visual,0.1,2.0,10,1.0,0.0,55000.0,0.0,-13705.445519304692,1218.2539682539682
2026,2026-04-21,cnn_visual,0.1,2.0,10,1.0,0.0,55000.0,0.0,-244.5112248950776,1218.2539682539682
2026,2026-05-07,cnn_visual,0.1,2.0,10,1.0,0.0,55000.0,0.0,15324.711256934354,1218.2539682539682
2026,2026-05-21,cnn_visual,0.1,2.0,10,1.0,0.0,55000.0,0.0,-3237.7942585968126,1218.2539682539682
2026,2026-06-05,cnn_visual,0.1,2.0,10,1.0,0.0,55000.0,0.0,12476.940828554494,1218.2539682539682
2026,2026-06-19,cnn_visual,0.1,2.0,10,1.0,0.0,55000.0,0.0,1416.688075710021,1218.2539682539682
2026,2026-07-03,cnn_visual,0.1,2.0,10,1.0,0.0,55000.0,0.0,1407.171119128525,1218.2539682539682
2026,2026-07-17,cnn_visual,0.1,2.0,10,1.0,0.0,55000.0,0.0,-4964.971981836264,1218.2539682539682
2026,2026-07-31,cnn_visual,0.1,2.0,10,1.0,0.0,55000.0,0.0,-6728.643707426013,1218.2539682539682
2026,2026-08-14,cnn_visual,0.1,2.0,10,1.0,0.0,55000.0,0.0,-6366.502634720137,1218.2539682539682
2026,2026-01-09,cnn_visual,0.1,2.0,50,0.5,0.0,145000.0,0.0,14506.522392394936,3075.396825396825
2026,2026-01-23,cnn_visual,0.1,2.0,50,0.5,0.0,145000.0,0.0,12241.555644988604,3075.396825396825
2026,2026-02-06,cnn_visual,0.1,2.0,50,0.5,0.0,145000.0,0.0,18693.0972165182,3075.396825396825
2026,2026-02-20,cnn_visual,0.1,2.0,50,0.5,0.0,145000.0,36456.30037711244,181456.30037711243,75987.99757962169
2026,2026-03-06,cnn_visual,0.1,2.0,50,0.5,0.0,145000.0,0.0,119088.05372837896,3075.396825396825
2026,2026-03-20,cnn_visual,0.1,2.0,50,0.75,0.0,145000.0,0.0,41577.28448072987,4325.396825396825
2026,2026-04-07,cnn_visual,0.1,2.0,50,0.75,0.0,145000.0,0.0,-71714.99620304683,4325.396825396825
2026,2026-04-21,cnn_visual,0.1,2.0,50,0.75,0.0,145000.0,0.0,-10419.7514736232,4325.396825396825
2026,2026-05-07,cnn_visual,0.1,2.0,50,0.75,0.0,145000.0,0.0,25195.070714801204,4325.396825396825
2026,2026-05-21,cnn_visual,0.1,2.0,50,0.75,0.0,145000.0,0.0,-23433.37248988932,4325.396825396825
2026,2026-06-05,cnn_visual,0.1,2.0,50,0.75,0.0,145000.0,0.0,-30770.052695959865,4325.396825396825
2026,2026-06-19,cnn_visual,0.1,2.0,50,0.75,0.0,145000.0,0.0,-35185.35020418056,4325.396825396825
2026,2026-07-03,cnn_visual,0.1,2.0,50,0.75,0.0,145000.0,0.0,60849.51241208136,4325.396825396825
2026,2026-07-17,cnn_visual,0.1,2.0,50,0.75,0.0,145000.0,0.0,30148.544075098205,4325.396825396825
2026,2026-07-31,cnn_visual,0.1,2.0,50,0.75,0.0,145000.0,0.0,-19441.382232438937,4325.396825396825
2026,2026-08-14,cnn_visual,0.1,2.0,50,0.75,0.0,145000.0,0.0,-12533.64021350734,4325.396825396825
2026,2026-01-09,cnn_visual,0.1,2.0,100,0.25,0.0,145000.0,0.0,26217.473091212327,3075.396825396825
2026,2026-01-23,cnn_visual,0.1,2.0,100,0.25,0.0,145000.0,0.0,20640.91010508253,3075.396825396825
2026,2026-02-06,cnn_visual,0.1,2.0,100,0.25,0.0,145000.0,0.0,26854.91410793052,3075.396825396825
2026,2026-02-20,cnn_visual,0.1,2.0,100,0.25,0.0,145000.0,115459.73680322926,260459.7368032293,233994.87043185532
2026,2026-03-06,cnn_visual,0.1,2.0,100,0.25,0.0,145000.0,33310.94906992899,178310.949069929,69697.2949652548
2026,2026-03-20,cnn_visual,0.1,2.0,100,0.25,0.0,145000.0,0.0,125135.80500091228,3075.396825396825
2026,2026-04-07,cnn_visual,0.1,2.0,100,0.5,0.0,145000.0,0.0,-129724.54688678896,5575.396825396825
2026,2026-04-21,cnn_visual,0.1,2.0,100,0.75,0.0,140000.0,0.0,-10419.7514736232,8055.555555555556
2026,2026-05-07,cnn_visual,0.1,2.0,100,0.75,0.0,140000.0,0.0,25195.070714801204,8055.555555555556
2026,2026-05-21,cnn_visual,0.1,2.0,100,0.75,0.0,140000.0,0.0,-23433.37248988932,8055.555555555556
2026,2026-06-05,cnn_visual,0.1,2.0,100,0.75,0.0,140000.0,0.0,-30770.052695959865,8055.555555555556
2026,2026-06-19,cnn_visual,0.1,2.0,100,0.5,0.0,145000.0,0.0,-71787.38848407115,5575.396825396825
2026,2026-07-03,cnn_visual,0.1,2.0,100,0.5,0.0,145000.0,0.0,120291.8537050342,5575.396825396825
2026,2026-07-17,cnn_visual,0.1,2.0,100,0.25,0.0,145000.0,0.0,100375.57618896714,3075.396825396825
2026,2026-07-31,cnn_visual,0.1,2.0,100,0.25,0.0,145000.0,0.0,-44866.85928246479,3075.396825396825
2026,2026-08-14,cnn_visual,0.1,2.0,100,0.25,0.0,145000.0,0.0,-24867.91537108174,3075.396825396825
2026,2026-01-09,historical,0.01,0.25,10,0.5,0.0,145000.0,0.0,14506.522392394936,557.5396825396825
2026,2026-01-23,historical,0.01,0.25,10,0.5,0.0,145000.0,0.0,12241.555644988604,557.5396825396825
2026,2026-02-06,historical,0.01,0.25,10,0.5,0.0,145000.0,0.0,18693.0972165182,557.5396825396825
2026,2026-02-20,historical,0.01,0.25,10,0.5,0.0,145000.0,36456.30037711244,181456.30037711243,9671.61477681779
2026,2026-03-06,historical,0.01,0.25,10,0.5,0.0,145000.0,0.0,119088.05372837896,557.5396825396825
2026,2026-03-20,historical,0.01,0.25,10,0.5,0.0,145000.0,0.0,83356.54474082107,557.5396825396825
2026,2026-04-07,historical,0.01,0.25,10,0.5,0.0,145000.0,0.0,-129724.54688678896,557.5396825396825
2026,2026-04-21,historical,0.01,0.25,10,0.5,0.0,145000.0,0.0,-20594.99172235133,557.5396825396825
2026,2026-05-07,historical,0.01,0.25,10,0.5,0.0,145000.0,0.0,35065.43017266806,557.5396825396825
2026,2026-05-21,historical,0.01,0.25,10,0.5,0.0,145000.0,0.0,-43628.95072118182,557.5396825396825
2026,2026-06-05,historical,0.01,0.25,10,0.5,0.0,145000.0,0.0,-74017.04622047422,557.5396825396825
2026,2026-06-19,historical,0.01,0.25,10,0.5,0.0,145000.0,0.0,-71787.38848407115,557.5396825396825
2026,2026-07-03,historical,0.01,0.25,10,0.5,0.0,145000.0,0.0,120291.8537050342,557.5396825396825
2026,2026-07-17,historical,0.01,0.25,10,0.5,0.0,145000.0,0.0,65262.06013203268,557.5396825396825
2026,2026-07-31,historical,0.01,0.25,10,0.5,0.0,145000.0,0.0,-32154.12075745186,557.5396825396825
2026,2026-08-14,historical,0.01,0.25,10,0.5,0.0,145000.0,0.0,-18700.777792294542,557.5396825396825
2026,2026-01-09,historical,0.01,0.25,50,0.0,0.0,150000.0,0.0,37928.42379002972,59.523809523809526
2026,2026-01-23,historical,0.01,0.25,50,0.0,0.0,150000.0,0.0,29040.26456517647,59.523809523809526
2026,2026-02-06,historical,0.01,0.25,50,0.0,0.0,150000.0,0.0,35016.73099934284,59.523809523809526
2026,2026-02-20,historical,0.01,0.25,50,0.0,0.0,150000.0,189463.1732293461,339463.1732293461,47425.31711686034
2026,2026-03-06,historical,0.01,0.25,50,0.0,0.0,150000.0,87533.84441147908,237533.84441147908,21942.98491239358
2026,2026-03-20,historical,0.01,0.25,50,0.0,0.0,150000.0,16915.065261003503,166915.0652610035,4288.290124774685
2026,2026-04-07,historical,0.01,0.25,50,0.0,0.0,150000.0,0.0,-245743.64825427328,59.523809523809526
2026,2026-04-21,historical,0.01,0.25,50,0.0,0.0,150000.0,0.0,-40945.47221980757,59.523809523809526
2026,2026-05-07,historical,0.01,0.25,50,0.0,0.0,150000.0,0.0,54806.14908840176,59.523809523809526
2026,2026-05-21,historical,0.01,0.25,50,0.0,0.0,150000.0,0.0,-84020.10718376683,59.523809523809526
2026,2026-06-05,historical,0.01,0.25,50,0.0,0.0,150000.0,0.0,-160511.03326950295,59.523809523809526
2026,2026-06-19,historical,0.01,0.25,50,0.0,0.0,150000.0,0.0,-144991.46504385234,59.523809523809526
2026,2026-07-03,historical,0.01,0.25,50,0.0,0.0,150000.0,89176.53629093987,239176.53629093987,22353.657882258776
2026,2026-07-17,historical,0.01,0.25,50,0.0,0.0,150000.0,0.0,135489.0922459016,59.523809523809526
2026,2026-07-31,historical,0.01,0.25,50,0.0,0.0,150000.0,0.0,-57579.59780747771,59.523809523809526
2026,2026-08-14,historical,0.01,0.25,50,0.0,0.0,150000.0,0.0,-31035.052949868943,59.523809523809526
2026,2026-01-09,historical,0.01,0.25,100,0.0,0.0,150000.0,0.0,37928.42379002972,59.523809523809526
2026,2026-01-23,historical,0.01,0.25,100,0.0,0.0,150000.0,0.0,29040.26456517647,59.523809523809526
2026,2026-02-06,historical,0.01,0.25,100,0.0,0.0,150000.0,0.0,35016.73099934284,59.523809523809526
2026,2026-02-20,historical,0.01,0.25,100,0.0,0.0,150000.0,189463.1732293461,339463.1732293461,47425.31711686034
2026,2026-03-06,historical,0.01,0.25,100,0.0,0.0,150000.0,87533.84441147908,237533.84441147908,21942.98491239358
2026,2026-03-20,historical,0.01,0.25,100,0.0,0.0,150000.0,16915.065261003503,166915.0652610035,4288.290124774685
2026,2026-04-07,historical,0.01,0.25,100,0.0,0.0,150000.0,0.0,-245743.64825427328,59.523809523809526
2026,2026-04-21,historical,0.01,0.25,100,0.0,0.0,150000.0,0.0,-40945.47221980757,59.523809523809526
2026,2026-05-07,historical,0.01,0.25,100,0.0,0.0,150000.0,0.0,54806.14908840176,59.523809523809526
2026,2026-05-21,historical,0.01,0.25,100,0.0,0.0,150000.0,0.0,-84020.10718376683,59.523809523809526
2026,2026-06-05,historical,0.01,0.25,100,0.0,0.0,150000.0,0.0,-160511.03326950295,59.523809523809526
2026,2026-06-19,historical,0.01,0.25,100,0.0,0.0,150000.0,0.0,-144991.46504385234,59.523809523809526
2026,2026-07-03,historical,0.01,0.25,100,0.0,0.0,150000.0,89176.53629093987,239176.53629093987,22353.657882258776
2026,2026-07-17,historical,0.01,0.25,100,0.0,0.0,150000.0,0.0,135489.0922459016,59.523809523809526
2026,2026-07-31,historical,0.01,0.25,100,0.0,0.0,150000.0,0.0,-57579.59780747771,59.523809523809526
2026,2026-08-14,historical,0.01,0.25,100,0.0,0.0,150000.0,0.0,-31035.052949868943,59.523809523809526
2026,2026-01-09,historical,0.01,1.0,10,1.0,0.0,65000.0,0.0,-8915.379005239844,1025.7936507936508
2026,2026-01-23,historical,0.01,1.0,10,1.0,0.0,65000.0,0.0,-4557.153275199264,1025.7936507936508
2026,2026-02-06,historical,0.01,1.0,10,1.0,0.0,65000.0,0.0,2369.4634336935555,1025.7936507936508
2026,2026-02-20,historical,0.01,1.0,10,1.0,0.0,65000.0,0.0,23449.42752487877,1025.7936507936508
2026,2026-03-06,historical,0.01,1.0,10,1.0,0.0,65000.0,0.0,642.2630452788125,1025.7936507936508
2026,2026-03-20,historical,0.01,1.0,10,1.0,0.0,65000.0,0.0,-201.97577936134635,1025.7936507936508
2026,2026-04-07,historical,0.01,1.0,10,1.0,0.0,65000.0,0.0,-13705.445519304692,1025.7936507936508
2026,2026-04-21,historical,0.01,1.0,10,1.0,0.0,65000.0,0.0,-244.5112248950776,1025.7936507936508
2026,2026-05-07,historical,0.01,1.0,10,1.0,0.0,65000.0,0.0,15324.711256934354,1025.7936507936508
2026,2026-05-21,historical,0.01,1.0,10,1.0,0.0,65000.0,0.0,-3237.7942585968126,1025.7936507936508
2026,2026-06-05,historical,0.01,1.0,10,1.0,0.0,65000.0,0.0,12476.940828554494,1025.7936507936508
2026,2026-06-19,historical,0.01,1.0,10,1.0,0.0,65000.0,0.0,1416.688075710021,1025.7936507936508
2026,2026-07-03,historical,0.01,1.0,10,1.0,0.0,65000.0,0.0,1407.171119128525,1025.7936507936508
2026,2026-07-17,historical,0.01,1.0,10,1.0,0.0,65000.0,0.0,-4964.971981836264,1025.7936507936508
2026,2026-07-31,historical,0.01,1.0,10,1.0,0.0,65000.0,0.0,-6728.643707426013,1025.7936507936508
2026,2026-08-14,historical,0.01,1.0,10,1.0,0.0,65000.0,0.0,-6366.502634720137,1025.7936507936508
2026,2026-01-09,historical,0.01,1.0,50,0.5,0.0,145000.0,0.0,14506.522392394936,2557.5396825396824
2026,2026-01-23,historical,0.01,1.0,50,0.5,0.0,145000.0,0.0,12241.555644988604,2557.5396825396824
2026,2026-02-06,historical,0.01,1.0,50,0.5,0.0,145000.0,0.0,18693.0972165182,2557.5396825396824
2026,2026-02-20,historical,0.01,1.0,50,0.5,0.0,145000.0,36456.30037711244,181456.30037711243,39013.84005965212
2026,2026-03-06,historical,0.01,1.0,50,0.5,0.0,145000.0,0.0,119088.05372837896,2557.5396825396824
2026,2026-03-20,historical,0.01,1.0,50,0.5,0.0,145000.0,0.0,83356.54474082107,2557.5396825396824
2026,2026-04-07,historical,0.01,1.0,50,0.5,0.0,145000.0,0.0,-129724.54688678896,2557.5396825396824
2026,2026-04-21,historical,0.01,1.0,50,0.5,0.0,145000.0,0.0,-20594.99172235133,2557.5396825396824
2026,2026-05-07,historical,0.01,1.0,50,0.5,0.0,145000.0,0.0,35065.43017266806,2557.5396825396824
2026,2026-05-21,historical,0.01,1.0,50,0.5,0.0,145000.0,0.0,-43628.95072118182,2557.5396825396824
2026,2026-06-05,historical,0.01,1.0,50,0.5,0.0,145000.0,0.0,-74017.04622047422,2557.5396825396824
2026,2026-06-19,historical,0.01,1.0,50,0.5,0.0,145000.0,0.0,-71787.38848407115,2557.5396825396824
2026,2026-07-03,historical,0.01,1.0,50,0.5,0.0,145000.0,0.0,120291.8537050342,2557.5396825396824
2026,2026-07-17,historical,0.01,1.0,50,0.5,0.0,145000.0,0.0,65262.06013203268,2557.5396825396824
2026,2026-07-31,historical,0.01,1.0,50,0.5,0.0,145000.0,0.0,-32154.12075745186,2557.5396825396824
2026,2026-08-14,historical,0.01,1.0,50,0.5,0.0,145000.0,0.0,-18700.777792294542,2557.5396825396824
2026,2026-01-09,historical,0.01,1.0,100,0.0,0.0,150000.0,0.0,37928.42379002972,59.523809523809526
2026,2026-01-23,historical,0.01,1.0,100,0.0,0.0,150000.0,0.0,29040.26456517647,59.523809523809526
2026,2026-02-06,historical,0.01,1.0,100,0.0,0.0,150000.0,0.0,35016.73099934284,59.523809523809526
2026,2026-02-20,historical,0.01,1.0,100,0.0,0.0,150000.0,189463.1732293461,339463.1732293461,189522.69703886996
2026,2026-03-06,historical,0.01,1.0,100,0.0,0.0,150000.0,87533.84441147908,237533.84441147908,87593.3682210029
2026,2026-03-20,historical,0.01,1.0,100,0.0,0.0,150000.0,16915.065261003503,166915.0652610035,16974.589070527312
2026,2026-04-07,historical,0.01,1.0,100,0.0,0.0,150000.0,0.0,-245743.64825427328,59.523809523809526
2026,2026-04-21,historical,0.01,1.0,100,0.0,0.0,150000.0,0.0,-40945.47221980757,59.523809523809526
2026,2026-05-07,historical,0.01,1.0,100,0.0,0.0,150000.0,0.0,54806.14908840176,59.523809523809526
2026,2026-05-21,historical,0.01,1.0,100,0.0,0.0,150000.0,0.0,-84020.10718376683,59.523809523809526
2026,2026-06-05,historical,0.01,1.0,100,0.0,0.0,150000.0,0.0,-160511.03326950295,59.523809523809526
2026,2026-06-19,historical,0.01,1.0,100,0.0,0.0,150000.0,0.0,-144991.46504385234,59.523809523809526
2026,2026-07-03,historical,0.01,1.0,100,0.0,0.0,150000.0,89176.53629093987,239176.53629093987,89236.06010046368
2026,2026-07-17,historical,0.01,1.0,100,0.0,0.0,150000.0,0.0,135489.0922459016,59.523809523809526
2026,2026-07-31,historical,0.01,1.0,100,0.0,0.0,150000.0,0.0,-57579.59780747771,59.523809523809526
2026,2026-08-14,historical,0.01,1.0,100,0.0,0.0,150000.0,0.0,-31035.052949868943,59.523809523809526
2026,2026-01-09,historical,0.01,2.0,10,1.0,0.0,70000.0,0.0,-8915.379005239844,1027.7777777777778
2026,2026-01-23,historical,0.01,2.0,10,1.0,0.0,70000.0,0.0,-4557.153275199264,1027.7777777777778
2026,2026-02-06,historical,0.01,2.0,10,1.0,0.0,70000.0,0.0,2369.4634336935555,1027.7777777777778
2026,2026-02-20,historical,0.01,2.0,10,1.0,0.0,70000.0,0.0,23449.42752487877,1027.7777777777778
2026,2026-03-06,historical,0.01,2.0,10,1.0,0.0,70000.0,0.0,642.2630452788125,1027.7777777777778
2026,2026-03-20,historical,0.01,2.0,10,1.0,0.0,70000.0,0.0,-201.97577936134635,1027.7777777777778
2026,2026-04-07,historical,0.01,2.0,10,1.0,0.0,70000.0,0.0,-13705.445519304692,1027.7777777777778
2026,2026-04-21,historical,0.01,2.0,10,1.0,0.0,70000.0,0.0,-244.5112248950776,1027.7777777777778
2026,2026-05-07,historical,0.01,2.0,10,1.0,0.0,70000.0,0.0,15324.711256934354,1027.7777777777778
2026,2026-05-21,historical,0.01,2.0,10,1.0,0.0,70000.0,0.0,-3237.7942585968126,1027.7777777777778
2026,2026-06-05,historical,0.01,2.0,10,1.0,0.0,70000.0,0.0,12476.940828554494,1027.7777777777778
2026,2026-06-19,historical,0.01,2.0,10,1.0,0.0,70000.0,0.0,1416.688075710021,1027.7777777777778
2026,2026-07-03,historical,0.01,2.0,10,1.0,0.0,70000.0,0.0,1407.171119128525,1027.7777777777778
2026,2026-07-17,historical,0.01,2.0,10,1.0,0.0,70000.0,0.0,-4964.971981836264,1027.7777777777778
2026,2026-07-31,historical,0.01,2.0,10,1.0,0.0,70000.0,0.0,-6728.643707426013,1027.7777777777778
2026,2026-08-14,historical,0.01,2.0,10,1.0,0.0,70000.0,0.0,-6366.502634720137,1027.7777777777778
2026,2026-01-09,historical,0.01,2.0,50,0.75,0.0,145000.0,0.0,2795.5716935775463,3807.5396825396815
2026,2026-01-23,historical,0.01,2.0,50,0.75,0.0,145000.0,0.0,3842.201184894669,3807.5396825396815
2026,2026-02-06,historical,0.01,2.0,50,0.75,0.0,145000.0,0.0,10531.280325105878,3807.5396825396815
2026,2026-02-20,historical,0.01,2.0,50,0.75,0.0,145000.0,0.0,102452.86395099564,3807.5396825396815
2026,2026-03-06,historical,0.01,2.0,50,0.75,0.0,145000.0,0.0,59865.15838682887,3807.5396825396815
2026,2026-03-20,historical,0.01,2.0,50,0.75,0.0,145000.0,0.0,41577.28448072987,3807.5396825396815
2026,2026-04-07,historical,0.01,2.0,50,0.75,0.0,145000.0,0.0,-71714.99620304683,3807.5396825396815
2026,2026-04-21,historical,0.01,2.0,50,0.75,0.0,145000.0,0.0,-10419.7514736232,3807.5396825396815
2026,2026-05-07,historical,0.01,2.0,50,0.75,0.0,145000.0,0.0,25195.070714801204,3807.5396825396815
2026,2026-05-21,historical,0.01,2.0,50,0.75,0.0,145000.0,0.0,-23433.37248988932,3807.5396825396815
2026,2026-06-05,historical,0.01,2.0,50,0.75,0.0,145000.0,0.0,-30770.052695959865,3807.5396825396815
2026,2026-06-19,historical,0.01,2.0,50,0.75,0.0,145000.0,0.0,-35185.35020418056,3807.5396825396815
2026,2026-07-03,historical,0.01,2.0,50,0.75,0.0,145000.0,0.0,60849.51241208136,3807.5396825396815
2026,2026-07-17,historical,0.01,2.0,50,0.75,0.0,145000.0,0.0,30148.544075098205,3807.5396825396815
2026,2026-07-31,historical,0.01,2.0,50,0.75,0.0,145000.0,0.0,-19441.382232438937,3807.5396825396815
2026,2026-08-14,historical,0.01,2.0,50,0.75,0.0,145000.0,0.0,-12533.64021350734,3807.5396825396815
2026,2026-01-09,historical,0.01,2.0,100,0.5,0.0,145000.0,0.0,14506.522392394936,5057.539682539683
2026,2026-01-23,historical,0.01,2.0,100,0.5,0.0,145000.0,0.0,12241.555644988604,5057.539682539683
2026,2026-02-06,historical,0.01,2.0,100,0.5,0.0,145000.0,0.0,18693.0972165182,5057.539682539683
2026,2026-02-20,historical,0.01,2.0,100,0.5,0.0,145000.0,36456.30037711244,181456.30037711243,77970.14043676456
2026,2026-03-06,historical,0.01,2.0,100,0.5,0.0,145000.0,0.0,119088.05372837896,5057.539682539683
2026,2026-03-20,historical,0.01,2.0,100,0.5,0.0,145000.0,0.0,83356.54474082107,5057.539682539683
2026,2026-04-07,historical,0.01,2.0,100,0.5,0.0,145000.0,0.0,-129724.54688678896,5057.539682539683
2026,2026-04-21,historical,0.01,2.0,100,0.5,0.0,145000.0,0.0,-20594.99172235133,5057.539682539683
2026,2026-05-07,historical,0.01,2.0,100,0.5,0.0,145000.0,0.0,35065.43017266806,5057.539682539683
2026,2026-05-21,historical,0.01,2.0,100,0.5,0.0,145000.0,0.0,-43628.95072118182,5057.539682539683
2026,2026-06-05,historical,0.01,2.0,100,0.5,0.0,145000.0,0.0,-74017.04622047422,5057.539682539683
2026,2026-06-19,historical,0.01,2.0,100,0.5,0.0,145000.0,0.0,-71787.38848407115,5057.539682539683
2026,2026-07-03,historical,0.01,2.0,100,0.5,0.0,145000.0,0.0,120291.8537050342,5057.539682539683
2026,2026-07-17,historical,0.01,2.0,100,0.5,0.0,145000.0,0.0,65262.06013203268,5057.539682539683
2026,2026-07-31,historical,0.01,2.0,100,0.5,0.0,145000.0,0.0,-32154.12075745186,5057.539682539683
2026,2026-08-14,historical,0.01,2.0,100,0.5,0.0,145000.0,0.0,-18700.777792294542,5057.539682539683
2026,2026-01-09,historical,0.05,0.25,10,0.75,0.0,80000.0,0.0,2795.5716935775463,908.7301587301588
2026,2026-01-23,historical,0.05,0.25,10,0.75,0.0,80000.0,0.0,3842.201184894669,908.7301587301588
2026,2026-02-06,historical,0.05,0.25,10,0.75,0.0,80000.0,0.0,10531.280325105878,908.7301587301588
2026,2026-02-20,historical,0.05,0.25,10,0.75,0.0,80000.0,22452.863950995627,102452.86395099564,6521.946146479066
2026,2026-03-06,historical,0.05,0.25,10,0.75,0.0,80000.0,0.0,59865.15838682887,908.7301587301588
2026,2026-03-20,historical,0.05,0.25,10,0.75,0.0,80000.0,0.0,41577.28448072987,908.7301587301588
2026,2026-04-07,historical,0.05,0.25,10,0.75,0.0,80000.0,0.0,-71714.99620304683,908.7301587301588
2026,2026-04-21,historical,0.05,0.25,10,0.75,0.0,80000.0,0.0,-10419.7514736232,908.7301587301588
2026,2026-05-07,historical,0.05,0.25,10,0.75,0.0,80000.0,0.0,25195.070714801204,908.7301587301588
2026,2026-05-21,historical,0.05,0.25,10,0.75,0.0,80000.0,0.0,-23433.37248988932,908.7301587301588
2026,2026-06-05,historical,0.05,0.25,10,0.75,0.0,80000.0,0.0,-30770.052695959865,908.7301587301588
2026,2026-06-19,historical,0.05,0.25,10,0.75,0.0,80000.0,0.0,-35185.35020418056,908.7301587301588
2026,2026-07-03,historical,0.05,0.25,10,0.75,0.0,80000.0,0.0,60849.51241208136,908.7301587301588
2026,2026-07-17,historical,0.05,0.25,10,0.75,0.0,80000.0,0.0,30148.544075098205,908.7301587301588
2026,2026-07-31,historical,0.05,0.25,10,0.75,0.0,80000.0,0.0,-19441.382232438937,908.7301587301588
2026,2026-08-14,historical,0.05,0.25,10,0.75,0.0,80000.0,0.0,-12533.64021350734,908.7301587301588
2026,2026-01-09,historical,0.05,0.25,50,0.0,0.0,150000.0,0.0,37928.42379002972,297.6190476190476
2026,2026-01-23,historical,0.05,0.25,50,0.0,0.0,150000.0,0.0,29040.26456517647,297.6190476190476
2026,2026-02-06,historical,0.05,0.25,50,0.0,0.0,150000.0,0.0,35016.73099934284,297.6190476190476
2026,2026-02-20,historical,0.05,0.25,50,0.0,0.0,150000.0,189463.1732293461,339463.1732293461,47663.41235495557
2026,2026-03-06,historical,0.05,0.25,50,0.0,0.0,150000.0,87533.84441147908,237533.84441147908,22181.08015048881
2026,2026-03-20,historical,0.05,0.25,50,0.0,0.0,150000.0,16915.065261003503,166915.0652610035,4526.385362869924
2026,2026-04-07,historical,0.05,0.25,50,0.0,0.0,150000.0,0.0,-245743.64825427328,297.6190476190476
2026,2026-04-21,historical,0.05,0.25,50,0.0,0.0,150000.0,0.0,-40945.47221980757,297.6190476190476
2026,2026-05-07,historical,0.05,0.25,50,0.0,0.0,150000.0,0.0,54806.14908840176,297.6190476190476
2026,2026-05-21,historical,0.05,0.25,50,0.0,0.0,150000.0,0.0,-84020.10718376683,297.6190476190476
2026,2026-06-05,historical,0.05,0.25,50,0.0,0.0,150000.0,0.0,-160511.03326950295,297.6190476190476
2026,2026-06-19,historical,0.05,0.25,50,0.0,0.0,150000.0,0.0,-144991.46504385234,297.6190476190476
2026,2026-07-03,historical,0.05,0.25,50,0.0,0.0,150000.0,89176.53629093987,239176.53629093987,22591.753120354013
2026,2026-07-17,historical,0.05,0.25,50,0.0,0.0,150000.0,0.0,135489.0922459016,297.6190476190476
2026,2026-07-31,historical,0.05,0.25,50,0.0,0.0,150000.0,0.0,-57579.59780747771,297.6190476190476
2026,2026-08-14,historical,0.05,0.25,50,0.0,0.0,150000.0,0.0,-31035.052949868943,297.6190476190476
2026,2026-01-09,historical,0.05,0.25,100,0.0,0.0,150000.0,0.0,37928.42379002972,297.6190476190476
2026,2026-01-23,historical,0.05,0.25,100,0.0,0.0,150000.0,0.0,29040.26456517647,297.6190476190476
2026,2026-02-06,historical,0.05,0.25,100,0.0,0.0,150000.0,0.0,35016.73099934284,297.6190476190476
2026,2026-02-20,historical,0.05,0.25,100,0.0,0.0,150000.0,189463.1732293461,339463.1732293461,47663.41235495557
2026,2026-03-06,historical,0.05,0.25,100,0.0,0.0,150000.0,87533.84441147908,237533.84441147908,22181.08015048881
2026,2026-03-20,historical,0.05,0.25,100,0.0,0.0,150000.0,16915.065261003503,166915.0652610035,4526.385362869924
2026,2026-04-07,historical,0.05,0.25,100,0.0,0.0,150000.0,0.0,-245743.64825427328,297.6190476190476
2026,2026-04-21,historical,0.05,0.25,100,0.0,0.0,150000.0,0.0,-40945.47221980757,297.6190476190476
2026,2026-05-07,historical,0.05,0.25,100,0.0,0.0,150000.0,0.0,54806.14908840176,297.6190476190476
2026,2026-05-21,historical,0.05,0.25,100,0.0,0.0,150000.0,0.0,-84020.10718376683,297.6190476190476
2026,2026-06-05,historical,0.05,0.25,100,0.0,0.0,150000.0,0.0,-160511.03326950295,297.6190476190476
2026,2026-06-19,historical,0.05,0.25,100,0.0,0.0,150000.0,0.0,-144991.46504385234,297.6190476190476
2026,2026-07-03,historical,0.05,0.25,100,0.0,0.0,150000.0,89176.53629093987,239176.53629093987,22591.753120354013
2026,2026-07-17,historical,0.05,0.25,100,0.0,0.0,150000.0,0.0,135489.0922459016,297.6190476190476
2026,2026-07-31,historical,0.05,0.25,100,0.0,0.0,150000.0,0.0,-57579.59780747771,297.6190476190476
2026,2026-08-14,historical,0.05,0.25,100,0.0,0.0,150000.0,0.0,-31035.052949868943,297.6190476190476
2026,2026-01-09,historical,0.05,1.0,10,1.0,0.0,55000.0,0.0,-8915.379005239844,1109.126984126984
2026,2026-01-23,historical,0.05,1.0,10,1.0,0.0,55000.0,0.0,-4557.153275199264,1109.126984126984
2026,2026-02-06,historical,0.05,1.0,10,1.0,0.0,55000.0,0.0,2369.4634336935555,1109.126984126984
2026,2026-02-20,historical,0.05,1.0,10,1.0,0.0,55000.0,0.0,23449.42752487877,1109.126984126984
2026,2026-03-06,historical,0.05,1.0,10,1.0,0.0,55000.0,0.0,642.2630452788125,1109.126984126984
2026,2026-03-20,historical,0.05,1.0,10,1.0,0.0,55000.0,0.0,-201.97577936134635,1109.126984126984
2026,2026-04-07,historical,0.05,1.0,10,1.0,0.0,55000.0,0.0,-13705.445519304692,1109.126984126984
2026,2026-04-21,historical,0.05,1.0,10,1.0,0.0,55000.0,0.0,-244.5112248950776,1109.126984126984
2026,2026-05-07,historical,0.05,1.0,10,1.0,0.0,55000.0,0.0,15324.711256934354,1109.126984126984
2026,2026-05-21,historical,0.05,1.0,10,1.0,0.0,55000.0,0.0,-3237.7942585968126,1109.126984126984
2026,2026-06-05,historical,0.05,1.0,10,1.0,0.0,55000.0,0.0,12476.940828554494,1109.126984126984
2026,2026-06-19,historical,0.05,1.0,10,1.0,0.0,55000.0,0.0,1416.688075710021,1109.126984126984
2026,2026-07-03,historical,0.05,1.0,10,1.0,0.0,55000.0,0.0,1407.171119128525,1109.126984126984
2026,2026-07-17,historical,0.05,1.0,10,1.0,0.0,55000.0,0.0,-4964.971981836264,1109.126984126984
2026,2026-07-31,historical,0.05,1.0,10,1.0,0.0,55000.0,0.0,-6728.643707426013,1109.126984126984
2026,2026-08-14,historical,0.05,1.0,10,1.0,0.0,55000.0,0.0,-6366.502634720137,1109.126984126984
2026,2026-01-09,historical,0.05,1.0,50,0.5,0.0,145000.0,0.0,14506.522392394936,2787.6984126984125
2026,2026-01-23,historical,0.05,1.0,50,0.5,0.0,145000.0,0.0,12241.555644988604,2787.6984126984125
2026,2026-02-06,historical,0.05,1.0,50,0.5,0.0,145000.0,0.0,18693.0972165182,2787.6984126984125
2026,2026-02-20,historical,0.05,1.0,50,0.5,0.0,145000.0,36456.30037711244,181456.30037711243,39243.998789810845
2026,2026-03-06,historical,0.05,1.0,50,0.5,0.0,145000.0,0.0,119088.05372837896,2787.6984126984125
2026,2026-03-20,historical,0.05,1.0,50,0.5,0.0,145000.0,0.0,83356.54474082107,2787.6984126984125
2026,2026-04-07,historical,0.05,1.0,50,0.5,0.0,145000.0,0.0,-129724.54688678896,2787.6984126984125
2026,2026-04-21,historical,0.05,1.0,50,0.5,0.0,145000.0,0.0,-20594.99172235133,2787.6984126984125
2026,2026-05-07,historical,0.05,1.0,50,0.5,0.0,145000.0,0.0,35065.43017266806,2787.6984126984125
2026,2026-05-21,historical,0.05,1.0,50,0.5,0.0,145000.0,0.0,-43628.95072118182,2787.6984126984125
2026,2026-06-05,historical,0.05,1.0,50,0.5,0.0,145000.0,0.0,-74017.04622047422,2787.6984126984125
2026,2026-06-19,historical,0.05,1.0,50,0.5,0.0,145000.0,0.0,-71787.38848407115,2787.6984126984125
2026,2026-07-03,historical,0.05,1.0,50,0.5,0.0,145000.0,0.0,120291.8537050342,2787.6984126984125
2026,2026-07-17,historical,0.05,1.0,50,0.5,0.0,145000.0,0.0,65262.06013203268,2787.6984126984125
2026,2026-07-31,historical,0.05,1.0,50,0.5,0.0,145000.0,0.0,-32154.12075745186,2787.6984126984125
2026,2026-08-14,historical,0.05,1.0,50,0.5,0.0,145000.0,0.0,-18700.777792294542,2787.6984126984125
2026,2026-01-09,historical,0.05,1.0,100,0.0,0.0,150000.0,0.0,37928.42379002972,297.6190476190476
2026,2026-01-23,historical,0.05,1.0,100,0.0,0.0,150000.0,0.0,29040.26456517647,297.6190476190476
2026,2026-02-06,historical,0.05,1.0,100,0.0,0.0,150000.0,0.0,35016.73099934284,297.6190476190476
2026,2026-02-20,historical,0.05,1.0,100,0.0,0.0,150000.0,189463.1732293461,339463.1732293461,189760.7922769652
2026,2026-03-06,historical,0.05,1.0,100,0.0,0.0,150000.0,87533.84441147908,237533.84441147908,87831.46345909813
2026,2026-03-20,historical,0.05,1.0,100,0.0,0.0,150000.0,16915.065261003503,166915.0652610035,17212.68430862255
2026,2026-04-07,historical,0.05,1.0,100,0.0,0.0,150000.0,0.0,-245743.64825427328,297.6190476190476
2026,2026-04-21,historical,0.05,1.0,100,0.0,0.0,150000.0,0.0,-40945.47221980757,297.6190476190476
2026,2026-05-07,historical,0.05,1.0,100,0.0,0.0,150000.0,0.0,54806.14908840176,297.6190476190476
2026,2026-05-21,historical,0.05,1.0,100,0.0,0.0,150000.0,0.0,-84020.10718376683,297.6190476190476
2026,2026-06-05,historical,0.05,1.0,100,0.0,0.0,150000.0,0.0,-160511.03326950295,297.6190476190476
2026,2026-06-19,historical,0.05,1.0,100,0.0,0.0,150000.0,0.0,-144991.46504385234,297.6190476190476
2026,2026-07-03,historical,0.05,1.0,100,0.0,0.0,150000.0,89176.53629093987,239176.53629093987,89474.15533855892
2026,2026-07-17,historical,0.05,1.0,100,0.0,0.0,150000.0,0.0,135489.0922459016,297.6190476190476
2026,2026-07-31,historical,0.05,1.0,100,0.0,0.0,150000.0,0.0,-57579.59780747771,297.6190476190476
2026,2026-08-14,historical,0.05,1.0,100,0.0,0.0,150000.0,0.0,-31035.052949868943,297.6190476190476
2026,2026-01-09,historical,0.05,2.0,10,1.0,0.0,60000.0,0.0,-8915.379005239844,1119.047619047619
2026,2026-01-23,historical,0.05,2.0,10,1.0,0.0,60000.0,0.0,-4557.153275199264,1119.047619047619
2026,2026-02-06,historical,0.05,2.0,10,1.0,0.0,60000.0,0.0,2369.4634336935555,1119.047619047619
2026,2026-02-20,historical,0.05,2.0,10,1.0,0.0,60000.0,0.0,23449.42752487877,1119.047619047619
2026,2026-03-06,historical,0.05,2.0,10,1.0,0.0,60000.0,0.0,642.2630452788125,1119.047619047619
2026,2026-03-20,historical,0.05,2.0,10,1.0,0.0,60000.0,0.0,-201.97577936134635,1119.047619047619
2026,2026-04-07,historical,0.05,2.0,10,1.0,0.0,60000.0,0.0,-13705.445519304692,1119.047619047619
2026,2026-04-21,historical,0.05,2.0,10,1.0,0.0,60000.0,0.0,-244.5112248950776,1119.047619047619
2026,2026-05-07,historical,0.05,2.0,10,1.0,0.0,60000.0,0.0,15324.711256934354,1119.047619047619
2026,2026-05-21,historical,0.05,2.0,10,1.0,0.0,60000.0,0.0,-3237.7942585968126,1119.047619047619
2026,2026-06-05,historical,0.05,2.0,10,1.0,0.0,60000.0,0.0,12476.940828554494,1119.047619047619
2026,2026-06-19,historical,0.05,2.0,10,1.0,0.0,60000.0,0.0,1416.688075710021,1119.047619047619
2026,2026-07-03,historical,0.05,2.0,10,1.0,0.0,60000.0,0.0,1407.171119128525,1119.047619047619
2026,2026-07-17,historical,0.05,2.0,10,1.0,0.0,60000.0,0.0,-4964.971981836264,1119.047619047619
2026,2026-07-31,historical,0.05,2.0,10,1.0,0.0,60000.0,0.0,-6728.643707426013,1119.047619047619
2026,2026-08-14,historical,0.05,2.0,10,1.0,0.0,60000.0,0.0,-6366.502634720137,1119.047619047619
2026,2026-01-09,historical,0.05,2.0,50,0.75,0.0,145000.0,0.0,2795.5716935775463,4037.698412698413
2026,2026-01-23,historical,0.05,2.0,50,0.75,0.0,145000.0,0.0,3842.201184894669,4037.698412698413
2026,2026-02-06,historical,0.05,2.0,50,0.75,0.0,145000.0,0.0,10531.280325105878,4037.698412698413
2026,2026-02-20,historical,0.05,2.0,50,0.75,0.0,145000.0,0.0,102452.86395099564,4037.698412698413
2026,2026-03-06,historical,0.05,2.0,50,0.75,0.0,145000.0,0.0,59865.15838682887,4037.698412698413
2026,2026-03-20,historical,0.05,2.0,50,0.75,0.0,145000.0,0.0,41577.28448072987,4037.698412698413
2026,2026-04-07,historical,0.05,2.0,50,0.75,0.0,145000.0,0.0,-71714.99620304683,4037.698412698413
2026,2026-04-21,historical,0.05,2.0,50,0.75,0.0,145000.0,0.0,-10419.7514736232,4037.698412698413
2026,2026-05-07,historical,0.05,2.0,50,0.75,0.0,145000.0,0.0,25195.070714801204,4037.698412698413
2026,2026-05-21,historical,0.05,2.0,50,0.75,0.0,145000.0,0.0,-23433.37248988932,4037.698412698413
2026,2026-06-05,historical,0.05,2.0,50,0.75,0.0,145000.0,0.0,-30770.052695959865,4037.698412698413
2026,2026-06-19,historical,0.05,2.0,50,0.75,0.0,145000.0,0.0,-35185.35020418056,4037.698412698413
2026,2026-07-03,historical,0.05,2.0,50,0.75,0.0,145000.0,0.0,60849.51241208136,4037.698412698413
2026,2026-07-17,historical,0.05,2.0,50,0.75,0.0,145000.0,0.0,30148.544075098205,4037.698412698413
2026,2026-07-31,historical,0.05,2.0,50,0.75,0.0,145000.0,0.0,-19441.382232438937,4037.698412698413
2026,2026-08-14,historical,0.05,2.0,50,0.75,0.0,145000.0,0.0,-12533.64021350734,4037.698412698413
2026,2026-01-09,historical,0.05,2.0,100,0.5,0.0,145000.0,0.0,14506.522392394936,5287.6984126984125
2026,2026-01-23,historical,0.05,2.0,100,0.5,0.0,145000.0,0.0,12241.555644988604,5287.6984126984125
2026,2026-02-06,historical,0.05,2.0,100,0.5,0.0,145000.0,0.0,18693.0972165182,5287.6984126984125
2026,2026-02-20,historical,0.05,2.0,100,0.5,0.0,145000.0,36456.30037711244,181456.30037711243,78200.29916692329
2026,2026-03-06,historical,0.05,2.0,100,0.5,0.0,145000.0,0.0,119088.05372837896,5287.6984126984125
2026,2026-03-20,historical,0.05,2.0,100,0.5,0.0,145000.0,0.0,83356.54474082107,5287.6984126984125
2026,2026-04-07,historical,0.05,2.0,100,0.5,0.0,145000.0,0.0,-129724.54688678896,5287.6984126984125
2026,2026-04-21,historical,0.05,2.0,100,0.5,0.0,145000.0,0.0,-20594.99172235133,5287.6984126984125
2026,2026-05-07,historical,0.05,2.0,100,0.5,0.0,145000.0,0.0,35065.43017266806,5287.6984126984125
2026,2026-05-21,historical,0.05,2.0,100,0.5,0.0,145000.0,0.0,-43628.95072118182,5287.6984126984125
2026,2026-06-05,historical,0.05,2.0,100,0.5,0.0,145000.0,0.0,-74017.04622047422,5287.6984126984125
2026,2026-06-19,historical,0.05,2.0,100,0.5,0.0,145000.0,0.0,-71787.38848407115,5287.6984126984125
2026,2026-07-03,historical,0.05,2.0,100,0.5,0.0,145000.0,0.0,120291.8537050342,5287.6984126984125
2026,2026-07-17,historical,0.05,2.0,100,0.5,0.0,145000.0,0.0,65262.06013203268,5287.6984126984125
2026,2026-07-31,historical,0.05,2.0,100,0.5,0.0,145000.0,0.0,-32154.12075745186,5287.6984126984125
2026,2026-08-14,historical,0.05,2.0,100,0.5,0.0,145000.0,0.0,-18700.777792294542,5287.6984126984125
2026,2026-01-09,historical,0.1,0.25,10,1.0,0.0,35000.0,0.0,-8915.379005239844,1138.888888888889
2026,2026-01-23,historical,0.1,0.25,10,1.0,0.0,35000.0,0.0,-4557.153275199264,1138.888888888889
2026,2026-02-06,historical,0.1,0.25,10,1.0,0.0,35000.0,0.0,2369.4634336935555,1138.888888888889
2026,2026-02-20,historical,0.1,0.25,10,1.0,0.0,35000.0,0.0,23449.42752487877,1138.888888888889
2026,2026-03-06,historical,0.1,0.25,10,1.0,0.0,35000.0,0.0,642.2630452788125,1138.888888888889
2026,2026-03-20,historical,0.1,0.25,10,1.0,0.0,35000.0,0.0,-201.97577936134635,1138.888888888889
2026,2026-04-07,historical,0.1,0.25,10,1.0,0.0,35000.0,0.0,-13705.445519304692,1138.888888888889
2026,2026-04-21,historical,0.1,0.25,10,1.0,0.0,35000.0,0.0,-244.5112248950776,1138.888888888889
2026,2026-05-07,historical,0.1,0.25,10,1.0,0.0,35000.0,0.0,15324.711256934354,1138.888888888889
2026,2026-05-21,historical,0.1,0.25,10,1.0,0.0,35000.0,0.0,-3237.7942585968126,1138.888888888889
2026,2026-06-05,historical,0.1,0.25,10,1.0,0.0,35000.0,0.0,12476.940828554494,1138.888888888889
2026,2026-06-19,historical,0.1,0.25,10,1.0,0.0,35000.0,0.0,1416.688075710021,1138.888888888889
2026,2026-07-03,historical,0.1,0.25,10,1.0,0.0,35000.0,0.0,1407.171119128525,1138.888888888889
2026,2026-07-17,historical,0.1,0.25,10,1.0,0.0,35000.0,0.0,-4964.971981836264,1138.888888888889
2026,2026-07-31,historical,0.1,0.25,10,1.0,0.0,35000.0,0.0,-6728.643707426013,1138.888888888889
2026,2026-08-14,historical,0.1,0.25,10,1.0,0.0,35000.0,0.0,-6366.502634720137,1138.888888888889
2026,2026-01-09,historical,0.1,0.25,50,0.0,0.0,150000.0,0.0,37928.42379002972,595.2380952380952
2026,2026-01-23,historical,0.1,0.25,50,0.0,0.0,150000.0,0.0,29040.26456517647,595.2380952380952
2026,2026-02-06,historical,0.1,0.25,50,0.0,0.0,150000.0,0.0,35016.73099934284,595.2380952380952
2026,2026-02-20,historical,0.1,0.25,50,0.0,0.0,150000.0,189463.1732293461,339463.1732293461,47961.03140257462
2026,2026-03-06,historical,0.1,0.25,50,0.0,0.0,150000.0,87533.84441147908,237533.84441147908,22478.699198107865
2026,2026-03-20,historical,0.1,0.25,50,0.0,0.0,150000.0,16915.065261003503,166915.0652610035,4824.004410488971
2026,2026-04-07,historical,0.1,0.25,50,0.0,0.0,150000.0,0.0,-245743.64825427328,595.2380952380952
2026,2026-04-21,historical,0.1,0.25,50,0.0,0.0,150000.0,0.0,-40945.47221980757,595.2380952380952
2026,2026-05-07,historical,0.1,0.25,50,0.0,0.0,150000.0,0.0,54806.14908840176,595.2380952380952
2026,2026-05-21,historical,0.1,0.25,50,0.0,0.0,150000.0,0.0,-84020.10718376683,595.2380952380952
2026,2026-06-05,historical,0.1,0.25,50,0.0,0.0,150000.0,0.0,-160511.03326950295,595.2380952380952
2026,2026-06-19,historical,0.1,0.25,50,0.0,0.0,150000.0,0.0,-144991.46504385234,595.2380952380952
2026,2026-07-03,historical,0.1,0.25,50,0.0,0.0,150000.0,89176.53629093987,239176.53629093987,22889.372167973062
2026,2026-07-17,historical,0.1,0.25,50,0.0,0.0,150000.0,0.0,135489.0922459016,595.2380952380952
2026,2026-07-31,historical,0.1,0.25,50,0.0,0.0,150000.0,0.0,-57579.59780747771,595.2380952380952
2026,2026-08-14,historical,0.1,0.25,50,0.0,0.0,150000.0,0.0,-31035.052949868943,595.2380952380952
2026,2026-01-09,historical,0.1,0.25,100,0.0,0.0,150000.0,0.0,37928.42379002972,595.2380952380952
2026,2026-01-23,historical,0.1,0.25,100,0.0,0.0,150000.0,0.0,29040.26456517647,595.2380952380952
2026,2026-02-06,historical,0.1,0.25,100,0.0,0.0,150000.0,0.0,35016.73099934284,595.2380952380952
2026,2026-02-20,historical,0.1,0.25,100,0.0,0.0,150000.0,189463.1732293461,339463.1732293461,47961.03140257462
2026,2026-03-06,historical,0.1,0.25,100,0.0,0.0,150000.0,87533.84441147908,237533.84441147908,22478.699198107865
2026,2026-03-20,historical,0.1,0.25,100,0.0,0.0,150000.0,16915.065261003503,166915.0652610035,4824.004410488971
2026,2026-04-07,historical,0.1,0.25,100,0.0,0.0,150000.0,0.0,-245743.64825427328,595.2380952380952
2026,2026-04-21,historical,0.1,0.25,100,0.0,0.0,150000.0,0.0,-40945.47221980757,595.2380952380952
2026,2026-05-07,historical,0.1,0.25,100,0.0,0.0,150000.0,0.0,54806.14908840176,595.2380952380952
2026,2026-05-21,historical,0.1,0.25,100,0.0,0.0,150000.0,0.0,-84020.10718376683,595.2380952380952
2026,2026-06-05,historical,0.1,0.25,100,0.0,0.0,150000.0,0.0,-160511.03326950295,595.2380952380952
2026,2026-06-19,historical,0.1,0.25,100,0.0,0.0,150000.0,0.0,-144991.46504385234,595.2380952380952
2026,2026-07-03,historical,0.1,0.25,100,0.0,0.0,150000.0,89176.53629093987,239176.53629093987,22889.372167973062
2026,2026-07-17,historical,0.1,0.25,100,0.0,0.0,150000.0,0.0,135489.0922459016,595.2380952380952
2026,2026-07-31,historical,0.1,0.25,100,0.0,0.0,150000.0,0.0,-57579.59780747771,595.2380952380952
2026,2026-08-14,historical,0.1,0.25,100,0.0,0.0,150000.0,0.0,-31035.052949868943,595.2380952380952
2026,2026-01-09,historical,0.1,1.0,10,1.0,0.0,50000.0,0.0,-8915.379005239844,1198.4126984126983
2026,2026-01-23,historical,0.1,1.0,10,1.0,0.0,50000.0,0.0,-4557.153275199264,1198.4126984126983
2026,2026-02-06,historical,0.1,1.0,10,1.0,0.0,50000.0,0.0,2369.4634336935555,1198.4126984126983
2026,2026-02-20,historical,0.1,1.0,10,1.0,0.0,50000.0,0.0,23449.42752487877,1198.4126984126983
2026,2026-03-06,historical,0.1,1.0,10,1.0,0.0,50000.0,0.0,642.2630452788125,1198.4126984126983
2026,2026-03-20,historical,0.1,1.0,10,1.0,0.0,50000.0,0.0,-201.97577936134635,1198.4126984126983
2026,2026-04-07,historical,0.1,1.0,10,1.0,0.0,50000.0,0.0,-13705.445519304692,1198.4126984126983
2026,2026-04-21,historical,0.1,1.0,10,1.0,0.0,50000.0,0.0,-244.5112248950776,1198.4126984126983
2026,2026-05-07,historical,0.1,1.0,10,1.0,0.0,50000.0,0.0,15324.711256934354,1198.4126984126983
2026,2026-05-21,historical,0.1,1.0,10,1.0,0.0,50000.0,0.0,-3237.7942585968126,1198.4126984126983
2026,2026-06-05,historical,0.1,1.0,10,1.0,0.0,50000.0,0.0,12476.940828554494,1198.4126984126983
2026,2026-06-19,historical,0.1,1.0,10,1.0,0.0,50000.0,0.0,1416.688075710021,1198.4126984126983
2026,2026-07-03,historical,0.1,1.0,10,1.0,0.0,50000.0,0.0,1407.171119128525,1198.4126984126983
2026,2026-07-17,historical,0.1,1.0,10,1.0,0.0,50000.0,0.0,-4964.971981836264,1198.4126984126983
2026,2026-07-31,historical,0.1,1.0,10,1.0,0.0,50000.0,0.0,-6728.643707426013,1198.4126984126983
2026,2026-08-14,historical,0.1,1.0,10,1.0,0.0,50000.0,0.0,-6366.502634720137,1198.4126984126983
2026,2026-01-09,historical,0.1,1.0,50,0.5,0.0,145000.0,0.0,14506.522392394936,3075.396825396825
2026,2026-01-23,historical,0.1,1.0,50,0.5,0.0,145000.0,0.0,12241.555644988604,3075.396825396825
2026,2026-02-06,historical,0.1,1.0,50,0.5,0.0,145000.0,0.0,18693.0972165182,3075.396825396825
2026,2026-02-20,historical,0.1,1.0,50,0.5,0.0,145000.0,36456.30037711244,181456.30037711243,39531.69720250926
2026,2026-03-06,historical,0.1,1.0,50,0.5,0.0,145000.0,0.0,119088.05372837896,3075.396825396825
2026,2026-03-20,historical,0.1,1.0,50,0.5,0.0,145000.0,0.0,83356.54474082107,3075.396825396825
2026,2026-04-07,historical,0.1,1.0,50,0.5,0.0,145000.0,0.0,-129724.54688678896,3075.396825396825
2026,2026-04-21,historical,0.1,1.0,50,0.5,0.0,145000.0,0.0,-20594.99172235133,3075.396825396825
2026,2026-05-07,historical,0.1,1.0,50,0.5,0.0,145000.0,0.0,35065.43017266806,3075.396825396825
2026,2026-05-21,historical,0.1,1.0,50,0.5,0.0,145000.0,0.0,-43628.95072118182,3075.396825396825
2026,2026-06-05,historical,0.1,1.0,50,0.5,0.0,145000.0,0.0,-74017.04622047422,3075.396825396825
2026,2026-06-19,historical,0.1,1.0,50,0.5,0.0,145000.0,0.0,-71787.38848407115,3075.396825396825
2026,2026-07-03,historical,0.1,1.0,50,0.5,0.0,145000.0,0.0,120291.8537050342,3075.396825396825
2026,2026-07-17,historical,0.1,1.0,50,0.5,0.0,145000.0,0.0,65262.06013203268,3075.396825396825
2026,2026-07-31,historical,0.1,1.0,50,0.5,0.0,145000.0,0.0,-32154.12075745186,3075.396825396825
2026,2026-08-14,historical,0.1,1.0,50,0.5,0.0,145000.0,0.0,-18700.777792294542,3075.396825396825
2026,2026-01-09,historical,0.1,1.0,100,0.0,0.0,150000.0,0.0,37928.42379002972,595.2380952380952
2026,2026-01-23,historical,0.1,1.0,100,0.0,0.0,150000.0,0.0,29040.26456517647,595.2380952380952
2026,2026-02-06,historical,0.1,1.0,100,0.0,0.0,150000.0,0.0,35016.73099934284,595.2380952380952
2026,2026-02-20,historical,0.1,1.0,100,0.0,0.0,150000.0,189463.1732293461,339463.1732293461,190058.41132458425
2026,2026-03-06,historical,0.1,1.0,100,0.0,0.0,150000.0,87533.84441147908,237533.84441147908,88129.08250671717
2026,2026-03-20,historical,0.1,1.0,100,0.0,0.0,150000.0,16915.065261003503,166915.0652610035,17510.3033562416
2026,2026-04-07,historical,0.1,1.0,100,0.0,0.0,150000.0,0.0,-245743.64825427328,595.2380952380952
2026,2026-04-21,historical,0.1,1.0,100,0.0,0.0,150000.0,0.0,-40945.47221980757,595.2380952380952
2026,2026-05-07,historical,0.1,1.0,100,0.0,0.0,150000.0,0.0,54806.14908840176,595.2380952380952
2026,2026-05-21,historical,0.1,1.0,100,0.0,0.0,150000.0,0.0,-84020.10718376683,595.2380952380952
2026,2026-06-05,historical,0.1,1.0,100,0.0,0.0,150000.0,0.0,-160511.03326950295,595.2380952380952
2026,2026-06-19,historical,0.1,1.0,100,0.0,0.0,150000.0,0.0,-144991.46504385234,595.2380952380952
2026,2026-07-03,historical,0.1,1.0,100,0.0,0.0,150000.0,89176.53629093987,239176.53629093987,89771.77438617796
2026,2026-07-17,historical,0.1,1.0,100,0.0,0.0,150000.0,0.0,135489.0922459016,595.2380952380952
2026,2026-07-31,historical,0.1,1.0,100,0.0,0.0,150000.0,0.0,-57579.59780747771,595.2380952380952
2026,2026-08-14,historical,0.1,1.0,100,0.0,0.0,150000.0,0.0,-31035.052949868943,595.2380952380952
2026,2026-01-09,historical,0.1,2.0,10,1.0,0.0,55000.0,0.0,-8915.379005239844,1218.2539682539682
2026,2026-01-23,historical,0.1,2.0,10,1.0,0.0,55000.0,0.0,-4557.153275199264,1218.2539682539682
2026,2026-02-06,historical,0.1,2.0,10,1.0,0.0,55000.0,0.0,2369.4634336935555,1218.2539682539682
2026,2026-02-20,historical,0.1,2.0,10,1.0,0.0,55000.0,0.0,23449.42752487877,1218.2539682539682
2026,2026-03-06,historical,0.1,2.0,10,1.0,0.0,55000.0,0.0,642.2630452788125,1218.2539682539682
2026,2026-03-20,historical,0.1,2.0,10,1.0,0.0,55000.0,0.0,-201.97577936134635,1218.2539682539682
2026,2026-04-07,historical,0.1,2.0,10,1.0,0.0,55000.0,0.0,-13705.445519304692,1218.2539682539682
2026,2026-04-21,historical,0.1,2.0,10,1.0,0.0,55000.0,0.0,-244.5112248950776,1218.2539682539682
2026,2026-05-07,historical,0.1,2.0,10,1.0,0.0,55000.0,0.0,15324.711256934354,1218.2539682539682
2026,2026-05-21,historical,0.1,2.0,10,1.0,0.0,55000.0,0.0,-3237.7942585968126,1218.2539682539682
2026,2026-06-05,historical,0.1,2.0,10,1.0,0.0,55000.0,0.0,12476.940828554494,1218.2539682539682
2026,2026-06-19,historical,0.1,2.0,10,1.0,0.0,55000.0,0.0,1416.688075710021,1218.2539682539682
2026,2026-07-03,historical,0.1,2.0,10,1.0,0.0,55000.0,0.0,1407.171119128525,1218.2539682539682
2026,2026-07-17,historical,0.1,2.0,10,1.0,0.0,55000.0,0.0,-4964.971981836264,1218.2539682539682
2026,2026-07-31,historical,0.1,2.0,10,1.0,0.0,55000.0,0.0,-6728.643707426013,1218.2539682539682
2026,2026-08-14,historical,0.1,2.0,10,1.0,0.0,55000.0,0.0,-6366.502634720137,1218.2539682539682
2026,2026-01-09,historical,0.1,2.0,50,0.75,0.0,145000.0,0.0,2795.5716935775463,4325.396825396825
2026,2026-01-23,historical,0.1,2.0,50,0.75,0.0,145000.0,0.0,3842.201184894669,4325.396825396825
2026,2026-02-06,historical,0.1,2.0,50,0.75,0.0,145000.0,0.0,10531.280325105878,4325.396825396825
2026,2026-02-20,historical,0.1,2.0,50,0.75,0.0,145000.0,0.0,102452.86395099564,4325.396825396825
2026,2026-03-06,historical,0.1,2.0,50,0.75,0.0,145000.0,0.0,59865.15838682887,4325.396825396825
2026,2026-03-20,historical,0.1,2.0,50,0.75,0.0,145000.0,0.0,41577.28448072987,4325.396825396825
2026,2026-04-07,historical,0.1,2.0,50,0.75,0.0,145000.0,0.0,-71714.99620304683,4325.396825396825
2026,2026-04-21,historical,0.1,2.0,50,0.75,0.0,145000.0,0.0,-10419.7514736232,4325.396825396825
2026,2026-05-07,historical,0.1,2.0,50,0.75,0.0,145000.0,0.0,25195.070714801204,4325.396825396825
2026,2026-05-21,historical,0.1,2.0,50,0.75,0.0,145000.0,0.0,-23433.37248988932,4325.396825396825
2026,2026-06-05,historical,0.1,2.0,50,0.75,0.0,145000.0,0.0,-30770.052695959865,4325.396825396825
2026,2026-06-19,historical,0.1,2.0,50,0.75,0.0,145000.0,0.0,-35185.35020418056,4325.396825396825
2026,2026-07-03,historical,0.1,2.0,50,0.75,0.0,145000.0,0.0,60849.51241208136,4325.396825396825
2026,2026-07-17,historical,0.1,2.0,50,0.75,0.0,145000.0,0.0,30148.544075098205,4325.396825396825
2026,2026-07-31,historical,0.1,2.0,50,0.75,0.0,145000.0,0.0,-19441.382232438937,4325.396825396825
2026,2026-08-14,historical,0.1,2.0,50,0.75,0.0,145000.0,0.0,-12533.64021350734,4325.396825396825
2026,2026-01-09,historical,0.1,2.0,100,0.5,0.0,145000.0,0.0,14506.522392394936,5575.396825396825
2026,2026-01-23,historical,0.1,2.0,100,0.5,0.0,145000.0,0.0,12241.555644988604,5575.396825396825
2026,2026-02-06,historical,0.1,2.0,100,0.5,0.0,145000.0,0.0,18693.0972165182,5575.396825396825
2026,2026-02-20,historical,0.1,2.0,100,0.5,0.0,145000.0,36456.30037711244,181456.30037711243,78487.99757962169
2026,2026-03-06,historical,0.1,2.0,100,0.5,0.0,145000.0,0.0,119088.05372837896,5575.396825396825
2026,2026-03-20,historical,0.1,2.0,100,0.5,0.0,145000.0,0.0,83356.54474082107,5575.396825396825
2026,2026-04-07,historical,0.1,2.0,100,0.5,0.0,145000.0,0.0,-129724.54688678896,5575.396825396825
2026,2026-04-21,historical,0.1,2.0,100,0.5,0.0,145000.0,0.0,-20594.99172235133,5575.396825396825
2026,2026-05-07,historical,0.1,2.0,100,0.5,0.0,145000.0,0.0,35065.43017266806,5575.396825396825
2026,2026-05-21,historical,0.1,2.0,100,0.5,0.0,145000.0,0.0,-43628.95072118182,5575.396825396825
2026,2026-06-05,historical,0.1,2.0,100,0.5,0.0,145000.0,0.0,-74017.04622047422,5575.396825396825
2026,2026-06-19,historical,0.1,2.0,100,0.5,0.0,145000.0,0.0,-71787.38848407115,5575.396825396825
2026,2026-07-03,historical,0.1,2.0,100,0.5,0.0,145000.0,0.0,120291.8537050342,5575.396825396825
2026,2026-07-17,historical,0.1,2.0,100,0.5,0.0,145000.0,0.0,65262.06013203268,5575.396825396825
2026,2026-07-31,historical,0.1,2.0,100,0.5,0.0,145000.0,0.0,-32154.12075745186,5575.396825396825
2026,2026-08-14,historical,0.1,2.0,100,0.5,0.0,145000.0,0.0,-18700.777792294542,5575.396825396825
2026,2026-01-09,fixed_hedge_reference,0.01,0.25,10,1.0,0.0,60000.0,0.0,-8915.37900523984,1023.809523809524
2026,2026-01-23,fixed_hedge_reference,0.01,0.25,10,1.0,0.0,60000.0,0.0,-4557.153275199268,1023.809523809524
2026,2026-02-06,fixed_hedge_reference,0.01,0.25,10,1.0,0.0,60000.0,0.0,2369.4634336935605,1023.809523809524
2026,2026-02-20,fixed_hedge_reference,0.01,0.25,10,1.0,0.0,60000.0,0.0,23449.42752487874,1023.809523809524
2026,2026-03-06,fixed_hedge_reference,0.01,0.25,10,1.0,0.0,60000.0,0.0,642.2630452788068,1023.809523809524
2026,2026-03-20,fixed_hedge_reference,0.01,0.25,10,1.0,0.0,60000.0,0.0,-201.97577936134536,1023.809523809524
2026,2026-04-07,fixed_hedge_reference,0.01,0.25,10,1.0,0.0,60000.0,0.0,-13705.445519304716,1023.809523809524
2026,2026-04-21,fixed_hedge_reference,0.01,0.25,10,1.0,0.0,60000.0,0.0,-244.5112248950769,1023.809523809524
2026,2026-05-07,fixed_hedge_reference,0.01,0.25,10,1.0,0.0,60000.0,0.0,15324.711256934354,1023.809523809524
2026,2026-05-21,fixed_hedge_reference,0.01,0.25,10,1.0,0.0,60000.0,0.0,-3237.7942585968103,1023.809523809524
2026,2026-06-05,fixed_hedge_reference,0.01,0.25,10,1.0,0.0,60000.0,0.0,12476.9408285545,1023.809523809524
2026,2026-06-19,fixed_hedge_reference,0.01,0.25,10,1.0,0.0,60000.0,0.0,1416.6880757100373,1023.809523809524
2026,2026-07-03,fixed_hedge_reference,0.01,0.25,10,1.0,0.0,60000.0,0.0,1407.1711191285594,1023.809523809524
2026,2026-07-17,fixed_hedge_reference,0.01,0.25,10,1.0,0.0,60000.0,0.0,-4964.971981836267,1023.809523809524
2026,2026-07-31,fixed_hedge_reference,0.01,0.25,10,1.0,0.0,60000.0,0.0,-6728.643707426016,1023.809523809524
2026,2026-08-14,fixed_hedge_reference,0.01,0.25,10,1.0,0.0,60000.0,0.0,-6366.502634720137,1023.809523809524
2026,2026-01-09,fixed_hedge_reference,0.01,0.25,50,1.0,0.0,60000.0,0.0,-8915.37900523984,5023.809523809524
2026,2026-01-23,fixed_hedge_reference,0.01,0.25,50,1.0,0.0,60000.0,0.0,-4557.153275199268,5023.809523809524
2026,2026-02-06,fixed_hedge_reference,0.01,0.25,50,1.0,0.0,60000.0,0.0,2369.4634336935605,5023.809523809524
2026,2026-02-20,fixed_hedge_reference,0.01,0.25,50,1.0,0.0,60000.0,0.0,23449.42752487874,5023.809523809524
2026,2026-03-06,fixed_hedge_reference,0.01,0.25,50,1.0,0.0,60000.0,0.0,642.2630452788068,5023.809523809524
2026,2026-03-20,fixed_hedge_reference,0.01,0.25,50,1.0,0.0,60000.0,0.0,-201.97577936134536,5023.809523809524
2026,2026-04-07,fixed_hedge_reference,0.01,0.25,50,1.0,0.0,60000.0,0.0,-13705.445519304716,5023.809523809524
2026,2026-04-21,fixed_hedge_reference,0.01,0.25,50,1.0,0.0,60000.0,0.0,-244.5112248950769,5023.809523809524
2026,2026-05-07,fixed_hedge_reference,0.01,0.25,50,1.0,0.0,60000.0,0.0,15324.711256934354,5023.809523809524
2026,2026-05-21,fixed_hedge_reference,0.01,0.25,50,1.0,0.0,60000.0,0.0,-3237.7942585968103,5023.809523809524
2026,2026-06-05,fixed_hedge_reference,0.01,0.25,50,1.0,0.0,60000.0,0.0,12476.9408285545,5023.809523809524
2026,2026-06-19,fixed_hedge_reference,0.01,0.25,50,1.0,0.0,60000.0,0.0,1416.6880757100373,5023.809523809524
2026,2026-07-03,fixed_hedge_reference,0.01,0.25,50,1.0,0.0,60000.0,0.0,1407.1711191285594,5023.809523809524
2026,2026-07-17,fixed_hedge_reference,0.01,0.25,50,1.0,0.0,60000.0,0.0,-4964.971981836267,5023.809523809524
2026,2026-07-31,fixed_hedge_reference,0.01,0.25,50,1.0,0.0,60000.0,0.0,-6728.643707426016,5023.809523809524
2026,2026-08-14,fixed_hedge_reference,0.01,0.25,50,1.0,0.0,60000.0,0.0,-6366.502634720137,5023.809523809524
2026,2026-01-09,fixed_hedge_reference,0.01,0.25,100,1.0,0.0,60000.0,0.0,-8915.37900523984,10023.809523809525
2026,2026-01-23,fixed_hedge_reference,0.01,0.25,100,1.0,0.0,60000.0,0.0,-4557.153275199268,10023.809523809525
2026,2026-02-06,fixed_hedge_reference,0.01,0.25,100,1.0,0.0,60000.0,0.0,2369.4634336935605,10023.809523809525
2026,2026-02-20,fixed_hedge_reference,0.01,0.25,100,1.0,0.0,60000.0,0.0,23449.42752487874,10023.809523809525
2026,2026-03-06,fixed_hedge_reference,0.01,0.25,100,1.0,0.0,60000.0,0.0,642.2630452788068,10023.809523809525
2026,2026-03-20,fixed_hedge_reference,0.01,0.25,100,1.0,0.0,60000.0,0.0,-201.97577936134536,10023.809523809525
2026,2026-04-07,fixed_hedge_reference,0.01,0.25,100,1.0,0.0,60000.0,0.0,-13705.445519304716,10023.809523809525
2026,2026-04-21,fixed_hedge_reference,0.01,0.25,100,1.0,0.0,60000.0,0.0,-244.5112248950769,10023.809523809525
2026,2026-05-07,fixed_hedge_reference,0.01,0.25,100,1.0,0.0,60000.0,0.0,15324.711256934354,10023.809523809525
2026,2026-05-21,fixed_hedge_reference,0.01,0.25,100,1.0,0.0,60000.0,0.0,-3237.7942585968103,10023.809523809525
2026,2026-06-05,fixed_hedge_reference,0.01,0.25,100,1.0,0.0,60000.0,0.0,12476.9408285545,10023.809523809525
2026,2026-06-19,fixed_hedge_reference,0.01,0.25,100,1.0,0.0,60000.0,0.0,1416.6880757100373,10023.809523809525
2026,2026-07-03,fixed_hedge_reference,0.01,0.25,100,1.0,0.0,60000.0,0.0,1407.1711191285594,10023.809523809525
2026,2026-07-17,fixed_hedge_reference,0.01,0.25,100,1.0,0.0,60000.0,0.0,-4964.971981836267,10023.809523809525
2026,2026-07-31,fixed_hedge_reference,0.01,0.25,100,1.0,0.0,60000.0,0.0,-6728.643707426016,10023.809523809525
2026,2026-08-14,fixed_hedge_reference,0.01,0.25,100,1.0,0.0,60000.0,0.0,-6366.502634720137,10023.809523809525
2026,2026-01-09,fixed_hedge_reference,0.01,1.0,10,1.0,0.0,60000.0,0.0,-8915.37900523984,1023.809523809524
2026,2026-01-23,fixed_hedge_reference,0.01,1.0,10,1.0,0.0,60000.0,0.0,-4557.153275199268,1023.809523809524
2026,2026-02-06,fixed_hedge_reference,0.01,1.0,10,1.0,0.0,60000.0,0.0,2369.4634336935605,1023.809523809524
2026,2026-02-20,fixed_hedge_reference,0.01,1.0,10,1.0,0.0,60000.0,0.0,23449.42752487874,1023.809523809524
2026,2026-03-06,fixed_hedge_reference,0.01,1.0,10,1.0,0.0,60000.0,0.0,642.2630452788068,1023.809523809524
2026,2026-03-20,fixed_hedge_reference,0.01,1.0,10,1.0,0.0,60000.0,0.0,-201.97577936134536,1023.809523809524
2026,2026-04-07,fixed_hedge_reference,0.01,1.0,10,1.0,0.0,60000.0,0.0,-13705.445519304716,1023.809523809524
2026,2026-04-21,fixed_hedge_reference,0.01,1.0,10,1.0,0.0,60000.0,0.0,-244.5112248950769,1023.809523809524
2026,2026-05-07,fixed_hedge_reference,0.01,1.0,10,1.0,0.0,60000.0,0.0,15324.711256934354,1023.809523809524
2026,2026-05-21,fixed_hedge_reference,0.01,1.0,10,1.0,0.0,60000.0,0.0,-3237.7942585968103,1023.809523809524
2026,2026-06-05,fixed_hedge_reference,0.01,1.0,10,1.0,0.0,60000.0,0.0,12476.9408285545,1023.809523809524
2026,2026-06-19,fixed_hedge_reference,0.01,1.0,10,1.0,0.0,60000.0,0.0,1416.6880757100373,1023.809523809524
2026,2026-07-03,fixed_hedge_reference,0.01,1.0,10,1.0,0.0,60000.0,0.0,1407.1711191285594,1023.809523809524
2026,2026-07-17,fixed_hedge_reference,0.01,1.0,10,1.0,0.0,60000.0,0.0,-4964.971981836267,1023.809523809524
2026,2026-07-31,fixed_hedge_reference,0.01,1.0,10,1.0,0.0,60000.0,0.0,-6728.643707426016,1023.809523809524
2026,2026-08-14,fixed_hedge_reference,0.01,1.0,10,1.0,0.0,60000.0,0.0,-6366.502634720137,1023.809523809524
2026,2026-01-09,fixed_hedge_reference,0.01,1.0,50,1.0,0.0,60000.0,0.0,-8915.37900523984,5023.809523809524
2026,2026-01-23,fixed_hedge_reference,0.01,1.0,50,1.0,0.0,60000.0,0.0,-4557.153275199268,5023.809523809524
2026,2026-02-06,fixed_hedge_reference,0.01,1.0,50,1.0,0.0,60000.0,0.0,2369.4634336935605,5023.809523809524
2026,2026-02-20,fixed_hedge_reference,0.01,1.0,50,1.0,0.0,60000.0,0.0,23449.42752487874,5023.809523809524
2026,2026-03-06,fixed_hedge_reference,0.01,1.0,50,1.0,0.0,60000.0,0.0,642.2630452788068,5023.809523809524
2026,2026-03-20,fixed_hedge_reference,0.01,1.0,50,1.0,0.0,60000.0,0.0,-201.97577936134536,5023.809523809524
2026,2026-04-07,fixed_hedge_reference,0.01,1.0,50,1.0,0.0,60000.0,0.0,-13705.445519304716,5023.809523809524
2026,2026-04-21,fixed_hedge_reference,0.01,1.0,50,1.0,0.0,60000.0,0.0,-244.5112248950769,5023.809523809524
2026,2026-05-07,fixed_hedge_reference,0.01,1.0,50,1.0,0.0,60000.0,0.0,15324.711256934354,5023.809523809524
2026,2026-05-21,fixed_hedge_reference,0.01,1.0,50,1.0,0.0,60000.0,0.0,-3237.7942585968103,5023.809523809524
2026,2026-06-05,fixed_hedge_reference,0.01,1.0,50,1.0,0.0,60000.0,0.0,12476.9408285545,5023.809523809524
2026,2026-06-19,fixed_hedge_reference,0.01,1.0,50,1.0,0.0,60000.0,0.0,1416.6880757100373,5023.809523809524
2026,2026-07-03,fixed_hedge_reference,0.01,1.0,50,1.0,0.0,60000.0,0.0,1407.1711191285594,5023.809523809524
2026,2026-07-17,fixed_hedge_reference,0.01,1.0,50,1.0,0.0,60000.0,0.0,-4964.971981836267,5023.809523809524
2026,2026-07-31,fixed_hedge_reference,0.01,1.0,50,1.0,0.0,60000.0,0.0,-6728.643707426016,5023.809523809524
2026,2026-08-14,fixed_hedge_reference,0.01,1.0,50,1.0,0.0,60000.0,0.0,-6366.502634720137,5023.809523809524
2026,2026-01-09,fixed_hedge_reference,0.01,1.0,100,1.0,0.0,60000.0,0.0,-8915.37900523984,10023.809523809525
2026,2026-01-23,fixed_hedge_reference,0.01,1.0,100,1.0,0.0,60000.0,0.0,-4557.153275199268,10023.809523809525
2026,2026-02-06,fixed_hedge_reference,0.01,1.0,100,1.0,0.0,60000.0,0.0,2369.4634336935605,10023.809523809525
2026,2026-02-20,fixed_hedge_reference,0.01,1.0,100,1.0,0.0,60000.0,0.0,23449.42752487874,10023.809523809525
2026,2026-03-06,fixed_hedge_reference,0.01,1.0,100,1.0,0.0,60000.0,0.0,642.2630452788068,10023.809523809525
2026,2026-03-20,fixed_hedge_reference,0.01,1.0,100,1.0,0.0,60000.0,0.0,-201.97577936134536,10023.809523809525
2026,2026-04-07,fixed_hedge_reference,0.01,1.0,100,1.0,0.0,60000.0,0.0,-13705.445519304716,10023.809523809525
2026,2026-04-21,fixed_hedge_reference,0.01,1.0,100,1.0,0.0,60000.0,0.0,-244.5112248950769,10023.809523809525
2026,2026-05-07,fixed_hedge_reference,0.01,1.0,100,1.0,0.0,60000.0,0.0,15324.711256934354,10023.809523809525
2026,2026-05-21,fixed_hedge_reference,0.01,1.0,100,1.0,0.0,60000.0,0.0,-3237.7942585968103,10023.809523809525
2026,2026-06-05,fixed_hedge_reference,0.01,1.0,100,1.0,0.0,60000.0,0.0,12476.9408285545,10023.809523809525
2026,2026-06-19,fixed_hedge_reference,0.01,1.0,100,1.0,0.0,60000.0,0.0,1416.6880757100373,10023.809523809525
2026,2026-07-03,fixed_hedge_reference,0.01,1.0,100,1.0,0.0,60000.0,0.0,1407.1711191285594,10023.809523809525
2026,2026-07-17,fixed_hedge_reference,0.01,1.0,100,1.0,0.0,60000.0,0.0,-4964.971981836267,10023.809523809525
2026,2026-07-31,fixed_hedge_reference,0.01,1.0,100,1.0,0.0,60000.0,0.0,-6728.643707426016,10023.809523809525
2026,2026-08-14,fixed_hedge_reference,0.01,1.0,100,1.0,0.0,60000.0,0.0,-6366.502634720137,10023.809523809525
2026,2026-01-09,fixed_hedge_reference,0.01,2.0,10,1.0,0.0,60000.0,0.0,-8915.37900523984,1023.809523809524
2026,2026-01-23,fixed_hedge_reference,0.01,2.0,10,1.0,0.0,60000.0,0.0,-4557.153275199268,1023.809523809524
2026,2026-02-06,fixed_hedge_reference,0.01,2.0,10,1.0,0.0,60000.0,0.0,2369.4634336935605,1023.809523809524
2026,2026-02-20,fixed_hedge_reference,0.01,2.0,10,1.0,0.0,60000.0,0.0,23449.42752487874,1023.809523809524
2026,2026-03-06,fixed_hedge_reference,0.01,2.0,10,1.0,0.0,60000.0,0.0,642.2630452788068,1023.809523809524
2026,2026-03-20,fixed_hedge_reference,0.01,2.0,10,1.0,0.0,60000.0,0.0,-201.97577936134536,1023.809523809524
2026,2026-04-07,fixed_hedge_reference,0.01,2.0,10,1.0,0.0,60000.0,0.0,-13705.445519304716,1023.809523809524
2026,2026-04-21,fixed_hedge_reference,0.01,2.0,10,1.0,0.0,60000.0,0.0,-244.5112248950769,1023.809523809524
2026,2026-05-07,fixed_hedge_reference,0.01,2.0,10,1.0,0.0,60000.0,0.0,15324.711256934354,1023.809523809524
2026,2026-05-21,fixed_hedge_reference,0.01,2.0,10,1.0,0.0,60000.0,0.0,-3237.7942585968103,1023.809523809524
2026,2026-06-05,fixed_hedge_reference,0.01,2.0,10,1.0,0.0,60000.0,0.0,12476.9408285545,1023.809523809524
2026,2026-06-19,fixed_hedge_reference,0.01,2.0,10,1.0,0.0,60000.0,0.0,1416.6880757100373,1023.809523809524
2026,2026-07-03,fixed_hedge_reference,0.01,2.0,10,1.0,0.0,60000.0,0.0,1407.1711191285594,1023.809523809524
2026,2026-07-17,fixed_hedge_reference,0.01,2.0,10,1.0,0.0,60000.0,0.0,-4964.971981836267,1023.809523809524
2026,2026-07-31,fixed_hedge_reference,0.01,2.0,10,1.0,0.0,60000.0,0.0,-6728.643707426016,1023.809523809524
2026,2026-08-14,fixed_hedge_reference,0.01,2.0,10,1.0,0.0,60000.0,0.0,-6366.502634720137,1023.809523809524
2026,2026-01-09,fixed_hedge_reference,0.01,2.0,50,1.0,0.0,60000.0,0.0,-8915.37900523984,5023.809523809524
2026,2026-01-23,fixed_hedge_reference,0.01,2.0,50,1.0,0.0,60000.0,0.0,-4557.153275199268,5023.809523809524
2026,2026-02-06,fixed_hedge_reference,0.01,2.0,50,1.0,0.0,60000.0,0.0,2369.4634336935605,5023.809523809524
2026,2026-02-20,fixed_hedge_reference,0.01,2.0,50,1.0,0.0,60000.0,0.0,23449.42752487874,5023.809523809524
2026,2026-03-06,fixed_hedge_reference,0.01,2.0,50,1.0,0.0,60000.0,0.0,642.2630452788068,5023.809523809524
2026,2026-03-20,fixed_hedge_reference,0.01,2.0,50,1.0,0.0,60000.0,0.0,-201.97577936134536,5023.809523809524
2026,2026-04-07,fixed_hedge_reference,0.01,2.0,50,1.0,0.0,60000.0,0.0,-13705.445519304716,5023.809523809524
2026,2026-04-21,fixed_hedge_reference,0.01,2.0,50,1.0,0.0,60000.0,0.0,-244.5112248950769,5023.809523809524
2026,2026-05-07,fixed_hedge_reference,0.01,2.0,50,1.0,0.0,60000.0,0.0,15324.711256934354,5023.809523809524
2026,2026-05-21,fixed_hedge_reference,0.01,2.0,50,1.0,0.0,60000.0,0.0,-3237.7942585968103,5023.809523809524
2026,2026-06-05,fixed_hedge_reference,0.01,2.0,50,1.0,0.0,60000.0,0.0,12476.9408285545,5023.809523809524
2026,2026-06-19,fixed_hedge_reference,0.01,2.0,50,1.0,0.0,60000.0,0.0,1416.6880757100373,5023.809523809524
2026,2026-07-03,fixed_hedge_reference,0.01,2.0,50,1.0,0.0,60000.0,0.0,1407.1711191285594,5023.809523809524
2026,2026-07-17,fixed_hedge_reference,0.01,2.0,50,1.0,0.0,60000.0,0.0,-4964.971981836267,5023.809523809524
2026,2026-07-31,fixed_hedge_reference,0.01,2.0,50,1.0,0.0,60000.0,0.0,-6728.643707426016,5023.809523809524
2026,2026-08-14,fixed_hedge_reference,0.01,2.0,50,1.0,0.0,60000.0,0.0,-6366.502634720137,5023.809523809524
2026,2026-01-09,fixed_hedge_reference,0.01,2.0,100,1.0,0.0,60000.0,0.0,-8915.37900523984,10023.809523809525
2026,2026-01-23,fixed_hedge_reference,0.01,2.0,100,1.0,0.0,60000.0,0.0,-4557.153275199268,10023.809523809525
2026,2026-02-06,fixed_hedge_reference,0.01,2.0,100,1.0,0.0,60000.0,0.0,2369.4634336935605,10023.809523809525
2026,2026-02-20,fixed_hedge_reference,0.01,2.0,100,1.0,0.0,60000.0,0.0,23449.42752487874,10023.809523809525
2026,2026-03-06,fixed_hedge_reference,0.01,2.0,100,1.0,0.0,60000.0,0.0,642.2630452788068,10023.809523809525
2026,2026-03-20,fixed_hedge_reference,0.01,2.0,100,1.0,0.0,60000.0,0.0,-201.97577936134536,10023.809523809525
2026,2026-04-07,fixed_hedge_reference,0.01,2.0,100,1.0,0.0,60000.0,0.0,-13705.445519304716,10023.809523809525
2026,2026-04-21,fixed_hedge_reference,0.01,2.0,100,1.0,0.0,60000.0,0.0,-244.5112248950769,10023.809523809525
2026,2026-05-07,fixed_hedge_reference,0.01,2.0,100,1.0,0.0,60000.0,0.0,15324.711256934354,10023.809523809525
2026,2026-05-21,fixed_hedge_reference,0.01,2.0,100,1.0,0.0,60000.0,0.0,-3237.7942585968103,10023.809523809525
2026,2026-06-05,fixed_hedge_reference,0.01,2.0,100,1.0,0.0,60000.0,0.0,12476.9408285545,10023.809523809525
2026,2026-06-19,fixed_hedge_reference,0.01,2.0,100,1.0,0.0,60000.0,0.0,1416.6880757100373,10023.809523809525
2026,2026-07-03,fixed_hedge_reference,0.01,2.0,100,1.0,0.0,60000.0,0.0,1407.1711191285594,10023.809523809525
2026,2026-07-17,fixed_hedge_reference,0.01,2.0,100,1.0,0.0,60000.0,0.0,-4964.971981836267,10023.809523809525
2026,2026-07-31,fixed_hedge_reference,0.01,2.0,100,1.0,0.0,60000.0,0.0,-6728.643707426016,10023.809523809525
2026,2026-08-14,fixed_hedge_reference,0.01,2.0,100,1.0,0.0,60000.0,0.0,-6366.502634720137,10023.809523809525
2026,2026-01-09,fixed_hedge_reference,0.05,0.25,10,1.0,0.0,60000.0,0.0,-8915.37900523984,1119.047619047619
2026,2026-01-23,fixed_hedge_reference,0.05,0.25,10,1.0,0.0,60000.0,0.0,-4557.153275199268,1119.047619047619
2026,2026-02-06,fixed_hedge_reference,0.05,0.25,10,1.0,0.0,60000.0,0.0,2369.4634336935605,1119.047619047619
2026,2026-02-20,fixed_hedge_reference,0.05,0.25,10,1.0,0.0,60000.0,0.0,23449.42752487874,1119.047619047619
2026,2026-03-06,fixed_hedge_reference,0.05,0.25,10,1.0,0.0,60000.0,0.0,642.2630452788068,1119.047619047619
2026,2026-03-20,fixed_hedge_reference,0.05,0.25,10,1.0,0.0,60000.0,0.0,-201.97577936134536,1119.047619047619
2026,2026-04-07,fixed_hedge_reference,0.05,0.25,10,1.0,0.0,60000.0,0.0,-13705.445519304716,1119.047619047619
2026,2026-04-21,fixed_hedge_reference,0.05,0.25,10,1.0,0.0,60000.0,0.0,-244.5112248950769,1119.047619047619
2026,2026-05-07,fixed_hedge_reference,0.05,0.25,10,1.0,0.0,60000.0,0.0,15324.711256934354,1119.047619047619
2026,2026-05-21,fixed_hedge_reference,0.05,0.25,10,1.0,0.0,60000.0,0.0,-3237.7942585968103,1119.047619047619
2026,2026-06-05,fixed_hedge_reference,0.05,0.25,10,1.0,0.0,60000.0,0.0,12476.9408285545,1119.047619047619
2026,2026-06-19,fixed_hedge_reference,0.05,0.25,10,1.0,0.0,60000.0,0.0,1416.6880757100373,1119.047619047619
2026,2026-07-03,fixed_hedge_reference,0.05,0.25,10,1.0,0.0,60000.0,0.0,1407.1711191285594,1119.047619047619
2026,2026-07-17,fixed_hedge_reference,0.05,0.25,10,1.0,0.0,60000.0,0.0,-4964.971981836267,1119.047619047619
2026,2026-07-31,fixed_hedge_reference,0.05,0.25,10,1.0,0.0,60000.0,0.0,-6728.643707426016,1119.047619047619
2026,2026-08-14,fixed_hedge_reference,0.05,0.25,10,1.0,0.0,60000.0,0.0,-6366.502634720137,1119.047619047619
2026,2026-01-09,fixed_hedge_reference,0.05,0.25,50,1.0,0.0,60000.0,0.0,-8915.37900523984,5119.047619047619
2026,2026-01-23,fixed_hedge_reference,0.05,0.25,50,1.0,0.0,60000.0,0.0,-4557.153275199268,5119.047619047619
2026,2026-02-06,fixed_hedge_reference,0.05,0.25,50,1.0,0.0,60000.0,0.0,2369.4634336935605,5119.047619047619
2026,2026-02-20,fixed_hedge_reference,0.05,0.25,50,1.0,0.0,60000.0,0.0,23449.42752487874,5119.047619047619
2026,2026-03-06,fixed_hedge_reference,0.05,0.25,50,1.0,0.0,60000.0,0.0,642.2630452788068,5119.047619047619
2026,2026-03-20,fixed_hedge_reference,0.05,0.25,50,1.0,0.0,60000.0,0.0,-201.97577936134536,5119.047619047619
2026,2026-04-07,fixed_hedge_reference,0.05,0.25,50,1.0,0.0,60000.0,0.0,-13705.445519304716,5119.047619047619
2026,2026-04-21,fixed_hedge_reference,0.05,0.25,50,1.0,0.0,60000.0,0.0,-244.5112248950769,5119.047619047619
2026,2026-05-07,fixed_hedge_reference,0.05,0.25,50,1.0,0.0,60000.0,0.0,15324.711256934354,5119.047619047619
2026,2026-05-21,fixed_hedge_reference,0.05,0.25,50,1.0,0.0,60000.0,0.0,-3237.7942585968103,5119.047619047619
2026,2026-06-05,fixed_hedge_reference,0.05,0.25,50,1.0,0.0,60000.0,0.0,12476.9408285545,5119.047619047619
2026,2026-06-19,fixed_hedge_reference,0.05,0.25,50,1.0,0.0,60000.0,0.0,1416.6880757100373,5119.047619047619
2026,2026-07-03,fixed_hedge_reference,0.05,0.25,50,1.0,0.0,60000.0,0.0,1407.1711191285594,5119.047619047619
2026,2026-07-17,fixed_hedge_reference,0.05,0.25,50,1.0,0.0,60000.0,0.0,-4964.971981836267,5119.047619047619
2026,2026-07-31,fixed_hedge_reference,0.05,0.25,50,1.0,0.0,60000.0,0.0,-6728.643707426016,5119.047619047619
2026,2026-08-14,fixed_hedge_reference,0.05,0.25,50,1.0,0.0,60000.0,0.0,-6366.502634720137,5119.047619047619
2026,2026-01-09,fixed_hedge_reference,0.05,0.25,100,1.0,0.0,60000.0,0.0,-8915.37900523984,10119.047619047618
2026,2026-01-23,fixed_hedge_reference,0.05,0.25,100,1.0,0.0,60000.0,0.0,-4557.153275199268,10119.047619047618
2026,2026-02-06,fixed_hedge_reference,0.05,0.25,100,1.0,0.0,60000.0,0.0,2369.4634336935605,10119.047619047618
2026,2026-02-20,fixed_hedge_reference,0.05,0.25,100,1.0,0.0,60000.0,0.0,23449.42752487874,10119.047619047618
2026,2026-03-06,fixed_hedge_reference,0.05,0.25,100,1.0,0.0,60000.0,0.0,642.2630452788068,10119.047619047618
2026,2026-03-20,fixed_hedge_reference,0.05,0.25,100,1.0,0.0,60000.0,0.0,-201.97577936134536,10119.047619047618
2026,2026-04-07,fixed_hedge_reference,0.05,0.25,100,1.0,0.0,60000.0,0.0,-13705.445519304716,10119.047619047618
2026,2026-04-21,fixed_hedge_reference,0.05,0.25,100,1.0,0.0,60000.0,0.0,-244.5112248950769,10119.047619047618
2026,2026-05-07,fixed_hedge_reference,0.05,0.25,100,1.0,0.0,60000.0,0.0,15324.711256934354,10119.047619047618
2026,2026-05-21,fixed_hedge_reference,0.05,0.25,100,1.0,0.0,60000.0,0.0,-3237.7942585968103,10119.047619047618
2026,2026-06-05,fixed_hedge_reference,0.05,0.25,100,1.0,0.0,60000.0,0.0,12476.9408285545,10119.047619047618
2026,2026-06-19,fixed_hedge_reference,0.05,0.25,100,1.0,0.0,60000.0,0.0,1416.6880757100373,10119.047619047618
2026,2026-07-03,fixed_hedge_reference,0.05,0.25,100,1.0,0.0,60000.0,0.0,1407.1711191285594,10119.047619047618
2026,2026-07-17,fixed_hedge_reference,0.05,0.25,100,1.0,0.0,60000.0,0.0,-4964.971981836267,10119.047619047618
2026,2026-07-31,fixed_hedge_reference,0.05,0.25,100,1.0,0.0,60000.0,0.0,-6728.643707426016,10119.047619047618
2026,2026-08-14,fixed_hedge_reference,0.05,0.25,100,1.0,0.0,60000.0,0.0,-6366.502634720137,10119.047619047618
2026,2026-01-09,fixed_hedge_reference,0.05,1.0,10,1.0,0.0,60000.0,0.0,-8915.37900523984,1119.047619047619
2026,2026-01-23,fixed_hedge_reference,0.05,1.0,10,1.0,0.0,60000.0,0.0,-4557.153275199268,1119.047619047619
2026,2026-02-06,fixed_hedge_reference,0.05,1.0,10,1.0,0.0,60000.0,0.0,2369.4634336935605,1119.047619047619
2026,2026-02-20,fixed_hedge_reference,0.05,1.0,10,1.0,0.0,60000.0,0.0,23449.42752487874,1119.047619047619
2026,2026-03-06,fixed_hedge_reference,0.05,1.0,10,1.0,0.0,60000.0,0.0,642.2630452788068,1119.047619047619
2026,2026-03-20,fixed_hedge_reference,0.05,1.0,10,1.0,0.0,60000.0,0.0,-201.97577936134536,1119.047619047619
2026,2026-04-07,fixed_hedge_reference,0.05,1.0,10,1.0,0.0,60000.0,0.0,-13705.445519304716,1119.047619047619
2026,2026-04-21,fixed_hedge_reference,0.05,1.0,10,1.0,0.0,60000.0,0.0,-244.5112248950769,1119.047619047619
2026,2026-05-07,fixed_hedge_reference,0.05,1.0,10,1.0,0.0,60000.0,0.0,15324.711256934354,1119.047619047619
2026,2026-05-21,fixed_hedge_reference,0.05,1.0,10,1.0,0.0,60000.0,0.0,-3237.7942585968103,1119.047619047619
2026,2026-06-05,fixed_hedge_reference,0.05,1.0,10,1.0,0.0,60000.0,0.0,12476.9408285545,1119.047619047619
2026,2026-06-19,fixed_hedge_reference,0.05,1.0,10,1.0,0.0,60000.0,0.0,1416.6880757100373,1119.047619047619
2026,2026-07-03,fixed_hedge_reference,0.05,1.0,10,1.0,0.0,60000.0,0.0,1407.1711191285594,1119.047619047619
2026,2026-07-17,fixed_hedge_reference,0.05,1.0,10,1.0,0.0,60000.0,0.0,-4964.971981836267,1119.047619047619
2026,2026-07-31,fixed_hedge_reference,0.05,1.0,10,1.0,0.0,60000.0,0.0,-6728.643707426016,1119.047619047619
2026,2026-08-14,fixed_hedge_reference,0.05,1.0,10,1.0,0.0,60000.0,0.0,-6366.502634720137,1119.047619047619
2026,2026-01-09,fixed_hedge_reference,0.05,1.0,50,1.0,0.0,60000.0,0.0,-8915.37900523984,5119.047619047619
2026,2026-01-23,fixed_hedge_reference,0.05,1.0,50,1.0,0.0,60000.0,0.0,-4557.153275199268,5119.047619047619
2026,2026-02-06,fixed_hedge_reference,0.05,1.0,50,1.0,0.0,60000.0,0.0,2369.4634336935605,5119.047619047619
2026,2026-02-20,fixed_hedge_reference,0.05,1.0,50,1.0,0.0,60000.0,0.0,23449.42752487874,5119.047619047619
2026,2026-03-06,fixed_hedge_reference,0.05,1.0,50,1.0,0.0,60000.0,0.0,642.2630452788068,5119.047619047619
2026,2026-03-20,fixed_hedge_reference,0.05,1.0,50,1.0,0.0,60000.0,0.0,-201.97577936134536,5119.047619047619
2026,2026-04-07,fixed_hedge_reference,0.05,1.0,50,1.0,0.0,60000.0,0.0,-13705.445519304716,5119.047619047619
2026,2026-04-21,fixed_hedge_reference,0.05,1.0,50,1.0,0.0,60000.0,0.0,-244.5112248950769,5119.047619047619
2026,2026-05-07,fixed_hedge_reference,0.05,1.0,50,1.0,0.0,60000.0,0.0,15324.711256934354,5119.047619047619
2026,2026-05-21,fixed_hedge_reference,0.05,1.0,50,1.0,0.0,60000.0,0.0,-3237.7942585968103,5119.047619047619
2026,2026-06-05,fixed_hedge_reference,0.05,1.0,50,1.0,0.0,60000.0,0.0,12476.9408285545,5119.047619047619
2026,2026-06-19,fixed_hedge_reference,0.05,1.0,50,1.0,0.0,60000.0,0.0,1416.6880757100373,5119.047619047619
2026,2026-07-03,fixed_hedge_reference,0.05,1.0,50,1.0,0.0,60000.0,0.0,1407.1711191285594,5119.047619047619
2026,2026-07-17,fixed_hedge_reference,0.05,1.0,50,1.0,0.0,60000.0,0.0,-4964.971981836267,5119.047619047619
2026,2026-07-31,fixed_hedge_reference,0.05,1.0,50,1.0,0.0,60000.0,0.0,-6728.643707426016,5119.047619047619
2026,2026-08-14,fixed_hedge_reference,0.05,1.0,50,1.0,0.0,60000.0,0.0,-6366.502634720137,5119.047619047619
2026,2026-01-09,fixed_hedge_reference,0.05,1.0,100,1.0,0.0,60000.0,0.0,-8915.37900523984,10119.047619047618
2026,2026-01-23,fixed_hedge_reference,0.05,1.0,100,1.0,0.0,60000.0,0.0,-4557.153275199268,10119.047619047618
2026,2026-02-06,fixed_hedge_reference,0.05,1.0,100,1.0,0.0,60000.0,0.0,2369.4634336935605,10119.047619047618
2026,2026-02-20,fixed_hedge_reference,0.05,1.0,100,1.0,0.0,60000.0,0.0,23449.42752487874,10119.047619047618
2026,2026-03-06,fixed_hedge_reference,0.05,1.0,100,1.0,0.0,60000.0,0.0,642.2630452788068,10119.047619047618
2026,2026-03-20,fixed_hedge_reference,0.05,1.0,100,1.0,0.0,60000.0,0.0,-201.97577936134536,10119.047619047618
2026,2026-04-07,fixed_hedge_reference,0.05,1.0,100,1.0,0.0,60000.0,0.0,-13705.445519304716,10119.047619047618
2026,2026-04-21,fixed_hedge_reference,0.05,1.0,100,1.0,0.0,60000.0,0.0,-244.5112248950769,10119.047619047618
2026,2026-05-07,fixed_hedge_reference,0.05,1.0,100,1.0,0.0,60000.0,0.0,15324.711256934354,10119.047619047618
2026,2026-05-21,fixed_hedge_reference,0.05,1.0,100,1.0,0.0,60000.0,0.0,-3237.7942585968103,10119.047619047618
2026,2026-06-05,fixed_hedge_reference,0.05,1.0,100,1.0,0.0,60000.0,0.0,12476.9408285545,10119.047619047618
2026,2026-06-19,fixed_hedge_reference,0.05,1.0,100,1.0,0.0,60000.0,0.0,1416.6880757100373,10119.047619047618
2026,2026-07-03,fixed_hedge_reference,0.05,1.0,100,1.0,0.0,60000.0,0.0,1407.1711191285594,10119.047619047618
2026,2026-07-17,fixed_hedge_reference,0.05,1.0,100,1.0,0.0,60000.0,0.0,-4964.971981836267,10119.047619047618
2026,2026-07-31,fixed_hedge_reference,0.05,1.0,100,1.0,0.0,60000.0,0.0,-6728.643707426016,10119.047619047618
2026,2026-08-14,fixed_hedge_reference,0.05,1.0,100,1.0,0.0,60000.0,0.0,-6366.502634720137,10119.047619047618
2026,2026-01-09,fixed_hedge_reference,0.05,2.0,10,1.0,0.0,60000.0,0.0,-8915.37900523984,1119.047619047619
2026,2026-01-23,fixed_hedge_reference,0.05,2.0,10,1.0,0.0,60000.0,0.0,-4557.153275199268,1119.047619047619
2026,2026-02-06,fixed_hedge_reference,0.05,2.0,10,1.0,0.0,60000.0,0.0,2369.4634336935605,1119.047619047619
2026,2026-02-20,fixed_hedge_reference,0.05,2.0,10,1.0,0.0,60000.0,0.0,23449.42752487874,1119.047619047619
2026,2026-03-06,fixed_hedge_reference,0.05,2.0,10,1.0,0.0,60000.0,0.0,642.2630452788068,1119.047619047619
2026,2026-03-20,fixed_hedge_reference,0.05,2.0,10,1.0,0.0,60000.0,0.0,-201.97577936134536,1119.047619047619
2026,2026-04-07,fixed_hedge_reference,0.05,2.0,10,1.0,0.0,60000.0,0.0,-13705.445519304716,1119.047619047619
2026,2026-04-21,fixed_hedge_reference,0.05,2.0,10,1.0,0.0,60000.0,0.0,-244.5112248950769,1119.047619047619
2026,2026-05-07,fixed_hedge_reference,0.05,2.0,10,1.0,0.0,60000.0,0.0,15324.711256934354,1119.047619047619
2026,2026-05-21,fixed_hedge_reference,0.05,2.0,10,1.0,0.0,60000.0,0.0,-3237.7942585968103,1119.047619047619
2026,2026-06-05,fixed_hedge_reference,0.05,2.0,10,1.0,0.0,60000.0,0.0,12476.9408285545,1119.047619047619
2026,2026-06-19,fixed_hedge_reference,0.05,2.0,10,1.0,0.0,60000.0,0.0,1416.6880757100373,1119.047619047619
2026,2026-07-03,fixed_hedge_reference,0.05,2.0,10,1.0,0.0,60000.0,0.0,1407.1711191285594,1119.047619047619
2026,2026-07-17,fixed_hedge_reference,0.05,2.0,10,1.0,0.0,60000.0,0.0,-4964.971981836267,1119.047619047619
2026,2026-07-31,fixed_hedge_reference,0.05,2.0,10,1.0,0.0,60000.0,0.0,-6728.643707426016,1119.047619047619
2026,2026-08-14,fixed_hedge_reference,0.05,2.0,10,1.0,0.0,60000.0,0.0,-6366.502634720137,1119.047619047619
2026,2026-01-09,fixed_hedge_reference,0.05,2.0,50,1.0,0.0,60000.0,0.0,-8915.37900523984,5119.047619047619
2026,2026-01-23,fixed_hedge_reference,0.05,2.0,50,1.0,0.0,60000.0,0.0,-4557.153275199268,5119.047619047619
2026,2026-02-06,fixed_hedge_reference,0.05,2.0,50,1.0,0.0,60000.0,0.0,2369.4634336935605,5119.047619047619
2026,2026-02-20,fixed_hedge_reference,0.05,2.0,50,1.0,0.0,60000.0,0.0,23449.42752487874,5119.047619047619
2026,2026-03-06,fixed_hedge_reference,0.05,2.0,50,1.0,0.0,60000.0,0.0,642.2630452788068,5119.047619047619
2026,2026-03-20,fixed_hedge_reference,0.05,2.0,50,1.0,0.0,60000.0,0.0,-201.97577936134536,5119.047619047619
2026,2026-04-07,fixed_hedge_reference,0.05,2.0,50,1.0,0.0,60000.0,0.0,-13705.445519304716,5119.047619047619
2026,2026-04-21,fixed_hedge_reference,0.05,2.0,50,1.0,0.0,60000.0,0.0,-244.5112248950769,5119.047619047619
2026,2026-05-07,fixed_hedge_reference,0.05,2.0,50,1.0,0.0,60000.0,0.0,15324.711256934354,5119.047619047619
2026,2026-05-21,fixed_hedge_reference,0.05,2.0,50,1.0,0.0,60000.0,0.0,-3237.7942585968103,5119.047619047619
2026,2026-06-05,fixed_hedge_reference,0.05,2.0,50,1.0,0.0,60000.0,0.0,12476.9408285545,5119.047619047619
2026,2026-06-19,fixed_hedge_reference,0.05,2.0,50,1.0,0.0,60000.0,0.0,1416.6880757100373,5119.047619047619
2026,2026-07-03,fixed_hedge_reference,0.05,2.0,50,1.0,0.0,60000.0,0.0,1407.1711191285594,5119.047619047619
2026,2026-07-17,fixed_hedge_reference,0.05,2.0,50,1.0,0.0,60000.0,0.0,-4964.971981836267,5119.047619047619
2026,2026-07-31,fixed_hedge_reference,0.05,2.0,50,1.0,0.0,60000.0,0.0,-6728.643707426016,5119.047619047619
2026,2026-08-14,fixed_hedge_reference,0.05,2.0,50,1.0,0.0,60000.0,0.0,-6366.502634720137,5119.047619047619
2026,2026-01-09,fixed_hedge_reference,0.05,2.0,100,1.0,0.0,60000.0,0.0,-8915.37900523984,10119.047619047618
2026,2026-01-23,fixed_hedge_reference,0.05,2.0,100,1.0,0.0,60000.0,0.0,-4557.153275199268,10119.047619047618
2026,2026-02-06,fixed_hedge_reference,0.05,2.0,100,1.0,0.0,60000.0,0.0,2369.4634336935605,10119.047619047618
2026,2026-02-20,fixed_hedge_reference,0.05,2.0,100,1.0,0.0,60000.0,0.0,23449.42752487874,10119.047619047618
2026,2026-03-06,fixed_hedge_reference,0.05,2.0,100,1.0,0.0,60000.0,0.0,642.2630452788068,10119.047619047618
2026,2026-03-20,fixed_hedge_reference,0.05,2.0,100,1.0,0.0,60000.0,0.0,-201.97577936134536,10119.047619047618
2026,2026-04-07,fixed_hedge_reference,0.05,2.0,100,1.0,0.0,60000.0,0.0,-13705.445519304716,10119.047619047618
2026,2026-04-21,fixed_hedge_reference,0.05,2.0,100,1.0,0.0,60000.0,0.0,-244.5112248950769,10119.047619047618
2026,2026-05-07,fixed_hedge_reference,0.05,2.0,100,1.0,0.0,60000.0,0.0,15324.711256934354,10119.047619047618
2026,2026-05-21,fixed_hedge_reference,0.05,2.0,100,1.0,0.0,60000.0,0.0,-3237.7942585968103,10119.047619047618
2026,2026-06-05,fixed_hedge_reference,0.05,2.0,100,1.0,0.0,60000.0,0.0,12476.9408285545,10119.047619047618
2026,2026-06-19,fixed_hedge_reference,0.05,2.0,100,1.0,0.0,60000.0,0.0,1416.6880757100373,10119.047619047618
2026,2026-07-03,fixed_hedge_reference,0.05,2.0,100,1.0,0.0,60000.0,0.0,1407.1711191285594,10119.047619047618
2026,2026-07-17,fixed_hedge_reference,0.05,2.0,100,1.0,0.0,60000.0,0.0,-4964.971981836267,10119.047619047618
2026,2026-07-31,fixed_hedge_reference,0.05,2.0,100,1.0,0.0,60000.0,0.0,-6728.643707426016,10119.047619047618
2026,2026-08-14,fixed_hedge_reference,0.05,2.0,100,1.0,0.0,60000.0,0.0,-6366.502634720137,10119.047619047618
2026,2026-01-09,fixed_hedge_reference,0.1,0.25,10,1.0,0.0,60000.0,0.0,-8915.37900523984,1238.095238095238
2026,2026-01-23,fixed_hedge_reference,0.1,0.25,10,1.0,0.0,60000.0,0.0,-4557.153275199268,1238.095238095238
2026,2026-02-06,fixed_hedge_reference,0.1,0.25,10,1.0,0.0,60000.0,0.0,2369.4634336935605,1238.095238095238
2026,2026-02-20,fixed_hedge_reference,0.1,0.25,10,1.0,0.0,60000.0,0.0,23449.42752487874,1238.095238095238
2026,2026-03-06,fixed_hedge_reference,0.1,0.25,10,1.0,0.0,60000.0,0.0,642.2630452788068,1238.095238095238
2026,2026-03-20,fixed_hedge_reference,0.1,0.25,10,1.0,0.0,60000.0,0.0,-201.97577936134536,1238.095238095238
2026,2026-04-07,fixed_hedge_reference,0.1,0.25,10,1.0,0.0,60000.0,0.0,-13705.445519304716,1238.095238095238
2026,2026-04-21,fixed_hedge_reference,0.1,0.25,10,1.0,0.0,60000.0,0.0,-244.5112248950769,1238.095238095238
2026,2026-05-07,fixed_hedge_reference,0.1,0.25,10,1.0,0.0,60000.0,0.0,15324.711256934354,1238.095238095238
2026,2026-05-21,fixed_hedge_reference,0.1,0.25,10,1.0,0.0,60000.0,0.0,-3237.7942585968103,1238.095238095238
2026,2026-06-05,fixed_hedge_reference,0.1,0.25,10,1.0,0.0,60000.0,0.0,12476.9408285545,1238.095238095238
2026,2026-06-19,fixed_hedge_reference,0.1,0.25,10,1.0,0.0,60000.0,0.0,1416.6880757100373,1238.095238095238
2026,2026-07-03,fixed_hedge_reference,0.1,0.25,10,1.0,0.0,60000.0,0.0,1407.1711191285594,1238.095238095238
2026,2026-07-17,fixed_hedge_reference,0.1,0.25,10,1.0,0.0,60000.0,0.0,-4964.971981836267,1238.095238095238
2026,2026-07-31,fixed_hedge_reference,0.1,0.25,10,1.0,0.0,60000.0,0.0,-6728.643707426016,1238.095238095238
2026,2026-08-14,fixed_hedge_reference,0.1,0.25,10,1.0,0.0,60000.0,0.0,-6366.502634720137,1238.095238095238
2026,2026-01-09,fixed_hedge_reference,0.1,0.25,50,1.0,0.0,60000.0,0.0,-8915.37900523984,5238.095238095239
2026,2026-01-23,fixed_hedge_reference,0.1,0.25,50,1.0,0.0,60000.0,0.0,-4557.153275199268,5238.095238095239
2026,2026-02-06,fixed_hedge_reference,0.1,0.25,50,1.0,0.0,60000.0,0.0,2369.4634336935605,5238.095238095239
2026,2026-02-20,fixed_hedge_reference,0.1,0.25,50,1.0,0.0,60000.0,0.0,23449.42752487874,5238.095238095239
2026,2026-03-06,fixed_hedge_reference,0.1,0.25,50,1.0,0.0,60000.0,0.0,642.2630452788068,5238.095238095239
2026,2026-03-20,fixed_hedge_reference,0.1,0.25,50,1.0,0.0,60000.0,0.0,-201.97577936134536,5238.095238095239
2026,2026-04-07,fixed_hedge_reference,0.1,0.25,50,1.0,0.0,60000.0,0.0,-13705.445519304716,5238.095238095239
2026,2026-04-21,fixed_hedge_reference,0.1,0.25,50,1.0,0.0,60000.0,0.0,-244.5112248950769,5238.095238095239
2026,2026-05-07,fixed_hedge_reference,0.1,0.25,50,1.0,0.0,60000.0,0.0,15324.711256934354,5238.095238095239
2026,2026-05-21,fixed_hedge_reference,0.1,0.25,50,1.0,0.0,60000.0,0.0,-3237.7942585968103,5238.095238095239
2026,2026-06-05,fixed_hedge_reference,0.1,0.25,50,1.0,0.0,60000.0,0.0,12476.9408285545,5238.095238095239
2026,2026-06-19,fixed_hedge_reference,0.1,0.25,50,1.0,0.0,60000.0,0.0,1416.6880757100373,5238.095238095239
2026,2026-07-03,fixed_hedge_reference,0.1,0.25,50,1.0,0.0,60000.0,0.0,1407.1711191285594,5238.095238095239
2026,2026-07-17,fixed_hedge_reference,0.1,0.25,50,1.0,0.0,60000.0,0.0,-4964.971981836267,5238.095238095239
2026,2026-07-31,fixed_hedge_reference,0.1,0.25,50,1.0,0.0,60000.0,0.0,-6728.643707426016,5238.095238095239
2026,2026-08-14,fixed_hedge_reference,0.1,0.25,50,1.0,0.0,60000.0,0.0,-6366.502634720137,5238.095238095239
2026,2026-01-09,fixed_hedge_reference,0.1,0.25,100,1.0,0.0,60000.0,0.0,-8915.37900523984,10238.09523809524
2026,2026-01-23,fixed_hedge_reference,0.1,0.25,100,1.0,0.0,60000.0,0.0,-4557.153275199268,10238.09523809524
2026,2026-02-06,fixed_hedge_reference,0.1,0.25,100,1.0,0.0,60000.0,0.0,2369.4634336935605,10238.09523809524
2026,2026-02-20,fixed_hedge_reference,0.1,0.25,100,1.0,0.0,60000.0,0.0,23449.42752487874,10238.09523809524
2026,2026-03-06,fixed_hedge_reference,0.1,0.25,100,1.0,0.0,60000.0,0.0,642.2630452788068,10238.09523809524
2026,2026-03-20,fixed_hedge_reference,0.1,0.25,100,1.0,0.0,60000.0,0.0,-201.97577936134536,10238.09523809524
2026,2026-04-07,fixed_hedge_reference,0.1,0.25,100,1.0,0.0,60000.0,0.0,-13705.445519304716,10238.09523809524
2026,2026-04-21,fixed_hedge_reference,0.1,0.25,100,1.0,0.0,60000.0,0.0,-244.5112248950769,10238.09523809524
2026,2026-05-07,fixed_hedge_reference,0.1,0.25,100,1.0,0.0,60000.0,0.0,15324.711256934354,10238.09523809524
2026,2026-05-21,fixed_hedge_reference,0.1,0.25,100,1.0,0.0,60000.0,0.0,-3237.7942585968103,10238.09523809524
2026,2026-06-05,fixed_hedge_reference,0.1,0.25,100,1.0,0.0,60000.0,0.0,12476.9408285545,10238.09523809524
2026,2026-06-19,fixed_hedge_reference,0.1,0.25,100,1.0,0.0,60000.0,0.0,1416.6880757100373,10238.09523809524
2026,2026-07-03,fixed_hedge_reference,0.1,0.25,100,1.0,0.0,60000.0,0.0,1407.1711191285594,10238.09523809524
2026,2026-07-17,fixed_hedge_reference,0.1,0.25,100,1.0,0.0,60000.0,0.0,-4964.971981836267,10238.09523809524
2026,2026-07-31,fixed_hedge_reference,0.1,0.25,100,1.0,0.0,60000.0,0.0,-6728.643707426016,10238.09523809524
2026,2026-08-14,fixed_hedge_reference,0.1,0.25,100,1.0,0.0,60000.0,0.0,-6366.502634720137,10238.09523809524
2026,2026-01-09,fixed_hedge_reference,0.1,1.0,10,1.0,0.0,60000.0,0.0,-8915.37900523984,1238.095238095238
2026,2026-01-23,fixed_hedge_reference,0.1,1.0,10,1.0,0.0,60000.0,0.0,-4557.153275199268,1238.095238095238
2026,2026-02-06,fixed_hedge_reference,0.1,1.0,10,1.0,0.0,60000.0,0.0,2369.4634336935605,1238.095238095238
2026,2026-02-20,fixed_hedge_reference,0.1,1.0,10,1.0,0.0,60000.0,0.0,23449.42752487874,1238.095238095238
2026,2026-03-06,fixed_hedge_reference,0.1,1.0,10,1.0,0.0,60000.0,0.0,642.2630452788068,1238.095238095238
2026,2026-03-20,fixed_hedge_reference,0.1,1.0,10,1.0,0.0,60000.0,0.0,-201.97577936134536,1238.095238095238
2026,2026-04-07,fixed_hedge_reference,0.1,1.0,10,1.0,0.0,60000.0,0.0,-13705.445519304716,1238.095238095238
2026,2026-04-21,fixed_hedge_reference,0.1,1.0,10,1.0,0.0,60000.0,0.0,-244.5112248950769,1238.095238095238
2026,2026-05-07,fixed_hedge_reference,0.1,1.0,10,1.0,0.0,60000.0,0.0,15324.711256934354,1238.095238095238
2026,2026-05-21,fixed_hedge_reference,0.1,1.0,10,1.0,0.0,60000.0,0.0,-3237.7942585968103,1238.095238095238
2026,2026-06-05,fixed_hedge_reference,0.1,1.0,10,1.0,0.0,60000.0,0.0,12476.9408285545,1238.095238095238
2026,2026-06-19,fixed_hedge_reference,0.1,1.0,10,1.0,0.0,60000.0,0.0,1416.6880757100373,1238.095238095238
2026,2026-07-03,fixed_hedge_reference,0.1,1.0,10,1.0,0.0,60000.0,0.0,1407.1711191285594,1238.095238095238
2026,2026-07-17,fixed_hedge_reference,0.1,1.0,10,1.0,0.0,60000.0,0.0,-4964.971981836267,1238.095238095238
2026,2026-07-31,fixed_hedge_reference,0.1,1.0,10,1.0,0.0,60000.0,0.0,-6728.643707426016,1238.095238095238
2026,2026-08-14,fixed_hedge_reference,0.1,1.0,10,1.0,0.0,60000.0,0.0,-6366.502634720137,1238.095238095238
2026,2026-01-09,fixed_hedge_reference,0.1,1.0,50,1.0,0.0,60000.0,0.0,-8915.37900523984,5238.095238095239
2026,2026-01-23,fixed_hedge_reference,0.1,1.0,50,1.0,0.0,60000.0,0.0,-4557.153275199268,5238.095238095239
2026,2026-02-06,fixed_hedge_reference,0.1,1.0,50,1.0,0.0,60000.0,0.0,2369.4634336935605,5238.095238095239
2026,2026-02-20,fixed_hedge_reference,0.1,1.0,50,1.0,0.0,60000.0,0.0,23449.42752487874,5238.095238095239
2026,2026-03-06,fixed_hedge_reference,0.1,1.0,50,1.0,0.0,60000.0,0.0,642.2630452788068,5238.095238095239
2026,2026-03-20,fixed_hedge_reference,0.1,1.0,50,1.0,0.0,60000.0,0.0,-201.97577936134536,5238.095238095239
2026,2026-04-07,fixed_hedge_reference,0.1,1.0,50,1.0,0.0,60000.0,0.0,-13705.445519304716,5238.095238095239
2026,2026-04-21,fixed_hedge_reference,0.1,1.0,50,1.0,0.0,60000.0,0.0,-244.5112248950769,5238.095238095239
2026,2026-05-07,fixed_hedge_reference,0.1,1.0,50,1.0,0.0,60000.0,0.0,15324.711256934354,5238.095238095239
2026,2026-05-21,fixed_hedge_reference,0.1,1.0,50,1.0,0.0,60000.0,0.0,-3237.7942585968103,5238.095238095239
2026,2026-06-05,fixed_hedge_reference,0.1,1.0,50,1.0,0.0,60000.0,0.0,12476.9408285545,5238.095238095239
2026,2026-06-19,fixed_hedge_reference,0.1,1.0,50,1.0,0.0,60000.0,0.0,1416.6880757100373,5238.095238095239
2026,2026-07-03,fixed_hedge_reference,0.1,1.0,50,1.0,0.0,60000.0,0.0,1407.1711191285594,5238.095238095239
2026,2026-07-17,fixed_hedge_reference,0.1,1.0,50,1.0,0.0,60000.0,0.0,-4964.971981836267,5238.095238095239
2026,2026-07-31,fixed_hedge_reference,0.1,1.0,50,1.0,0.0,60000.0,0.0,-6728.643707426016,5238.095238095239
2026,2026-08-14,fixed_hedge_reference,0.1,1.0,50,1.0,0.0,60000.0,0.0,-6366.502634720137,5238.095238095239
2026,2026-01-09,fixed_hedge_reference,0.1,1.0,100,1.0,0.0,60000.0,0.0,-8915.37900523984,10238.09523809524
2026,2026-01-23,fixed_hedge_reference,0.1,1.0,100,1.0,0.0,60000.0,0.0,-4557.153275199268,10238.09523809524
2026,2026-02-06,fixed_hedge_reference,0.1,1.0,100,1.0,0.0,60000.0,0.0,2369.4634336935605,10238.09523809524
2026,2026-02-20,fixed_hedge_reference,0.1,1.0,100,1.0,0.0,60000.0,0.0,23449.42752487874,10238.09523809524
2026,2026-03-06,fixed_hedge_reference,0.1,1.0,100,1.0,0.0,60000.0,0.0,642.2630452788068,10238.09523809524
2026,2026-03-20,fixed_hedge_reference,0.1,1.0,100,1.0,0.0,60000.0,0.0,-201.97577936134536,10238.09523809524
2026,2026-04-07,fixed_hedge_reference,0.1,1.0,100,1.0,0.0,60000.0,0.0,-13705.445519304716,10238.09523809524
2026,2026-04-21,fixed_hedge_reference,0.1,1.0,100,1.0,0.0,60000.0,0.0,-244.5112248950769,10238.09523809524
2026,2026-05-07,fixed_hedge_reference,0.1,1.0,100,1.0,0.0,60000.0,0.0,15324.711256934354,10238.09523809524
2026,2026-05-21,fixed_hedge_reference,0.1,1.0,100,1.0,0.0,60000.0,0.0,-3237.7942585968103,10238.09523809524
2026,2026-06-05,fixed_hedge_reference,0.1,1.0,100,1.0,0.0,60000.0,0.0,12476.9408285545,10238.09523809524
2026,2026-06-19,fixed_hedge_reference,0.1,1.0,100,1.0,0.0,60000.0,0.0,1416.6880757100373,10238.09523809524
2026,2026-07-03,fixed_hedge_reference,0.1,1.0,100,1.0,0.0,60000.0,0.0,1407.1711191285594,10238.09523809524
2026,2026-07-17,fixed_hedge_reference,0.1,1.0,100,1.0,0.0,60000.0,0.0,-4964.971981836267,10238.09523809524
2026,2026-07-31,fixed_hedge_reference,0.1,1.0,100,1.0,0.0,60000.0,0.0,-6728.643707426016,10238.09523809524
2026,2026-08-14,fixed_hedge_reference,0.1,1.0,100,1.0,0.0,60000.0,0.0,-6366.502634720137,10238.09523809524
2026,2026-01-09,fixed_hedge_reference,0.1,2.0,10,1.0,0.0,60000.0,0.0,-8915.37900523984,1238.095238095238
2026,2026-01-23,fixed_hedge_reference,0.1,2.0,10,1.0,0.0,60000.0,0.0,-4557.153275199268,1238.095238095238
2026,2026-02-06,fixed_hedge_reference,0.1,2.0,10,1.0,0.0,60000.0,0.0,2369.4634336935605,1238.095238095238
2026,2026-02-20,fixed_hedge_reference,0.1,2.0,10,1.0,0.0,60000.0,0.0,23449.42752487874,1238.095238095238
2026,2026-03-06,fixed_hedge_reference,0.1,2.0,10,1.0,0.0,60000.0,0.0,642.2630452788068,1238.095238095238
2026,2026-03-20,fixed_hedge_reference,0.1,2.0,10,1.0,0.0,60000.0,0.0,-201.97577936134536,1238.095238095238
2026,2026-04-07,fixed_hedge_reference,0.1,2.0,10,1.0,0.0,60000.0,0.0,-13705.445519304716,1238.095238095238
2026,2026-04-21,fixed_hedge_reference,0.1,2.0,10,1.0,0.0,60000.0,0.0,-244.5112248950769,1238.095238095238
2026,2026-05-07,fixed_hedge_reference,0.1,2.0,10,1.0,0.0,60000.0,0.0,15324.711256934354,1238.095238095238
2026,2026-05-21,fixed_hedge_reference,0.1,2.0,10,1.0,0.0,60000.0,0.0,-3237.7942585968103,1238.095238095238
2026,2026-06-05,fixed_hedge_reference,0.1,2.0,10,1.0,0.0,60000.0,0.0,12476.9408285545,1238.095238095238
2026,2026-06-19,fixed_hedge_reference,0.1,2.0,10,1.0,0.0,60000.0,0.0,1416.6880757100373,1238.095238095238
2026,2026-07-03,fixed_hedge_reference,0.1,2.0,10,1.0,0.0,60000.0,0.0,1407.1711191285594,1238.095238095238
2026,2026-07-17,fixed_hedge_reference,0.1,2.0,10,1.0,0.0,60000.0,0.0,-4964.971981836267,1238.095238095238
2026,2026-07-31,fixed_hedge_reference,0.1,2.0,10,1.0,0.0,60000.0,0.0,-6728.643707426016,1238.095238095238
2026,2026-08-14,fixed_hedge_reference,0.1,2.0,10,1.0,0.0,60000.0,0.0,-6366.502634720137,1238.095238095238
2026,2026-01-09,fixed_hedge_reference,0.1,2.0,50,1.0,0.0,60000.0,0.0,-8915.37900523984,5238.095238095239
2026,2026-01-23,fixed_hedge_reference,0.1,2.0,50,1.0,0.0,60000.0,0.0,-4557.153275199268,5238.095238095239
2026,2026-02-06,fixed_hedge_reference,0.1,2.0,50,1.0,0.0,60000.0,0.0,2369.4634336935605,5238.095238095239
2026,2026-02-20,fixed_hedge_reference,0.1,2.0,50,1.0,0.0,60000.0,0.0,23449.42752487874,5238.095238095239
2026,2026-03-06,fixed_hedge_reference,0.1,2.0,50,1.0,0.0,60000.0,0.0,642.2630452788068,5238.095238095239
2026,2026-03-20,fixed_hedge_reference,0.1,2.0,50,1.0,0.0,60000.0,0.0,-201.97577936134536,5238.095238095239
2026,2026-04-07,fixed_hedge_reference,0.1,2.0,50,1.0,0.0,60000.0,0.0,-13705.445519304716,5238.095238095239
2026,2026-04-21,fixed_hedge_reference,0.1,2.0,50,1.0,0.0,60000.0,0.0,-244.5112248950769,5238.095238095239
2026,2026-05-07,fixed_hedge_reference,0.1,2.0,50,1.0,0.0,60000.0,0.0,15324.711256934354,5238.095238095239
2026,2026-05-21,fixed_hedge_reference,0.1,2.0,50,1.0,0.0,60000.0,0.0,-3237.7942585968103,5238.095238095239
2026,2026-06-05,fixed_hedge_reference,0.1,2.0,50,1.0,0.0,60000.0,0.0,12476.9408285545,5238.095238095239
2026,2026-06-19,fixed_hedge_reference,0.1,2.0,50,1.0,0.0,60000.0,0.0,1416.6880757100373,5238.095238095239
2026,2026-07-03,fixed_hedge_reference,0.1,2.0,50,1.0,0.0,60000.0,0.0,1407.1711191285594,5238.095238095239
2026,2026-07-17,fixed_hedge_reference,0.1,2.0,50,1.0,0.0,60000.0,0.0,-4964.971981836267,5238.095238095239
2026,2026-07-31,fixed_hedge_reference,0.1,2.0,50,1.0,0.0,60000.0,0.0,-6728.643707426016,5238.095238095239
2026,2026-08-14,fixed_hedge_reference,0.1,2.0,50,1.0,0.0,60000.0,0.0,-6366.502634720137,5238.095238095239
2026,2026-01-09,fixed_hedge_reference,0.1,2.0,100,1.0,0.0,60000.0,0.0,-8915.37900523984,10238.09523809524
2026,2026-01-23,fixed_hedge_reference,0.1,2.0,100,1.0,0.0,60000.0,0.0,-4557.153275199268,10238.09523809524
2026,2026-02-06,fixed_hedge_reference,0.1,2.0,100,1.0,0.0,60000.0,0.0,2369.4634336935605,10238.09523809524
2026,2026-02-20,fixed_hedge_reference,0.1,2.0,100,1.0,0.0,60000.0,0.0,23449.42752487874,10238.09523809524
2026,2026-03-06,fixed_hedge_reference,0.1,2.0,100,1.0,0.0,60000.0,0.0,642.2630452788068,10238.09523809524
2026,2026-03-20,fixed_hedge_reference,0.1,2.0,100,1.0,0.0,60000.0,0.0,-201.97577936134536,10238.09523809524
2026,2026-04-07,fixed_hedge_reference,0.1,2.0,100,1.0,0.0,60000.0,0.0,-13705.445519304716,10238.09523809524
2026,2026-04-21,fixed_hedge_reference,0.1,2.0,100,1.0,0.0,60000.0,0.0,-244.5112248950769,10238.09523809524
2026,2026-05-07,fixed_hedge_reference,0.1,2.0,100,1.0,0.0,60000.0,0.0,15324.711256934354,10238.09523809524
2026,2026-05-21,fixed_hedge_reference,0.1,2.0,100,1.0,0.0,60000.0,0.0,-3237.7942585968103,10238.09523809524
2026,2026-06-05,fixed_hedge_reference,0.1,2.0,100,1.0,0.0,60000.0,0.0,12476.9408285545,10238.09523809524
2026,2026-06-19,fixed_hedge_reference,0.1,2.0,100,1.0,0.0,60000.0,0.0,1416.6880757100373,10238.09523809524
2026,2026-07-03,fixed_hedge_reference,0.1,2.0,100,1.0,0.0,60000.0,0.0,1407.1711191285594,10238.09523809524
2026,2026-07-17,fixed_hedge_reference,0.1,2.0,100,1.0,0.0,60000.0,0.0,-4964.971981836267,10238.09523809524
2026,2026-07-31,fixed_hedge_reference,0.1,2.0,100,1.0,0.0,60000.0,0.0,-6728.643707426016,10238.09523809524
2026,2026-08-14,fixed_hedge_reference,0.1,2.0,100,1.0,0.0,60000.0,0.0,-6366.502634720137,10238.09523809524
