date,year,target,label_end,selected,base,base_geometry,base_cnn,base_geometry_cnn,cnn_over_base,cnn_over_geometry,geometry_over_base
2016-01-04,2016,0.0012881999157396558,2016-01-18,HAR,0.0006232446435977773,0.0006681731136062787,0.0008006141515533803,0.0007414686420807106,-0.20747030351975493,-0.08649514063307429,-0.06937344808431778
2016-01-05,2016,0.0012480188528987113,2016-01-19,HAR,0.0006160136960816715,0.0006806217210568007,0.0006650104102857011,0.0006804680688014438,-0.07273538766506515,0.00018826575243657828,-0.09257675891314854
2016-01-06,2016,0.0012726903985741905,2016-01-20,HAR,0.0007412625406617754,0.0008736155858730003,0.0007262352560879394,0.0008723718848213126,0.015045758548196453,0.0006522661051180378,-0.09582875253111567
2016-01-07,2016,0.001611463070484156,2016-01-21,HAR,0.0007283146239892556,0.000866891116667204,0.000795215707569249,0.0008802615502781195,-0.09826393123265387,-0.01292941826338101,-0.17951264625364072
2016-01-08,2016,0.0022513330763974755,2016-01-22,HAR,0.000818224314245813,0.001032566018889869,0.0008572197460409344,0.0010387240663162314,-0.07860896219169344,-0.006979902060635368,-0.33849220397350344
2016-01-11,2016,0.0020512357262706957,2016-01-25,HAR,0.0009439567641400686,0.0012260632774362841,0.000967671159191814,0.001218096079925138,-0.028441493172284282,0.004423356679090773,-0.23850937549821527
2016-01-12,2016,0.002073331211029776,2016-01-26,HAR,0.0009956650256596374,0.0012855459767798247,0.0010293338379558008,0.0012809637170957207,-0.034856293616100764,0.0021984967310411108,-0.2140282010512662
2016-01-13,2016,0.0021161027862122376,2016-01-27,HAR,0.0010054795316566608,0.0012768632048959178,0.0010305027852018222,0.0012906320079400266,-0.02652213041299767,-0.006954580083340822,-0.20836221443990333
2016-01-14,2016,0.002240406916643982,2016-01-28,HAR,0.0009057935962148229,0.0011018876644252004,0.0009440877395840007,0.001145666138759735,-0.05891931667422057,-0.038733350641003916,-0.24420582816962
2016-01-15,2016,0.0022417591393896394,2016-01-29,HAR,0.0008843164295280802,0.0010690257970586733,0.0009154454350914448,0.0010791687304225492,-0.05160553377265131,-0.010266184667000466,-0.2483198556838051
2016-01-18,2016,0.0020229294882229275,2016-02-01,HAR,0.0009914470089405834,0.0012282047468191325,0.0010391123394117704,0.0012431030035212553,-0.046638112264830944,-0.007682470112865936,-0.17917542286962185
2016-01-19,2016,0.0022378415432889316,2016-02-02,HAR,0.0009075421160320216,0.001109263752737762,0.0009478763733241236,0.0011372412387676,-0.06144232115082815,-0.02472186840411883,-0.24770326092944384
2016-01-20,2016,0.002177151449956911,2016-02-03,HAR,0.0010894495872949912,0.0013330416098062273,0.001134838409781212,0.0013573032729657529,-0.03910986231088387,-0.011157076339270766,-0.16338419568214402
2016-01-21,2016,0.001842990743786186,2016-02-04,HAR,0.0012648980525591384,0.0014208543563113572,0.0013229280027069238,0.0014513371918933053,-0.019056242215845565,-0.006016374816876002,-0.043659887086969995
2016-01-22,2016,0.0008795250816348944,2016-02-05,HAR,0.0017034012889979963,0.001662069871196591,0.0018512243830493156,0.001751965564973876,0.04199012934740676,0.02552194833450372,-0.011723355478070907
2016-01-25,2016,0.0008836803423221594,2016-02-08,HAR,0.0017090521868407891,0.0016821104432546618,0.0021735680519150372,0.001919668854272398,0.12992989358644103,0.06709278750229242,-0.007608179700600459
2016-01-26,2016,0.0009804196379347811,2016-02-09,HAR,0.0017745074967032606,0.0016338226609766743,0.00190225491014445,0.0016808017278472213,0.03241333003554736,0.011576047276548707,-0.03502570556557316
2016-01-27,2016,0.000929098881749226,2016-02-10,HAR,0.0017330141579819211,0.0015019319131371043,0.00174832269116867,0.0015467737512765269,0.004100375286769875,0.011485455270573652,-0.06062473462584084
2016-01-28,2016,0.0008753028643107095,2016-02-11,HAR,0.001802554359747953,0.001453785833415299,0.001836304359512938,0.0014590360838711864,0.009625491685106624,0.0014383617432685014,-0.09853879568573198
2016-01-29,2016,0.0018419490495440948,2016-02-12,HAR,0.0017670556129274126,0.0014005528271330548,0.0018072026343495683,0.0014172641825921472,-0.0006910729964566542,-0.0036460537094180623,0.04032775628536012
2016-02-01,2016,0.0018486644325695026,2016-02-16,HAR,0.0017523540831545265,0.001359183500267042,0.001427073871080349,0.0013543061966251662,0.03512855870708265,0.0013034114364600669,0.05109218442771368
2016-02-02,2016,0.002068888010725339,2016-02-17,HAR,0.0018369210937961618,0.001440033939820577,0.0015551137681969393,0.0014226861158628595,0.0375548413789506,0.005398664111611495,0.06698947074860317
2016-02-03,2016,0.0018735409191239422,2016-02-18,HAR,0.0019346238231116308,0.001412257092508617,0.0019582284242301365,0.001408440438799913,0.00045382851941599966,0.0008887780387354383,0.043478619704068855
2016-02-04,2016,0.0020855136108513432,2016-02-19,HAR,0.001903030516895213,0.0013321746492947547,0.0018172122234217157,0.001320865750828975,0.005609668521634248,0.004878065870120629,0.11296991447014904
2016-02-05,2016,0.0024198124876607737,2016-02-22,HAR,0.001793905769369111,0.0012319301594825693,0.0015162643085804746,0.0011955702635760616,0.07885127723438501,0.0297780696065697,0.23952455704240272
2016-02-08,2016,0.0026370516970425457,2016-02-23,HAR,0.001821090248065898,0.0012450407313615165,0.0013791597026772899,0.0011997492602402314,0.18604829122091804,0.04290217380639483,0.2897153446994425
2016-02-09,2016,0.0024202913236196014,2016-02-24,HAR,0.0017751915338727828,0.0012361794357188581,0.0013763361240030484,0.0011926742918505907,0.1406224615514251,0.03559010570858678,0.23260017810853117
2016-02-10,2016,0.002562211683089662,2016-02-25,HAR,0.0016499758581591192,0.0011575138629899833,0.0012789876246843464,0.0011365203640333712,0.19574223769681076,0.022584850015475055,0.30618283823359604
2016-02-11,2016,0.0032143086607562903,2016-02-26,HAR,0.001638295877324503,0.0011585004228335226,0.0013371841751154963,0.0011601096061109222,0.2387154755763241,-0.002460497718471011,0.46602932833152444
2016-02-12,2016,0.0022481106104342737,2016-02-29,HAR,0.0021440540579338615,0.001363599478148626,0.0017288881127820882,0.0012970458478132733,0.0365690508126697,0.03455687715417621,0.1475558488167783
2016-02-16,2016,0.0021999374606208755,2016-03-01,HAR,0.0021462570458497215,0.0013800906926940413,0.0015496652519072333,0.0012939106955474507,0.0689234293837302,0.041690711928091595,0.1274654433608866
2016-02-17,2016,0.0017973045124268147,2016-03-02,HAR,0.0023877749084960744,0.0014576956140707582,0.0017767361650363,0.0013758785600207135,-0.03671841817816901,0.0155549784516964,-0.013239567837871391
2016-02-18,2016,0.0018278117032456982,2016-03-03,HAR,0.0021757180970720705,0.0013798025362282075,0.001769153567609497,0.0013276160352632621,-0.013797333829843161,0.013515993860111486,0.029176582233639614
2016-02-19,2016,0.0018594752282510723,2016-03-04,HAR,0.0023641196150878865,0.0016607663173331564,0.0017780175533725433,0.0015166417506757885,-0.025633172194547527,0.015618219091773966,-0.02001788318781017
2016-02-22,2016,0.0016447709797349126,2016-03-07,HAR,0.0024116199701680395,0.0017339735160813198,0.002149884860195734,0.0016104945285893941,-0.03185283278198359,-0.00114712702669717,-0.06334624584609916
2016-02-23,2016,0.0013795665268922118,2016-03-08,HAR,0.0023693222908743677,0.001958889297655661,0.0021020239184413084,0.0018628756192755104,-0.0456614755300091,-0.013958359869444159,-0.0682288478287969
2016-02-24,2016,0.0014403873824238638,2016-03-09,HAR,0.001850732356178943,0.0016245870309848688,0.0018423062976402628,0.0016342446393655934,-0.0010036431279045743,0.0006875666446068962,-0.021989902664688366
2016-02-25,2016,0.0014401728812500705,2016-03-10,HAR,0.0019311965114606762,0.0016455144131379477,0.001901073641977036,0.0016283553707989783,-0.003904553410593259,-0.001259845366513801,-0.0306166124246543
2016-02-26,2016,0.000749328090877175,2016-03-11,HAR,0.0022526257727185093,0.0017456322006293044,0.0023695754112023956,0.0017733799533423175,0.034196579674249605,0.009053986032993677,-0.15836740703933483
2016-02-29,2016,0.000868827286338018,2016-03-14,HAR,0.0021686565819399144,0.001719770936825202,0.0021085470061128395,0.0016790952198539018,-0.01668783021082465,-0.011697670660158366,-0.12734662186849732
2016-03-01,2016,0.000888784196114247,2016-03-15,HAR,0.002102652211155076,0.0017238213037290954,0.002093932263927011,0.0016899272995182166,-0.0023954680084630198,-0.00951709050445615,-0.10576319374030696
2016-03-02,2016,0.0009113292747276435,2016-03-16,HAR,0.002135038131697864,0.0017435107774423895,0.002167294123169624,0.0017186461547507978,0.008642178046291527,-0.006801743126518822,-0.10673041840329933
2016-03-03,2016,0.000935726107916586,2016-03-17,HAR,0.002126120641862609,0.0018013586142691907,0.0022265903517320763,0.0018024728107704222,0.026313478949041347,0.00029723900375877577,-0.08641169965589857
2016-03-04,2016,0.0006785356230801611,2016-03-18,HAR,0.002154340050203327,0.0017570530617160279,0.002340269546738614,0.0017834955320280824,0.0577585955852884,0.00921165427766013,-0.1326303797030235
2016-03-07,2016,0.0005700435496818165,2016-03-21,HAR,0.0021222196594298044,0.0016624077338194,0.0022355396598180057,0.001665747509892401,0.03840434723353692,0.0013194745861655477,-0.16990042045458242
2016-03-08,2016,0.0005932913676979178,2016-03-22,HAR,0.002084916000134194,0.0016529381373137462,0.0019607517988606766,0.001578315492611774,-0.04338066018619191,-0.029226009006247722,-0.15780647161326122
2016-03-09,2016,0.0007000616365660453,2016-03-23,HAR,0.002144140852189021,0.0016732693386780366,0.001873265040192038,0.0015293499717991216,-0.08784384752447139,-0.05056503558381564,-0.1560798442731146
2016-03-10,2016,0.0005467219280583017,2016-03-24,HAR,0.0022144411852259753,0.0018507516912251564,0.002363030714078291,0.001840687743445355,0.049420283677190646,-0.0038374740656363926,-0.13089221382142213
2016-03-11,2016,0.000506760260755286,2016-03-28,HAR,0.002101783612565193,0.001771892444005547,0.0021570289102137504,0.0017214199346442065,0.01977020587292344,-0.020513076135141084,-0.12584834881535123
2016-03-14,2016,0.0005624640612758799,2016-03-29,HAR,0.00215639078902327,0.001957036901354399,0.0021680732185764434,0.0018705603345753128,0.00399747624715463,-0.03190665041171137,-0.07043426005937903
2016-03-15,2016,0.0005396943645415606,2016-03-30,HAR,0.00211684878840638,0.0020374535123498707,0.0022737398863953303,0.0019939188084355155,0.0539054262757972,-0.015815329567661962,-0.028292878108428177
2016-03-16,2016,0.0004846466009003839,2016-03-31,HAR,0.0016535741749650215,0.001614307116985508,0.0017863241583114548,0.0015746633687601802,0.05543996018598207,-0.01730598705103681,-0.016904029410685695
2016-03-17,2016,0.0004378698202447687,2016-04-01,HAR,0.001653304237087595,0.0016380920666888286,0.0017253372535553648,0.001565295888426085,0.031589368375943394,-0.033025952750005416,-0.006784172488019102
2016-03-18,2016,0.00044823835649626046,2016-04-04,HAR,0.0013984966662283075,0.0014195308084172503,0.0015002490908887377,0.001372092388583889,0.04849483497799234,-0.023072340102528344,0.010179272867794076
2016-03-21,2016,0.00042350860733992473,2016-04-05,HAR,0.00143691751446237,0.0014875168025004566,0.001518424523029007,0.0014094672886656864,0.039352160013834236,-0.03813054698435803,0.024582290933350848
2016-03-22,2016,0.0006625073320716412,2016-04-06,HAR,0.0013337800694069126,0.001408343544356348,0.0014110235309862066,0.0013345517402364926,0.029106732861266416,-0.027807897234144008,0.028099076842959647
2016-03-23,2016,0.0005063884145949212,2016-04-07,HAR,0.0012595648540508725,0.001445409541190089,0.0013673516963142926,0.0013893537674059702,0.05041755930967451,-0.02541882965471398,0.08593449773299167
2016-03-24,2016,0.001326325337706091,2016-04-08,HAR,0.0011219874947681495,0.001301215600378915,0.0012145193820548576,0.0012523248430025612,-0.01081677478171894,0.001496150140642527,-0.014626937976752963
2016-03-28,2016,0.0013710386389535693,2016-04-11,HAR,0.0010489867731772351,0.0011896325628926948,0.0011278888467444815,0.0011535042424358891,-0.01890986534726391,0.005256515469602263,-0.02870338943891415
2016-03-29,2016,0.0013097545833878118,2016-04-12,HAR,0.001127374932143432,0.0012474663644519183,0.0012223906780621267,0.0012282200625967844,-0.0093873724155209,0.0009039427561754465,-0.01061922608046384
2016-03-30,2016,0.001312149123348027,2016-04-13,HAR,0.0006999882071892302,0.00073931202640939,0.0007553817046615478,0.000741598421921528,-0.06130297403157581,-0.0023840713163814087,-0.045049221113856674
2016-03-31,2016,0.001314543663308242,2016-04-14,HAR,0.0006971028668651377,0.0007046836403159729,0.0007532085921873133,0.0007162097237282059,-0.06305640799339773,-0.013796738312192858,-0.00947006936145911
2016-04-01,2016,0.0014689653298835988,2016-04-15,HAR,0.0007409831745622545,0.0007108082477965061,0.0008019688989825011,0.0007311136859376978,-0.07166383190783066,-0.029230380106449516,0.04258308330902594
2016-04-04,2016,0.0014644899522935012,2016-04-18,HAR,0.0007304170268138488,0.0006665335810884181,0.0007846280829633881,0.000692329288199594,-0.06693444125264136,-0.04389398628468033,0.10064320751486022
2016-04-05,2016,0.0015685569630899052,2016-04-19,HAR,0.0007058598338025099,0.000638305161637634,0.0007629243803062658,0.000672190972134727,-0.08847142003891051,-0.07215283704302422,0.1345843854722002
2016-04-06,2016,0.001305292050275374,2016-04-20,HAR,0.0007276398177831336,0.0005811890145739458,0.0006624044431989378,0.0005754296895033586,0.08273540212203656,0.012519636370569742,0.22729813137910782
2016-04-07,2016,0.0012860154894312674,2016-04-21,HAR,0.0006670371206945017,0.0005283426273167487,0.0006257195566600638,0.0005325676212136094,0.06336325584859015,-0.011345093179309096,0.27300328357839554
2016-04-08,2016,0.00046116624888029137,2016-04-22,HAR,0.0011151165250188292,0.0007840354494576538,0.0011162285512394743,0.0008174113821353775,0.0005847299655785676,0.01767149330228346,-0.1776230866692572
2016-04-11,2016,0.0004693777233998224,2016-04-25,HAR,0.0010884049702238887,0.0007514816388247838,0.0011141568661572649,0.0007860545497634727,0.013416953612192195,0.017507600005341573,-0.1770715773727609
2016-04-12,2016,0.00040329684046639243,2016-04-26,HAR,0.0010636042863271238,0.0007049425770726169,0.001081433590000599,0.0007492803019690758,0.010372720180226835,0.027143565636698064,-0.21838289188269133
2016-04-13,2016,0.00040362793259639046,2016-04-27,HAR,0.0010304093953288423,0.0007051351420525275,0.0010950340120397097,0.0007614748587192216,0.0377116811697249,0.034516264205112,-0.19862591747950376
2016-04-14,2016,0.0005027514018843906,2016-04-28,HAR,0.0009692664378659017,0.0006701403710961933,0.0009258314295956688,0.0006852993385977993,-0.02151310141459195,0.005773550700553187,-0.13752696250202945
2016-04-15,2016,0.0003402703015643408,2016-04-29,HAR,0.0010500039171874847,0.0007873695885492416,0.0011259320099442432,0.000849123173011752,0.047963627906369766,0.04407704306299198,-0.17975632508996853
2016-04-18,2016,0.0003358681263084943,2016-05-02,HAR,0.00101344548268268,0.0007607199682361679,0.0010943909731364714,0.0008233371676507482,0.0523295716615273,0.04552209460845891,-0.17674450442252176
2016-04-19,2016,0.0006069279428403115,2016-05-03,HAR,0.0010490850870649281,0.0007616283672535885,0.0009515821462997414,0.0007621951099805406,-0.03826911339654071,0.00015130831066301198,-0.10186369215011748
2016-04-20,2016,0.0006066689982509777,2016-05-04,HAR,0.0010294619642335558,0.0007630258612635288,0.0010845747598700899,0.0008110184590898443,0.02220598451235123,0.013949275903054392,-0.09372337487228677
2016-04-21,2016,0.0006882831874639869,2016-05-05,HAR,0.0010311096086600042,0.0007801309287669697,0.0010870972289440564,0.0008219242732769241,0.018497116151643844,0.007324879404972506,-0.06417977532035035
2016-04-22,2016,0.0006779520766497081,2016-05-06,HAR,0.001023197773092991,0.0008039171999756423,0.0010338808430126278,0.0008226401120070686,0.003540292794936839,0.003829170331590248,-0.0604626283899794
2016-04-25,2016,0.0008738107825291333,2016-05-09,HAR,0.0009620359789161637,0.0008146435879617192,0.0010354743709458313,0.0008459004552727557,0.009144686501897148,-0.0019837485456486448,-0.0019648476065823317
2016-04-26,2016,0.0009576520262855358,2016-05-10,HAR,0.0009769606756761505,0.0008352188651181856,0.0009218614628572849,0.0008117908533708427,0.0005367846012811484,0.004639081323078109,0.009599519360262931
2016-04-27,2016,0.001166178184761519,2016-05-11,HAR,0.0009694944331469237,0.0008609695921546485,0.0009733443377179473,0.0008525716329364952,-0.000794585978716178,0.0035400163193175516,0.032906006389279874
2016-04-28,2016,0.001070385800011822,2016-05-12,HAR,0.000943880326049334,0.0008141955933522381,0.0010068363203895585,0.0008224934803634986,-0.006340089330721277,-0.0031232166824901597,0.032828588294052
2016-04-29,2016,0.0010879051129931332,2016-05-13,HAR,0.0009225023975041596,0.0008173588724367737,0.0008896288703402782,0.0007856352940757992,0.007291764718630134,0.014159594954333166,0.030690964517580355
2016-05-02,2016,0.0011772382870519622,2016-05-16,HAR,0.0009309884469040846,0.0008495235493892087,0.0009794084185328971,0.0008449561147342328,-0.011812636257118037,0.0020998103624023656,0.029688128631295996
2016-05-03,2016,0.0008019263234326507,2016-05-17,HAR,0.001143403215553413,0.0011394117702723968,0.0012289326191814206,0.0011422207690240077,0.023325379937782387,0.0007314388090975399,-0.0010400705102906471
2016-05-04,2016,0.0008039516621983895,2016-05-18,HAR,0.0010985456670071754,0.0011142681497277652,0.0011596822012916498,0.0011099478284484216,0.015577804309832466,-0.0010764426781211256,0.003884373147709397
2016-05-05,2016,0.0008744622379319494,2016-05-19,HAR,0.0011778718238880527,0.001183329760312417,0.00127423790309788,0.0011817737027230472,0.022493280403666382,-0.0003428166958148182,0.0011987723394346617
2016-05-06,2016,0.0009748130888600406,2016-05-20,HAR,0.0010308413814600385,0.0010827392963319938,0.001110182414098562,0.0010728320787791142,0.006566687903510449,-0.0008781196644580547,0.003792023630151853
2016-05-09,2016,0.0007515988097507888,2016-05-23,HAR,0.001163055789105218,0.0012882293901698898,0.0012506263219791275,0.0012769238059369941,0.027343913991989766,-0.003649199378542356,0.03942575699572348
2016-05-10,2016,0.0006361923751638315,2016-05-24,HAR,0.0007945304882959468,0.0008297334261128167,0.0008590586289256616,0.0008273156622682294,0.017940160438013386,-0.0006774126783755108,0.00938134328037421
2016-05-11,2016,0.0004334982402338397,2016-05-25,HAR,0.0008834457248339134,0.0008670520593104226,0.0008960402495667471,0.0008391376018386979,0.007258451582829117,-0.016092561694024177,-0.009453179514857801
2016-05-12,2016,0.0004452307335493454,2016-05-26,HAR,0.0008163794798240063,0.0008004158130405773,0.0008282912512022171,0.0007765682752240567,0.006642475202205844,-0.013165003389673302,-0.008870913665977476
2016-05-13,2016,0.0004352406142763521,2016-05-27,HAR,0.0008272026568976669,0.0008006732148873134,0.0008514288803890963,0.0007819745474610602,0.013895119440949344,-0.010632232837550326,-0.015163093521895377
2016-05-16,2016,0.0003455532266881826,2016-05-31,HAR,0.000876271609864412,0.0008210622705394797,0.0008889097238783072,0.0007973735166518152,0.008712966467177452,-0.016772586557997293,-0.03856086181289964
2016-05-17,2016,0.0003519261424672353,2016-06-01,HAR,0.0007826681831620718,0.0007434280173702871,0.0008277326176409607,0.0007380333774968718,0.03150099211349566,-0.00382271183016325,-0.027703167593838174
2016-05-18,2016,0.00035230129575739304,2016-06-02,HAR,0.0007773589028546645,0.0007606511938261285,0.000832188607699543,0.0007607079981385901,0.03829716103495251,4.0090403780723705e-05,-0.011772647135725123
2016-05-19,2016,0.00020477401424874461,2016-06-03,HAR,0.0008188066749132986,0.0008655661674210634,0.0008692073412160933,0.0008661016003933125,0.0452324076827324,0.0004721464790238272,0.04202557824067199
2016-05-20,2016,0.00011035202882487905,2016-06-06,HAR,0.0008714767396695311,0.0008720215993349825,0.0009147929202690307,0.000872286198291592,0.04251268289513899,0.0002649988021969918,0.0005458996632201618
2016-05-23,2016,0.00011239326933471486,2016-06-07,HAR,0.0008759095200705362,0.0009355035392279562,0.0009463611575937601,0.00095509929954022,0.06780901120805805,0.018265432726090047,0.05764806195026928
2016-05-24,2016,0.00013139958712293835,2016-06-08,HAR,0.0008781067992585673,0.0009167107178706239,0.000916980610915287,0.000922458283960509,0.03697438793903718,0.005357099940396459,0.03672220506000379
2016-05-25,2016,0.0001236056375757446,2016-06-09,HAR,0.000853336124221201,0.0008842379088260674,0.0008781306996650181,0.0008791663915118069,0.024551995838721474,-0.004945604905138623,0.03051051302055896
2016-05-26,2016,0.00013765020282716233,2016-06-10,HAR,0.0008365328940766255,0.0008745878959434861,0.000901045113718133,0.0008873030466188408,0.06250829066193297,0.0121783814183134,0.03732713600770943
2016-05-27,2016,0.00013475633929183753,2016-06-13,HAR,0.0008340668153156126,0.0009281202309168976,0.0008987411813343447,0.0009397510190018708,0.06305516627493901,0.010656711234734217,0.09047513081503844
2016-05-31,2016,0.00022623579751215238,2016-06-14,HAR,0.000777147406010913,0.0008843516900601087,0.0008477509683787883,0.0008980967875349608,0.06271221111167335,0.011507757257218643,0.09393531552653389
2016-06-01,2016,0.00022520963988784996,2016-06-15,HAR,0.0007855399505594451,0.0009218122489948582,0.0008560236906572342,0.0009363580293562057,0.062320765032580105,0.011861102010108482,0.11758802174721783
2016-06-02,2016,0.00037393258944387104,2016-06-16,HAR,0.0007823724519668516,0.0009126924722913695,0.0008498758429523415,0.0009297869673528821,0.0447972944695163,0.01102395689886837,0.08582377484491754
2016-06-03,2016,0.00040015964030377146,2016-06-17,HAR,0.0006003447226881071,0.0007176909322106095,0.0006330815808806063,0.0007225372049744858,0.01862775590788246,0.0029901358988766447,0.06955062800515055
2016-06-06,2016,0.0005883560487395094,2016-06-20,HAR,0.000603694585288256,0.0007061024765983425,0.0006571389919268796,0.0007214956356017439,0.005564598783054819,0.0037886211544613246,0.015344298844956583
2016-06-07,2016,0.0005714046627214658,2016-06-21,HAR,0.0005756732603780958,0.0006442999827873463,0.0006156139026468109,0.0006530073505953959,0.002681450308298139,0.0015983211704480027,0.006900362574334906
2016-06-08,2016,0.0005368110247901605,2016-06-22,HAR,0.0005951716258488499,0.0006421957689218178,0.0006338335066163294,0.0006494124762913531,0.007920757206286488,0.0018858036150088964,0.009999490506134912
2016-06-09,2016,0.0005377457212700313,2016-06-23,HAR,0.0004618986062891359,0.0005062296477293967,0.0005011813289028903,0.0005175239322985576,-0.009628299466006851,-0.0011170071037698293,-0.010305791842094791
2016-06-10,2016,0.0006719784590967211,2016-06-24,HAR,0.00041512545267376373,0.00047406622290084176,0.0004536995575489018,0.0004841123986704029,-0.04877251030511509,-0.008445053308424377,-0.06849157625604008
2016-06-13,2016,0.0007919682632635362,2016-06-27,HAR,0.00030671425247463915,0.0003521583568290006,0.0003335607826768046,0.00035296120451026267,-0.12391127175740912,-0.002838160317002014,-0.1950420164375828
2016-06-14,2016,0.0007706313895444114,2016-06-28,HAR,0.00035536021315358364,0.0004214412962662807,0.00038460770747472835,0.0004338804026347165,-0.08581868809613358,-0.023335398938762353,-0.169482030380542
2016-06-15,2016,0.0009619183665236537,2016-06-29,HAR,0.00034700112680819604,0.0004011565647988452,0.000375658686735818,0.00041608295677072056,-0.1321191574397913,-0.04948708979488625,-0.22920357010828152
2016-06-16,2016,0.000816056927341145,2016-06-30,HAR,0.0003827555619972062,0.00042195481422344436,0.0004115380686410563,0.00044123662085277063,-0.07660873745318852,-0.039831340416101035,-0.10056472102753578
2016-06-17,2016,0.0007841023166083524,2016-07-01,HAR,0.00040027025805171806,0.00039658240510531966,0.00043098728397893355,0.0004212083497323966,-0.06567703461634711,-0.05535022821257485,0.008960161456349702
2016-06-20,2016,0.0005937325040175169,2016-07-04,HAR,0.0005044383608731804,0.000450516448197617,0.0005449942726068804,0.0004830548725051505,-0.010258436730560483,-0.019037195108980498,0.027825045473077736
2016-06-21,2016,0.0008414735048434534,2016-07-05,HAR,0.0004222578962610941,0.0003740944125002103,0.0004322744383587324,0.0003959792198671898,-0.022732086908243687,-0.06746319459275263,0.13545808780835156
2016-06-22,2016,0.0008389675669458859,2016-07-06,HAR,0.0003690271355953999,0.00031593979892316834,0.0003961584958968414,0.00034326577653696346,-0.08475611163281993,-0.12843745746087176,0.2266903965998246
2016-06-23,2016,0.0008397894056203154,2016-07-07,HAR,0.00035554167460461486,0.00030093051027902653,0.0003724660355162913,0.00031744289791165744,-0.06082274910871632,-0.09174191368559814,0.2618792695004304
2016-06-24,2016,0.0007698775336568772,2016-07-08,HAR,0.00043814860493804765,0.0003916043579003879,0.000343503002089926,0.00037781779719565933,0.2407767726116088,0.03589775664632988,0.09653632020002334
2016-06-27,2016,0.0006574185164621677,2016-07-11,HAR,0.000497689673697613,0.0004717241580414686,0.00038445282335360017,0.0004479460435795347,0.13091460176457215,0.02225688306592044,0.019127329913108504
2016-06-28,2016,0.0009350548788563598,2016-07-12,HAR,0.0005251186848303136,0.0004784098055544309,0.0004038734931107526,0.0004519834142042389,0.2720402755401823,0.057453091683481006,0.08069512031857151
2016-06-29,2016,0.0009377055042247593,2016-07-13,HAR,0.0006272338899171369,0.0005195124598578484,0.0005533821092325419,0.0004949470577343817,0.07424297532762836,0.041145076279482495,0.12155801556485013
2016-06-30,2016,0.0010197975454069082,2016-07-14,HAR,0.0006221899880151535,0.0005261461235423346,0.000528864861251358,0.0004997519609110394,0.1267184324969195,0.05090015561395056,0.13152838855201043
2016-07-01,2016,0.0010155162210055203,2016-07-15,HAR,0.0006211603530341835,0.0005401943856274711,0.0005984242352726754,0.0005191422655231198,0.024824770836024967,0.03648248064308213,0.10537899002053752
2016-07-04,2016,0.001048150568950537,2016-07-18,HAR,0.0006218052300055291,0.0005315895782896211,0.0005874410584002033,0.0005100710734714126,0.04175671894866362,0.04186021080149516,0.12931640799700972
2016-07-05,2016,0.0007956612320679649,2016-07-19,HAR,0.0007583037290467878,0.0007564229654147978,0.0007673124376561393,0.0007267890633033124,-0.0005089304693264296,0.0029243963618892366,0.00012557695175630101
2016-07-06,2016,0.0007961763193706598,2016-07-20,HAR,0.0007352818240268891,0.0007480715004050067,0.0007158695243418084,0.0007162146174361679,0.0026069344787291726,0.003821086087874903,-0.0012680874598052227
2016-07-07,2016,0.0008270735054800137,2016-07-21,HAR,0.0007286873806025276,0.0007519108307052634,0.0007518075436549637,0.0007211238902449767,-0.0036693959417606337,0.005153897196261248,-0.0036831386837361535
2016-07-08,2016,0.0007595105441480795,2016-07-22,HAR,0.0007682680659092362,0.0008579557934752075,0.0007035575080213468,0.000816021364965826,0.002938678226456659,-0.004619717172245963,0.007068938608456143
2016-07-11,2016,0.0007591686101941705,2016-07-25,HAR,0.0007692434144470568,0.0008790970909527867,0.0006679687165098496,0.0008425035102707046,0.008464098952850385,-0.005008596561927092,0.010162586480094937
2016-07-12,2016,0.0004122929754254615,2016-07-26,HAR,0.0009430899846676824,0.0009213902178892456,0.000964395188903527,0.0008807842783034354,0.012681538682353555,-0.024441701765419488,-0.012982167080124896
2016-07-13,2016,0.00024360687269700908,2016-07-27,HAR,0.0010448956251694055,0.001132382201133423,0.0010637114767206646,0.0010821095960762163,0.013723204414964663,-0.035416692644515635,0.06239442867009881
2016-07-14,2016,0.0002024772737811536,2016-07-28,HAR,0.0010399121805080242,0.001040155726263038,0.001073325720767016,0.0009947420588294691,0.025564343705227976,-0.03575527536896406,0.00018858178249470114
2016-07-15,2016,0.00027196140492437315,2016-07-29,HAR,0.0010255896065781494,0.0010111466706988809,0.0010627051993408166,0.0009683658342555961,0.02628864562425992,-0.03134797333375339,-0.010394973826020504
2016-07-18,2016,0.0002546039514564481,2016-08-01,HAR,0.0009763320436823269,0.0010026374822223252,0.0009951373615273626,0.0009580625463460576,0.014150104084095894,-0.033661650817128574,0.019744770307883464
2016-07-19,2016,0.00025049183371311535,2016-08-02,HAR,0.0009508289045668718,0.0009700931574739175,0.0009890924854581303,0.0009298301926346651,0.029262163927419316,-0.031209083649061498,0.014826425705080304
2016-07-20,2016,0.000262319467131528,2016-08-03,HAR,0.0008417029522938454,0.0008594366639982673,0.0008772872597694112,0.000824795187178287,0.02876612131888212,-0.02832265805436851,0.01441928102337986
2016-07-21,2016,0.00027522162369527167,2016-08-04,HAR,0.0008619568984065839,0.000918113880030844,0.0009009427156926106,0.0008810404483364482,0.030419641358575333,-0.028603895208905605,0.04358607938756531
2016-07-22,2016,0.0003209957227373013,2016-08-05,HAR,0.0008755803485163353,0.0009599861136569254,0.0009159762323697525,0.0009223606575183016,0.028935500805268077,-0.02634247453753602,0.059798179631529
2016-07-25,2016,0.0003413797367313459,2016-08-08,HAR,0.0008773572155961533,0.0009887398563522885,0.000912988739994221,0.0009484743500564147,0.02462378172198143,-0.026918899895628456,0.07568448318258625
2016-07-26,2016,0.0003401824882844377,2016-08-09,HAR,0.0007893356065369522,0.0008908157264405474,0.0007988854914888731,0.0008540479915297525,0.006874175704663976,-0.02570994126375492,0.07185031368190575
2016-07-27,2016,0.00038362682024425715,2016-08-10,HAR,0.0007501432714985787,0.0008640230790641704,0.0007820777789237935,0.0008290590084448984,0.02080783941269182,-0.02258321908333194,0.07393119268529791
2016-07-28,2016,0.0005603704494248657,2016-08-11,HAR,0.0007384124054883814,0.0008738201689607248,0.0007683712198113708,0.0008383042493281855,0.010181527052132822,-0.01432444099647423,0.05077470884834501
2016-07-29,2016,0.0005278693744994465,2016-08-12,HAR,0.0006751924587189166,0.000815573973991554,0.0007027990059762133,0.0007833767792383606,0.00936316617918731,-0.013676583409825582,0.054325221822037584
2016-08-01,2016,0.0007312483815218462,2016-08-15,HAR,0.000680959408490447,0.0008543524737105991,0.0007074838670862965,0.0008212186910781396,-0.0020478637066494443,-0.005020940805396279,0.00890044543036339
2016-08-02,2016,0.0007698048026980992,2016-08-16,HAR,0.0006730146282896326,0.0008473280201037412,0.0007017919755287954,0.0008169137014249339,-0.00503280415894114,-0.002729965001737611,-0.0049864170287765575
2016-08-03,2016,0.0007613876249263373,2016-08-17,HAR,0.0006801579359939037,0.0008228578333650749,0.0007105023607967168,0.0007942025862350928,-0.004161734278735452,-0.0020596775409096324,-0.0036725886142905395
2016-08-04,2016,0.0007472966868408819,2016-08-18,HAR,0.0005737368309882446,0.0006545782105924997,0.0006176129849826394,0.0006403146571276203,-0.018840894107128747,0.003399770901315158,-0.029041376008238196
2016-08-05,2016,0.0006734625872418975,2016-08-19,HAR,0.0006127363610033759,0.0006516667390573698,0.0006654647958851523,0.0006398610456352735,-0.004537286374516114,0.0007852414736460034,-0.004061772391856344
2016-08-08,2016,0.0007112213541645767,2016-08-22,HAR,0.0006266250111279261,0.0006298156837318762,0.0006539676848928537,0.000607813328472968,-0.00474533018886536,0.00531865755567118,-0.0006710556519440303
2016-08-09,2016,0.0007256883711055744,2016-08-23,HAR,0.0005712457960387006,0.0005633018205926068,0.0005934136900817713,0.0005447347954858553,-0.009384120908832116,0.010393765535168242,0.003911286706820505
2016-08-10,2016,0.0007057038279379862,2016-08-24,HAR,0.0006130957402911095,0.0006413593512264775,0.000692847364415608,0.0006466656063604651,-0.010205363907620502,-0.0007893734142196962,-0.005656002120318249
2016-08-11,2016,0.0006046521216184931,2016-08-25,HAR,0.0005511102320614792,0.0005059119019672915,0.0005483277648150357,0.00048687666651447156,0.0005058295509794419,0.008375515619570173,0.01244767778470468
2016-08-12,2016,0.0005718353507679871,2016-08-26,HAR,0.0004642518519776298,0.0003944178068331618,0.00046918904331708067,0.0003806114021281589,-0.0023827512676808382,0.016959367348610144,0.05506970874100858
2016-08-15,2016,0.00034719648757643043,2016-08-29,HAR,0.0005391785900966432,0.0003929944829944103,0.0005274819586909968,0.000389202684610232,-0.007653251755765922,-0.0010881971847354066,-0.07672322230715167
2016-08-16,2016,0.00043109454826149055,2016-08-30,HAR,0.0005559257533398173,0.0003708909273380439,0.0004912461687108703,0.00035566522761061825,-0.021589844568559613,0.00783980856762767,-0.017858551163641323
2016-08-17,2016,0.0004269964053872164,2016-08-31,HAR,0.0005338776563958993,0.0003426579353035337,0.0005433311122741414,0.00036558241126111575,0.003636402113765591,-0.013381692479107699,0.0028942054287517394
2016-08-18,2016,0.0007813687385370135,2016-09-01,HAR,0.0005499811091198206,0.0003457494252166107,0.0005637298958984161,0.00037658190539429894,-0.009958568539814472,-0.0996093489623,0.37503894820907036
2016-08-19,2016,0.0008211620274364605,2016-09-02,HAR,0.0005406998987002032,0.0003461378611512347,0.0005269323297782919,0.0003651681036426883,0.013888028149134257,-0.07011143070904247,0.4076261208151708
2016-08-22,2016,0.0007780170886663247,2016-09-05,HAR,0.000568065496673761,0.00038803681051820325,0.0005939184954393155,0.0004134857761567891,-0.015112268917400584,-0.05988010741716998,0.25428147986852334
2016-08-23,2016,0.0007746963993523964,2016-09-06,HAR,0.0005582963653395985,0.0003854037661790098,0.0005847329525086953,0.0004114954602671698,-0.016470362887710976,-0.06194734734881013,0.2518841425183913
2016-08-24,2016,0.0007473241177991383,2016-09-07,HAR,0.0005842219400837522,0.0004179770032513725,0.0005331551319378087,0.0004163087778367245,0.03105410552780352,0.003165487604164241,0.17392212391737605
2016-08-25,2016,0.0008402864547557636,2016-09-08,HAR,0.0006487227308589747,0.00046517204112675475,0.0006760180619227145,0.0004893542565617496,-0.01108519929435925,-0.03858672208200975,0.1785075470405646
2016-08-26,2016,0.0008644718080773099,2016-09-09,HAR,0.0006296947647158245,0.00046285794768741227,0.0005485632347052635,0.0004453704191918164,0.06510834751188721,0.03482095086400161,0.18702513854978875
2016-08-29,2016,0.000877549616973719,2016-09-12,HAR,0.0005716664793578979,0.00044808242300782916,0.0006141767821072256,0.00046889671287755436,-0.03452313799855311,-0.04153038519196439,0.17980452565010818
2016-08-30,2016,0.0008340766847068568,2016-09-13,HAR,0.0006388570887375393,0.0005412050255152372,0.0006594933733254912,0.000547485839770051,-0.00906179882005187,-0.0061417860844201755,0.06968842312014534
2016-08-31,2016,0.0008665433387618606,2016-09-14,HAR,0.000587149434818662,0.0005235566687636021,0.000621492694586137,0.0005354856455461084,-0.024709554278364187,-0.014341938751249117,0.0646268494657063
2016-09-01,2016,0.0004814910116844099,2016-09-15,HAR,0.0008317857183433371,0.000792820068752157,0.0008966839093645803,0.0008137838279342386,0.033232808792589275,0.010453535467610742,-0.01952844713925561
2016-09-02,2016,0.00045716030481588127,2016-09-16,HAR,0.0008402486484847815,0.0008007942141432683,0.0009005129304735598,0.0008176641657483396,0.03285582340282822,0.009069289777873024,-0.021287634755985607
2016-09-05,2016,0.00045945776449216307,2016-09-19,HAR,0.0008293413359641771,0.0007896226684801572,0.0008904089608131322,0.0008040364034402802,0.033053406822453724,0.007658328840294715,-0.02120980238108583
2016-09-06,2016,0.0004781366052629154,2016-09-20,HAR,0.000794620053867371,0.0007700109426998912,0.0008540308908091182,0.0007844623260893862,0.0302446973469106,0.007154707087605239,-0.012228813635787539
2016-09-07,2016,0.00047643671020912236,2016-09-21,HAR,0.0007951719708132853,0.0007542008487542674,0.0008523111326429791,0.0007683742921078446,0.02922526494345501,0.006965719877705112,-0.02035089554747671
2016-09-08,2016,0.00033010103773395573,2016-09-22,HAR,0.0009096832671266993,0.0008358269587107377,0.0009490877500714035,0.0008365875261967262,0.02733884922835106,0.0005504926929909004,-0.052610122897666756
2016-09-09,2016,0.00031037943107276706,2016-09-23,HAR,0.0008808588592733063,0.0008334580037702825,0.0009488065216658683,0.0008481824323470449,0.04907364686666149,0.011047580579888638,-0.03527449170104102
2016-09-12,2016,0.00029776093742489866,2016-09-26,HAR,0.0007705253123165186,0.0007295847220004287,0.0008227127857344239,0.0007432373690365786,0.041021515298479194,0.011043076117132955,-0.032912019919855595
2016-09-13,2016,0.00034849108882805524,2016-09-27,HAR,0.0007968793247246437,0.0007496943965999925,0.0008452044841854152,0.0007688842114447036,0.033871270629460604,0.013673152517887033,-0.03351318472542353
2016-09-14,2016,0.00033028499954935385,2016-09-28,HAR,0.0006955055732459386,0.0006339136101279839,0.0007397748866747663,0.000662004740035969,0.03328904367645791,0.021251145415824624,-0.04658585072229293
2016-09-15,2016,0.0007209496443065543,2016-09-29,HAR,0.0006666610530380894,0.0005899899049677602,0.0006840562089953347,0.0006157407279217017,-0.0017418930165407076,-0.008383293549742987,0.01835956136758643
2016-09-16,2016,0.0007068316758585714,2016-09-30,HAR,0.0006772024809892137,0.0005837864331314092,0.0006369530492580535,0.0005954528250263603,0.004680947421252135,-0.003935047512243273,0.018583549963762103
2016-09-19,2016,0.000683473369665757,2016-10-03,HAR,0.0006772765981284706,0.0005561232165546759,0.0006309163382858828,0.000570575038410079,0.003246665779860436,-0.005473848954561156,0.022756874552124273
2016-09-20,2016,0.0006544328952131941,2016-10-04,HAR,0.0006920027490229435,0.0005739560066191367,0.0006458377984493661,0.0005874914725823711,-0.001441616429272763,-0.0029609029842845302,0.007468687444884381
2016-09-21,2016,0.0006512699832594423,2016-10-05,HAR,0.0006695109356355661,0.0005419920091194087,0.0006601230435415848,0.0005320588401576147,-0.0002872896355565757,0.003936290963435063,0.01757179964831046
2016-09-22,2016,0.000595793554961982,2016-10-06,HAR,0.0007002853589446279,0.0005473131003386473,0.0006237226417310176,0.0005280863188341084,-0.011346999382088718,0.003872146348545158,-0.008674681627847569
2016-09-23,2016,0.0005892955920274207,2016-10-07,HAR,0.0006732896661466834,0.0005672031336276781,0.0005209266544982359,0.0005373960983631298,-0.0005697849234760355,0.0036439849071641106,-0.007756565312197594
2016-09-26,2016,0.0006312018884073051,2016-10-10,HAR,0.0006043618825915841,0.0005442857202500444,0.0005979687624456617,0.0005249211457845189,0.0005315588943597405,0.006555147041837017,0.010579176844174754
2016-09-27,2016,0.0005428765262137883,2016-10-11,HAR,0.0006811770052186761,0.0007137064025705332,0.0007025719242292121,0.0006838111659080211,0.006656081052494933,-0.009535611363653551,0.010325163600646725
2016-09-28,2016,0.0005647109138186253,2016-10-12,HAR,0.0006835828594729926,0.0007098712018422781,0.0007076545512836431,0.0006788843664517358,0.006507269378645653,-0.008322584655063636,0.007142910622800258
2016-09-29,2016,0.0001748569786313554,2016-10-13,HAR,0.0008328324093276776,0.0006971203516501612,0.0008422944427842832,0.0006683680310398267,0.008938660594115078,-0.03132882708007312,-0.13700141185247272
2016-09-30,2016,0.0001806348747820084,2016-10-14,HAR,0.0008191157683698764,0.0006753220272560649,0.0008024397057280856,0.0006517240330580128,-0.015985839257006695,-0.02588339051337396,-0.14608039007641516
2016-10-03,2016,0.0001828306922732963,2016-10-17,HAR,0.0006269310590698592,0.0004871433400260748,0.0005973109618147333,0.00046843420263210667,-0.03393716347213527,-0.024172905894629615,-0.16859433497698895
2016-10-04,2016,0.00019132334232612762,2016-10-18,HAR,0.0006041631337267594,0.00045494755262156085,0.0005828128706807907,0.00044127519889149104,-0.02437729493652263,-0.017483549460364678,-0.17979773981604819
2016-10-05,2016,0.0003285665091821566,2016-10-19,HAR,0.0006077398618501488,0.0004366284076097161,0.0005070077261020795,0.00042454396011562263,-0.07380714784860665,-0.006647148427676441,-0.11879286367991782
2016-10-06,2016,0.00039370989957404075,2016-10-20,HAR,0.0006015493905768926,0.0004414341521439261,0.00047174487855456245,0.00041739904037263833,-0.06298112897251684,-0.004628522109799249,-0.07208466496667398
2016-10-07,2016,0.00038964416114728814,2016-10-21,HAR,0.0005876671992460756,0.0004312746466381696,0.00046965644384413385,0.00040549099036789235,-0.05755818099977894,-0.004198116403080654,-0.06898003185227353
2016-10-10,2016,0.00035647996270289607,2016-10-24,HAR,0.0005043602265168161,0.0003661155882287933,0.0003912547096148913,0.0003476109838035185,-0.04960838228094833,-3.24797919866171e-05,-0.0534565245717209
2016-10-11,2016,0.00033450417831672945,2016-10-25,HAR,0.0005114645599153919,0.0004065262415644207,0.00044503686890356097,0.0004033510160606285,-0.04150108465014313,-0.0013638367150612396,-0.060806852438850534
2016-10-12,2016,0.00029882520982824995,2016-10-26,HAR,0.0005232273038816427,0.0004627134366655747,0.0004422340297617612,0.00043313252487878266,-0.06357870364714024,-0.021958373908774753,-0.04821681653286447
2016-10-13,2016,0.00029740085917117373,2016-10-27,HAR,0.0004785136758846888,0.00044547439204985207,0.0004665318569232625,0.0004432025128934307,-0.009396410294135293,-0.0016907814297617563,-0.02544982289121922
2016-10-14,2016,0.00036771079139337834,2016-10-28,HAR,0.00046737402810629236,0.0004590038806184006,0.0004715219253718106,0.00046942961289325996,0.0019147636179592809,0.004667648932398016,-0.0037242733481548385
2016-10-17,2016,0.0004727567409423143,2016-10-31,HAR,0.00047024740657905344,0.0004536813924323227,0.000501708143550083,0.00047788068737442455,0.001717743670937466,-0.0008020020451668941,0.0008457123101592856
2016-10-18,2016,0.0004713222318007227,2016-11-01,HAR,0.00046698225710167866,0.0004480141096823662,0.0004901549715550259,0.0004641644790268324,0.0007146740961747611,-0.0011904514657077314,0.0012652221211082448
2016-10-19,2016,0.00042275056441733026,2016-11-02,HAR,0.0005415791783298042,0.00048211781802905005,0.0005761569046632411,0.0005051153752855605,0.01504417055120122,0.006675444264303998,-0.020027891453793245
2016-10-20,2016,0.00035362621839562884,2016-11-03,HAR,0.0005656793734899866,0.0005405449485757517,0.0005977509115755977,0.000563653510909966,0.021605873223297323,0.015041025166579125,-0.016381905956048826
2016-10-21,2016,0.0003850810507059768,2016-11-04,HAR,0.0005440341627936719,0.0005343732402426694,0.0005371355907434221,0.0005276033284456523,-0.0036707026188489422,-0.0035031988027887095,-0.005120741996625711
2016-10-24,2016,0.00037874799010185946,2016-11-07,HAR,0.0005178040086527164,0.0005544332931653915,0.0004897369809382736,0.000508205701618845,-0.013808607939939321,-0.024921421832377888,0.020025557593638332
2016-10-25,2016,0.0003795384064682659,2016-11-08,HAR,0.0005243531973900087,0.0005994772266518957,0.0005509907161038283,0.0006140222521693122,0.014559452165765485,0.00897587060656413,0.04318607544863884
2016-10-26,2016,0.0003879351079393051,2016-11-09,HAR,0.0005159273074525983,0.0006102847588878997,0.0005570525178832965,0.0006298168030808072,0.021182195323441455,0.011789991167951541,0.05170408964187967
2016-10-27,2016,0.00038930147506276077,2016-11-10,HAR,0.0004485235185186743,0.0005270075163798455,0.00045646733700711905,0.0005311908365010191,0.0024510385307028315,0.0020889912484545192,0.031993399492479924
2016-10-28,2016,0.0005451588474117987,2016-11-11,HAR,0.000489838193930176,0.0005576712715372796,0.0005190196569676714,0.0005776108876061087,-0.004707327971997799,0.0013844635510817938,-0.005678953935190023
2016-10-31,2016,0.0004348597519368249,2016-11-14,HAR,0.00034695934196936904,0.00036612087432687213,0.00036319550238042683,0.00038567794774686814,-0.01029542073001366,-0.008189588185123498,-0.011839917915775544
2016-11-01,2016,0.0007174905103910223,2016-11-15,HAR,0.00034778686961470684,0.00033502038424354215,0.00026869032875854207,0.0003124196571444466,0.3492768821044381,0.08508363030286326,0.04121611009476922
2016-11-02,2016,0.0006474814652256522,2016-11-16,HAR,0.00040673880331177655,0.00036767395143398656,0.00037529207836549324,0.0003769382060633105,0.05292168646404516,-0.018397028536666582,0.06816093523622957
2016-11-03,2016,0.0006508357284555875,2016-11-17,HAR,0.00040737895845006624,0.0003516446988274897,0.0003159789088123427,0.0003310754338832731,0.20805838536922572,0.054714708031202264,0.10609332275858208
2016-11-04,2016,0.0006199011070344885,2016-11-18,HAR,0.00041307643239738885,0.0003562192980393713,0.0003409792694716333,0.000338591408308028,0.125497896209378,0.039847790729624855,0.09144368610659814
2016-11-07,2016,0.0007347282950774949,2016-11-21,HAR,0.0004038374303257332,0.00035146639752754765,0.0003588439948068416,0.0003370698471183209,0.10999550271516423,0.04746167584838101,0.13220046816744713
2016-11-08,2016,0.0007136537914776699,2016-11-22,HAR,0.00041542699319846254,0.0003610467539430924,0.00041989930564009917,0.0003507598396425237,-0.007588954678901416,0.029063787743448977,0.11844471867643591
2016-11-09,2016,0.0007138646011326493,2016-11-23,HAR,0.0003955453039497328,0.00035608721568693196,0.0003759686561819879,0.0003451929246374502,0.043214143938782534,0.03219758718634935,0.09489621134906212
2016-11-10,2016,0.0007567590240956732,2016-11-24,HAR,0.00037285240183184695,0.0003632082797914433,0.00037989816067475116,0.0003529050923375488,-0.0189221588470998,0.0320523990624082,0.027686219386160005
2016-11-11,2016,0.0005908562923833602,2016-11-25,HAR,0.0004832181699536555,0.0005265077481610199,0.0005107678671589428,0.0005261077431641392,-0.01050562640743724,9.32122016132908e-05,-0.014737181569436153
2016-11-14,2016,0.0005928154841820333,2016-11-28,HAR,0.00047671496264765586,0.0005255910202124443,0.0004619817373551239,0.0005231959860101192,0.008264882203891766,0.0005959455701916028,-0.018035608058404762
2016-11-15,2016,0.00048576124958366735,2016-11-29,HAR,0.0006332367697117193,0.0006487937437316346,0.0006324592455089297,0.0006321418841846879,-0.00028555406820274243,-0.006278380714324072,0.0058765048855882185
2016-11-16,2016,0.0009421263114635685,2016-11-30,HAR,0.0006474172719997226,0.000643902511035213,0.0006846090011081208,0.0006410030441391907,-0.02319801391134213,0.002105181252865407,0.0024996060926421038
2016-11-17,2016,0.0016771292273059456,2016-12-01,HAR,0.0006461234782031746,0.000657350898296266,0.0006688728563036747,0.0006415023470634536,-0.05367961197922888,0.03862680217079717,-0.027106333927989112
2016-11-18,2016,0.0016760149146338044,2016-12-02,HAR,0.0005584696917271763,0.0005733415487818136,0.000580531653183626,0.0005645673353908984,-0.0753063371934708,0.030009531926477706,-0.05156362014829874
2016-11-21,2016,0.001590663216244969,2016-12-05,HAR,0.0005876568513517563,0.000553305888423986,0.0006075643339616974,0.0005385978560303966,-0.05537590914080592,0.051564217196760076,0.10781375382238778
2016-11-22,2016,0.0016248897976916116,2016-12-06,HAR,0.0005764631744099262,0.0005389897364353163,0.0006015756533877445,0.0005259319693560683,-0.07502534405207317,0.05032378144118255,0.1287576835158104
2016-11-23,2016,0.0016220580524145157,2016-12-07,HAR,0.0005800254248736409,0.0005194700964256628,0.0006235708622860455,0.0005193729648137441,-0.12289781906751251,0.00039696578761905243,0.21573248462444816
2016-11-24,2016,0.0015802229088564743,2016-12-08,HAR,0.0005958557659492069,0.0004949591557063686,0.0005887778148304245,0.000484228157284141,0.019931356055680638,0.04883300851649519,0.3550870418471854
2016-11-25,2016,0.0015255611855065421,2016-12-09,HAR,0.0006321223767486955,0.0005288234366132271,0.000654568660673563,0.0005191818723333123,-0.04786599584408435,0.035172759461470804,0.292997714199176
2016-11-28,2016,0.0016357960938511902,2016-12-12,HAR,0.0006271357152385576,0.0005130576177315349,0.0006445033924870142,0.0005054332822407808,-0.04297136489315445,0.03312303137483852,0.3791928246638996
2016-11-29,2016,0.0014689995382419286,2016-12-13,HAR,0.0006921136968979388,0.0005825089426355468,0.000704637335259913,0.0005674116713805543,-0.019790239978918933,0.040840050233140524,0.22696022222224244
2016-11-30,2016,0.0009706966979444584,2016-12-14,HAR,0.0008982926079565173,0.0006560742555408576,0.0009280604349942311,0.0006390276989075612,-0.002059646620936384,0.0131420435744527,0.08472931773998038
2016-12-01,2016,0.0002976331415346545,2016-12-15,HAR,0.0012877706704562336,0.0007896930938501374,0.0012427617462625017,0.0007645697260568934,-0.027205902420010197,-0.01994650606179782,-0.34324900956226223
2016-12-02,2016,0.0005082583135559238,2016-12-16,HAR,0.0011969331685841229,0.0007197984070092397,0.0011021011175511497,0.000716215292431155,-0.046005831839009304,-0.001457803514699485,-0.22706848842106364
2016-12-05,2016,0.0004891756728580453,2016-12-19,HAR,0.0012288657591747825,0.0007332164337865661,0.001019525167529333,0.0007155407226151433,-0.10501812510754327,-0.007921734371644895,-0.2473127380359026
2016-12-06,2016,0.0004903476890726376,2016-12-20,HAR,0.0012301527279508762,0.0007838633345652751,0.0010907413195908597,0.0007681725825779652,-0.06933340024972434,-0.007442678403313252,-0.22371355970559925
2016-12-07,2016,0.0005672177070688623,2016-12-21,HAR,0.0012227471432915077,0.000842756151242244,0.0011993651039146124,0.000851830672674273,-0.01026409001953521,0.0035401270223669457,-0.16301488762292315
2016-12-08,2016,0.0006008899650542334,2016-12-22,HAR,0.0011990539216989913,0.0009299845184766588,0.0011598528845186847,0.0009179911217093872,-0.016302112253343992,-0.004538655289771043,-0.10912792209531119
2016-12-09,2016,0.0005883792016731359,2016-12-23,HAR,0.001207026574929794,0.0009966200771308364,0.0012735745030376282,0.0010047352113934133,0.02819628333734503,0.0033412932667840067,-0.08863266427721417
2016-12-12,2016,0.0005085110324595699,2016-12-28,HAR,0.0012766141922507818,0.0010960824131320958,0.001270648712748549,0.0010539720639363061,-0.0028137618580341694,-0.020640397112712705,-0.08686188207815881
2016-12-13,2016,0.0004910002923200383,2016-12-29,HAR,0.0011581154728075675,0.00110237930960194,0.0011885960442756698,0.001054503593229856,0.015106492257307202,-0.024179012243132014,-0.027887626286452694
2016-12-14,2016,0.000490406815798321,2016-12-30,HAR,0.0011445325788495735,0.0011671840968103802,0.001190129788890871,0.0011111004440269082,0.022649855186458012,-0.028035158679762695,0.011282307308137618
2016-12-15,2016,0.0004162898780504075,2017-01-03,HAR,0.0010523542493269095,0.0011732359422313987,0.0011355475445626697,0.0011239332947883519,0.04710392065292801,-0.02736661029200249,0.067978253654851
2016-12-16,2016,0.00021315519283119413,2017-01-04,HAR,0.0011457245114459363,0.0012040065424360645,0.0012009836197586798,0.0011363966824659438,0.03854353397980237,-0.047259448807850823,0.04061179844798257
2016-12-19,2016,0.00020577238649318116,2017-01-05,HAR,0.0011348614256539633,0.0012690550425761135,0.0011709749428647058,0.0011810791433457249,0.02573414400593066,-0.05976611596934145,0.09258876434820085
2016-12-20,2016,0.00019638747261915254,2017-01-06,HAR,0.0011567613679299607,0.0012713431119405591,0.0012419996266444654,0.0011995216310571356,0.059446972619594085,-0.0489020203507291,0.07914863368126124
2016-12-21,2016,0.00018831441592775385,2017-01-09,HAR,0.0011429776834520691,0.0013341049615199442,0.0012492240472331652,0.0012857161465713999,0.07487310943436398,-0.03163231769698882,0.13102015274418566
2016-12-22,2016,0.0002002194221593992,2017-01-10,HAR,0.0011581948283212393,0.0013166327719045397,0.0012859760439298908,0.0012791878451219453,0.08747793571716045,-0.024400729775485352,0.10741226467665754
2016-12-23,2016,0.0002056982122415953,2017-01-11,HAR,0.0011337231111570429,0.001327408579371302,0.0012617375048447378,0.001273640435069184,0.08857445361571781,-0.03480741766219975,0.13124782082432684
2016-12-28,2016,0.00019830898410308552,2017-01-12,HAR,0.0011451352047722673,0.001297918295415468,0.0012715814482062847,0.0012719459382515795,0.08751808378729464,-0.01709382815137861,0.10485382346087135
2016-12-29,2016,0.00019895707489460632,2017-01-13,HAR,0.0010822144666540166,0.0012416112660658207,0.0011986144556083564,0.0012227641028668818,0.0843035552463487,-0.012826103311097903,0.11379904860981682
2016-12-30,2016,0.00019911973767387775,2017-01-16,HAR,0.0010717352001528672,0.0012566525787618746,0.001175117675789668,0.0012446457073437356,0.075743994054144,-0.008072022698311976,0.1318330635139171
2017-01-03,2017,0.0002037153852432075,2017-01-17,EWMA,0.0006523982413145052,0.0006651425907580705,0.0006710037554872084,0.0006616588557441928,0.019461355591273488,-0.003638764905637082,0.013363334290074746
2017-01-04,2017,0.0002242104909754885,2017-01-18,EWMA,0.0006182847314065978,0.0006397151005080733,0.000658469955545983,0.0006361739291329397,0.04083897578124418,-0.0035999981138248316,0.021925681303096134
2017-01-05,2017,0.0002305054777144096,2017-01-19,EWMA,0.0005850432437426632,0.0005971437797779326,0.0006169888399771216,0.0005930038997454938,0.03276532087089734,-0.004262109004389281,0.012488184606748831
2017-01-06,2017,0.0003217500904972946,2017-01-20,EWMA,0.0005676095800726099,0.0005668055425582938,0.0006083268807764083,0.0005659859968259441,0.03133735834030116,-0.0006249864725491605,-0.0006134348228208353
2017-01-09,2017,0.0002486710691634432,2017-01-23,EWMA,0.000582737549882832,0.0006066311996032812,0.0005818422632925728,0.0006090634016366223,-0.0008809151478992305,0.002364384093663574,0.023376347663657704
2017-01-10,2017,0.00020006675217421906,2017-01-24,EWMA,0.0005798713200830074,0.0006084519429049471,0.000575486998572024,0.0006112965223781144,-0.004961067378471462,0.0031341328582650263,0.03190523593393113
2017-01-11,2017,0.00019853287932234783,2017-01-25,EWMA,0.000548944854453408,0.0005548200152506514,0.0005315050201006221,0.0005554526373033183,-0.020418407378439696,0.000732032839638741,0.006816016855832885
2017-01-12,2017,0.00024991627405554446,2017-01-26,EWMA,0.0005341878235079762,0.0005181677011142841,0.0005133887322418799,0.0005217451436287686,-0.020760285834094283,0.0035732684931844005,-0.015984315191044374
2017-01-13,2017,0.0002880453436479388,2017-01-27,EWMA,0.0005025703176758514,0.0004850916554321271,0.0004934226927667732,0.0004937246426500307,-0.0077437752697155915,0.0072573321261995005,-0.014746364220139085
2017-01-16,2017,0.00028790935691788645,2017-01-30,EWMA,0.00047252495893950196,0.0004528562409730458,0.00046978443471276795,0.0004631128786130288,-0.0022622308037849592,0.008315742317848596,-0.016052376562458726
2017-01-17,2017,0.00029065984596351226,2017-01-31,EWMA,0.00044736330848305127,0.0004467762077041651,0.0004836414291529285,0.00045620618222055984,0.029237187924288754,0.007439459231744827,-0.0004594372171879968
2017-01-18,2017,0.0002719553100423949,2017-02-01,EWMA,0.0004389944838121817,0.0004664291200945455,0.000434676735667212,0.0004816381031237987,-0.0037306274250621385,0.013675352675332597,0.0241814311762516
2017-01-19,2017,0.0002605028752625842,2017-02-02,EWMA,0.00042063924655513226,0.00043736570198561964,0.0003991830944836108,0.00044825353252823035,-0.01906777901479373,0.010122069898788055,0.015309747192448597
2017-01-20,2017,0.00014233229532893837,2017-02-03,EWMA,0.00047291649384370165,0.0004374535652340246,0.0004538302988370685,0.0004482710214320874,-0.02853807966791866,0.016575884145699327,-0.053549847704372766
2017-01-23,2017,0.00016674877931062196,2017-02-06,EWMA,0.0004457940556645785,0.0004235626318386131,0.0004219152221058103,0.00043384259427956207,-0.03388291038691538,0.014652048212433932,-0.03152308303554907
2017-01-24,2017,0.0002175326731990017,2017-02-07,EWMA,0.0004192652211126553,0.00039651232784006164,0.0003813173585348939,0.0004019618224986243,-0.043237640117445686,0.006212273196120499,-0.026024053505120825
2017-01-25,2017,0.00022673121245434845,2017-02-08,EWMA,0.00039696906548748056,0.00037419187787364575,0.00038983412908009317,0.000388040991052012,-0.00768344204328919,0.014717014006312645,-0.024323195398881836
2017-01-26,2017,0.00015422078182751332,2017-02-09,EWMA,0.000425032572958893,0.00036149787022134264,0.0003527428803293747,0.0003589169078952007,-0.11206649922212719,-0.004097457812106242,-0.09813825899168549
2017-01-27,2017,0.00016537970433952673,2017-02-10,EWMA,0.0004249729587615819,0.0003822880723632058,0.00039740800357080107,0.0003815551300463482,-0.040069664798441096,-0.0010880859895721073,-0.062399647627564114
2017-01-30,2017,0.00020223284334409288,2017-02-13,EWMA,0.00039949424886297604,0.00036280066610586343,0.0003520346319923487,0.00036625245335859336,-0.05822337334113126,0.004215824560303005,-0.04514661219902916
2017-01-31,2017,0.00021666433040128187,2017-02-14,EWMA,0.00038051846656761407,0.0003346314645732226,0.00031084924816844844,0.00033512441197003443,-0.07461133103863204,0.000519630657850989,-0.05042582530607387
2017-02-01,2017,0.0002122756227833395,2017-02-15,EWMA,0.00036389216472789934,0.00031061817846049185,0.0003212684097782644,0.0003145172083086704,-0.047185952978185064,0.004002365744605996,-0.05824344760651723
2017-02-02,2017,0.00021724232801107577,2017-02-16,EWMA,0.0003425314987877237,0.0002863177768461356,0.0003216277348748453,0.0002954196722315322,-0.02174818764733466,0.007917672801465159,-0.05474164886466326
2017-02-03,2017,0.00022069996822134163,2017-02-17,EWMA,0.0003219879957925778,0.00027664914691353127,0.0002730977930955983,0.0002795045684195256,-0.041978193465899594,0.0021186147409046896,-0.03943211364082089
2017-02-06,2017,0.0002140710147458257,2017-02-20,EWMA,0.00031993585994611267,0.0002911157357821026,0.0002897483579220404,0.0002914151825506433,-0.029396750627366686,0.00027247554652376493,-0.028158901922555657
2017-02-07,2017,0.00020112069493805635,2017-02-21,EWMA,0.00033426730001675245,0.00032276637843225135,0.00030342605342618695,0.00032771327660996853,-0.03564663613261487,0.005804241791963705,-0.013573064317945693
2017-02-08,2017,0.00025459858709475045,2017-02-22,EWMA,0.00032310427397095226,0.0002882892755696308,0.00027571233137641785,0.0002922412470949441,-0.023172483779736908,0.0016726197200691573,-0.01885140871319191
2017-02-09,2017,0.00027562690639235945,2017-02-23,EWMA,0.00030804061023743126,0.000277296106537165,0.0002508859887974825,0.00027604915291277673,-0.0013934074621326786,-1.7019536708851035e-05,-0.0059398482533179475
2017-02-10,2017,0.0002675033558488674,2017-02-24,EWMA,0.00032231956909165146,0.0002642446108293245,0.00026751525582985135,0.00026591620688724734,-0.01634348841217026,-5.768183828092077e-05,-0.016268065996839276
2017-02-13,2017,0.0002306737638345022,2017-02-27,EWMA,0.00032717176567713277,0.00028886456708538533,0.00029664227637027065,0.0002880075190480365,-0.02539641524354508,-0.0005950427878342879,-0.03102802691453732
2017-02-14,2017,0.0002656911811912381,2017-02-28,EWMA,0.00032200083870199817,0.00026910401090112743,0.0002766324853515339,0.000268042676186995,-0.01654180436666053,-4.2397607531441395e-05,-0.01726412605963379
2017-02-15,2017,0.0004479161359738637,2017-03-01,EWMA,0.0003060070734525413,0.0002638707877572224,0.0002562494328248348,0.00026685365794375016,0.10676799068615406,-0.00773346849319978,0.08558978578589649
2017-02-16,2017,0.0005228647201467328,2017-03-02,EWMA,0.0002913771384561373,0.00025815001949784866,0.00025397324701919135,0.00025396692746048314,0.12688951460125608,0.017024039788411827,0.10989182014936816
2017-02-17,2017,0.0005194488791691128,2017-03-03,EWMA,0.0002761707378906552,0.0002378536802068978,0.0002627710280955784,0.0002329889855923642,0.04617798201146872,0.024934254937378775,0.15363975587560308
2017-02-20,2017,0.0005123140378286838,2017-03-06,EWMA,0.0002725197556382888,0.00022444890677221588,0.00021823191939828463,0.00022484259628028066,0.24549894675644346,-0.0022441398345582897,0.20856367649313512
2017-02-21,2017,0.0004746286568430856,2017-03-07,EWMA,0.0002812021423547111,0.0002267207327121677,0.0002391722593986922,0.00022806140627275182,0.1347181586117543,-0.006410572577201457,0.1902400779886646
2017-02-22,2017,0.00046654729166877983,2017-03-08,EWMA,0.00030829878231879995,0.0002782472901830815,0.00025932370136746546,0.00028053454296823253,0.11280414789363657,-0.005484142660195701,0.060881094496881616
2017-02-23,2017,0.0006989990014843507,2017-03-09,EWMA,0.0003079157682114038,0.0002579114830618799,0.0002443819267527099,0.00025607627363445526,0.35908080226733485,0.012282168765247015,0.2629203724442295
2017-02-24,2017,0.0006571888248690874,2017-03-10,EWMA,0.0003168740404714608,0.00028340414130561067,0.00027832356960649877,0.00028754668925240283,0.1575453369561277,-0.01889613199927176,0.13330508563257126
2017-02-27,2017,0.000668209229590261,2017-03-13,EWMA,0.0002978967099681287,0.0002645600420749067,0.0002500244441001043,0.00026549741731982736,0.2542971470354489,-0.005380579375066752,0.16396862073322094
2017-02-28,2017,0.0006212069082945176,2017-03-14,EWMA,0.00031744995309811907,0.00029853987032063637,0.00027807563779236994,0.0002984700582291588,0.1446567435539814,0.000252830302506446,0.06253490425387742
2017-03-01,2017,0.0004761550070647326,2017-03-15,EWMA,0.0004212492499746348,0.0003350848966175596,0.00033622264481478003,0.0003306429251433474,0.06039814719093961,0.005745275052190912,0.06181702983169757
2017-03-02,2017,0.0003957101877327806,2017-03-16,EWMA,0.0004488630100799523,0.0003959555173973866,0.00034114162855036024,0.0003926511188880874,0.003955226600441009,2.9999597517260668e-05,-0.00761887539248729
2017-03-03,2017,0.0003956712427951788,2017-03-17,EWMA,0.0004219670322168554,0.0003707944020504376,0.0003535405496721859,0.00036836970716538735,0.004556088537157166,0.00046317457972744336,0.000128372830364043
2017-03-06,2017,0.00038342491346607784,2017-03-20,EWMA,0.00040488858229118776,0.0003446430971583358,0.00039867561641919973,0.0003382873672714511,-0.0007059450189759175,0.002288475545978663,0.004436225158938711
2017-03-07,2017,0.0003939994842706001,2017-03-21,EWMA,0.00038091127490387457,0.0003271967770266792,0.00042338848438387065,0.0003194387399142019,0.001949637638269941,0.005248715029905426,0.0178017878688026
2017-03-08,2017,0.00034858172410171786,2017-03-22,EWMA,0.0003967248588729912,0.00038016417398886417,0.00042615736311354035,0.00037189829984059003,0.010881934273714755,-0.0016030558176280962,-0.004364167207550729
2017-03-09,2017,0.00010347637193120142,2017-03-23,EWMA,0.0005434996487596979,0.0006015466190591001,0.000573909501398763,0.000588664506905398,0.04435448043192469,-0.017883253689323197,0.08310315632892884
2017-03-10,2017,0.0001050563074319175,2017-03-24,EWMA,0.0005108999005346995,0.0005669318103281185,0.0005756791497352463,0.0005530985175245861,0.09623794463808544,-0.020068273162858752,0.08374220598904092
2017-03-13,2017,9.488075320433091e-05,2017-03-27,EWMA,0.00048750922091452984,0.0005440868808838898,0.0005526033790070418,0.0005309659597780144,0.10240556090340647,-0.02010172051608805,0.08956153047140702
2017-03-14,2017,9.898174207912603e-05,2017-03-28,EWMA,0.0004648572361876332,0.0005312836846817185,0.0005014330704978099,0.0005194474643199527,0.060208180045823845,-0.018285228377459717,0.10694321066392654
2017-03-15,2017,7.246083010418268e-05,2017-03-29,EWMA,0.0004646736197946524,0.0005168697649626246,0.000524163439519451,0.0005045902803746821,0.10276999070491755,-0.020632521639213586,0.09070813599110927
2017-03-16,2017,0.00010178544819118858,2017-03-30,EWMA,0.0004369187517590898,0.0004916727694569036,0.0004994609864751958,0.00047991593438255877,0.10461086429661925,-0.019130959734471986,0.09212285969612566
2017-03-17,2017,0.00010186146754790593,2017-03-31,EWMA,0.0004107138856968097,0.00046209382128760304,0.000471622433614743,0.00045106872989359337,0.10625209858251683,-0.01876032800672789,0.09029494731701249
2017-03-20,2017,0.00010248781052522477,2017-04-03,EWMA,0.00038627834713222383,0.0004318806735752701,0.00044177728304428963,0.00042165906635557485,0.1009162872743401,-0.018199616957438103,0.08357582809848907
2017-03-21,2017,0.00013058617858508913,2017-04-04,EWMA,0.0003703534371511255,0.0004220728150515833,0.000423132112261273,0.00041274890492162786,0.08924584624326304,-0.01534930529995382,0.08751379444822316
2017-03-22,2017,0.00012089002613600473,2017-04-05,EWMA,0.0003570113161862472,0.00041889419594003807,0.00039612983536871187,0.00040994851879024014,0.07053554064166079,-0.015289257647237875,0.10982732546566609
2017-03-23,2017,0.00010746483886160399,2017-04-06,EWMA,0.0003454061189956611,0.0004034285534986081,0.00039454072062166485,0.0003945111499706652,0.09425501987662432,-0.01633085930522782,0.11053134307789403
2017-03-24,2017,0.00011908628134165199,2017-04-07,EWMA,0.0003257282506432449,0.00038724455568666755,0.0003736885848053308,0.00038014493218502325,0.09043710940293526,-0.01276052624843338,0.11491503025658378
2017-03-27,2017,0.00012836679467290106,2017-04-10,EWMA,0.0003067737987610224,0.00036645375986060064,0.0003500669782195723,0.0003591892683616472,0.08026474222858315,-0.012938286289593037,0.10961514680805617
2017-03-28,2017,0.00011432541977309129,2017-04-11,EWMA,0.0002976557478353269,0.00034248355381136404,0.0003425869428348594,0.0003349606449627318,0.09021394930781224,-0.014713460289191183,0.0900128557117732
2017-03-29,2017,9.861524085657801e-05,2017-04-12,EWMA,0.000290109349434873,0.0003221494261119933,0.00033685980349042064,0.00031690512627854874,0.1022331458908079,-0.011347287563786779,0.0709496515432777
2017-03-30,2017,7.208527552715212e-05,2017-04-13,EWMA,0.000292062139168882,0.000304964206067442,0.0003321230473223636,0.00030104423645235806,0.09876796340580896,-0.009859325037264277,0.03278587486370377
2017-03-31,2017,7.42348491293109e-05,2017-04-17,EWMA,0.0002745985303995529,0.00028190659380219953,0.0003030942020351091,0.0002763264940669296,0.07331729759056849,-0.014674994384758833,0.01925744354903003
2017-04-03,2017,0.00023968772228184377,2017-04-18,EWMA,0.0002587407269097271,0.0002631365099184779,0.0002965294681438094,0.00026048960652724974,0.018267492913103922,-0.0008542183575741547,0.0013712457279941859
2017-04-04,2017,0.00020158091475633977,2017-04-19,EWMA,0.0002688975873067266,0.0002542875843663754,0.000290226537316999,0.00025083893688386874,0.021238388262665886,-0.002756015456800043,-0.012793474733072685
2017-04-05,2017,0.0003156790317458253,2017-04-20,EWMA,0.0002552831821812078,0.00022840832536075823,0.00025560824994640537,0.0002252992937024667,-0.00030006414313810126,0.005366911176956535,0.03425972744407879
2017-04-06,2017,0.00033520656503508486,2017-04-21,EWMA,0.00024097619133584382,0.00020308978021846204,0.00023263213856884537,0.00020308195957826085,0.014653963701849015,2.505265404906254e-05,0.08844786910136371
2017-04-07,2017,0.0003313210840912257,2017-04-24,EWMA,0.00023518653738004397,0.0001857903595936805,0.00022324271551828388,0.00018409814869029234,0.02325132981821998,0.007242056128540675,0.13878736263454083
2017-04-10,2017,0.0003214043375889404,2017-04-25,EWMA,0.00022775160880133378,0.000169621845144378,0.00021326765828093367,0.0001728243856275627,0.030133603829487043,-0.016407874564796643,0.18893903866522166
2017-04-11,2017,0.0003368594065991408,2017-04-26,EWMA,0.00021416525464191765,0.00015697053054870838,0.00018842512016743228,0.00016024909751757215,0.08682072009373432,-0.023234129506100487,0.26241951861847834
2017-04-12,2017,0.00034820689585470427,2017-04-27,EWMA,0.0002013240949083294,0.00014737676802620132,0.00018630887973990497,0.0001514819657186304,0.061882485737161375,-0.03655547827541383,0.3211912038181328
2017-04-13,2017,0.00034522082587116587,2017-04-28,EWMA,0.00019120319057663174,0.0001404149172287968,0.00015230395629110946,0.00013803327861719854,0.23368040707891158,0.025313572904286374,0.3443234949418841
2017-04-17,2017,0.00037917581841148115,2017-05-01,EWMA,0.0001812010082550402,0.00013964098899725926,0.00014615454664595513,0.00013822220658573647,0.28683593554399067,0.01765966140203279,0.3622595512153959
2017-04-18,2017,0.00026145668403590547,2017-05-02,EWMA,0.00027946637997111276,0.00023691203679302708,0.0002468101987184744,0.00023998529167191735,-0.0004761143426632586,-0.0012440294585802647,0.002852442640802977
2017-04-19,2017,0.0002703824429030759,2017-05-03,EWMA,0.0002633857261086689,0.00023227182762509943,0.00022662024941491705,0.00023209143446235007,0.016199630026262568,0.00012783132231497518,0.011801882798302188
2017-04-20,2017,0.0002241544188265292,2017-05-04,EWMA,0.0003249381492811188,0.00031315574280100746,0.00031345933261890327,0.00032161095420135536,-0.010703526446766531,0.007823643117494505,-0.010979255112146369
2017-04-21,2017,0.00020337077539093516,2017-05-05,EWMA,0.000319259826020529,0.0003212210203459668,0.00030736652880351096,0.0003294849794393284,-0.013315862264296818,0.009521832856747459,0.0022349442512554774
2017-04-24,2017,0.00022594229362737564,2017-05-08,EWMA,0.0003062246955801681,0.000304286437510634,0.0002481037273796476,0.0003006486529872762,-0.03762719678776971,-0.003042695511028093,-0.0016497701190720804
2017-04-25,2017,0.0002349120341089604,2017-05-09,EWMA,0.0002880231563394112,0.00026841257528805563,0.00023111427479558677,0.0002617194032598871,-0.019297416641545162,-0.0028703284465985135,-0.010926711113794063
2017-04-26,2017,0.0002662129371489735,2017-05-10,EWMA,0.00028095737553925483,0.00024729613399730553,0.00023488376374665147,0.0002433577700347092,0.006748676588770763,0.0013674999776664976,0.001357380215505799
2017-04-27,2017,0.0003050853762915566,2017-05-11,EWMA,0.0002715514233817168,0.00023426614130872057,0.00025280089394772836,0.00022977259343704974,0.01178122011999605,0.006100749794406113,0.0311185276467576
2017-04-28,2017,0.0003054996685056926,2017-05-12,EWMA,0.0002552583379788139,0.00021541320457793632,0.00025651422399848887,0.00021055693274042768,-0.0009516269003757571,0.009907361792942382,0.05165959139771292
2017-05-01,2017,0.00046329243457701497,2017-05-15,EWMA,0.0002636836769444866,0.00021521663927623138,0.00026515719290876825,0.00021037886561403352,-0.00419126205760989,0.026766888009882805,0.19257358201089403
2017-05-02,2017,0.00041485996785792337,2017-05-16,EWMA,0.0002797889732140886,0.00023497697683062314,0.00031005632590537724,0.00022970265471194604,-0.04202707618111834,0.01783748522822659,0.10822617294759951
2017-05-03,2017,0.0004162985543804219,2017-05-17,EWMA,0.00026954330341826704,0.00023063941775217976,0.0002905835652757705,0.00022632095075145759,-0.03666737983774038,0.015539635813282437,0.10464331184578413
2017-05-04,2017,0.00034468061294077484,2017-05-18,EWMA,0.0003004056506091549,0.00026988948792688584,0.0002840624363040868,0.00026751502188701,0.010073779637834512,0.0024988587737606593,0.022612513440360082
2017-05-05,2017,0.00038634456551207266,2017-05-19,EWMA,0.0002825674382420877,0.0002620449313223059,0.00031577690971436827,0.00025640103615822687,-0.032673114360184385,0.010680034374257907,0.03167848911489113
2017-05-08,2017,0.0003659798494299685,2017-05-22,EWMA,0.0002865383440411415,0.00028576400550902676,0.00032676455128195916,0.0002805418038012255,-0.02586724405613161,0.005396402515082777,0.0007549208469050939
2017-05-09,2017,0.00035765010125978137,2017-05-23,EWMA,0.0002754011727716773,0.0002842339417818032,0.00030829579102143514,0.0002797620486424823,-0.025732973959048167,0.0042551565983828255,-0.008787707724884797
2017-05-10,2017,0.00031112687187923423,2017-05-24,EWMA,0.0002896227433139893,0.0003047890052298654,0.00031644411881000484,0.0002992390057157318,-0.0024843964221270554,0.0005555713029679055,-0.002413920613316911
2017-05-11,2017,0.0002997372957102689,2017-05-25,EWMA,0.0003051930163180837,0.0003225325927208773,0.00034149893427156623,0.00031692600405392444,0.007987216394624852,-0.001095638815725053,0.002460123898988975
2017-05-12,2017,0.00037416050919378193,2017-05-26,EWMA,0.00028715316655834243,0.00031300621997307546,0.000300390332657711,0.00030972604790120684,-0.012351723484914423,0.002124841316396342,-0.021415226428573853
2017-05-15,2017,0.0002550090219759152,2017-05-29,EWMA,0.0003971599317326222,0.000397180693043691,0.00044310990191365445,0.0003917047173350994,0.04289569209962174,-0.00490730233099157,1.8710378594910537e-05
2017-05-16,2017,0.00035149046356953496,2017-05-30,EWMA,0.0003734901536392946,0.0003683460334274906,0.0004129685519037395,0.000363061099880533,0.010514109107289116,-0.0005611818180382144,-0.0007259887519150965
2017-05-17,2017,0.0004025222342071065,2017-05-31,EWMA,0.0003585659713484135,0.00033937954232867167,0.00040003176581001265,0.0003345819879466707,-0.006932081524874789,0.002769639768708032,0.008470682199668289
2017-05-18,2017,0.0004433911235656015,2017-06-01,EWMA,0.0003371132768681037,0.00031292861349762084,0.00038641913745432384,0.0003077022920792254,-0.03131921363181789,0.007223815521866683,0.027205740467142192
2017-05-19,2017,0.0005570803728026595,2017-06-02,EWMA,0.0003443996873015638,0.00029687116520111243,0.0003942532011401106,0.0002923476748405949,-0.0693482963174894,0.013680639827858165,0.11046058994804309
2017-05-22,2017,0.0005474281427523587,2017-06-05,EWMA,0.00033130359050344456,0.000268170159305248,0.00036205624555909945,0.00026320665430873614,-0.05158400014275699,0.019813129322457712,0.17758684119557433
2017-05-23,2017,0.0005473703512168559,2017-06-06,EWMA,0.0003120170838221539,0.00024341197984205425,0.00032963207098371565,0.00023856474199318489,-0.03882749845873157,0.025575986241976878,0.24614175557947426
2017-05-24,2017,0.0005938541900434688,2017-06-07,EWMA,0.00029352745536850416,0.00022020439469759226,0.0002834176039159406,0.00021597543959566435,0.03711899008917996,0.03341442616896462,0.38625266112925605
2017-05-25,2017,0.0005829206059001022,2017-06-08,EWMA,0.0003013931063221598,0.00022643349428676452,0.0003136172438248082,0.0002213567259701633,-0.035628779836973656,0.036366579234290874,0.3543052767659791
2017-05-26,2017,0.000513436335882315,2017-06-09,EWMA,0.0003323948900801012,0.0002559271550628175,0.0002756973734145925,0.00025230567643126276,0.13064093399330368,0.01454429991164563,0.2000929819478996
2017-05-29,2017,0.0004518503669389955,2017-06-12,EWMA,0.0003615365668125661,0.00026899204920056296,0.0003045389377341556,0.00027198443011777036,0.0623498480310376,-0.0074181088712625964,0.1343039860296571
2017-05-30,2017,0.00035751340896383643,2017-06-13,EWMA,0.00040328565928248627,0.0003193302345149133,0.0003820342386025993,0.0003296425846604367,-0.00482147532948396,-0.003240866360092909,-0.000348336078164202
2017-05-31,2017,0.0003976642586074472,2017-06-14,EWMA,0.00042004511007105207,0.00035714364686664595,0.00033866399773190177,0.0003544798438688779,0.01214310877719793,0.0008806912063734629,0.004515443406685193
2017-06-01,2017,0.0003576470486599791,2017-06-15,EWMA,0.0004217092715236989,0.00035764600010149925,0.0003588585141118069,0.00035847114769860065,-0.012852961650150263,2.6465856137747323e-06,-0.01285867280627162
2017-06-02,2017,0.0002023986759340986,2017-06-16,EWMA,0.0004984878655491451,0.00045323021278295016,0.00039254408168207255,0.00044332252242362244,-0.12934817924025577,-0.01212239509669022,-0.0546350868807286
2017-06-05,2017,0.00020303284990384594,2017-06-19,EWMA,0.00046981565128352,0.0004197079501256956,0.0003829967796717942,0.000413998060866935,-0.10635175999447366,-0.007025938542716048,-0.06118764054233505
2017-06-06,2017,0.0003904014206231149,2017-06-20,EWMA,0.000442180515911897,0.00038551601088298757,0.0003537746022198829,0.0003797158664382456,-0.002427253152695208,0.00030905789396484806,-0.007363639367991226
2017-06-07,2017,0.0003644369553713663,2017-06-21,EWMA,0.0004463694898908821,0.0003866865672068312,0.00035157960633572114,0.0003815481819175226,-0.018587495207086135,-0.0006850143253913643,-0.017518569667624107
2017-06-08,2017,0.000337817286130177,2017-06-22,EWMA,0.00043789336126533017,0.00037623078555583687,0.00033553586432798346,0.0003726674796001612,-0.030907394498645324,-0.000930827254258304,-0.025333728676501188
2017-06-09,2017,0.00033768195681028903,2017-06-23,EWMA,0.00041513090754027437,0.00034891188968909896,0.000335721337874633,0.000342818295555838,-0.019907299630645525,-0.0004159707952746672,-0.01939494134821551
2017-06-12,2017,0.00032455887994262784,2017-06-26,EWMA,0.00039891463868267743,0.0003297394972410627,0.00033856874664847105,0.00032370679687175857,-0.01900481093544837,-0.00012127138933681891,-0.01976059613719716
2017-06-13,2017,0.0005346662590173737,2017-06-27,EWMA,0.0003765461292216393,0.00031373692222172033,0.00029568111065155064,0.00031298587529283333,0.14657166116451403,0.0016926542060238248,0.10177851233754698
2017-06-14,2017,0.0004357270525390322,2017-06-28,EWMA,0.0004212445990967955,0.0003642842261169708,0.00035756214036998713,0.00036107683367448497,0.02032046676147825,0.0017813110514390829,0.016458955146288368
2017-06-15,2017,0.00044965761903350225,2017-06-29,EWMA,0.00039658979721977363,0.00034566856187208053,0.0003827841717272333,0.0003402764788997111,0.005461213866679415,0.004891319465807342,0.029602138050167426
2017-06-16,2017,0.00044943163735723467,2017-06-30,EWMA,0.00037304929268105943,0.00033106434917472754,0.0003709787021549846,0.0003267524130742796,0.001158323125535432,0.004804474600456743,0.033386448659606494
2017-06-19,2017,0.0006285711660914816,2017-07-03,EWMA,0.00035231934283484246,0.00032368130162755456,0.00035452310826741715,0.0003182117101771248,-0.004854643793322566,0.016336694880810576,0.07307107188649642
2017-06-20,2017,0.0004403748091714097,2017-07-04,EWMA,0.0004546276548612948,0.00046289237969216824,0.00047143320252462196,0.000455917990588854,0.0017684767163608228,-0.0006283243199396438,0.0007210650988360712
2017-06-21,2017,0.0005248959875034898,2017-07-05,EWMA,0.0004410398985120953,0.00047791897995534124,0.0004299899387473756,0.000472308181686044,0.005210711844994442,0.001237704944923479,-0.011531864607252196
2017-06-22,2017,0.0005626894794951371,2017-07-06,EWMA,0.0004154238998953226,0.0004884880642505121,0.00047301282522216965,0.0004805078142044369,-0.035085568254459965,0.002659154184208923,-0.040578967729801185
2017-06-23,2017,0.0007456125469180838,2017-07-07,EWMA,0.0003939208523458506,0.0004958222310809522,0.0004540158817765087,0.0004892810130355194,-0.1085547530289368,0.006823767253642643,-0.15894034218221798
2017-06-26,2017,0.0007459461710222048,2017-07-10,EWMA,0.000370369857100939,0.00048282315967691433,0.0004255508931386765,0.00047627791655095654,-0.12227969959091034,0.007582782827046941,-0.20394144754516574
2017-06-27,2017,0.0005340072500009662,2017-07-11,EWMA,0.0004875219207586216,0.0005859518442450559,0.0005644948468896102,0.0005786151491752757,-0.0027628705193958325,-0.0010443440998839648,-9.781726283808467e-05
2017-06-28,2017,0.0005304661693812609,2017-07-12,EWMA,0.00046066834454343693,0.0005413758232009758,0.0005504025457815498,0.0005387202113809826,-0.009764155832797883,-8.722743101063912e-05,-0.010230620759562825
2017-06-29,2017,0.0005536009858525669,2017-07-13,EWMA,0.0004427850741519939,0.0005016895683802975,0.0005129766052545203,0.0004949249637280172,-0.023931020754602628,0.0015068290774404858,-0.021899974710396286
2017-06-30,2017,0.0005559625045898403,2017-07-14,EWMA,0.00041632463327622674,0.00046250135046198076,0.0004852140207824853,0.00045649972852261644,-0.03647265029607727,0.002742395120975516,-0.02814448593730301
2017-07-03,2017,0.00037662042787425267,2017-07-17,EWMA,0.0005104944637083018,0.0005079439791396326,0.0005919340410312677,0.0004999815284537006,0.046513318059781206,-0.0039918870279702645,-0.0013042127640305878
2017-07-04,2017,0.00037956374752853,2017-07-18,EWMA,0.0004798756607040367,0.0004537821030685172,0.000540839557059615,0.0004468095145926103,0.030437647078352725,-0.0024318124130759955,-0.010427647158738118
2017-07-05,2017,0.0002817854423718263,2017-07-19,EWMA,0.0005202098438741103,0.0004937452909626706,0.0005969926110498411,0.0004896709797339927,0.06800422826487118,-0.003537485074057045,-0.023178850916779403
2017-07-06,2017,0.0002444062220910131,2017-07-20,EWMA,0.0005146321222547277,0.0004506481880416123,0.000588274415242401,0.0004444071229638864,0.07428972662114042,-0.006329432996367679,-0.06533605121373842
2017-07-07,2017,0.00010595085187890966,2017-07-21,EWMA,0.0006071544773050105,0.0005457642158408162,0.0006793655169312894,0.0005425227852908972,0.0938276946260519,-0.004797064734919587,-0.08696714052024568
2017-07-10,2017,0.00011058228788207754,2017-07-24,EWMA,0.0005710282861612216,0.0004965238626317024,0.0005037326525628117,0.0005023779294158234,-0.09952197996272893,0.009125929497492358,-0.11074892377807544
2017-07-11,2017,0.0001909973899647489,2017-07-25,EWMA,0.0005371316629455616,0.00045360219647022756,0.0006099132583268868,0.00044603240716707633,0.08464084875308586,-0.009682874110487738,-0.10354226520058774
2017-07-12,2017,0.00022303620685575572,2017-07-26,EWMA,0.000504978933437898,0.0004139860324671411,0.00045190477840982,0.00041275374880321726,-0.05917259238098449,-0.0013726133935367812,-0.10160578159758948
2017-07-13,2017,0.00019874351927389456,2017-07-27,EWMA,0.0004996109838590516,0.00038768887393189524,0.0004690604642159949,0.0003850257415484898,-0.03718907446166586,-0.0033471665521016547,-0.13878652002068836
2017-07-14,2017,0.00026335062772659404,2017-07-28,EWMA,0.00047128989118997073,0.00035962183976003567,0.0004234452244020883,0.0003543767933299163,-0.04391242499612602,-0.003853719848924797,-0.09690851169328063
2017-07-17,2017,0.0002610366334007986,2017-07-31,EWMA,0.0004445326557004281,0.00034713546321576586,0.0003507024021963483,0.0003424942937660637,-0.07997619527438449,-0.003270034873096961,-0.0825509112804248
2017-07-18,2017,0.0003144628769303089,2017-08-01,EWMA,0.0004198020629125726,0.00033290873208728715,0.00036256777800361536,0.00033116958903376905,-0.028324417089783616,-0.00027723573413851454,-0.036397249688893574
2017-07-19,2017,0.00037272918506571826,2017-08-02,EWMA,0.00039960858999944245,0.0003246073222112448,0.00029461065387720466,0.0003179960966381788,0.027591997522196543,0.0032952510569197457,0.007641389036920465
2017-07-20,2017,0.00039368134934108704,2017-08-03,EWMA,0.0003767501876648079,0.0003206486013904095,0.00028855515184261033,0.0003150774262091161,0.05268313119377588,0.004181842131706581,0.021589150076530395
2017-07-21,2017,0.0003497611879788061,2017-08-04,EWMA,0.00038673359873449856,0.00035481757309361055,0.00037105422914897286,0.0003604557669378887,-0.003171357444511358,0.0003465311841210905,-0.0047812083063218935
2017-07-24,2017,0.0003863038370441811,2017-08-07,EWMA,0.0003668703851511032,0.0003360919724996741,0.0003197635356711887,0.0003346279589683166,0.017694478717293904,0.0006631713442661891,0.008804523908871431
2017-07-25,2017,0.000326859115609958,2017-08-08,EWMA,0.00039796691062226615,0.00035441301055333765,0.00035375131465864655,0.00034737014110128626,-0.015117108893426767,-0.0013734718254303502,-0.014973432914051621
2017-07-26,2017,0.0002947203877890864,2017-08-09,EWMA,0.00039517809085563534,0.0003562429525410982,0.0003853654933777964,0.0003635472952877197,-0.006154155060966282,0.00367441791014933,-0.022213226520750418
2017-07-27,2017,0.0002877431326818056,2017-08-10,EWMA,0.0003804647965312143,0.0003505942036973227,0.000373741153446136,0.000357182946075886,-0.004224395076541931,0.00347914672423677,-0.017328061967875286
2017-07-28,2017,0.0002669525121178518,2017-08-11,EWMA,0.0004016678028513931,0.00035638660251974697,0.0003962295396120237,0.0003623851160164862,-0.004509900867700978,0.004292419784958312,-0.03516630186938752
2017-07-31,2017,0.00026817613286322635,2017-08-14,EWMA,0.0003775701607853692,0.0003451474831022582,0.00037277882358849573,0.00035037455381225395,-0.0036420303444186786,0.003439380624206123,-0.02306296798305496
2017-08-01,2017,0.00028727646079706093,2017-08-15,EWMA,0.00039189919828748894,0.0003882889893190289,0.00038633851215635326,0.00039355241958460537,-0.0037398839289277674,0.003569496021667007,-0.0024391975203883476
2017-08-02,2017,0.00023094379963347874,2017-08-16,EWMA,0.0004115963406607827,0.0003937066842778839,0.00040453232849502495,0.00039810439279571255,-0.007513557900606038,0.0046282677320181875,-0.01894140936836841
2017-08-03,2017,0.00020830267529602103,2017-08-17,EWMA,0.00040176104389390635,0.0003760493327801657,0.00038311347122987243,0.00037679706182974397,-0.02229019809256183,0.0008871805535068944,-0.030687404344687863
2017-08-04,2017,0.00021609842135209657,2017-08-18,EWMA,0.00038143689244470887,0.0003695211458687437,0.00037377925103715555,0.0003730889489112813,-0.008673332873404327,0.004016460128700494,-0.013468615102408599
2017-08-07,2017,0.00021074562545692334,2017-08-21,EWMA,0.00038585953627272534,0.00039514446819031946,0.0003818397867572748,0.00039962692933871263,-0.004722567413786294,0.0052977464444605715,0.010944324894880175
2017-08-08,2017,0.00019372902620043913,2017-08-22,EWMA,0.0003768273566430764,0.000376031165809908,0.0003706439685463062,0.0003806772939809411,-0.007968462288622469,0.005992099144110696,-0.0010265718400281898
2017-08-09,2017,0.0001937289532295046,2017-08-23,EWMA,0.0003542273546687342,0.0003572322311996971,0.000348794872841,0.0003622560610788158,-0.006936900659659351,0.006444450202368834,0.003846801921175924
2017-08-10,2017,0.0001994199499364598,2017-08-24,EWMA,0.00033739477415429566,0.0003377673201615746,0.00033246163981464526,0.00034244981941436436,-0.005958953461588479,0.005694937304038916,0.0004516577759536844
2017-08-11,2017,0.00015380978086748412,2017-08-25,EWMA,0.0003475455665430653,0.00036789247410558566,0.0003430420226985308,0.0003731538768688066,-0.007232786339998576,0.008305264864657325,0.032418400257428814
2017-08-14,2017,0.000152582461185935,2017-08-28,EWMA,0.00032749782251218596,0.00034931697398219005,0.0003222207710258628,0.0003544535007116908,-0.008614305116684484,0.008267547705020029,0.03539690620660796
2017-08-15,2017,7.90709386304452e-05,2017-08-29,EWMA,0.0003573589650676262,0.0003921762019526737,0.0003494640623262706,0.0003980885367359109,-0.01734135744091958,0.011968765297575068,0.07332666277357092
2017-08-16,2017,7.224174986270615e-05,2017-08-30,EWMA,0.00034218034286702777,0.0003705162116322757,0.0003279003930157119,0.00037412150269198704,-0.033433749323126705,0.007804496498214242,0.0634133738347833
2017-08-17,2017,9.446942903793389e-05,2017-08-31,EWMA,0.00032165985886482466,0.0003509772993341609,0.000322279821432268,0.0003564052025563421,0.001360558728173089,0.011247534426340522,0.06269441914934148
2017-08-18,2017,8.846405830426993e-05,2017-09-01,EWMA,0.0003112549510782618,0.00032740151282202405,0.0003044613904207199,0.00033285861796850986,-0.015726224374779996,0.012100696860320781,0.03655809574225355
2017-08-21,2017,6.300081442627996e-05,2017-09-04,EWMA,0.0003163776518889474,0.00032392294702751986,0.0003176917271048568,0.00032908623984151397,0.003321227317275799,0.01276261694540004,0.018930597364025026
2017-08-22,2017,9.609730622763438e-05,2017-09-05,EWMA,0.0003003533228951948,0.0003025729092769217,0.00029930708471215614,0.00030800610977125897,-0.002371051531037338,0.012194904236583426,0.0050157046096108715
2017-08-23,2017,0.0001208103986715891,2017-09-06,EWMA,0.0002823417150846262,0.00028357755553516916,0.0002756606627468877,0.0002873119535306776,-0.013576974822892218,0.007545604531200567,0.0025028106944740003
2017-08-24,2017,0.00011184930431251897,2017-09-07,EWMA,0.000273554955872154,0.00027849360620484906,0.0002738935892247996,0.000284031107049086,0.0007316153097161049,0.011858587257878916,0.010641833638391773
2017-08-25,2017,0.00011626702580772304,2017-09-08,EWMA,0.0002576207625747972,0.00025744893074270423,0.00025550523171766925,0.0002625519966472758,-0.004508944670213566,0.010850059760109332,-0.0003659947485186166
2017-08-28,2017,0.0001204102701667923,2017-09-11,EWMA,0.00024216351682030947,0.00023887301575914563,0.00023498913085686127,0.00024151917420459638,-0.014893226623590827,0.005493953119929174,-0.006831735104980474
2017-08-29,2017,0.0001432182546569142,2017-09-12,EWMA,0.0002289290501806045,0.00022398102820828084,0.00022178009978031287,0.00022918965968823614,-0.011559901517227189,0.008456838638895903,-0.00803046597278989
2017-08-30,2017,0.00014742068792174932,2017-09-13,EWMA,0.00021697700813622054,0.0002063121200885222,0.00022221432847837691,0.00020936774855495382,0.007837629824163805,0.004273537353777002,-0.015279466054891166
2017-08-31,2017,0.0001739675918759263,2017-09-14,EWMA,0.00021854769567659563,0.0001992342507920309,0.0002150100189579635,0.00020460272092388373,-0.0032223570268063995,0.003677909527575629,-0.015358449104619254
2017-09-01,2017,0.00017696118133593363,2017-09-15,EWMA,0.00021039063914007279,0.00018753092657924745,0.000206886424422508,0.00019340764127112248,-0.0025494508563124185,0.0021837841242913214,-0.012492568635117607
2017-09-04,2017,0.00018097093558351363,2017-09-18,EWMA,0.00020486404409227862,0.0001858539331200754,0.00020034565978111548,0.00019127618749997102,-0.002379772001589231,0.0011543465801917563,-0.0070297105021071005
2017-09-05,2017,0.00018050715567807218,2017-09-19,EWMA,0.0002172382773706562,0.0001868168304111905,0.00021101632459961361,0.00019229239444700218,-0.004559156108376428,0.0013750230079221382,-0.015558661366388726
2017-09-06,2017,0.0001676568047107652,2017-09-20,EWMA,0.00022042270805229682,0.00018138571087637035,0.00021157057925487015,0.00018672781485407427,-0.009164266457721837,0.0025826056419031573,-0.031225296224619115
2017-09-07,2017,0.00017269288074044808,2017-09-21,EWMA,0.00020947357331104515,0.0001767286584885496,0.000204386328084078,0.0001828049984128515,-0.004065684572251982,0.0013240429037493229,-0.017231734384743902
2017-09-08,2017,0.00017305162064290553,2017-09-22,EWMA,0.00020028181403795785,0.00016776512323946004,0.0001962791033956199,0.00017349966622473367,-0.002567461675997862,-0.0004829515138151663,-0.009689827409274265
2017-09-11,2017,0.00021484588297028157,2017-09-25,EWMA,0.00019098242872934442,0.0001659350193580221,0.0001836366551967945,0.00017093581509677338,0.00577760216749823,-0.008186823596274984,0.02922292848031649
2017-09-12,2017,0.0001935121694293226,2017-09-26,EWMA,0.0001957784168262186,0.0001695078892647621,0.00019154482214707048,0.00017462304017844014,-1.5130699967613737e-05,-0.0037105688368441747,0.009103130820963479
2017-09-13,2017,0.00021680688489940204,2017-09-27,EWMA,0.00018857175788517777,0.00016667022890633998,0.00018513577429802382,0.00017129688764964677,0.0029490272956316232,-0.007753386581429211,0.027620603937704047
2017-09-14,2017,0.00016812077185462024,2017-09-28,EWMA,0.00020925867969743642,0.00017847425430234852,0.00020439734715293798,0.00018293871637151666,-0.004397188564696286,0.0017184264746550326,-0.02054912462295544
2017-09-15,2017,0.0002520647195593854,2017-09-29,EWMA,0.00020362243745183413,0.00018656945947956706,0.0001956502421351996,0.00018999574813798227,0.010502137072445628,-0.006166080459390599,0.02568392322126023
2017-09-18,2017,0.00029464626080946823,2017-10-02,EWMA,0.00020113190285565716,0.00020114920404843315,0.0001940896355707966,0.00020418688073641154,0.017512453057594968,-0.0068032466622671706,-3.998663749626985e-05
2017-09-19,2017,0.0002639847847305502,2017-10-03,EWMA,0.0002134258747757597,0.00021087467903125088,0.00020901181184975493,0.00021433845954404323,0.005222769196591592,-0.003938078203146844,0.002938556838326889
2017-09-20,2017,0.0002525656212131031,2017-10-04,EWMA,0.00020841059882837043,0.00020495907273504208,0.00020338453345423999,0.00020780366505772813,0.0055360546020430945,-0.0030849991203227844,0.003708053396894506
2017-09-21,2017,0.00028122046741681683,2017-10-05,EWMA,0.00020148531590711717,0.00020008976625307228,0.00019826113594046427,0.00020271750311478214,0.006566400850515741,-0.005171199926304659,0.0027843229960238247
2017-09-22,2017,0.0003554969096951814,2017-10-06,EWMA,0.00019300814694453563,0.00019432782975534681,0.0001900433046852058,0.00019643239060010764,0.013254433467450255,-0.008827963565839703,-0.005694021200701727
2017-09-25,2017,0.00031099654108610427,2017-10-09,EWMA,0.00021155773124918612,0.00020473639543118474,0.0002060144949109162,0.00020555661559953207,0.013002777690230616,-0.0020629902872517647,0.016203352240261815
2017-09-26,2017,0.00036404966935945314,2017-10-10,EWMA,0.00020112657522746802,0.00019746994987751454,0.000198328785412205,0.0001986191925041938,0.011525846216152935,-0.004864226975877628,0.015169406798706042
2017-09-27,2017,0.0003413878461671282,2017-10-11,EWMA,0.000208877859507094,0.0002294420919004433,0.00020658544225122893,0.0002305504657604067,0.007100751931126581,-0.002334011345439535,-0.05258464339430269
2017-09-28,2017,0.0003412836165374414,2017-10-12,EWMA,0.0001964135513849788,0.0002199195912788867,0.00019667149696501015,0.0002207292609351214,-0.0009665119633828212,-0.0020175517669249743,-0.0726807775200502
2017-09-29,2017,0.00026348723618548227,2017-10-13,EWMA,0.000246606235380562,0.0003119655837194487,0.00024707522785430517,0.00031417016565996064,-0.00012813257211963247,0.0011151776843343342,0.011250276505102796
2017-10-02,2017,0.00021821745668052796,2017-10-16,EWMA,0.0002694655929573887,0.00034512885508939544,0.0002676216163752031,0.0003484551270699864,-0.001286786130214601,0.003556039912846032,0.06993968494114267
2017-10-03,2017,0.00021232741518489008,2017-10-17,EWMA,0.000257548906588736,0.0003087353128408714,0.00025483080537137885,0.0003120372316885121,-0.0018163485462663331,0.0033607373309028077,0.04459162584677934
2017-10-04,2017,0.0002171420685491545,2017-10-18,EWMA,0.00024239650328091656,0.00028226019222626827,0.0002409221515103481,0.00028582384792768536,-0.0006189326421717212,0.002954779446968203,0.025738478502081996
2017-10-05,2017,0.00018155678647084118,2017-10-19,EWMA,0.00025222656918322527,0.0002775666468858953,0.00025019564486253705,0.00028151510812942407,-0.00224157957013027,0.0049507758074245345,0.030018637709418705
2017-10-06,2017,0.0001019198127198802,2017-10-20,EWMA,0.00028942229778691303,0.00032559045005402194,0.00028677978495634116,0.0003308619017977207,-0.0059273838383333555,0.011073413086166717,0.07863502483473006
2017-10-09,2017,0.00010168039510499729,2017-10-23,EWMA,0.0002729995682256321,0.00029337290994684663,0.0002693293726906708,0.0002992745837854543,-0.008459626814424581,0.013082213180378943,0.04610901602491069
2017-10-10,2017,4.585236283881911e-05,2017-10-24,EWMA,0.0002936790590252537,0.0002940349907917365,0.0002899159650786775,0.00030063366018098813,-0.010869859424598616,0.018770871563452474,0.0010222437727893663
2017-10-11,2017,4.9303874973158555e-05,2017-10-25,EWMA,0.0002810134709472323,0.000277678817081158,0.00027862349120626835,0.00028448225656950687,-0.007036252072786908,0.019959463520300424,-0.009830508627475254
2017-10-12,2017,5.1924767270508806e-05,2017-10-26,EWMA,0.00026415266269039846,0.0002529489609345007,0.00026389987177425955,0.0002588164619780428,-0.0007691498311910294,0.018277687732206616,-0.034632878600028505
2017-10-13,2017,9.068940599226017e-05,2017-10-27,EWMA,0.0002592549257242133,0.00023708818903738177,0.00024812239573326477,0.0002424537069145385,-0.028194831132693388,0.013913566672320243,-0.0566741247708098
2017-10-16,2017,8.540060859719715e-05,2017-10-30,EWMA,0.0002516632461114806,0.0002223188150408982,0.0002472218529523317,0.0002235086302610372,-0.011709344178917114,0.003292681914590645,-0.0791884249994732
2017-10-17,2017,9.797781874118145e-05,2017-10-31,EWMA,0.00023695146561219694,0.00020620488467352384,0.00022221155125629597,0.00021075875631148983,-0.03679731061750058,0.011577347071222377,-0.07733036513302771
2017-10-18,2017,9.636428161092622e-05,2017-11-01,EWMA,0.0002261928045301319,0.00019193138806080552,0.0002116426793899316,0.00019384875684097947,-0.037199628709135624,0.004974228179825957,-0.08820025495236195
2017-10-19,2017,9.576205347142794e-05,2017-11-02,EWMA,0.0002136549672962638,0.00018122721683895576,0.00021240920398707107,0.00018386536207434266,-0.003219079910959266,0.006870437641982363,-0.08441092021130281
2017-10-20,2017,0.00010624571219742127,2017-11-03,EWMA,0.0002009316860426191,0.00016900715467871433,0.00018378033741772677,0.0001678239827938327,-0.03987658808698491,-0.0025933367527226636,-0.07314303571820702
2017-10-23,2017,0.00031077776771740184,2017-11-06,EWMA,0.00018966136093145525,0.00015905532108484333,0.00019009710699290745,0.00015641772309720202,-0.001461169952337471,0.01622571306653775,0.1393162915922206
2017-10-24,2017,0.00031029928887343493,2017-11-07,EWMA,0.00017872394798781614,0.0001476570152549359,0.0001833393779029743,0.00014454550677890797,-0.018210812247745345,0.023939190167641122,0.1743435124520163
2017-10-25,2017,0.00030317976675603035,2017-11-08,EWMA,0.00017521948802183416,0.00014006640132349977,0.00016133738931096872,0.00014419863493077102,0.06633888428183354,-0.0329531586781755,0.21033467432594666
2017-10-26,2017,0.00030736889532410747,2017-11-09,EWMA,0.00016642534274200692,0.00013134099337758307,0.00014972393145746242,0.00013396679597340433,0.1002630143529295,-0.02607452064907534,0.2565983710212354
2017-10-27,2017,0.0002523795790250792,2017-11-10,EWMA,0.00019281668669685428,0.00014510148901583753,0.000149055874318266,0.00014296434102756308,0.1268596161065405,0.011162763631131334,0.1461154871271244
2017-10-30,2017,0.00029461132154187674,2017-11-13,EWMA,0.0001857424180724544,0.00014134383003579714,0.00018070282013281982,0.0001466355277725602,0.01672827187686554,-0.038464474053352404,0.2250654473894773
2017-10-31,2017,0.000388925049098667,2017-11-14,EWMA,0.0001832351869810526,0.00013974573158821474,0.00016163592842898,0.0001415642658229768,0.15820974638245122,-0.02282235601961613,0.38959913820127223
2017-11-01,2017,0.00038836430628115136,2017-11-15,EWMA,0.00017464119546818155,0.00013740609250663892,0.0001624279872053222,0.0001406330443341443,0.0947109076704793,-0.04164099190599302,0.3628211140229789
2017-11-02,2017,0.00038752122867791964,2017-11-16,EWMA,0.00016480145776605345,0.00013339934652017765,0.00016308071341386392,0.00013786733094090444,0.014315014032423079,-0.0611992589055399,0.3421337727001097
2017-11-03,2017,0.0003775733392997481,2017-11-17,EWMA,0.00016188554181654583,0.00013195301592083545,0.0001518233222893189,0.0001349381089597147,0.09040624800684682,-0.04092992282434782,0.324631442600384
2017-11-06,2017,0.0001718435633172824,2017-11-20,EWMA,0.0002871090578264849,0.0002225429654071358,0.0003483816857336057,0.00022208080947742678,0.08816825125620298,-0.00047193385436905544,-0.0810910622044263
2017-11-07,2017,0.00019477664078425123,2017-11-21,EWMA,0.00027001095231088927,0.0002193585671802508,0.0002699571884860296,0.00022376398866225263,-5.547210115430801e-05,0.0024026563097416798,-0.041183302295129565
2017-11-08,2017,0.00020134229187130422,2017-11-22,EWMA,0.00025635962983762206,0.00022431823048896823,0.0002412610402595714,0.00022225765154485502,-0.011550512085965359,-0.0009068880394629275,-0.021331197112559153
2017-11-09,2017,0.00019760941930237132,2017-11-23,EWMA,0.000245444694698077,0.00022572483267677406,0.00024238209700992765,0.00022834700894053096,-0.0023833835402626846,0.0014967571646904432,-0.013418803729885909
2017-11-10,2017,0.00019952605661043284,2017-11-24,EWMA,0.00023102778899524728,0.0002253088704269551,0.00022752001229861389,0.000227362708338575,-0.0019846000864172098,0.001074758296919498,-0.003144245717398242
2017-11-13,2017,0.00015314944866511192,2017-11-27,EWMA,0.00024936034386256745,0.0002744235927205544,0.00024924544104606034,0.000276341427847192,-0.00017776279340342427,0.003091182217357158,0.03968146377008708
2017-11-14,2017,4.805737040798536e-05,2017-11-28,EWMA,0.00030489571818178164,0.0003712881571528239,0.0003004457707465553,0.0003735724858701815,-0.012368016983960395,0.005342125982600976,0.16882377358400902
2017-11-15,2017,4.5758535270687256e-05,2017-11-29,EWMA,0.0002886343077027761,0.000339525600806356,0.00028452508628149534,0.0003417808467323772,-0.012049470576204868,0.005731086254597173,0.1386261721897517
2017-11-16,2017,4.67168222477478e-05,2017-11-30,EWMA,0.0002714020148609142,0.0003145115817618121,0.0002709255750845643,0.00031770217737202104,-0.0014543147969785508,0.008601770257972596,0.12382596542703439
2017-11-17,2017,7.240085901497569e-05,2017-12-01,EWMA,0.0002555653179321959,0.0002888191405406022,0.0002528624455486184,0.0002923388029213249,-0.007604187844050259,0.009094641985114116,0.08970465058329058
2017-11-20,2017,0.0001030178532111761,2017-12-04,EWMA,0.00024023139885626422,0.0002685403672406916,0.00023900867638120346,0.00027169228034844414,-0.0029089670118684907,0.007218449156904505,0.0661925099723426
2017-11-21,2017,7.988895413612084e-05,2017-12-05,EWMA,0.00024098758989442762,0.00025750221823799213,0.0002446825635940674,0.0002607760149821971,0.010210163719453824,0.008738682286224098,0.04502208267643493
2017-11-22,2017,0.00010589326681806856,2017-12-06,EWMA,0.00023338403147467012,0.00024276434585654782,0.00023070878778955425,0.00024654696665042636,-0.006267703596055441,0.00876898849571539,0.021873973295575944
2017-11-23,2017,0.00010318701034409735,2017-12-07,EWMA,0.00022139926854528472,0.00022771537535257478,0.00021767736637660163,0.00023105612224069006,-0.008984781246843099,0.008012367176879032,0.015201534534859285
2017-11-24,2017,0.00015653560466124218,2017-12-08,EWMA,0.00020968219673996806,0.00021337801845464958,0.0002050542351913533,0.00021669319217194793,-0.005469589848685175,0.004193763861506383,0.0045418633077050075
2017-11-27,2017,0.0002277427691728665,2017-12-11,EWMA,0.00019887741073177273,0.0002040871039060326,0.00019605094465673705,0.00020760496205265693,0.002195440922789338,-0.0018188760575119645,-0.003373536865219684
2017-11-28,2017,0.00023557117555206316,2017-12-12,EWMA,0.0001885126390476913,0.00019071705044961784,0.0001853417269611349,0.0001944294367844967,0.0044154987734774664,-0.004305956656099674,-0.0028180478546486754
2017-11-29,2017,0.0002756371659227711,2017-12-13,EWMA,0.00017772642424029221,0.00017836291141185427,0.00017462183665097842,0.00018199864511644797,0.009950728665904407,-0.010692517776663912,-0.001959526862234995
2017-11-30,2017,0.00027463686557813334,2017-12-14,EWMA,0.00016777713779365979,0.00016877634394392394,0.0001638916775227337,0.00017204547496022578,0.015376307565643899,-0.011735374049600011,-0.003753130089338086
2017-12-01,2017,0.00024846988272454447,2017-12-15,EWMA,0.00017500390449757882,0.00016981265223701085,0.0001716207271717596,0.00017349371282785933,0.00846727368225153,-0.009599513087008127,0.01329133369641422
2017-12-04,2017,0.0002278125522957593,2017-12-18,EWMA,0.00018458513177032045,0.00018488051179906526,0.0001818258301787605,0.00018945273956427183,0.0036679044873499933,-0.00530825436057647,-0.0003728782478695791
2017-12-05,2017,0.00024188364814904198,2017-12-19,EWMA,0.00017351002386410127,0.00017140058353884422,0.00016157325765954654,0.00017403316659340585,0.031714245116219786,-0.006104881912563975,0.0049248622449349355
2017-12-06,2017,0.0002187712729284286,2017-12-20,EWMA,0.0001870111570340827,0.00018666754545748987,0.0001638498687445029,0.00018798131237383629,0.03314569491400654,-0.0011774245880626921,0.00031430981354851895
2017-12-07,2017,0.00021945926593750355,2017-12-21,EWMA,0.00017603375283339618,0.0001690007458376073,0.00016868482237704193,0.00017378068308356053,0.01166955241204981,-0.007826972501161045,0.011108620627563681
2017-12-08,2017,0.00016374328725495484,2017-12-22,EWMA,0.00020202956301798168,0.0001801280560831848,0.00018189834449667622,0.00018242740949281637,-0.015266579815035541,0.001226608299202958,-0.016199515056018576
2017-12-11,2017,0.0001370908421831493,2017-12-27,EWMA,0.00023838819105948542,0.00019734453838128052,0.00022835704009987735,0.0002032475199815007,-0.01772847612346684,0.009297677986868536,-0.06934557739418423
2017-12-12,2017,0.00014031383761590687,2017-12-28,EWMA,0.00023078736678260238,0.00019727052809887042,0.00019505130345578623,0.0001977268221741725,-0.05684414734779164,0.0006689545209557224,-0.053623389180136094
2017-12-13,2017,9.955803282933318e-05,2017-12-29,EWMA,0.00024374365702043297,0.0002178779152063278,0.0002104982540099961,0.00021888685853784447,-0.08212987014623963,0.0025138334305454535,-0.06369192097534437
2017-12-14,2017,9.961318381174024e-05,2018-01-02,EWMA,0.00022917724696040073,0.0002023375575228958,0.00021503669327439093,0.0002083373487704735,-0.03510459732178095,0.015043439784477641,-0.06690209022738536
2017-12-15,2017,0.00013125601532244807,2018-01-03,EWMA,0.00021555727531599435,0.00018708981858154777,0.00021245615575034963,0.00019469593118907972,-0.0056029774521020315,0.012442351499277748,-0.04898578538961651
2017-12-18,2017,0.0001379022790939552,2018-01-04,EWMA,0.00020915630908594895,0.00017483960447613046,0.00021803751220860214,0.00018088733947830912,0.014729276174581862,0.007635026651751531,-0.04980333229131961
2017-12-19,2017,0.00013492144662537032,2018-01-05,EWMA,0.00020583605892710992,0.0001761512687163728,0.000203265865326682,0.00017964923763780265,-0.00427700469494674,0.004749449705425235,-0.04527622735870285
2017-12-20,2017,0.00012632008863636607,2018-01-08,EWMA,0.00020223839289849503,0.00017240124060813428,0.00020776692025489604,0.0001771775328463673,0.010349295758685706,0.007575540505094125,-0.051522583586890214
2017-12-21,2017,0.00013287118644489116,2018-01-09,EWMA,0.0001907986041057397,0.00016857978106846292,0.00021383432326621933,0.0001728206324358295,0.038962577670130116,0.0055039619392260875,-0.032024438642444863
2017-12-22,2017,0.0001433056803487064,2018-01-10,EWMA,0.00017936482215529054,0.00016575687274146019,0.00017347088225551978,0.0001685116626117068,-0.006266121806702607,0.0023493478031388904,-0.013308294959652578
2017-12-27,2017,0.00010265947800888163,2018-01-11,EWMA,0.0001996021917481184,0.00018447247272211626,0.00018609308003816283,0.00018748131431337427,-0.03274314841997139,0.007247750962632082,-0.03664352115611358
2017-12-28,2017,9.97974131704007e-05,2018-01-12,EWMA,0.0001964424664541122,0.00018778384072306402,0.00018727419049533375,0.00019116446203666112,-0.02292477128846926,0.008444272963998856,-0.021653345558924286
2017-12-29,2017,0.00010885539948092765,2018-01-15,EWMA,0.00018472801779519985,0.0001852515710889333,0.00018137481834315085,0.00018948459081682932,-0.007424552772869575,0.009465991889675784,0.0011647848632279079
2018-01-02,2018,0.00012568221262294728,2018-01-16,EWMA,0.00017207532554635641,0.00017662756856052923,0.0001664657059861046,0.00018027389702133032,-0.008530041798988641,0.006041393868455813,0.007286618841799708
2018-01-03,2018,9.475857441919925e-05,2018-01-17,EWMA,0.00018243581493851402,0.00017894967597823042,0.00017650877697807384,0.00018109137511063673,-0.015586470255827933,0.005634604180196234,-0.009175144488635212
2018-01-04,2018,7.990205936795215e-05,2018-01-18,EWMA,0.00018227709351345062,0.00017433801538858495,0.00017714285943577676,0.00017783745234598158,-0.015866404328802375,0.010855276849381923,-0.024569998131109827
2018-01-05,2018,8.657979843862935e-05,2018-01-19,EWMA,0.0001785448478819638,0.00017831342892142159,0.00017395841392572255,0.00018198830655501207,-0.01323860047138048,0.010594950847638174,-0.0006676415668565028
2018-01-08,2018,9.399002869731338e-05,2018-01-22,EWMA,0.00017091330262035626,0.00016927999548049048,0.0001653361645386707,0.00017255032599298762,-0.014625426928565943,0.008611515524389546,-0.00429629284318267
2018-01-09,2018,9.134155949999956e-05,2018-01-23,EWMA,0.00016560204860394638,0.00016259869495154606,0.00016102553852238602,0.00016542807024139749,-0.012348378703610052,0.007643314576242233,-0.008114366654169203
2018-01-10,2018,8.109041637172604e-05,2018-01-24,EWMA,0.00016245830821777922,0.00015827859465963586,0.0001581354070988614,0.00016107594520606972,-0.013324723386121562,0.008621816582573771,-0.01288355777770711
2018-01-11,2018,0.00010202096271564017,2018-01-25,EWMA,0.0001570089742746227,0.00015307584285265046,0.0001526309024746995,0.00015543425012743098,-0.00964210070151772,0.005176895942284432,-0.008674064623264144
2018-01-12,2018,0.00011151598410683798,2018-01-26,EWMA,0.00015446119807378315,0.0001582551229540835,0.00015076008264199202,0.00016070018196422426,-0.006529111484196548,0.004610551761160764,0.0069574422339755415
2018-01-15,2018,0.00016051795745840474,2018-01-29,EWMA,0.0001511491214727775,0.00015398845369915084,0.00014775165730669058,0.00015608299794627644,0.0016856753521228285,-0.00047816371965492266,-0.0009707895519150966
2018-01-16,2018,0.00015210691156887106,2018-01-30,EWMA,0.000153104570686126,0.0001646203514585893,0.0001524895021996324,0.0001660451651062825,-1.8170350178259298e-05,0.0006892941415950204,0.0030230301461786624
2018-01-17,2018,0.00015118850399617763,2018-01-31,EWMA,0.00014451490600237414,0.00015941203918965144,0.00014081039141250454,0.00016154815333870826,0.0015550266926265266,0.0007703177912894432,0.0003436648988968116
2018-01-18,2018,0.0001639000403918926,2018-02-01,EWMA,0.00013698045284877438,0.0001514829764130726,0.00013343610570205848,0.00015369569397575295,0.005566674656390269,-0.001075462888296741,-0.013916334314699519
2018-01-19,2018,0.00017471315950313285,2018-02-02,EWMA,0.00014030395219631828,0.00016377983992779872,0.00013765588517712592,0.0001658741694572002,0.004900482965218167,-0.0007624792204357078,-0.02377946919958074
2018-01-22,2018,0.00016382146397476716,2018-02-05,EWMA,0.0001397806430600874,0.00015882447995851147,0.00013596245037775259,0.00016119921776377186,0.005217021847354175,-0.00035390403240143087,-0.012801990866815771
2018-01-23,2018,0.0001784156270910286,2018-02-06,EWMA,0.00013461686842677794,0.00015099214178634413,0.00013237764399782705,0.0001530470350143266,0.005645052827888186,-0.0023476043922565637,-0.028941621330087486
2018-01-24,2018,0.0002014570012613313,2018-02-07,EWMA,0.00012667296235286814,0.00014188542788997848,0.0001242244743829664,0.00014391081235852108,0.011828054287275513,-0.005809041901966516,-0.05710286149835575
2018-01-25,2018,0.00022575822241997057,2018-02-08,EWMA,0.00013696750550594994,0.00014739048292837753,0.00013321804201880233,0.00014960339731948902,0.01863431473697208,-0.0077543700258715376,-0.0432179907689223
2018-01-26,2018,0.00024242429288100366,2018-02-09,EWMA,0.00014179030737112785,0.0001597622135183871,0.00013843858490522314,0.00016238307825250674,0.017471834664400276,-0.008219285383209929,-0.07299388009507979
2018-01-29,2018,0.0002022491433422557,2018-02-12,EWMA,0.00017107080626951242,0.00020321412488767047,0.00017619317249925042,0.0002055502852621613,-0.004867591909730962,0.00011904934688722335,-0.014819902198701662
2018-01-30,2018,0.00019544410245804232,2018-02-13,EWMA,0.0001663670291022358,0.00019334655391347883,0.00016244700684515346,0.00019642308277995367,0.004504103938228532,-4.59626554167869e-05,-0.013640182373990228
2018-01-31,2018,0.00019861911472618342,2018-02-14,EWMA,0.00015638500735610142,0.0001736223368284532,0.00015274480124347853,0.00017706947300641647,0.006715721607354119,-0.0026108153107156085,-0.021531307219390783
2018-02-01,2018,0.0001924557946104539,2018-02-15,EWMA,0.00015639592822907342,0.00016518793073985578,0.00015200048815471154,0.00016850482209941904,0.0070776079506851275,-0.0030529988980187994,-0.010803033125756478
2018-02-02,2018,0.00021517511048975944,2018-02-16,EWMA,0.00016557884249243342,0.00017279227932152114,0.00016093886551979332,0.0001737587030365243,0.009043514600865166,-0.001348702204259311,-0.011607963746611105
2018-02-05,2018,0.00022403008971752628,2018-02-19,EWMA,0.00015646365223270455,0.00015600199625916822,0.00015166944799792432,0.00016005129681859057,0.014139402499101728,-0.010707079538983422,0.0012822965505652206
2018-02-06,2018,0.00020620972581225508,2018-02-20,EWMA,0.00015977945606937677,0.0001553377742521724,0.00015520632632053913,0.00016016908621888307,0.008987925999689672,-0.00941413649599454,0.008710206393996778
2018-02-07,2018,0.00018336660845542,2018-02-21,EWMA,0.00016529377241340172,0.0001559521335442146,0.00015200368836397522,0.0001597914594265543,0.013172779717476324,-0.003930311018382149,0.008274875222190836
2018-02-08,2018,0.00017156379635650403,2018-02-22,EWMA,0.00018905745770176778,0.00017789049309399385,0.00016320887105041376,0.00018011899343726875,-0.003297642741233453,0.0005172002165512168,-0.003917019743440164
2018-02-09,2018,0.00015391714487040788,2018-02-23,EWMA,0.0002015813595343621,0.00019712362140571308,0.00016458841166731123,0.0001972608157205422,-0.031129763545208355,0.00015268426322734285,-0.005095191569943758
2018-02-12,2018,0.00015449966480590369,2018-02-26,EWMA,0.00020117609330928517,0.00020624094134957178,0.00018050454123652134,0.000204811130694358,-0.020474617127011818,-0.0017271524207433941,0.006004448569131071
2018-02-13,2018,0.00015572538423700582,2018-02-27,EWMA,0.00019024535545931136,0.00020260488570813018,0.00017214330976131063,0.0002015011262643894,-0.013911102952090637,-0.0012524996868457094,0.013009003140637354
2018-02-14,2018,0.000203598866498846,2018-02-28,EWMA,0.00018089316357990389,0.00019957356065168066,0.00015507839045930604,0.00019989002214965644,0.03338126528532559,-3.067741410944791e-05,-0.007074133889800827
2018-02-15,2018,0.00027593303106406307,2018-03-01,EWMA,0.00017542982181386658,0.00020064987449181166,0.0001868897446234068,0.00019717178108744212,-0.03316897025755239,0.006772214059560078,-0.06337793330333774
2018-02-16,2018,0.00022465439900812566,2018-03-02,EWMA,0.0001982294668653874,0.0002246380954941235,0.0001885249919106053,0.0002231427784290458,0.008143068345714433,2.28393648127323e-05,-0.008166826873123867
2018-02-19,2018,0.0002691932033462506,2018-03-05,EWMA,0.00019290754933222072,0.00021682764891183592,0.00016670769139431923,0.00021739547789147008,0.07334073680814246,-0.0006273921803101601,-0.03705241154048444
2018-02-20,2018,0.0002677379979641991,2018-03-06,EWMA,0.00018246037814254236,0.00020986931436888737,0.0001552401848306061,0.00021111521040172542,0.09573376427917069,-0.0016097773011241046,-0.0516873638442128
2018-02-21,2018,0.00027520478845337434,2018-03-07,EWMA,0.00017177465170176772,0.00019833017426265924,0.00017877876944444752,0.0001964339662438101,-0.022801774971862088,0.0037879473875301883,-0.07076788363537734
2018-02-22,2018,0.0002709603631098747,2018-03-08,EWMA,0.0001874822232999278,0.00020668714590497004,0.0001831343350588626,0.000210024639732863,0.010848573581800913,-0.004813975845190832,-0.03676809129129577
2018-02-23,2018,0.00029371222817979766,2018-03-09,EWMA,0.00018863714385315022,0.00019839121890540093,0.0001677935481001794,0.00020076077034014632,0.07632495944063677,-0.005600712642372052,-0.026136700312849648
2018-02-26,2018,0.00028548976695456257,2018-03-12,EWMA,0.0001893869431291588,0.0001878566737554178,0.0001730269220255862,0.0001937198868220726,0.05218640610911862,-0.01526262882685181,0.0041665888543986895
2018-02-27,2018,0.0002851380565594558,2018-03-13,EWMA,0.00017995979764539254,0.00017473097105221892,0.0001576026505090386,0.00017869186631886156,0.09211051984231133,-0.01375668966804966,0.017928815791410813
2018-02-28,2018,0.0002426135045941207,2018-03-14,EWMA,0.00020232397873741278,0.0001985529410492175,0.00017268256567681923,0.00020325479635099674,0.04741919275855988,-0.004861602609566695,0.003960176041030827
2018-03-01,2018,0.000162070599074699,2018-03-15,EWMA,0.00024256400634627612,0.00024632037864947507,0.00021285045850975588,0.00025277422443945654,-0.03740237442396488,0.009064413749957367,0.005178078956511456
2018-03-02,2018,0.00018681895995823074,2018-03-16,EWMA,0.00022802433103170127,0.00023011780819257643,0.0002113817320401662,0.0002318511456124246,-0.011281671387816772,0.001434781069545643,0.0016855918755966925
2018-03-05,2018,0.000132631089060859,2018-03-19,EWMA,0.00024984771080724394,0.00023931178233324273,0.00020956052016060195,0.00024354870484760336,-0.07378559906057802,0.007908182182309709,-0.019713269883240514
2018-03-06,2018,0.0001648971057001291,2018-03-20,EWMA,0.00023503880950189395,0.00022242226910496515,0.00020733458848119806,0.00022852974174922364,-0.03167189203314624,0.007275522637070431,-0.015377321265710897
2018-03-07,2018,0.0002597885393337641,2018-03-21,EWMA,0.00022604890182843318,0.00021307429037822786,0.00020761089393310462,0.00021558546525659938,0.016980352075731453,-0.002485363520198902,0.010870651665092268
2018-03-08,2018,0.00023864170015399136,2018-03-22,EWMA,0.00023574278426614022,0.00022519888347547268,0.0002208341920355412,0.00022308110811592583,0.0030113589226612447,0.0006114624264146329,0.0016387681471838889
2018-03-09,2018,0.0001968481187033193,2018-03-23,EWMA,0.0002487819799440896,0.0002262417557186827,0.00022347238002383803,0.0002288684936720506,-0.017675534182626684,0.0015574853483082407,-0.016141645224212908
2018-03-12,2018,0.00018751228067553243,2018-03-26,EWMA,0.0002405816708234433,0.00021749217691014757,0.00023446354386586445,0.00022535851806298871,-0.005421408813725215,0.005435322438992252,-0.018152463237378846
2018-03-13,2018,0.00018556973300722063,2018-03-27,EWMA,0.00022785436601056858,0.00020439244541972724,0.00018320052909602096,0.00020492311829980488,-0.019615587119786504,0.00024183960116008762,-0.015178365761363999
2018-03-14,2018,0.00018239248883000742,2018-03-28,EWMA,0.00021972036849780537,0.0001982291446255341,0.0001832866427349191,0.00019965554969142673,-0.016294733019522667,0.000596408092042644,-0.01293456391655301
2018-03-15,2018,0.0001991481960002664,2018-03-29,EWMA,0.00020659488907279997,0.00018485596478979178,0.00018403845261730556,0.00018476768725489957,0.002530816866311625,3.705357526406772e-05,0.0021775389188576355
2018-03-16,2018,0.0001743780297267512,2018-04-03,EWMA,0.00021029021934033105,0.00018165764998694052,0.00020010890224880388,0.00018012724575515522,-0.00743677386191699,-0.0003045823981437934,-0.01566357795630413
2018-03-19,2018,0.0003687065240902215,2018-04-04,EWMA,0.0001979764969651402,0.00016894254929578304,0.00016791493502148083,0.00016919827369113612,0.16872746770643587,-0.0017859793543548719,0.16147247804044706
2018-03-20,2018,0.00034184955940218134,2018-04-05,EWMA,0.0002072402944265586,0.00017114114605221877,0.00017957405471160655,0.0001706159580619888,0.11084541204430298,0.003075132654593027,0.15654885593148027
2018-03-21,2018,0.00023910851431951252,2018-04-06,EWMA,0.0002615610126198649,0.0002083299474649523,0.00023764804272258667,0.00021260861722101386,-0.0038908976779596927,-0.0027679443420831618,0.006035442664342305
2018-03-22,2018,0.00028668269084614984,2018-04-09,EWMA,0.00025538690541389075,0.00020750759812809532,0.00022038817407883928,0.00020893573423978433,0.030876067222693315,-0.0025845556362522615,0.051398386186106926
2018-03-23,2018,0.00041424509156400447,2018-04-10,EWMA,0.00024009779731592033,0.0002027076293003062,0.00019884344838120782,0.00020095907398314796,0.16942584625920443,0.00911770085449426,0.14895964557664954
2018-03-26,2018,0.0004965754700244928,2018-04-11,EWMA,0.00022635385680553024,0.00019675907953764038,0.00021438666534453674,0.00020049861309622328,0.06814103641782587,-0.028244042209921716,0.18985295257875823
2018-03-27,2018,0.0005284101060123254,2018-04-12,EWMA,0.00021321831649070391,0.00018828781190842302,0.0002066632230875859,0.00019288854181189583,0.04738111942054335,-0.04279664585061127,0.20379230356633116
2018-03-28,2018,0.000580972090594081,2018-04-13,EWMA,0.00020389850262369046,0.00018278687387688732,0.00019752852031624474,0.00018735015027152496,0.060146710771664225,-0.052757926954231316,0.21979100390451656
2018-03-29,2018,0.0005883445731447647,2018-04-16,EWMA,0.0002026070614276354,0.00017829242233676138,0.00019280554352552368,0.0001819054610881643,0.09803565874219888,-0.04548083129559455,0.26817201706563054
2018-04-03,2018,0.0005905819715113683,2018-04-17,EWMA,0.00019045063774197736,0.0001682554394079539,0.0001789436390619131,0.0001714712578636496,0.1370862966214892,-0.0468957285317142,0.2851508746787612
2018-04-04,2018,0.0004729564004600094,2018-04-18,EWMA,0.00030556561893352714,0.00028520730404402227,0.00028809633534165646,0.00029198252285078023,0.034984632476438904,-0.015001630805907773,0.04153534762492672
2018-04-05,2018,0.000489996840591484,2018-04-19,EWMA,0.0002909274339526665,0.0002650911567973111,0.00026666735774124884,0.0002700797949135264,0.06615361266202768,-0.015498223059491778,0.07115079773255317
2018-04-06,2018,0.0004909236313895775,2018-04-20,EWMA,0.0002734849986665382,0.0002475826239906273,0.0002482506368451429,0.00025103200133565846,0.08565827883114263,-0.013410100017636317,0.08829943212576996
2018-04-09,2018,0.00042881032732294637,2018-04-23,EWMA,0.00029750025888460046,0.000259207014529272,0.00025593877330694624,0.0002597101331638044,0.08358620763046432,-0.0012656827839903073,0.07514999517959797
2018-04-10,2018,0.0003320084597153208,2018-04-24,EWMA,0.00036255055157623966,0.0003020971604867535,0.00031239416636692606,0.00030370011980202785,-0.001868871663192273,-0.00050861773492894,0.0008392532441874323
2018-04-11,2018,0.0003252016245700811,2018-04-25,EWMA,0.00039494233523276853,0.00032381164328549,0.00037353937174732616,0.00032985957409160395,-0.008536506856463788,9.146330998177632e-05,-0.0177006672922424
2018-04-12,2018,0.0003386972399280923,2018-04-26,EWMA,0.000392371681641764,0.00034369155509420695,0.00037872984503451715,0.00035058123325013566,-0.00429379732747126,0.000481244637131617,-0.0102014407873936
2018-04-13,2018,0.0002808519469611383,2018-04-27,EWMA,0.0004064476177264908,0.00035907956593413787,0.0003888212117104169,0.0003642609293775579,-0.01301074860621032,0.003200987671649891,-0.03275875109726112
2018-04-16,2018,0.00026272150995713045,2018-04-30,EWMA,0.00039779249060424815,0.00037773767447590807,0.000386680317986059,0.0003834421395755887,-0.009352636708825024,0.004641620757119824,-0.01666603462441163
2018-04-17,2018,0.0002806311984969316,2018-05-01,EWMA,0.0003753783843765978,0.00036980337642837424,0.00036435824160864245,0.00037467644888549215,-0.007185689733385736,0.0032215285144383543,-0.0036926415630462728
2018-04-18,2018,0.0002568712171711897,2018-05-02,EWMA,0.0004029865931395884,0.0003820287033700005,0.0003890156691906733,0.0003859652690942031,-0.012391715455004615,0.0033937816760758466,-0.018439096589207615
2018-04-19,2018,0.00023593047629701672,2018-05-03,EWMA,0.0003935728422342618,0.00036804868478408176,0.00038214636634472705,0.00037164025243156443,-0.011538200505331275,0.003516115555319388,-0.02547854235947966
2018-04-20,2018,0.00026576362927332943,2018-05-04,EWMA,0.00037057373786139266,0.00035691891682658445,0.00035967905414533455,0.000359953117384533,-0.00811730069884753,0.0021885630865936534,-0.010106769093153112
2018-04-23,2018,0.00027192800518385633,2018-05-08,EWMA,0.0003484140599499239,0.0003440127039439311,0.0003371477665831873,0.00034512040389602045,-0.006789601806868717,0.0006777049072628216,-0.0027275024613357957
2018-04-24,2018,0.0004467092541169322,2018-05-09,EWMA,0.00034752576674773833,0.00033739506192119,0.00033716987894533785,0.00033917181533727993,0.009228025985025035,-0.0016834786314694483,0.009011419329868708
2018-04-25,2018,0.0003701684153531391,2018-05-10,EWMA,0.0003763972284582639,0.0003903838242330402,0.00036574844990336716,0.00039319338818710525,-6.601905102421313e-05,0.00039566985816108513,0.0012504666091199823
2018-04-26,2018,0.0003249583214024802,2018-05-11,EWMA,0.00038370620931874033,0.0003871341149524069,0.00036821428563704923,0.00038850991920942623,-0.00558065877632874,0.0005750258690104815,0.0013951260612943273
2018-04-27,2018,0.00033547682609747105,2018-05-14,EWMA,0.0003607250157332026,0.00036916186676096553,0.0003506232865105806,0.00037128534676262475,-0.0016093225539783873,0.0005382855635884809,0.001864825275439408
2018-04-30,2018,0.00033899835690474596,2018-05-15,EWMA,0.00034303547599440323,0.00034927510458383516,0.0003342477268274392,0.0003511286615939043,3.0255717762273093e-05,0.0001693025041129559,0.00037174063181932837
2018-05-01,2018,0.00032796446982906723,2018-05-16,EWMA,0.00033554115829326274,0.00035385904987368443,0.0003258168914413666,0.00035657610852124586,-0.00023721548115762658,0.0005867827287309169,0.002556879347701546
2018-05-02,2018,0.00033219839445103436,2018-05-17,EWMA,0.0003501048063486136,0.00038186442380719327,0.0003404687153701822,0.00038593959059267765,-0.0010544384658413009,0.0014294770351197528,0.007916994998323545
2018-05-03,2018,0.00037698871293765355,2018-05-18,EWMA,0.00033026058380636244,0.0003530562367061485,0.0003211899437369519,0.00035740495709070554,0.004387161254291172,-0.0007501625528387734,-0.006956716845348154
2018-05-04,2018,0.00034623449022898117,2018-05-21,EWMA,0.00033044022085670986,0.000341896609786607,0.00031792481591318616,0.0003451192159763864,0.0026366845164700337,-7.460414801041537e-05,-0.0010273508437652623
2018-05-08,2018,0.0004086230172470023,2018-05-22,EWMA,0.0003146930130891961,0.0003283492905031823,0.0003071136306973336,0.0003317485131926632,0.007665960508704828,-0.0024521458584141342,-0.011524401896588543
2018-05-09,2018,0.00025032114615517094,2018-05-23,EWMA,0.00042936816537019325,0.0004165061309186253,0.0004180493467412407,0.00042074364627780027,-0.010930386558416494,0.004069561777821029,-0.012410104086650442
2018-05-10,2018,0.0002510297852467234,2018-05-24,EWMA,0.0004036071543630947,0.00039836677392445814,0.00038948890713128394,0.0004003333961489421,-0.013061533594080466,0.0018289923188810064,-0.004887143096670599
2018-05-11,2018,0.000337745740490201,2018-05-25,EWMA,0.00037991447200847817,0.0003828893789069912,0.0003743674679866215,0.0003860419503461166,-0.0015359187718928524,0.0009963666739647437,0.0008927328757630804
2018-05-14,2018,0.00040369205361068304,2018-05-29,EWMA,0.00036399374072651404,0.0003645583323143165,0.00035536116595908225,0.0003681007276138176,0.002939773223570974,-0.0009864291058994112,-0.00016770569204993535
2018-05-15,2018,0.00042776192690247494,2018-05-30,EWMA,0.00034839570990625123,0.00034676430528076107,0.00033950471572617285,0.0003498657460608456,0.006302819762716183,-0.002031092975008697,0.0010827741139287639
2018-05-16,2018,0.00042405393064543834,2018-05-31,EWMA,0.0003334120209779249,0.00034135716632105115,0.00032530534444996856,0.0003448555327293414,0.00708029043994074,-0.002405774081760903,-0.006052478808023842
2018-05-17,2018,0.0004304238231783452,2018-06-01,EWMA,0.00035085383001915956,0.00034656744402536323,0.00034153446291009323,0.0003497165719220093,0.006553998523840754,-0.0021380371394084108,0.002880819890013875
2018-05-18,2018,0.0004071794325857671,2018-06-04,EWMA,0.0003600610420920385,0.00037451148303755733,0.0003504317545699725,0.0003783965866755127,0.003966632022946115,-0.0008425238804985469,-0.0042851772015115586
2018-05-21,2018,0.00041182422599245303,2018-06-05,EWMA,0.00033847430679658923,0.0003558903136545186,0.0003296379319962117,0.0003602335730556206,0.006162121671984266,-0.0018216462284552648,-0.009366950445745204
2018-05-22,2018,0.00034507414767509704,2018-06-06,EWMA,0.00036277345607529373,0.0003661757968608765,0.000353942178203231,0.0003705701355046978,-0.000911142360773276,0.000754231181669951,0.000496759987619555
2018-05-23,2018,0.0003703845760881063,2018-06-07,EWMA,0.0003717288182399605,0.00040279459988128727,0.0003770813282963423,0.0004067848799762171,0.00015303690709433937,0.000837714067987605,0.0034154339887617624
2018-05-24,2018,0.0003699291196472943,2018-06-08,EWMA,0.00034988650927229983,0.0003818339800425625,0.0003411144519880187,0.0003881206272780979,0.0017981787018692685,0.0006376286124201158,-0.0010842176669800807
2018-05-25,2018,0.0002874214447837097,2018-06-11,EWMA,0.00038574888301763546,0.00044269359251173046,0.0003725041048713766,0.0004470149236525596,-0.008445722506785103,0.0034377021416238662,0.04184733521402162
2018-05-29,2018,0.00021229748347431358,2018-06-12,EWMA,0.00041231767360926417,0.00046604197947117864,0.00040033144703374474,0.0004709336317327274,-0.014085142181800236,0.0057097766502201,0.06312642410428371
2018-05-30,2018,0.00017940417211706366,2018-06-13,EWMA,0.000409456310958291,0.00042914134416990033,0.00038913253697140743,0.0004312532488964563,-0.028026219618899617,0.00286189844579976,0.026857762785178707
2018-05-31,2018,0.00017560239163075085,2018-06-14,EWMA,0.0003884002231565337,0.00039232020382553077,0.00036387353704376386,0.0003985855091985871,-0.03475523519413759,0.008807948555200618,0.005524583008048367
2018-06-01,2018,0.0002520097871037658,2018-06-15,EWMA,0.00040668070547351926,0.00040622468259909287,0.00038973260540596164,0.00041558602401814654,-0.015620015811411037,0.00880897658064761,-0.0004263187943225333
2018-06-04,2018,0.00037929209344902905,2018-06-18,EWMA,0.00039743844522250373,0.00038100354456350734,0.0003357988337446354,0.0003839001569281237,0.00665224525962671,6.250200550805829e-05,-0.0010650749712484142
2018-06-05,2018,0.0003746658117923378,2018-06-19,EWMA,0.0003766263842163853,0.00034738746409485976,0.0003033646650480333,0.00034560346976492763,0.02392198886107444,0.0004186171314612963,0.002916983644016824
2018-06-06,2018,0.00038081753265439226,2018-06-20,EWMA,0.0003552746859433789,0.000317948165583363,0.00035617252233864356,0.00030983286887667017,-0.0001780523553565061,0.005516313146713081,0.014835707510415297
2018-06-07,2018,0.0003434112499677051,2018-06-21,EWMA,0.00038112195927172813,0.0003265674571851364,0.0003210538143784345,0.00032749195438295245,-0.002926447743100802,-0.00014161147449076594,-0.003958030638075982
2018-06-08,2018,0.00035507805241020323,2018-06-22,EWMA,0.00035842019138806916,0.00030741993525611134,0.0003037205592354949,0.0003085111081011658,0.01282124397517137,-0.000542042189424663,0.010859413811420637
2018-06-11,2018,0.00036353117176779096,2018-06-25,EWMA,0.000340172480724246,0.0002944660540363763,0.000296355821082073,0.00029239384510185005,0.020112118714922467,0.0016872163627281722,0.02158731072069564
2018-06-12,2018,0.0003729067779244005,2018-06-26,EWMA,0.00032067434875784613,0.0002784082324808595,0.0003281725676808514,0.00027174007618972106,-0.0034565482783417423,0.0086252816656609,0.035203682724191054
2018-06-13,2018,0.0004846393581817345,2018-06-27,EWMA,0.0003019436608178574,0.0002624375863403562,0.0003098305698394036,0.00025613069920718697,-0.015072680319231146,0.021146781374333123,0.1013915769811895
2018-06-14,2018,0.00048353398547628144,2018-06-28,EWMA,0.00028486864575367045,0.0002511060963346933,0.00024451529044756796,0.0002498985787780804,0.12737731533410468,0.004484242860688603,0.10207084567576086
2018-06-15,2018,0.00036668959618043956,2018-06-29,EWMA,0.0003589962650100949,0.00033809312517218775,0.00032311324397309724,0.0003352734403080673,0.008124786698910924,0.0007465083747923984,0.003160916462655372
2018-06-18,2018,0.00022504317895171745,2018-07-02,EWMA,0.00043529932022111324,0.000393637985740515,0.0004543216325883611,0.0003843500024010866,0.021125496949006006,-0.010062669220867626,-0.04588625566687643
2018-06-19,2018,0.0002371222242747132,2018-07-03,EWMA,0.00040921031371255595,0.0003842339139371318,0.0004296582946283832,0.0003756208020045277,0.021183616096149827,-0.00852039239332214,-0.02531082445606536
2018-06-20,2018,0.00025052715590884905,2018-07-04,EWMA,0.00038989981790863847,0.0003907356210391915,0.0004455533400088594,0.00037890437718270516,0.05316795990901113,-0.010726907509361006,0.0007669108553294279
2018-06-21,2018,0.00021549908431519525,2018-07-05,EWMA,0.00038936997340533483,0.0004219616785133904,0.00043538602206757233,0.00041059444878876463,0.05320819010291533,-0.013169669404557105,0.03763639840171251
2018-06-22,2018,0.0002805956721869661,2018-07-06,EWMA,0.0003737522319569066,0.0004187740625533968,0.00042513072151941514,0.00040703231808778397,0.03807253860367865,-0.009110154956054828,0.033025994566888706
2018-06-25,2018,0.000343427904307436,2018-07-09,EWMA,0.000360075855626276,0.00041608551339297116,0.0004101312053104956,0.0004045948372628247,0.013758037769052933,-0.004563522462073699,0.01618882927525167
2018-06-26,2018,0.00034129256523148085,2018-07-10,EWMA,0.00034547403740920705,0.0003896943570279552,0.00039617358424084206,0.00037893057814103454,0.010510833436701894,-0.003132152274305078,0.008344317663960155
2018-06-27,2018,0.00033115929143967435,2018-07-11,EWMA,0.0003978383119740341,0.0004073378132955048,0.00044299867765063813,0.00039671146888741815,0.02266456549983875,-0.004656947523590915,0.004184903479178104
2018-06-28,2018,0.0005238319877246668,2018-07-12,EWMA,0.0003742915532902835,0.00037078568931510147,0.0004264079134402987,0.00035962576973219674,-0.04069166142826042,0.013280608301705854,0.0038220621273463706
2018-06-29,2018,0.0005750993488582612,2018-07-13,EWMA,0.00036715015633787175,0.00033707861107930525,0.0004108996311186763,0.00032734788388217564,-0.054198967355032046,0.02142358570959413,0.05428621608292783
2018-07-02,2018,0.0007463132422841861,2018-07-16,EWMA,0.0003509486149505162,0.0003173610128651247,0.00039729601772298145,0.0003073696160625587,-0.12403649306534348,0.04445315853044729,0.1244626003777034
2018-07-03,2018,0.0007346981800029699,2018-07-17,EWMA,0.0003377673564022076,0.0003013962669704545,0.0003823664267288269,0.00029172091400569804,-0.12968784092546493,0.048219869230067935,0.14855670361367945
2018-07-04,2018,0.0007156747368126536,2018-07-18,EWMA,0.00033145145675018864,0.0002796947684613751,0.00036111435048192516,0.00027150776392622755,-0.09165030675026653,0.04744862422559759,0.22977374805969486
2018-07-05,2018,0.0007552509808747764,2018-07-19,EWMA,0.0003116738209979424,0.00025677374855724187,0.00030498656147937865,0.0002516043297343734,0.031442798751015744,0.04009401902876242,0.3243377601432691
2018-07-06,2018,0.000678281019284129,2018-07-20,EWMA,0.00034300544260561846,0.00029478318342296796,0.0003018241043106755,0.0002947473788079767,0.14190632418518234,0.0001580409178831843,0.17197831882706183
2018-07-09,2018,0.0006422924750137972,2018-07-23,EWMA,0.0003719905124698465,0.00030594098806055063,0.00030952838908335006,0.0003080709722533078,0.16461281636924596,-0.007577172722995407,0.1772870574891927
2018-07-10,2018,0.0006337664628476914,2018-07-24,EWMA,0.00035528667068208025,0.00030087340311333677,0.0003399213943564511,0.0003060373312964134,0.03642229911863826,-0.018525264099542582,0.15636979029199782
2018-07-11,2018,0.0005317442498876995,2018-07-25,EWMA,0.0004004794802129908,0.0003749990226188938,0.00038929569028592614,0.0003845500856082425,0.009821155428761053,-0.010067926838395636,0.024480224706186604
2018-07-12,2018,0.00035142781077646145,2018-07-26,EWMA,0.0005019369520424053,0.0004885182785783577,0.0004581695074293842,0.0004977584803626021,-0.02435288093952881,0.005383884872865785,-0.007866016116645724
2018-07-13,2018,0.0002785360841565258,2018-07-27,EWMA,0.0005204407787206184,0.00047865281360817344,0.0004855850747062453,0.00047482031901150226,-0.030905022390609993,-0.0033421435114009412,-0.03697650472858349
2018-07-16,2018,9.875242371795018e-05,2018-07-30,EWMA,0.0006062645819200024,0.0005834203845684723,0.0006405843097178726,0.0005667657659751855,0.04633748772286772,-0.023987988338638466,-0.03203056501996393
2018-07-17,2018,0.00011063122774838171,2018-07-31,EWMA,0.0005702190691549856,0.0005311167731078377,0.0005424004228208296,0.000521477200032997,-0.04006544080513841,-0.014465916755865393,-0.05675476283604297
2018-07-18,2018,0.00017411330320351472,2018-08-01,EWMA,0.0005375981895166734,0.0004964274045498535,0.0005549178151383425,0.00048408196407059026,0.021600163900273195,-0.016238357573119977,-0.05281406733317784
2018-07-19,2018,0.00014288197256900705,2018-08-02,EWMA,0.000531160994970312,0.0004793447812043294,0.0005874876855136185,0.0004648213129980601,0.07499920390334402,-0.021453556027893228,-0.07356674038398481
2018-07-20,2018,0.0001470115299405204,2018-08-03,EWMA,0.0004993226935449288,0.00045675251165461033,0.00055306311668962,0.00044350696668468616,0.07361097130145033,-0.0198156070178932,-0.06167020656675071
2018-07-23,2018,0.00010671732277005319,2018-08-06,EWMA,0.0004955500998358413,0.00043900506344741124,0.0005385536770641384,0.0004265091282258721,0.06602289013684448,-0.021755114455339175,-0.09341969212248102
2018-07-24,2018,0.0001073617140284804,2018-08-07,EWMA,0.000465894073918098,0.00041181790858304314,0.0005255508874682847,0.00039846843911589655,0.0943305425152019,-0.024218964227940454,-0.09311743601425171
2018-07-25,2018,0.00015706585867286275,2018-08-08,EWMA,0.00043817547688478585,0.00038681403165553526,0.0005011009747844186,0.00037377580402222675,0.08917545728935483,-0.020123842405114445,-0.0770796110826728
2018-07-26,2018,0.00014472472190264735,2018-08-09,EWMA,0.00042023527439018666,0.00036272173774145754,0.0004629629923020697,0.0003516630625019336,0.06504801666384541,-0.01841530765214827,-0.09257195606661206
2018-07-27,2018,0.0001468144963096748,2018-08-10,EWMA,0.0003962897838483739,0.00033739268864436955,0.00044466636000560543,0.0003263144749186099,0.0748737136673272,-0.018613005678648875,-0.09622652166626633
2018-07-30,2018,0.0001492935056110178,2018-08-13,EWMA,0.00037277283220243744,0.00031478507414142286,0.000425670769885308,0.00030377408215948254,0.08292769686419632,-0.018414772944981728,-0.09530246744428084
2018-07-31,2018,0.00013735634933884395,2018-08-14,EWMA,0.0003584534507048596,0.00031325640957654476,0.0003934068210762606,0.0003039433368926781,0.05899966866081208,-0.016745408094577918,-0.07948937155584002
2018-08-01,2018,0.00018944839078476484,2018-08-15,EWMA,0.00037977729372717017,0.00034791812333442493,0.00036035850597252757,0.0003455847444519182,-0.025604388149224278,-0.003052695928572824,-0.041938548424191424
2018-08-02,2018,0.0001954913560395202,2018-08-16,EWMA,0.0003625210725379013,0.0003280066741136846,0.00043305333346897344,0.00032458975789454114,0.08994872554572986,-0.004197856205085948,-0.04330569504920945
2018-08-03,2018,0.00020913012678491668,2018-08-17,EWMA,0.0003434837808760641,0.0003169803121956156,0.00035669042249549573,0.00031376482313702844,0.015185369180932717,-0.003434679344013425,-0.029392842412704567
2018-08-06,2018,0.00022797728052333452,2018-08-20,EWMA,0.0003228858785404914,0.00030523235011936645,0.00029289100904427584,0.0003104051641949701,-0.025190868649026754,0.00435829994728909,-0.015389626744754636
2018-08-07,2018,0.00023293758325835653,2018-08-21,EWMA,0.00030400831088035356,0.00029429716593882166,0.00033967163226371864,0.00029543312982046097,0.030476070920347098,0.0008090924223882467,-0.007181440049340182
2018-08-08,2018,0.00021569849812993003,2018-08-22,EWMA,0.00031829132133160575,0.00033358545432837626,0.00031976841963317733,0.0003367378359340559,0.0014996034738867792,0.003352399356688629,0.01586208302566927
2018-08-09,2018,0.00022620702268665434,2018-08-23,EWMA,0.00029952720449807435,0.00032558451710528027,0.0002717185476918445,0.00032881196037555564,-0.020147180179456825,0.003044444426079096,0.022975271230548877
2018-08-10,2018,0.00023059263902654682,2018-08-24,EWMA,0.00028418174290567393,0.0003053461061602169,0.0003213864843798696,0.0002989886625675084,0.02909704711784844,-0.004982644812797865,0.01558976188619976
2018-08-13,2018,0.00022771272124699245,2018-08-27,EWMA,0.00026900167054454664,0.00029142989198774403,0.0002509273289500123,0.00029241986043371856,-0.00857991652362422,0.0007459227486199538,0.014935084083893102
2018-08-14,2018,0.00026709504344410835,2018-08-28,EWMA,0.0002531540260835003,0.0002705739480540898,0.00024959316558614223,0.0002697772352537548,0.0008864661194589729,-3.361888610076136e-05,-0.001379475436613653
2018-08-15,2018,0.0001495131600124028,2018-08-29,EWMA,0.00031463550524346145,0.0003557206958883352,0.0003177737063147074,0.00035800456142804016,0.005231844970479571,0.00371852463220268,0.06784675167139564
2018-08-16,2018,0.00015134231136655396,2018-08-30,EWMA,0.0003052133805387756,0.0003374245738901927,0.00029649860749475607,0.00034588339545801167,-0.014394234077828472,0.013790791973314676,0.05299536776656577
2018-08-17,2018,0.00013372981922596866,2018-08-31,EWMA,0.0002984744740517424,0.000318877476400787,0.0002849347342226578,0.0003232363905913114,-0.0251337575972137,0.007921583454914227,0.037454929947186244
2018-08-20,2018,0.00012750842986540103,2018-09-03,EWMA,0.00029282048741573506,0.00029950073822961526,0.0003181877933888636,0.00030578480761323505,0.048366115999082915,0.012015574903107229,0.012844603516905195
2018-08-21,2018,0.00012327750929043733,2018-09-04,EWMA,0.0002789691206817826,0.0002770392466736913,0.0003171983716342546,0.0002784132426959426,0.07516731429394063,0.002751284238734719,-0.003863584808234677
2018-08-22,2018,0.00010204138928103629,2018-09-05,EWMA,0.0002835557476319083,0.0002619593089732716,0.00029485301316127527,0.00026586570169494277,0.02528008750656685,0.00907869144363005,-0.049551702685143084
2018-08-23,2018,0.0001086001665863713,2018-09-06,EWMA,0.0002737022400571172,0.00023630773289469217,0.0002514586163290683,0.00023918997356558454,-0.04966366150702761,0.006585363434305158,-0.0841171154002458
2018-08-24,2018,0.00010042376721931226,2018-09-07,EWMA,0.00026275522999982164,0.00021531852967934622,0.00024238243253419748,0.0002135759088505463,-0.04858176229129629,-0.004320703131638126,-0.1149032637174976
2018-08-27,2018,0.00012608540466341707,2018-09-10,EWMA,0.00024698991619983245,0.00020091693184155453,0.00021930216432814747,0.00019927144064268613,-0.05444588066170919,-0.0030416132074622126,-0.0893941077660747
2018-08-28,2018,0.00012126464560132465,2018-09-11,EWMA,0.00025804624799441434,0.000201260220619037,0.0002642653667719619,0.00019784065351052753,0.012755711548688708,-0.00672243189578392,-0.11594724631678055
2018-08-29,2018,0.0001725831806343837,2018-09-12,EWMA,0.00024285146625770612,0.000189905442370195,0.0002414905124187846,0.00019241635162947678,-0.0016148336749113312,0.0012761902991691443,-0.04779216088713856
2018-08-30,2018,0.00024581574392993803,2018-09-13,EWMA,0.0002389246245080899,0.0001847351506295329,0.00020786221597807902,0.00018540406428436436,0.01447491770233178,-0.0011863772624280955,0.044571543276703984
2018-08-31,2018,0.0002463408761950912,2018-09-14,EWMA,0.00022472173839652152,0.00017570332102103808,0.0002011561388604117,0.000175347773647911,0.017639661059748235,0.0008172318053949468,0.05975737721465624
2018-09-03,2018,0.00023570915046297312,2018-09-17,EWMA,0.00021945142009417552,0.00017120414680354783,0.00022537373292400774,0.0001733304349297273,-0.0015953171726490467,-0.0045460986367329426,0.054414730429489744
2018-09-04,2018,0.0002513308616521264,2018-09-18,EWMA,0.0002072537361207324,0.00016493963382865068,0.0002028101614482075,0.00016577745155484677,0.004896229129871976,-0.0026342759975674923,0.08273827077897788
2018-09-05,2018,0.00024025480345320243,2018-09-19,EWMA,0.00020234802515502334,0.0001665675298519478,0.00019146142627270938,0.00016796115413778947,0.012209724003857225,-0.0036360021752681604,0.06046392247982446
2018-09-06,2018,0.00022522317046316012,2018-09-20,EWMA,0.00020162764835109754,0.00017182718007481535,0.00019502324522608237,0.0001744891572745533,0.004523807441614736,-0.004623243845898628,0.03379534234796999
2018-09-07,2018,0.00022524231452536185,2018-09-21,EWMA,0.00018969361794979366,0.00016486994076734876,0.00017744504763230072,0.00016596540847376904,0.015213912629859827,-0.002395131645924309,0.038527910975135526
2018-09-10,2018,0.0002616264014504242,2018-09-24,EWMA,0.00019498213580341326,0.00017111542502093704,0.00022977094436780663,0.0001670905672823044,-0.038981743630750465,0.013026747280593831,0.05658052501549449
2018-09-11,2018,0.00025281570045318627,2018-09-25,EWMA,0.00020602730635603165,0.00018376784030501632,0.00022394215988078608,0.00017930978385562033,-0.014785907999013581,0.009645660254101962,0.03430067207101217
2018-09-12,2018,0.0002027713787515572,2018-09-26,EWMA,0.00022729085190701306,0.0002055767540817183,0.00025345245308000514,0.00020411722708615616,0.016859991303122435,-7.213429775898561e-05,-0.006180305579196244
2018-09-13,2018,0.00011478459028429049,2018-09-27,EWMA,0.00027187047685481335,0.0002697710192779147,0.0003045456241347667,0.0002676449244182337,0.06819634068005342,-0.004532366468225746,-0.004466501245238952
2018-09-14,2018,0.000134698468555769,2018-09-28,EWMA,0.00025603197238228015,0.0002581513644187756,0.00025536829288350213,0.000260180281382119,-0.0012282521691160397,0.0037597735705876545,0.0039245478432734515
2018-09-17,2018,0.00020282601645984165,2018-10-01,EWMA,0.00024197653211097865,0.00024886119531167836,0.00027025150536203607,0.00024649368832376824,0.022815329164997067,-0.0017308841825602883,0.0048658710156805896
2018-09-18,2018,0.00019225775326068542,2018-10-02,EWMA,0.00023857540908903596,0.0002451365215369802,0.00026695433021716976,0.00024383053122752803,0.026724456923078677,-0.0011410877920798868,0.005560962450760876
2018-09-19,2018,0.00019218584438683307,2018-10-03,EWMA,0.00022459524564016572,0.00023591431720649658,0.0002210720222633314,0.00023818270604612248,-0.0021740694269558603,0.0018109357611573174,0.00811273529600598
2018-09-20,2018,0.00019486358491173724,2018-10-04,EWMA,0.00021277529044162204,0.0002316029072061226,0.00021995371529057864,0.00023214125481623053,0.003291782358115114,0.0003705658960218017,0.01033832616409125
2018-09-21,2018,0.0002069110974853965,2018-10-05,EWMA,0.00020018483774779332,0.00022021378881260126,0.0002152451648115917,0.0002199825199689236,0.00021735315517368292,-6.295511094212003e-05,0.0013493914501987447
2018-09-24,2018,0.00015616421881140945,2018-10-08,EWMA,0.00022847946060642317,0.00023900921044857986,0.0002270254781078387,0.00024072615869000197,-0.002006641451167468,0.002497767974745102,0.014943896260980694
2018-09-25,2018,0.00014228286314064368,2018-10-09,EWMA,0.0002317912451989291,0.0002362831146800148,0.00023375804400583314,0.00023707894802149163,0.003284673360235857,0.0013410901305883627,0.007524123262999893
2018-09-26,2018,0.0001657199060909827,2018-10-10,EWMA,0.00021899950925653323,0.00022884561721833025,0.00021545659261608402,0.0002300044600635429,-0.0038668088462436856,0.001402534198783556,0.011420440563380652
2018-09-27,2018,0.00025355426226757703,2018-10-11,EWMA,0.00020691924750435654,0.00022090676981748072,0.00020080963217714126,0.0002230252563839644,0.00731076002847697,-0.0013584214347002188,-0.012177144567913523
2018-09-28,2018,0.0002391495373137605,2018-10-12,EWMA,0.00020791413227545848,0.0002174908985562076,0.00020291935896757883,0.00021956397987868499,0.003995959755544121,-0.0008953978113135364,-0.005616285695735357
2018-10-01,2018,0.00016962335995790326,2018-10-15,EWMA,0.00024100230755605962,0.00023753979351551162,0.00023527391303282682,0.0002395636396878745,-0.006919527194798825,0.0024513206056564485,-0.004212002405648008
2018-10-02,2018,0.0001652938245750968,2018-10-16,EWMA,0.00023079435616809674,0.0002261267960238285,0.00022446428392571956,0.00022830198750376264,-0.007613199174683061,0.0026088334534293267,-0.005647964561028118
2018-10-03,2018,0.00017082443622633064,2018-10-17,EWMA,0.0002172343429506016,0.00021772385863177838,0.00021177350326570708,0.00021981934834533882,-0.005182107329382291,0.0020991634063776132,0.00048286470655600766
2018-10-04,2018,0.00016796820169212573,2018-10-18,EWMA,0.00020759553714075454,0.00020710994865378443,0.00020192682621108013,0.0002091382035412848,-0.004971968680040462,0.0018801896312483635,-0.0004448085311814509
2018-10-05,2018,0.00015574881436312076,2018-10-19,EWMA,0.00020314209120307332,0.0002120868767217909,0.00019757443333044724,0.0002143745360388979,-0.006184685242654808,0.002892041380219368,0.010754692657157783
2018-10-08,2018,0.00014452574298002327,2018-10-22,EWMA,0.00019829344350404484,0.00021526514419759158,0.00019330788561067888,0.00021763301697966535,-0.0066662500371652555,0.0036349934381689764,0.024659497901783567
2018-10-09,2018,0.00018226555747210142,2018-10-23,EWMA,0.00019439887913115663,0.00020712290446942857,0.00018907405842192362,0.0002094634436916002,-0.0013684828587186004,0.0014039149883782187,0.005802252676662789
2018-10-10,2018,0.00018618327431694346,2018-10-24,EWMA,0.00019907569443789673,0.0002219466719166339,0.00019376073837664093,0.00022483524935583928,-0.001406963121751481,0.00215343106935606,0.01237831425948066
2018-10-11,2018,9.674438891272063e-05,2018-10-25,EWMA,0.00024524920682642785,0.0002847347908232143,0.0002392525698815957,0.0002889828927029998,-0.014867983684647257,0.009814618779996565,0.09457968685224305
2018-10-12,2018,9.067313476978738e-05,2018-10-26,EWMA,0.00023458679652303523,0.00026444709090361435,0.00022771907969371737,0.0002687689636636835,-0.018055858151648785,0.010697375013608124,0.07617095920879624
2018-10-15,2018,9.048704379901971e-05,2018-10-29,EWMA,0.00022090949883953487,0.0002397125987522625,0.0002152448173361414,0.00024381410359747106,-0.015197142770741578,0.010615272921053354,0.04955759947557503
2018-10-16,2018,0.00014848173762522463,2018-10-30,EWMA,0.00020909459322828832,0.00022026155797380258,0.00020610011820641644,0.00022407057356442034,-0.004107229728515627,0.005685912715914121,0.016026987236779533
2018-10-17,2018,0.0001549660638548803,2018-10-31,EWMA,0.00020042932336844147,0.00020528462383247946,0.00019428748963298535,0.00020903043598828356,-0.006681175575704579,0.004554970800566771,0.005649055431551808
2018-10-18,2018,0.0003942434906959882,2018-11-01,EWMA,0.00018994337146589088,0.00018683715837593845,0.00018634415803151712,0.00018989373132918336,0.020958937966709,-0.017737334618052714,0.018018537379603572
2018-10-19,2018,0.0003945311833164519,2018-11-02,EWMA,0.00017861118182413958,0.00016990019087140617,0.0001737407410377506,0.00017269476189387363,0.03427410865345948,-0.021262614895637633,0.0632520095388216
2018-10-22,2018,0.0004421464110587371,2018-11-05,EWMA,0.00016794373489774532,0.00015491180998290324,0.000157187789764202,0.00015624262246922508,0.11396127971826342,-0.015756697511430495,0.14070280507253852
2018-10-23,2018,0.00047313919925588065,2018-11-06,EWMA,0.00019038642957305732,0.000173595092228522,0.00018425199856863224,0.0001787606301082601,0.0499884368998309,-0.04943596979620146,0.14805104312316253
2018-10-24,2018,0.00044995555856207207,2018-11-07,EWMA,0.0001978489918972473,0.0001775081218828934,0.0001773270397829971,0.00017869364633134842,0.15368775910497412,-0.01016066378401348,0.15211989142720483
2018-10-25,2018,0.00046343634503638674,2018-11-08,EWMA,0.000185995438038585,0.0001641658388420543,0.00016743850166685517,0.000162145018850856,0.17103997707713425,0.022796857970992512,0.20647736066808609
2018-10-26,2018,0.0004649087864014456,2018-11-09,EWMA,0.00017494428785557213,0.0001534484531997069,0.0001429215293559279,0.00015367108040088368,0.39325591775126867,-0.0029394842964816092,0.24116862927360394
2018-10-29,2018,0.0004777668521401469,2018-11-12,EWMA,0.00016472465356639254,0.00014642033443196728,0.0001445527979929901,0.0001463445669304305,0.2741101003346422,0.0011717556025550024,0.2447909766778178
2018-10-30,2018,0.0008334619591585802,2018-11-13,EWMA,0.00019395494943114187,0.00018335879274788446,0.00018409989844493852,0.00018122729406641722,0.17788567645847841,0.04176919955632741,0.19215028512964238
2018-10-31,2018,0.000828655367377636,2018-11-14,EWMA,0.0001904103612299765,0.0001908457047756612,0.00019180900864552964,0.00018802540179652726,-0.024415248034217463,0.05024025485474404,-0.0076436103716579495
2018-11-01,2018,0.0005995263259779141,2018-11-15,EWMA,0.000335963289482655,0.00036871930394913647,0.00038178536087109304,0.0003594669745841653,-0.08631985890849592,0.016437515530983937,-0.06549629160253456
2018-11-02,2018,0.0006015299429296616,2018-11-16,EWMA,0.00031605679364460446,0.00036153219925613163,0.000344473352319488,0.0003548272117888417,-0.0709081959099187,0.012720470507224135,-0.10496947733308293
2018-11-05,2018,0.0005854186865008094,2018-11-19,EWMA,0.0003280740840018017,0.00038568632400430016,0.000338624112298504,0.0003851501168486404,-0.02394308706257675,0.0007219375138474149,-0.10476288798782196
2018-11-06,2018,0.0006810270370124566,2018-11-20,EWMA,0.0003610422778374881,0.000463705990656973,0.0004055151317095388,0.00045635277962195275,-0.09070531032147855,0.0076799744892515065,-0.1673636464257804
2018-11-07,2018,0.000675731810595411,2018-11-21,EWMA,0.0003432050933970635,0.0004586849501661552,0.00039201893181808444,0.00045215660520934585,-0.1121819949995988,0.006935323378868041,-0.20565715991774347
2018-11-08,2018,0.0006699642323898965,2018-11-22,EWMA,0.0003313874684568472,0.00045682307930214387,0.0003784273456685317,0.00045122751652622024,-0.1185680750090663,0.00586211358651223,-0.23411399320737303
2018-11-09,2018,0.0010000047040640701,2018-11-23,EWMA,0.00031256931359564366,0.0004416947557583581,0.0003538480278727154,0.0004380078457542173,-0.24917887955620444,0.010675036691793593,-0.5894950310131843
2018-11-12,2018,0.0011040139246894446,2018-11-26,EWMA,0.000302444945245337,0.00042705949785598715,0.00032444658070529374,0.00044251002103888533,-0.1773152798881652,-0.054722501018893865,-0.7201205879641215
2018-11-13,2018,0.0006885127802176452,2018-11-27,EWMA,0.0005544762119749402,0.0008895845190690021,0.000637539807503273,0.0008862014892164078,-0.02219004689287729,-0.0008555857406902234,0.004966324654690268
2018-11-14,2018,0.0007559064675371417,2018-11-28,EWMA,0.0005261779232063151,0.0008410874951173152,0.0006038432641764813,0.0008395344100027546,-0.04709772586462879,-0.00018564302764190188,-0.06881719148601118
2018-11-15,2018,0.0007464181472413752,2018-11-29,EWMA,0.0005027395790760232,0.0007701805594599021,0.0005730936959134624,0.0007699171941500702,-0.051287960293367796,-1.0495396567833382e-05,-0.0890017420306064
2018-11-16,2018,0.0007540278489344331,2018-11-30,EWMA,0.00047412808160973377,0.0007200156267915121,0.0005464532229227212,0.0007199535023935829,-0.06851711199289223,4.079879022178545e-06,-0.12531272992072395
2018-11-19,2018,0.0008966994188912515,2018-12-03,EWMA,0.00046619501203332435,0.0007193420691697189,0.0005359043797819967,0.0007194582738556582,-0.1108458571951747,-3.980975178841106e-05,-0.24315482962291846
2018-11-20,2018,0.0007499679124956224,2018-12-04,EWMA,0.000552984383719216,0.0009022506817337284,0.0006356307914047344,0.0009048436384930905,-0.03705108510841626,0.00048777950287526295,-0.035437331530733474
2018-11-21,2018,0.0007502364280393217,2018-12-05,EWMA,0.0005201908246678598,0.0008253258894487123,0.0006011631273740419,0.000828945337181963,-0.04958770441372362,0.00040681576863921265,-0.07163208317250636
2018-11-22,2018,0.0011013233696808475,2018-12-06,EWMA,0.0004940073617007138,0.0007787055801601951,0.0005750908269986049,0.0007872389043544831,-0.16234625158383142,-0.004431655041274851,-0.35998361510624655
2018-11-23,2018,0.0011913418595502225,2018-12-07,EWMA,0.0006798306153353964,0.0011458528594530649,0.0007869718688330545,0.0011563627518130864,-0.09223070957894208,-0.0003192579441533283,-0.1906502029832282
2018-11-26,2018,0.0011282427587902511,2018-12-10,EWMA,0.0007152363173887217,0.0011196519559969055,0.0008222055755387818,0.0011276959484882376,-0.06584815983834158,-2.916827185739379e-05,-0.12160763001883801
2018-11-27,2018,0.0011365462494923057,2018-12-11,EWMA,0.0006725851301806953,0.0010398878104104594,0.0007847358489927185,0.0010508797046314242,-0.0872822426859825,-0.0009171513175694201,-0.16112743328161017
2018-11-28,2018,0.001062733184784535,2018-12-12,EWMA,0.0006809801260422285,0.0010894389019314589,0.0007839623982603864,0.001101098960656343,-0.06417356577688071,0.0003160501765160362,-0.11522186386948441
2018-11-29,2018,0.0010831064885550292,2018-12-13,EWMA,0.000642089912921021,0.0009925495276506473,0.0007418886925914309,0.0010039996137667507,-0.08244338324371903,-0.0009749769526710139,-0.160060227388108
2018-11-30,2018,0.001079496596941561,2018-12-14,EWMA,0.0006100607570579596,0.0009407295404189098,0.0007796986211419073,0.000968042801453961,-0.13963645467147678,-0.003756295353996464,-0.18888313626125175
2018-12-03,2018,0.0009331440621857722,2018-12-17,EWMA,0.0006866530426782613,0.0009586906538921919,0.0007923997503350871,0.0009673771788748508,-0.03811994439326227,0.0002798373990309244,-0.051882684764432696
2018-12-04,2018,0.001073780786886286,2018-12-18,EWMA,0.000664896229051671,0.0008962896604885816,0.0007993626198300613,0.0009107948415061962,-0.08748003458078202,-0.00302559698286764,-0.11829854262578188
2018-12-05,2018,0.0010766812855908781,2018-12-19,EWMA,0.0006255623904854761,0.0008280279169164086,0.0007147269977736652,0.0008334486980287597,-0.08146861644964343,-0.00193189205767208,-0.14044965533119225
2018-12-06,2018,0.0009770852601721641,2018-12-20,EWMA,0.0008211272975043618,0.0011568812746959463,0.0009587405297728316,0.0011657456757268475,-0.015855005463691896,0.0012108388581664187,-0.0025409751309988238
2018-12-07,2018,0.0005855647368726872,2018-12-21,EWMA,0.0010458005420230481,0.0013281825888143133,0.0011965119958068865,0.0013297261967132777,0.06410101832282411,0.0006497306042740902,0.11998546403583887
2018-12-10,2018,0.000538610490845634,2018-12-27,EWMA,0.001018258048286706,0.0012982506567992597,0.0011730940151037463,0.001297709580335108,0.07173517941961904,-0.00024387977339568323,0.1288455306891878
2018-12-11,2018,0.0005624069972753572,2018-12-28,EWMA,0.0009628196132627209,0.0012123001075566937,0.001108639270223209,0.0012094311413364102,0.06419244702467264,-0.0012688657007453585,0.11020098617209584
2018-12-12,2018,0.0010065449427281866,2019-01-02,EWMA,0.0009058506090018372,0.0011107374763145773,0.0010492136247593103,0.0011079154286524305,-0.004905442850585473,-0.00023569818907720474,-0.0010597370029330477
2018-12-13,2018,0.0010070807247321456,2019-01-03,EWMA,0.0008667029311918145,0.001058526073592713,0.0010155781196609988,0.0010543821029011663,-0.011817624631937917,-0.00018330992219706133,-0.010632082538492682
2018-12-14,2018,0.0011967642368544084,2019-01-04,EWMA,0.0008188519614803102,0.0009909666490407045,0.000932152324424243,0.0009815597123347339,-0.04804987816423889,0.0020359053745746536,-0.06306362713406521
2018-12-17,2018,0.0012359555192967989,2019-01-07,EWMA,0.0007878442562896599,0.000956325360727711,0.0009039022244176061,0.000945093861295242,-0.0640054378264896,0.0035449508359262083,-0.08258311575352906
2018-12-18,2018,0.0010665005596318452,2019-01-08,EWMA,0.0008513754235080162,0.001067161688173486,0.0009920744399695856,0.0010614614202244558,-0.024713864766514604,1.1041193084260215e-05,-0.027394455627108627
2018-12-19,2018,0.0012548690621140253,2019-01-09,EWMA,0.0008027370351254298,0.0009925513179384335,0.0009225964389097157,0.000979697162536965,-0.06392382677996089,0.003552907958703777,-0.08670016718647133
2018-12-20,2018,0.0010240087148106303,2019-01-10,EWMA,0.000922972584218694,0.0011912700339698134,0.0010638208581156383,0.0011782611091111907,-0.0048691524227653105,-0.0014896863216957712,0.005301678086159001
2018-12-21,2018,0.0010360625274471562,2019-01-11,EWMA,0.0008871982647249395,0.0011533744749667523,0.001015609798889557,0.0011416904739922507,-0.012477036196817615,-0.0009889023514491058,-0.0071245894545137745
2018-12-27,2018,0.0010343800478451052,2019-01-14,EWMA,0.0008386698159910291,0.0010882766638871976,0.0009686245772874707,0.0010791191794611412,-0.021412482548882394,-0.00038446624693921905,-0.02234904571535168
2018-12-28,2018,0.0010025276414242245,2019-01-15,EWMA,0.0008094651963621393,0.0010574567560837865,0.0009653422903438824,0.0010608687962140118,-0.02387682717811046,0.00017225099070206085,-0.023202481707270906
2019-01-02,2019,0.0005955163098204557,2019-01-16,HAR,0.0011367299217030654,0.0012393196470464516,0.0012017877813638668,0.0012006827271659076,0.027294476221643826,-0.01620955040519778,0.04304015419076279
2019-01-03,2019,0.0005716215106262583,2019-01-17,HAR,0.0011356479667588254,0.0012622454721392562,0.0012026052546067884,0.0012260483071501371,0.029262254164325263,-0.015726007095217653,0.05520575473719891
2019-01-04,2019,0.0005047010344016669,2019-01-18,HAR,0.0012074855392393707,0.0012360219277949987,0.0013306107773045314,0.001227458051677215,0.05842133593639165,-0.004103829369308976,0.013708018510173225
2019-01-07,2019,0.00043811905263125005,2019-01-21,HAR,0.0012422858216963545,0.0011998437065719228,0.0013379481370274795,0.0012375566002690746,0.04896834300291619,0.019820285416015437,-0.02228671455096709
2019-01-08,2019,0.00048027309082004243,2019-01-22,HAR,0.00123332873764861,0.0011753978840318942,0.0013495859840211121,0.0011724338708520529,0.05653597875514116,-0.0014919077253576774,-0.028917462605807742
2019-01-09,2019,0.0002887473105055142,2019-01-23,HAR,0.0012319972339527427,0.001075617493392508,0.0013045482549501805,0.0010294148645436927,0.04418577958338332,-0.03185576775016763,-0.101667104529918
2019-01-10,2019,0.0002604196709035697,2019-01-24,HAR,0.0012301258028260638,0.0010166733567319158,0.0011833058174731167,0.0009927839254289376,-0.030427959501226454,-0.017614391366074678,-0.14613340724496293
2019-01-11,2019,0.00022244719385918263,2019-01-25,HAR,0.0012384586702816963,0.001032250041375681,0.0012280893803787167,0.001008869485174915,-0.006891409242157032,-0.017916390169156138,-0.14624544132208683
2019-01-14,2019,0.0003031786435886001,2019-01-28,HAR,0.0010538265948448272,0.0008712469338312722,0.0009766187028209532,0.0008747617578168912,-0.05334293075983432,0.0026279237926294385,-0.12996840407496002
2019-01-15,2019,0.0003468214348451894,2019-01-29,HAR,0.0008415262963815145,0.0006918114002397347,0.0008136296294847081,0.0007232151960631342,-0.01958129669965558,0.02262472940050042,-0.10671401562362348
2019-01-16,2019,0.0003304045847422842,2019-01-30,HAR,0.0008165363341146138,0.0006568813880831742,0.0007890602971971758,0.0006685966189355669,-0.020138558876506174,0.008864003784911034,-0.11921984546481834
2019-01-17,2019,0.0003387646258948704,2019-01-31,HAR,0.0008028584540775678,0.0006432233251922757,0.0008291631787207826,0.0007010809093828595,0.01885248507985704,0.042667445682655014,-0.1169673814258747
2019-01-18,2019,0.00021892855388297794,2019-02-01,HAR,0.0008856784868587771,0.0006666105378172311,0.0008659979610241195,0.0007064856851671862,-0.016853909434156655,0.039560405106787044,-0.20291493780361947
2019-01-21,2019,0.00022257478760845782,2019-02-04,HAR,0.000870739912592006,0.0006521271714984063,0.0008100551275046869,0.0006705474934041101,-0.053091726814254336,0.01847907684834471,-0.2034136253544414
2019-01-22,2019,0.00018837587212932244,2019-02-05,HAR,0.000896811294139962,0.0006826833793851001,0.0008768320067867401,0.000723871993423764,-0.01774387934804178,0.04288260894877016,-0.20693055885672873
2019-01-23,2019,0.00019565419031578472,2019-02-06,HAR,0.0008762534524344735,0.000671143369313344,0.0008654423476146118,0.0007046923998877361,-0.0096253425226287,0.03489974194612344,-0.1984338403425543
2019-01-24,2019,0.0002341791681722871,2019-02-07,HAR,0.0007903358527836337,0.0006119695202942877,0.0007554445886725921,0.0006330887621208513,-0.03146636536264591,0.021162824914596534,-0.16941410906570464
2019-01-25,2019,0.00023338117196707264,2019-02-08,HAR,0.0007658127494672699,0.0006167548620103126,0.0007338083542778232,0.0005842809155819413,-0.029398406921080422,-0.03305842816263915,-0.1428138691101326
2019-01-28,2019,0.00014722206971456108,2019-02-11,HAR,0.0007028426391679079,0.0005747754045501434,0.0006439738670353806,0.0005680536553679836,-0.06832652015358676,-0.0087326131345975,-0.15448184791599662
2019-01-29,2019,0.00014563476677484743,2019-02-12,HAR,0.0007097256543546983,0.0005889561709959084,0.0006723148839266227,0.0005944029296501383,-0.04273346288520674,0.00693976145136066,-0.14444933480596323
2019-01-30,2019,0.00013571755264049214,2019-02-13,HAR,0.0007195839234909262,0.0006073063368474557,0.0006649033926532882,0.000579305613112412,-0.06352079994257309,-0.036401529081844686,-0.13477079701911254
2019-01-31,2019,0.0001404730340987384,2019-02-14,HAR,0.0007081688626047282,0.0006138764904177411,0.0007192456229649291,0.0006268284421254081,0.012465482594737232,0.01615090513104178,-0.11242027589485115
2019-02-01,2019,0.000195949040707939,2019-02-15,HAR,0.000489918118568061,0.0004470436939564776,0.0004835405173677379,0.00044912606892305915,-0.007827897509796955,0.002615004879284122,-0.05322287158282801
2019-02-04,2019,0.0002050428432265444,2019-02-18,HAR,0.00047119137927603585,0.00045054585454829297,0.0004475671959023184,0.00043255386837638406,-0.028468453769438185,-0.021823253372613927,-0.024864063509837386
2019-02-05,2019,0.00020289300425798776,2019-02-19,HAR,0.00037314159420768095,0.00037914941076472964,0.0003842556221585541,0.00038328682139446426,0.013623101346524003,0.005076783361296577,0.007356513379003893
2019-02-06,2019,0.0002159509604755644,2019-02-20,HAR,0.0003410542116997517,0.0003545364523783948,0.0003514599471540421,0.0003575826428220962,0.01130744763931979,0.0033664410710869674,0.014691032340406807
2019-02-07,2019,0.0001775642524264527,2019-02-21,HAR,0.0003653682091697669,0.00038856421494170234,0.0003749905895844596,0.00039225346934295216,0.013524705799558667,0.005151809178680189,0.03254097399917555
2019-02-08,2019,0.00017410289378173887,2019-02-22,HAR,0.000270230175709937,0.00028332382569874813,0.0002783666692725391,0.00028606019771567297,0.010833284572487223,0.003733617192878569,0.017541542156309653
2019-02-11,2019,0.0003689204856850047,2019-02-25,HAR,0.0002551734905620517,0.0002651217165340926,0.0002626017860167625,0.00026953954866386056,-0.012201647761116874,-0.0062812164204189,-0.016004367620593207
2019-02-12,2019,0.00033202619224763277,2019-02-26,HAR,0.0002594411788836181,0.00025806219614145424,0.0002681046009915857,0.0002631580148759494,-0.008506906054678964,-0.005360064415983246,0.0015092308862794113
2019-02-13,2019,0.0003455793505990578,2019-02-27,HAR,0.0002628269209397834,0.0002594854980038402,0.0002695463819508905,0.00026641152435072894,-0.00753297061892777,-0.00828170936863959,0.0041366299458589495
2019-02-14,2019,0.000338762469905881,2019-02-28,HAR,0.0002669513176726616,0.0002679935924628635,0.0002741368722673963,0.00027710310024778756,-0.006701385408192095,-0.008128538683076059,-0.0010386245479292455
2019-02-15,2019,0.000316023609075233,2019-03-01,HAR,0.00028522057994718444,0.00026964373224312477,0.00029260903933099467,0.00027861930751768257,-0.002402701397517859,-0.005010721615303915,0.007845796915521674
2019-02-18,2019,0.0003157555867728862,2019-03-04,HAR,0.0002924220738506471,0.0002729144049492008,0.00029980956111088627,0.0002823360406179308,-0.0016575102933931163,-0.004668862062375823,0.008142665665287652
2019-02-19,2019,0.00030980565495122543,2019-03-05,HAR,0.00022801695844341653,0.0002215917583553366,0.0002332274351262681,0.00022913075994462914,-0.007760196820366438,-0.012544801803123562,0.01081304004379291
2019-02-20,2019,0.00029062332318034284,2019-03-06,HAR,0.0002390836439439363,0.00022566306336854918,0.00024545781673945095,0.00023338589046744649,-0.005254941099004817,-0.008965654366406284,0.014521748259011424
2019-02-21,2019,0.0002927403456393396,2019-03-07,HAR,0.00021578149540120385,0.00020631436005091346,0.00022075483810582723,0.00021372674253815682,-0.00777728738604111,-0.013912584471908573,0.017387327431052313
2019-02-22,2019,0.00030931874766748673,2019-03-08,HAR,0.0002082419452554012,0.00020795659793707905,0.000212548542033115,0.00021565000693199,-0.00962657630626751,-0.01673699318421029,0.0006669560927203833
2019-02-25,2019,0.00012279812878129308,2019-03-11,HAR,0.00032178995472276374,0.00035645927988939025,0.00032983371404517127,0.00036913880120679793,0.01538317873672046,0.02311971365926979,0.06520554335954731
2019-02-26,2019,0.00011869964179795165,2019-03-12,HAR,0.0003218805623512019,0.0003484677076894773,0.0003295937121257031,0.00036160142349221766,0.015050233619509967,0.024624873583748652,0.05122891726656764
2019-02-27,2019,0.00010040736209955747,2019-03-13,HAR,0.0002910166829118506,0.00030164400255180946,0.00029818475335954023,0.00031312680847515753,0.016038667986692623,0.025154014598441243,0.02371131849458674
2019-02-28,2019,9.599265329397405e-05,2019-03-14,HAR,0.0002713605113550279,0.00028683586245063786,0.0002776084712677105,0.00029700646258042817,0.014801971176160222,0.02338373768844182,0.036376632896280015
2019-03-01,2019,5.405026447206623e-05,2019-03-15,HAR,0.0002833587136207252,0.0003092585328486379,0.00029089664662669323,0.00032052459669764115,0.021311583402360945,0.02963832380452658,0.07148913692838832
2019-03-04,2019,4.7688032661182164e-05,2019-03-18,HAR,0.00027723960520762054,0.00029677815851092914,0.00028036493553936295,0.00030454900394769963,0.00929250250149849,0.02174704366113822,0.05677840122343447
2019-03-05,2019,5.187124763086379e-05,2019-03-19,HAR,0.0002722104067286756,0.0002946361014181306,0.00026660425864617553,0.0002924318208876392,-0.01680293885973505,-0.006182455037367696,0.06466191519166653
2019-03-06,2019,8.25500341514357e-05,2019-03-20,HAR,0.00026878338002312774,0.0002909489926548388,0.00026797984787924555,0.0002922758772136709,-0.0020730858591964108,0.003262099116502881,0.0558442467324598
2019-03-07,2019,8.03053938306629e-05,2019-03-21,HAR,0.00026497666070665344,0.00028216576092354473,0.0002709918738244312,0.00029118934575575423,0.015719923886610587,0.022659524055020697,0.04439064854359298
2019-03-08,2019,0.00015295292532522826,2019-03-22,HAR,0.0002656107024608992,0.00027730438391025463,0.00026935091663917956,0.000289339432212449,0.005987018859120674,0.01954221536974554,0.018800803497674323
2019-03-11,2019,0.00017064271403561347,2019-03-25,HAR,0.00024972605066309696,0.00026626201235667376,0.00026368782391824827,0.000269441398365843,0.018220911864858635,0.004307725885012381,0.021679364576363547
2019-03-12,2019,0.00016935851602553625,2019-03-26,HAR,0.000248802978973488,0.0002620773384643169,0.0002548779353181443,0.00027444384348614045,0.007899245238298214,0.016988379510560314,0.017500826760400656
2019-03-13,2019,0.0001626363531012176,2019-03-27,HAR,0.0002536597865967349,0.0002600670485772803,0.0002519684291981829,0.0002694237650314957,-0.0023863161029495927,0.013627995966962736,0.009149311166667395
2019-03-14,2019,0.0001969475976910487,2019-03-28,HAR,0.0002333036525631674,0.0002363170384581281,0.00023788049194788317,0.00024607731658558504,0.0031857092637519457,0.007415802042086916,0.0020690756555294954
2019-03-15,2019,0.0002730758349546986,2019-03-29,HAR,0.00022329549250672768,0.00023006256755209967,0.00022358493406047394,0.00024076068548170581,-0.0002877613093890119,-0.007290177372930806,-0.006116151173102047
2019-03-18,2019,0.0002946399536280453,2019-04-01,HAR,0.00022007074915914818,0.0002237530941227863,0.0002166512461297457,0.00023161707765833873,0.005471356724613408,-0.010166668752155772,-0.005439459472145636
2019-03-19,2019,0.0002969693959757477,2019-04-02,HAR,0.00019200472655459677,0.00019151964028802293,0.0001920439586908674,0.00020024200745740275,-0.00011165839108517872,-0.023006256715415674,0.0013878422374027366
2019-03-20,2019,0.0002691120381885566,2019-04-03,HAR,0.00020594480484488432,0.00019535605648715696,0.00020841671399188442,0.00020512762564025303,-0.003566922189243371,-0.016813012374036873,0.018042822322205332
2019-03-21,2019,0.00027626420160262985,2019-04-04,HAR,0.00020152716480813034,0.00019384724269831314,0.0002051256801586759,0.0002045932372483399,-0.006350171647843794,-0.020901556517936903,0.015457305611088046
2019-03-22,2019,0.0001873845004179431,2019-04-05,HAR,0.00024360712819328134,0.00024705968572422474,0.00023541886503901938,0.0002490173776664599,-0.007436127706442974,0.0019299854925263205,0.0033237901667595438
2019-03-25,2019,0.00018974016784039077,2019-04-08,HAR,0.0002576466676513856,0.00025003638027947,0.0002591465294570821,0.0002621947876836669,0.0015422449692161777,0.012292118551756381,-0.007568029527662112
2019-03-26,2019,0.000189507206245004,2019-04-09,HAR,0.0002570254268387878,0.0002485363040422883,0.00026156409080384393,0.0002641512677268394,0.004710525729106685,0.015859195338213894,-0.008402210747522787
2019-03-27,2019,0.0001962586184036004,2019-04-10,HAR,0.0001560057690354118,0.000150981321431116,0.0001595946221659749,0.00016192720721645664,-0.0055455144305716075,-0.017878419645885657,0.009128343224413804
2019-03-28,2019,0.00016215101544083248,2019-04-11,HAR,0.00017335033013595857,0.00017421194156871873,0.00017781114014343684,0.0001878751988531087,0.0019408222407966136,0.007814977007586599,0.00033179243700232064
2019-03-29,2019,8.73393685233068e-05,2019-04-12,HAR,0.00019918564364463263,0.00018423273026323578,0.0002049765210557051,0.00019810372787500906,0.01627042333809925,0.03939707285543825,-0.04244886428680239
2019-04-01,2019,6.8003838749318e-05,2019-04-15,HAR,0.0002103992892898631,0.00018699840475932102,0.00020675882528602482,0.00019182039727609702,-0.011763172501014552,0.01631771078180755,-0.07746027599519856
2019-04-02,2019,6.103533219875897e-05,2019-04-16,HAR,0.0001926814602780567,0.00017156392888188407,0.00019746288653838895,0.00018150252740240056,0.01684197199918458,0.036833221543371764,-0.07709192313897262
2019-04-03,2019,5.963414965338761e-05,2019-04-17,HAR,0.00018842476768405367,0.00017753368295611596,0.00019474947710901633,0.00018793447414046293,0.022736882308082684,0.038343228700641774,-0.040123014733159934
2019-04-04,2019,5.610414059203055e-05,2019-04-18,HAR,0.0001906053767576894,0.00018095678917578298,0.0001924222677739143,0.00018821894536219682,0.006707781456094963,0.027385110147902125,-0.03625239019081228
2019-04-05,2019,5.575790825400478e-05,2019-04-22,HAR,0.00018470537649882367,0.00018552643929179867,0.00018943770240263284,0.00019440159872233378,0.01775711906169697,0.03300799117249653,0.003099433186495304
2019-04-08,2019,0.00028468436621980063,2019-04-23,HAR,0.00019832520863882126,0.00019637618157430757,0.0002038268157609652,0.00020470358149068488,-0.011382307396035962,-0.01744288053226395,0.0043706779616634606
2019-04-09,2019,0.0002961771336083422,2019-04-24,HAR,0.0001887246778302002,0.0001976544322402098,0.0001938287796080099,0.00020485667822017696,-0.014640081984478748,-0.01689167541959513,-0.024670567703942048
2019-04-10,2019,0.00032190900677795076,2019-04-25,HAR,0.0001889048738415583,0.00019462089842367807,0.00019288056216423623,0.00020051267934609622,-0.014297224633551764,-0.018777430331974543,-0.02023892462533805
2019-04-11,2019,0.0006069169979902364,2019-04-26,HAR,0.00018834056641121893,0.0002036911566728728,0.0001926250410379096,0.00020976772037429442,-0.0491817629737934,-0.05691714559236871,-0.16449706520577756
2019-04-12,2019,0.0006062020254133679,2019-04-29,HAR,0.00018552426992577182,0.00020366069874570066,0.0001903493133215923,0.0002095838344601383,-0.05715080908534809,-0.05545247194215719,-0.19770904023380975
2019-04-15,2019,0.0006156558570847287,2019-04-30,HAR,0.00018567712401414556,0.00022235235341521044,0.0001908435300307723,0.00022922749512999742,-0.062317020303868986,-0.052592930367436175,-0.3666494978046071
2019-04-16,2019,0.0006157687042831237,2019-05-01,HAR,0.00018563792299711081,0.00022666043779189538,0.00019084580941935327,0.00023437597952535895,-0.06284922866785791,-0.05595892038612327,-0.40068535719044895
2019-04-17,2019,0.0006539673571350968,2019-05-02,HAR,0.00018301741671795764,0.00022043354794374717,0.00018844072647439538,0.00022807406147547303,-0.0736357341031102,-0.06531183142412722,-0.4205046411413633
2019-04-18,2019,0.0006883479409675377,2019-05-03,HAR,0.0001827712634244777,0.000226611725172023,0.000188111334096262,0.0002350267281553445,-0.07811485516293093,-0.07229720918251648,-0.513603526113652
2019-04-22,2019,0.0006883479409675377,2019-05-06,HAR,0.0001648679332548071,0.0002047719534953334,0.00016868320792276086,0.00021290554914920047,-0.07155573607429133,-0.08946844262254317,-0.5968610420965756
2019-04-23,2019,0.0004493722129370871,2019-05-07,HAR,0.0003145750791840302,0.0003004426551135383,0.0003226753235070714,0.0003090809404918312,-0.010436474419686093,-0.013455995887861505,0.021229132668375783
2019-04-24,2019,0.0004379212580850079,2019-05-08,HAR,0.00027409811697327944,0.00028075287106472203,0.00028023185316383806,0.00028862455566063596,-0.012838981931606597,-0.01488894821366582,-0.013881529391893466
2019-04-25,2019,0.0004094648697638502,2019-05-09,HAR,0.00027864964628648804,0.0002699238192290226,0.00028487874925707226,0.00027687099984947114,-0.010022549119099722,-0.012651385524742764,0.015687797453792562
2019-04-26,2019,0.0001428944854091028,2019-05-10,HAR,0.0004355258886156073,0.0005128041631737752,0.000445569629020853,0.0005261846919977724,0.015403552682098365,0.018672287617511607,0.11389649311216665
2019-04-29,2019,0.00015218381686010594,2019-05-13,HAR,0.00043408140027325856,0.0004987573262488805,0.00043764448282608147,0.0005087493335644729,0.005320509162449305,0.013842993086608857,0.09342536018173853
2019-04-30,2019,0.0001345009638634093,2019-05-14,HAR,0.00041953318846884587,0.0004635892556615945,0.00043239575401429384,0.00047787839095816465,0.020661772377594367,0.021682130726285997,0.06938917576468207
2019-05-01,2019,0.00013979328854496774,2019-05-15,HAR,0.00037925460945356334,0.00042044870607871966,0.0003911446574357798,0.0004375018745721251,0.019664950378812662,0.026798696743004946,0.0670005649338723
2019-05-02,2019,0.00014588929400439772,2019-05-16,HAR,0.00038729349610671065,0.0004432883837936788,0.0004046859979093048,0.000444859200981238,0.02773939539924708,0.002375201339901878,0.08745546427620265
2019-05-03,2019,0.00011829039432243794,2019-05-17,HAR,0.0003895966376761252,0.00042804733245860066,0.00040333133337297706,0.0004454498044312047,0.024307144504445155,0.029054615313579113,0.06684797343928661
2019-05-06,2019,0.0001281348635171413,2019-05-20,HAR,0.0003827407278831869,0.0004230712882800878,0.00039341670976188333,0.0004448963408901664,0.01842672320209182,0.0354429647442176,0.06826873184910376
2019-05-07,2019,0.00011107663691117566,2019-05-21,HAR,0.00039268877077080144,0.000441260880871063,0.00040611272651832134,0.0004643092582686063,0.024263480807405813,0.03841887608832639,0.0854826883856683
2019-05-08,2019,0.00012989394583728614,2019-05-22,HAR,0.0003915900230073629,0.0004288916354107815,0.0003914715020566349,0.0004474089556835235,-0.00020228431197111263,0.029734052463753713,0.06213942055375998
2019-05-09,2019,0.0003843677744126532,2019-05-23,HAR,0.0003754993139550809,0.00040940669290247906,0.00038435683877382864,0.0004361435704128082,-0.00027458439280181324,0.005708758693522498,0.0016755607041014642
2019-05-10,2019,0.000367070407756905,2019-05-24,HAR,0.0003823974393937216,0.0003980873990863252,0.00039241578933800036,0.0004238984765571931,0.0013548198804640421,0.0066768729294581775,0.0023774807176071278
2019-05-13,2019,0.000459418229992769,2019-05-28,HAR,0.00038569939015437325,0.00038655535737883704,0.00039278589696172553,0.00041384297680463277,-0.0032835714900700808,-0.010154269277277805,-0.00042077328264422675
2019-05-14,2019,0.0004628849105363669,2019-05-29,HAR,0.0003801503195800136,0.00038033374620479945,0.00038355324255591423,0.0004075092618452895,-0.001891301641583354,-0.012146688170398434,-0.00010484498506535544
2019-05-15,2019,0.0004811515516996129,2019-05-30,HAR,0.0003843659896119657,0.00037285436736766596,0.00039040349475814894,0.00040051750162075966,-0.0037732939172414603,-0.017560162420418024,0.008241352307202021
2019-05-16,2019,0.0005988570555397214,2019-05-31,HAR,0.0004115535578350548,0.000370439281967974,0.00041612540888812143,0.0003966902768326224,-0.004939400193809007,-0.03851317978633517,0.05625034671497886
2019-05-17,2019,0.000899010208406447,2019-06-03,HAR,0.0004146971227662542,0.0003913042443726823,0.0004249758175869782,0.0004224583422503756,-0.0279494812918335,-0.09282103808012998,0.07153626176303263
2019-05-20,2019,0.0008931513283841471,2019-06-04,HAR,0.0004179610344106533,0.00040681985144839003,0.00042798531768123817,0.00044023128032167865,-0.026350428540755644,-0.08769404692063354,0.031504153616285
2019-05-21,2019,0.0009428370069083286,2019-06-05,HAR,0.00041644416696056026,0.00040887713490702575,0.0004269758528375828,0.0004441005291229279,-0.030868668929874055,-0.10025533212472748,0.023562168917569792
2019-05-22,2019,0.0009339553623255427,2019-06-06,HAR,0.00042841211557807866,0.0004316302128213501,0.0004396485502899031,0.00047014356233855627,-0.02982690156346024,-0.09178473969680212,-0.008770066235413765
2019-05-23,2019,0.0007188535803522992,2019-06-07,HAR,0.000444433511664781,0.0004717649166532915,0.0004436417135306362,0.0004935253326318074,0.0011036151058751997,-0.022091647624288058,-0.03402621213662904
2019-05-24,2019,0.0007166508657455478,2019-06-10,HAR,0.0004386728750282856,0.00044989636109194576,0.00041555830141914367,0.0004398037930708109,0.03673899605889286,0.01386570390241637,-0.015491844965667134
2019-05-28,2019,0.0006280612616843551,2019-06-11,HAR,0.0004787624116768845,0.0004496026552233111,0.0004653778679057863,0.000447252979889362,0.00937462152505919,0.002099026421843675,0.022241601074205697
2019-05-29,2019,0.0007160828396619763,2019-06-12,HAR,0.00033099143192468383,0.00030349442151779177,0.00031705167358330057,0.0002954417026746544,0.0520922501995571,0.03741901208687448,0.10928211730449444
2019-05-30,2019,0.0007591573277856469,2019-06-13,HAR,0.0003437200257804011,0.0003258719794563863,0.00035516096278992947,0.00030762392272805356,-0.03840444701608625,0.08056488941852091,0.06764518864426883
2019-05-31,2019,0.000594541026675042,2019-06-14,HAR,0.00041756931284524766,0.0004321364735347756,0.00043534119911636625,0.0004083144222603072,-0.016444662774597774,0.02356460674806815,-0.013705342745627291
2019-06-03,2019,0.0002921569656821934,2019-06-17,HAR,0.0005881566067535243,0.0006444339659239662,0.0006138392813523927,0.0006099567158593291,0.02195685794102964,-0.029358916760411802,0.04800020705690322
2019-06-04,2019,0.0003039186410818062,2019-06-18,HAR,0.0005644712659511858,0.0006071770446717702,0.0005748729299482059,0.0005775069532059303,0.0085175817801737,-0.024383923120710804,0.035061681184480165
2019-06-05,2019,0.0002591467123667524,2019-06-19,HAR,0.0005734377347650656,0.0006314586956326473,0.0005899655763189994,0.0006016114789986294,0.015754386831519973,-0.028060177779755335,0.05485915161178223
2019-06-06,2019,0.0004120479610417546,2019-06-20,HAR,0.00057777576944357,0.000633597931042774,0.0006084139204168232,0.000602954971131011,0.01575657524479457,-0.016521417552756823,0.029396657262197756
2019-06-07,2019,0.0003750908758624257,2019-06-21,HAR,0.0005874707742286414,0.0006246071301136316,0.0006128011828147326,0.0005962330362952996,0.015822017505996655,-0.017913025984766406,0.02333492994021924
2019-06-10,2019,0.00039004213578071583,2019-06-24,HAR,0.0005656828679632098,0.0006130454277650534,0.0005526928732826538,0.000594894963241745,-0.007025609055142823,-0.010642359972612425,0.027135630307145497
2019-06-11,2019,0.00040330414486549807,2019-06-25,HAR,0.0005724105343332793,0.0006241513154160631,0.0006035667177309961,0.0005968042691690019,0.016630072929993744,-0.015194795736133138,0.028128942115086986
2019-06-12,2019,0.0003196014653947854,2019-06-26,HAR,0.0006135544235721795,0.0006977176383769041,0.0006380969978073964,0.0006714796005950988,0.01918634797453045,-0.020431903305266452,0.06571100372850935
2019-06-13,2019,0.00025245450431992604,2019-06-27,HAR,0.0006474409671807383,0.0007118771284679883,0.0006630976891736862,0.0006881178383055993,0.014687956079836084,-0.021700507922949086,0.05958316172157474
2019-06-14,2019,0.0002640357973106524,2019-06-28,HAR,0.000641710979611516,0.0007119386361436999,0.0006673629675706435,0.0006874525029088199,0.02338058645429264,-0.021789135870486476,0.06326652041912517
2019-06-17,2019,0.00038902921219124346,2019-07-01,HAR,0.0006445872477219241,0.0007233269866928823,0.0006602389071418812,0.0007031097285519532,0.009684195027837461,-0.012883532921162733,0.0495520392917852
2019-06-18,2019,0.0005119947911485893,2019-07-02,HAR,0.0006290901120378112,0.0006958852263533134,0.0006610635876377755,0.0006734851960268109,0.01021151902782158,-0.008247909596585501,0.02279067756402764
2019-06-19,2019,0.0005221815194953864,2019-07-03,HAR,0.0006160371573976883,0.0006961596844906985,0.0006308214737958801,0.0006815653708546845,0.0038496630917626007,-0.00512529790352545,0.024714351797884504
2019-06-20,2019,0.00035930521790505574,2019-07-04,HAR,0.0007058397571094567,0.0007310073306927441,0.0007447640274684668,0.000706076337611077,0.027074436915873967,-0.01734492583730418,0.01750948266514385
2019-06-21,2019,0.00036140626628111135,2019-07-05,HAR,0.0007079862123826877,0.0007170622319071514,0.0007462810662409223,0.0006913079902872348,0.02648324906909849,-0.01780063089509376,0.0062768677557825114
2019-06-24,2019,0.00035583646240963906,2019-07-08,HAR,0.0007075412322016136,0.0007235952457886535,0.0007424036533325245,0.0006980579681107259,0.024480663049236462,-0.01793975797590086,0.011278270081667152
2019-06-25,2019,0.0003371560981833072,2019-07-09,HAR,0.0005916852988633052,0.0005808686770125923,0.0006122615993708804,0.0005618156637789873,0.015034660874010619,-0.013666474403711604,-0.007839259992889147
2019-06-26,2019,0.00043300468764673905,2019-07-10,HAR,0.0005940271753852863,0.0005652296033898328,0.0006079067959285142,0.0005467941577932875,0.006453687338760616,-0.007331207726416267,-0.012555149091680207
2019-06-27,2019,0.00046657406363207344,2019-07-11,HAR,0.0005216712793197267,0.0004989226468940668,0.0005504507161558816,0.0004786418322811904,0.006938368956614482,-0.0018741433127029694,-0.0038067278788176395
2019-06-28,2019,0.00047616950946211147,2019-07-12,HAR,0.0005282691172163571,0.00048397946896226263,0.0005110058396214981,0.00047417303999587184,-0.0027736738899184488,-0.00012277965027962523,-0.005077091626754182
2019-07-01,2019,0.00034393923896566965,2019-07-15,HAR,0.0005992118436783612,0.0005538111744840819,0.000567472805072219,0.0005395130313081009,-0.022319042562634728,-0.009698066741157696,-0.03173683209434408
2019-07-02,2019,0.000227480406494508,2019-07-16,HAR,0.0005935994616523044,0.000563039455686287,0.0005324571298041505,0.0005544503839271678,-0.06469680798176736,-0.00911361707302838,-0.0320549934567369
2019-07-03,2019,0.0003264081763530299,2019-07-17,HAR,0.0004426120863497513,0.00040696663040482245,0.00039237896121202515,0.0004038447892258127,-0.0260547010262151,-0.0015004759026853165,-0.019369887262114638
2019-07-04,2019,0.0005544031102048664,2019-07-18,HAR,0.00043952385420937585,0.00040007319412247697,0.0003979474432730064,0.00041073729266179453,0.0324124991519934,-0.00967245832998298,0.030337665263951763
2019-07-05,2019,0.0005484171621960305,2019-07-19,HAR,0.0004188064228019275,0.00037204668108898735,0.0004143114545170544,0.00039447279047673505,0.0034160184175471286,-0.025270415471327468,0.0461887425826113
2019-07-08,2019,0.0005603449571435988,2019-07-22,HAR,0.0004129731467737841,0.0003614186789465235,0.0004029131035149427,0.00035382874445330975,0.009216682887874583,0.012033476124460485,0.06020279434505138
2019-07-09,2019,0.0005546557705283119,2019-07-23,HAR,0.0003804261487276905,0.00034394641695849543,0.00038426678896879635,0.00033133375941121973,-0.004527154792208776,0.02402693496412045,0.05383102800328299
2019-07-10,2019,0.000510836325200047,2019-07-24,HAR,0.00044445743094122914,0.00037129200664184957,0.0004328735862155301,0.00037352742591916513,0.004348402963482378,-0.0022312461979945297,0.046620829755632975
2019-07-11,2019,0.00048035616063302346,2019-07-25,HAR,0.00045696875401799646,0.0003696496624397922,0.00041769038602445954,0.00035727380994462436,0.00897524271242478,0.010960700150911329,0.036251565284167064
2019-07-12,2019,0.00048434757203144277,2019-07-26,HAR,0.00042207011184201447,0.0003606758537023731,0.0003643932315964109,0.00034951614709949526,0.03469900978399387,0.01144723685830229,0.03814461673688285
2019-07-15,2019,0.000484100753826258,2019-07-29,HAR,0.00038709681583628077,0.0003519473466993771,0.00039267816906949146,0.00037601088888588723,-0.003459844433344905,-0.021890741271930914,0.029705252799892
2019-07-16,2019,0.00046358174653929774,2019-07-30,HAR,0.0003996873756730416,0.00039579650313966824,0.00036454812956015657,0.0003945796400444096,0.01977633158742531,0.0005329113873129288,0.0016195151385804962
2019-07-17,2019,0.00040583631947470523,2019-07-31,HAR,0.0004553051921254224,0.0004766489685170717,0.0004658445269616988,0.0005108891402055217,0.0027179644886494714,0.012308406353733758,0.005898757784935427
2019-07-18,2019,0.00021160773402351395,2019-08-01,HAR,0.0005739388699294768,0.0006019099624735414,0.0005638811848701106,0.0006390512984709016,-0.011103108187118238,0.03944434633634941,0.030451568280350116
2019-07-19,2019,0.00029089703507743675,2019-08-02,HAR,0.0005701032857077301,0.0005613421331131163,0.00047245360779623,0.0005475635273979638,-0.08241565156444786,-0.011811951031085677,-0.007523182985424093
2019-07-22,2019,0.0003578749047894967,2019-08-05,HAR,0.0004990916946619977,0.0004667612641715094,0.0004542727793946955,0.0004614850390353916,-0.023347018447012147,-0.002602266631971162,-0.01730495992067116
2019-07-23,2019,0.00036891029797963165,2019-08-06,HAR,0.0004955268519924827,0.0004555342809417515,0.00044308648739629404,0.00046403970119879767,-0.023745429654271177,0.003655499677688745,-0.01879059997200283
2019-07-24,2019,0.0007100287382517216,2019-08-07,HAR,0.0005171024488891207,0.0004559553166640329,0.0004473540325297854,0.00044545479986734583,0.06919235668788648,0.01340896334044217,0.05829592108887116
2019-07-25,2019,0.0007580795193010973,2019-08-08,HAR,0.00048731125634498954,0.00044437440787433016,0.000427076910089135,0.00042988155705305875,0.08746601945317156,0.02435587784539006,0.05807496268156953
2019-07-26,2019,0.000768465701363524,2019-08-09,HAR,0.0004994918592078325,0.0004710293036167604,0.00044301970174015937,0.00046092684457704487,0.07613640772540986,0.01407690543138962,0.03429455706074336
2019-07-29,2019,0.0007694803008878485,2019-08-12,HAR,0.0004959309131639845,0.00047569059694576275,0.0004691297035411271,0.0004565362140979718,0.03308429601481855,0.02676851827402693,0.024350024248021462
2019-07-30,2019,0.0009919203916251835,2019-08-13,HAR,0.000490886738234415,0.0004727618935115362,0.0004760195073952139,0.000451384371432295,0.032355798249493084,0.05309506750530346,0.03984733290104714
2019-07-31,2019,0.001054336062313247,2019-08-14,HAR,0.00045394924322270504,0.00042295293076408016,0.0004622405393541736,0.00040026492180542035,-0.023560650559931062,0.08616368931278018,0.099487341376987
2019-08-01,2019,0.0010276024369990614,2019-08-15,HAR,0.00040489260268107634,0.00039434460121286896,0.0004121931853392829,0.00037521673406624604,-0.027080990772924807,0.08312010684292748,0.041489193721783835
2019-08-02,2019,0.0010236823508807278,2019-08-16,HAR,0.0004428870425489936,0.0004682286801666958,0.00045698689643797755,0.00044293572417211164,-0.03997540158728263,0.06931140043736228,-0.06945552442350067
2019-08-05,2019,0.0009520170366675629,2019-08-19,HAR,0.000493510226763475,0.0005487153605826447,0.0005138562898297513,0.0005215372900443145,-0.035981286965905745,0.03961393449397299,-0.08804380109969578
2019-08-06,2019,0.0009546931694857932,2019-08-20,HAR,0.0004959006106615175,0.0005574384111357063,0.0005213454975251066,0.0005267072945863058,-0.04392278947806183,0.043218360207134765,-0.09555056882801338
2019-08-07,2019,0.0006220441199739725,2019-08-21,HAR,0.0007118043955153439,0.000847188344644723,0.0007475346948331528,0.0008066494080554848,0.007207440699437129,-0.012133698896471756,0.03446770516730702
2019-08-08,2019,0.000588013112652329,2019-08-22,HAR,0.0007337190499456592,0.0008299011323280796,0.0007722535516613459,0.0007899705840827036,0.011197142308330577,-0.01349668700500839,0.0302997817166597
2019-08-09,2019,0.0005909247744129035,2019-08-23,HAR,0.0006968103906737305,0.0007597642479016368,0.0007350542995935002,0.0007232245153115772,0.00930850344328693,-0.009992729193388783,0.016226284727860474
2019-08-12,2019,0.0005891673657071561,2019-08-26,HAR,0.000676114047063638,0.0007385460144155119,0.0007114423221052489,0.0007046263708579221,0.007661127387641464,-0.008613745411022222,0.014658843759318252
2019-08-13,2019,0.0003661594984001732,2019-08-27,HAR,0.0007898407895098921,0.000788789008976266,0.0008229055291655425,0.000751008817988107,0.02238288591706805,-0.02572923483447198,-0.0007143719088809064
2019-08-14,2019,0.0003571153253917195,2019-08-28,HAR,0.0008397966280534832,0.0008931584832354035,0.0008842428285135214,0.0008516471335664619,0.03019739132711674,-0.02810286845081933,0.0361982579747302
2019-08-15,2019,0.00035067162962071233,2019-08-29,HAR,0.0008283284116570553,0.0009085427473515841,0.0008749825995860076,0.0008680276828111299,0.032221291266984586,-0.02760316840246535,0.05505520897520366
2019-08-16,2019,0.00027765771819558227,2019-08-30,HAR,0.0008129630582148654,0.0008516908116040223,0.0008552856623399751,0.0008135515802575847,0.03384932905480298,-0.030531021993034813,0.031007614287819507
2019-08-19,2019,0.00043342417773163666,2019-09-02,HAR,0.0007051967253725243,0.0007183428346032739,0.0007431962573372776,0.0006858930059285794,0.021058178637015423,-0.017679809563554194,0.007222314630580762
2019-08-20,2019,0.0004283921335430799,2019-09-03,HAR,0.000699993183452889,0.0007346802793975371,0.0007358451954001998,0.000706343900316497,0.02013142534997403,-0.015940970439240587,0.019470176967264052
2019-08-21,2019,0.0005745896132379939,2019-09-04,HAR,0.0007193671925580149,0.0007156534622487521,0.0007583600753582568,0.0006832793774654974,0.011717105865280075,-0.008251040373401963,-0.001030961388943652
2019-08-22,2019,0.0006646093879729547,2019-09-05,HAR,0.0007270918166934666,0.000732007186398334,0.0007636128244867171,0.0006997279520025661,0.005291483682565712,-0.003215003287072804,0.0005996912556991418
2019-08-23,2019,0.0006780574613370132,2019-09-06,HAR,0.0007124037230491898,0.000733802778519845,0.0007213797218978808,0.0007084318361702801,0.0006779508322809491,-0.0020942498168849966,0.0018396044776327614
2019-08-26,2019,0.0008653152735757045,2019-09-09,HAR,0.0007003186187326827,0.0007186991458967958,0.0007366264786839503,0.0006846276011668231,-0.010356516132031146,0.011351220773819115,-0.005692743183954185
2019-08-27,2019,0.0008753217927747111,2019-09-10,HAR,0.0006927352487046149,0.0007044870446738408,0.0007194675507122213,0.0006712419995551146,-0.009085383720144335,0.013197665798251101,-0.004256058876367597
2019-08-28,2019,0.000831100136482699,2019-09-11,HAR,0.0007551560312217636,0.0007082779339462568,0.000767836118980407,0.0006766777817787717,-0.0015228990879405657,0.0091556454381303,0.00875436489368564
2019-08-29,2019,0.0009636850920266152,2019-09-12,HAR,0.0007503904794801343,0.000687691571468402,0.0007859436121784517,0.0006495044131631947,-0.011803066061737866,0.02525960261496607,0.029835191611793377
2019-08-30,2019,0.0009646613746728235,2019-09-13,HAR,0.0007204115073975451,0.0006409401603827615,0.0007608980048748804,0.000603369704937135,-0.016572140470480612,0.03331144780506001,0.04914380655242656
2019-09-02,2019,0.002016681760071324,2019-09-16,HAR,0.0008104657739975562,0.0007607232421817995,0.000807939744922709,0.0007282142326031317,0.004658056501602559,0.07467212222435826,0.09936662444288036
2019-09-03,2019,0.0021837867575804793,2019-09-17,HAR,0.0007739517398321303,0.0007392872606234898,0.0007545023130468162,0.0007084190698317264,0.04728367897177499,0.08606093821359906,0.08647946574433263
2019-09-04,2019,0.0020087643580057675,2019-09-18,HAR,0.0008457768996801709,0.0007347563331072622,0.0008858847500257875,0.0006916514617699369,-0.061197682327241765,0.10992562765763658,0.2181501067036482
2019-09-05,2019,0.001901564572071282,2019-09-19,HAR,0.0008987632698927827,0.0007226110718086876,0.0009367687837522914,0.000678064813172337,-0.04442125744983194,0.10925242918451339,0.2976133195892192
2019-09-06,2019,0.0018720024660249857,2019-09-20,HAR,0.0007207725168248353,0.000589830094381408,0.0006308161285218196,0.0005726345571449794,0.2370622262180282,0.06571866105104984,0.37609368829229783
2019-09-09,2019,0.0016924477237912152,2019-09-23,HAR,0.000792064647851991,0.0006033407648191825,0.0007055259386238624,0.0005792723742321932,0.14639149418303,0.07584185673262045,0.3962120303576553
2019-09-10,2019,0.001688048088994236,2019-09-24,HAR,0.0007778902384648567,0.0005904063792068088,0.0007847466094624332,0.0005550490598621255,-0.010184252706121555,0.1203755307855543,0.41332102252403935
2019-09-11,2019,0.0016951622041404164,2019-09-25,HAR,0.0008056673757524453,0.0006526265604163213,0.000752577450374589,0.0006722475007323559,0.08026113489617437,-0.04619036263591614,0.28273281963905106
2019-09-12,2019,0.0015645985564188343,2019-09-26,HAR,0.0007607588281935123,0.0006643120734869786,0.0006435003791380908,0.0006479788199924641,0.2073645252124532,0.034472648946206164,0.163022981341447
2019-09-13,2019,0.0015622719953718137,2019-09-27,HAR,0.0006991038377398689,0.0006399881196943406,0.0007088639312833784,0.0006751928934023441,-0.01690417278207068,-0.07373068626324564,0.11806759478521389
2019-09-16,2019,0.00039505104016804873,2019-09-30,HAR,0.0013668703277992028,0.0010697202073278727,0.0015466117680640829,0.001056150555408901,0.0899542184015738,-0.008021492144370868,-0.16484208741287176
2019-09-17,2019,0.00024022388545858888,2019-10-01,HAR,0.0014216242063777038,0.001264163295116828,0.0014476228920822733,0.0012891551703096368,0.015088020318650308,0.015892730490143947,-0.09634202723736696
2019-09-18,2019,0.0003317806382121903,2019-10-02,HAR,0.001431402162572165,0.0013653493586474725,0.0014320781196623911,0.0013806708273063273,0.00036271659388820154,0.008462545512728958,-0.03603077317700354
2019-09-19,2019,0.00033198297896798196,2019-10-03,HAR,0.001413692383771697,0.001385294800163324,0.0014466698712530372,0.0014120063453665372,0.01770613592004988,0.014565139250835912,-0.01547809088901353
2019-09-20,2019,0.0003456367092890276,2019-10-04,HAR,0.0013955251646491967,0.0013331719008503778,0.0014136121264249086,0.0013577287337703668,0.009708448072037967,0.01356312574700258,-0.03412590433701723
2019-09-23,2019,0.00034103101561225053,2019-10-07,HAR,0.0013243240921664043,0.0013435645831898207,0.0013313598534327442,0.0013485038994343068,0.0039377903168986705,0.0027398212495617358,0.010736294857069062
2019-09-24,2019,0.00038465680576133855,2019-10-08,HAR,0.0012673708574618846,0.0013428105810375083,0.0012055386137288186,0.0012826402258593716,-0.03445116231015888,-0.032406181836409864,0.04076909871957479
2019-09-25,2019,0.00038085395705750633,2019-10-09,HAR,0.0013176118281304158,0.001438817492436249,0.001276082582870961,0.001441332329322463,-0.0226190800395063,0.001284476751043151,0.06365131745665575
2019-09-26,2019,0.0003889416621428788,2019-10-10,HAR,0.0013167498717264919,0.0014400223558957428,0.001354379522274581,0.0014753209328220453,0.019970204437573358,0.017754627033841786,0.06420627514844401
2019-09-27,2019,0.0004485093075684059,2019-10-11,HAR,0.001259002965277818,0.0013387701369605455,0.0012267375011076219,0.0013399087003538263,-0.016592088735316146,0.0005654195265893946,0.04020553179991815
2019-09-30,2019,0.0004791628546032548,2019-10-14,HAR,0.0013037600371943435,0.0013787766296132933,0.0012512713642353498,0.0013629380619040602,-0.025675311082577146,-0.0075153134839318625,0.03594791404401221
2019-10-01,2019,0.0004597001703931025,2019-10-15,HAR,0.0013158331423774453,0.0013576259884376363,0.001332931837159901,0.0013842936239303373,0.008429315255820136,0.012929361436428977,0.020512910001149187
2019-10-02,2019,0.00032841152485673226,2019-10-16,HAR,0.0013073725400230302,0.0013153632334691405,0.0011126640232877038,0.0012725361843821021,-0.11730406434594443,-0.024698210287815492,0.004567410698971486
2019-10-03,2019,0.0003282414828354557,2019-10-17,HAR,0.0012966368947788967,0.001240660355925784,0.0011694065861260232,0.0011751490390768764,-0.07573518390150547,-0.0394997552971077,-0.03270849171650081
2019-10-04,2019,0.00030212876031459154,2019-10-18,HAR,0.0012166575182003686,0.0011065988053359445,0.0012456951165005922,0.0010330467012614132,0.01779775279655116,-0.0493396347834425,-0.07011840547911685
2019-10-07,2019,0.0003278907555291164,2019-10-21,HAR,0.00115527384029881,0.0010342260612972638,0.0010901873930844693,0.0010085269357257604,-0.04104311470837185,-0.017083836482069792,-0.07746510136615825
2019-10-08,2019,0.00034485050567094246,2019-10-22,HAR,0.0011601956008337401,0.001050912689988683,0.0011073736433617751,0.0010042270045623977,-0.032419324773786506,-0.030185783619721462,-0.06802057463476263
2019-10-09,2019,0.00027475231850481916,2019-10-23,HAR,0.0010925049040442013,0.0009676526056788416,0.0011175703661809482,0.0009116467025576607,0.017043360553792297,-0.0421772974889123,-0.08890674023396983
2019-10-10,2019,0.00030177015262619053,2019-10-24,HAR,0.0010930794453620672,0.0009921453299507807,0.001094949332913345,0.00094644242914169,0.0012377374618122161,-0.03247186425275839,-0.06879874386376716
2019-10-11,2019,0.0002412761465979867,2019-10-25,HAR,0.001097062368183979,0.0009676091978534437,0.0011636946120255835,0.0009119123091079139,0.046370941831734847,-0.04405471947595352,-0.09613942989343993
2019-10-14,2019,0.000226774747081778,2019-10-28,HAR,0.0010857773125466362,0.0009967679976127743,0.0011059663477804265,0.0009510906414572806,0.014610672449546058,-0.03598220824707177,-0.06688267710535012
2019-10-15,2019,0.00023444146258928545,2019-10-29,HAR,0.001077447748765063,0.0009939078029224428,0.0011167543298749995,0.0009887482370526067,0.028172972399975293,-0.003973832551173118,-0.06241703342978422
2019-10-16,2019,0.00025283471928097225,2019-10-30,HAR,0.00045605572317879866,0.00042946690158919787,0.0005017741483626897,0.0004267203962019099,0.04502227349460863,-0.0026265170969921314,-0.025747092942300043
2019-10-17,2019,0.00027646495636116173,2019-10-31,HAR,0.0003647769983720737,0.0003597993982479984,0.00037843922635516963,0.00034402585801425684,0.009407910217507087,-0.009599411738795638,-0.003254463158449461
2019-10-18,2019,0.00028722147308741337,2019-11-01,HAR,0.0003468793665507199,0.0003445515037109808,0.0003703114510098397,0.00032969032736953165,0.012973258222673145,-0.006513840158700823,-0.0011392431154293448
2019-10-21,2019,0.0004051477584808822,2019-11-04,HAR,0.0003532056607376158,0.0003686336781773473,0.000384728477282604,0.0003586517063889425,-0.008497213877240561,0.003137091176201423,-0.005253680970285224
2019-10-22,2019,0.00033880818745631985,2019-11-05,HAR,0.0003843988651106997,0.0003800748286973315,0.00039783758008067225,0.0003628286758332037,0.004590028813026947,-0.0040657416599714225,-0.0012850884660098316
2019-10-23,2019,0.0003483491379341232,2019-11-06,HAR,0.0003785488894689321,0.0003707576028949161,0.0003985748097317218,0.0003573723335434679,0.0053144950255887835,-0.0015793587184260716,-0.0014587290140113396
2019-10-24,2019,0.0003166080999536925,2019-11-07,HAR,0.0003992840817470923,0.00036756331929655177,0.00042208576482068226,0.00034900323804906155,0.012699644553894274,-0.006006512504689532,-0.014346768634005969
2019-10-25,2019,0.0003226848535011225,2019-11-08,HAR,0.00036243011845613017,0.0003253432807131887,0.00036352981217758926,0.00031490134909697255,0.00033632086626944613,0.0002669630293592462,-0.0064587003390688125
2019-10-28,2019,0.0002569453418835865,2019-11-11,HAR,0.0004024517785400186,0.0003789644788810442,0.00041669496668211565,0.0003785710767298412,0.012956104115199985,-0.00033405488889126644,-0.020563223619582516
2019-10-29,2019,0.0002490385185679808,2019-11-12,HAR,0.0004019538931101314,0.0003748627576146917,0.000420185149308156,0.0003615896059965493,0.017475772606737827,-0.011663434400785988,-0.025001418925038266
2019-10-30,2019,0.00023046579423870926,2019-11-13,HAR,0.00038356884383872756,0.000361008624197969,0.0003864763999435098,0.0003431061467240559,0.003031375339514142,-0.01755206687496269,-0.023069090750205135
2019-10-31,2019,0.00020769269021699092,2019-11-14,HAR,0.0003826019529360834,0.00036737007583047574,0.0003859248052081403,0.0003518406522276768,0.003973452171780245,-0.01823811136090292,-0.01811812594052853
2019-11-01,2019,0.0002051802246929296,2019-11-15,HAR,0.0003278332570043172,0.00030073983593837186,0.00033314087063262074,0.0002857896087054173,0.006088971048430203,-0.015299705401833563,-0.029875622896729404
2019-11-04,2019,6.467947533820914e-05,2019-11-18,HAR,0.000406996402734211,0.0003380646746455157,0.00042183666291442293,0.00031774787316239325,0.03022304838964196,-0.0497458252534857,-0.15316337324355622
2019-11-05,2019,6.882771548580665e-05,2019-11-19,HAR,0.00038711858744302265,0.000316217855198648,0.00037543618437379335,0.0003002837039747219,-0.02511014209421969,-0.040153892245292866,-0.16243542644135545
2019-11-06,2019,0.0001106632888991393,2019-11-20,HAR,0.00039045752578479817,0.00032820835791859664,0.00034420779726439547,0.00033091934988883925,-0.08799178837358212,0.005463814431803549,-0.11991619107898899
2019-11-07,2019,0.00013863990462169835,2019-11-21,HAR,0.0003668623626786798,0.00031391564503365204,0.00032005973262693376,0.00030213904781834525,-0.08121739214272328,-0.02102271284448598,-0.09212257072263252
2019-11-08,2019,0.0001299720936973967,2019-11-22,HAR,0.00033527083693459176,0.00030511173782938233,0.0003170445036001482,0.000311514391430125,-0.03361045350674274,0.012012133021131355,-0.0559416442687386
2019-11-11,2019,0.00012191256957476064,2019-11-25,HAR,0.00031985641366293185,0.00030794524810160383,0.0003086606908312228,0.0003055887819127612,-0.021804630935557512,-0.0046288500227982254,-0.023207583345130622
2019-11-12,2019,0.00011854116343825802,2019-11-26,HAR,0.0002910950922188884,0.0003063702497539802,0.000292202229646585,0.0003200048373504028,0.0022531870397690668,0.027056050094376616,0.03084072902444923
2019-11-13,2019,0.00011942210031013213,2019-11-27,HAR,0.0002450507016803922,0.0002705413915358441,0.0002485068741337348,0.00028209460087540535,0.007227619668999097,0.02373902092346114,0.053042640720525114
2019-11-14,2019,0.00012140633518717447,2019-11-28,HAR,0.00024236579831850093,0.00027391737471731066,0.0002483843958056459,0.00028539344012577653,0.012391552310761611,0.0232196219372085,0.06467893395335356
2019-11-15,2019,0.00010348272375224974,2019-11-29,HAR,0.00025409711869721585,0.0002720381469747418,0.00026106837760646697,0.0002850774226270521,0.016190910649840795,0.029419322830185557,0.04136701177908719
2019-11-18,2019,0.00013865453328234183,2019-12-02,HAR,0.00025644973354818445,0.0002866962071723149,0.00026191356509221294,0.0002977967664068641,0.009802856413441141,0.01996055600514257,0.05444979819352813
2019-11-19,2019,0.00013505717772306706,2019-12-03,HAR,0.0002541146481577461,0.0002943056096736765,0.00026009907324368604,0.0003072262615885036,0.011048618203838068,0.02366630564437866,0.07425303617199841
2019-11-20,2019,0.00021244510229457913,2019-12-04,HAR,0.0002726084325348151,0.00028672359465342406,0.00027768239253847846,0.00029876370131532565,0.004201661564843917,0.011274573159873569,0.012117684931778783
2019-11-21,2019,0.00018240994663576359,2019-12-05,HAR,0.0002581750726049231,0.00025305391598838577,0.00026586070755776133,0.000263736350132666,0.00890969134442443,0.012150528695529239,-0.005736900090203001
2019-11-22,2019,0.00019757707306810178,2019-12-06,HAR,0.0002566765581165906,0.00026204536668152946,0.0002636424869131983,0.0002735428116490407,0.006438937297828851,0.011249487031399497,0.0049301513135571184
2019-11-25,2019,0.00019704794739145494,2019-12-09,HAR,0.0002374160572767862,0.0002491117679815286,0.00024308221550464482,0.00025962918322554546,0.004239329371653611,0.00930973035720406,0.009120793849639597
2019-11-26,2019,0.0001968933005757077,2019-12-10,HAR,0.00023572058317362145,0.0002528991579403775,0.00024147098583239478,0.00026315197523495273,0.004210727090781852,0.009407560331651688,0.013605800405158242
2019-11-27,2019,0.00022893684798946782,2019-12-11,HAR,0.0001940746786766188,0.00021105483946038149,0.0001990066211310123,0.00021929329594283273,-0.004139539993521346,-0.002459162637565626,-0.011030944951004429
2019-11-28,2019,0.00026480051100439194,2019-12-12,HAR,0.0001803864295924693,0.0002106899630916943,0.0001862640681856343,0.00022011644096335192,-0.014258147002059296,-0.010054501045966724,-0.055850713897208415
2019-11-29,2019,0.00027721035284710923,2019-12-13,HAR,0.00017190446264382623,0.00020454124416962726,0.0001774485775471627,0.00021393585490606844,-0.018640774406433636,-0.014608045218777121,-0.08347453078054645
2019-12-02,2019,0.0002435990845778522,2019-12-16,HAR,0.00019118276499326684,0.0002331131668519878,0.000196571671662148,0.00024450464145744233,-0.007133397406239972,-0.0009754680851381536,-0.03089237861659555
2019-12-03,2019,0.0002612541573945818,2019-12-17,HAR,0.00018110149726985713,0.00021759384105419217,0.00018594139846800177,0.0002292309990837099,-0.011175346834652267,-0.008852299634567906,-0.05836110013996354
2019-12-04,2019,0.00013283318676709778,2019-12-18,HAR,0.00017873540872686606,0.0001837762740568881,0.00018329618034156807,0.0001921122762113918,0.006704894508783532,0.012997694481478916,0.007427523487721466
2019-12-05,2019,0.00013569908014951772,2019-12-19,HAR,0.00018001550218583735,0.00018336235370694872,0.00018491880062217439,0.00019052234737482676,0.006885616487426027,0.01049314847478211,0.004662096858775833
2019-12-06,2019,0.00014252505616143798,2019-12-20,HAR,0.00018380024816506456,0.00018112931810101914,0.0001880736500554836,0.00018900829266723176,0.005364689860920535,0.00977833081592383,-0.0032037742066695074
2019-12-09,2019,0.00017198407363475677,2019-12-23,HAR,0.0001788790005409933,0.00018264396356023753,0.00018375964669251475,0.00018960835822152394,0.0013828462658258545,0.002835294502712138,0.001009985580067152
2019-12-10,2019,0.0002386213457435405,2019-12-24,HAR,0.00017440778420060296,0.000181860136198215,0.00017575695829821753,0.0001850482283364943,-0.002796672724896254,-0.005227111477637436,-0.01422419686697829
2019-12-11,2019,0.00020553159660871966,2019-12-26,HAR,0.00018235533709366815,0.0002095249047293424,0.00018682593657247263,0.0002180615892599768,-0.0027503046043753088,0.0015330073828661028,-0.007267393718317194
2019-12-12,2019,0.00016932220423129964,2019-12-27,HAR,0.00020262469430474913,0.00021633800236595953,0.00021246734256839594,0.00022375718355665755,0.008721205436568624,0.0077680935281145835,0.012516418870782253
2019-12-13,2019,0.00016404167709497145,2019-12-30,HAR,0.00020894245153656573,0.00021616507843139892,0.0002137623775973769,0.00022396064009806712,0.005103568288720162,0.009013334178630927,0.007751157510827333
2019-12-16,2019,0.0001622648679488427,2019-12-31,HAR,0.0002128888166127732,0.0002151936500141913,0.00021892420182637842,0.00022208636727632985,0.006942768855158654,0.008125454299564794,0.002604678358665069
2019-12-17,2019,0.0001544472258975449,2020-01-02,HAR,0.0002143376609973717,0.00020746148546061397,0.00021777271653653307,0.00021427449136811455,0.004533195881545993,0.008641462636830077,-0.008723794456966694
2019-12-18,2019,0.00024305569000922415,2020-01-03,HAR,0.00020884086978960583,0.00020814125598473315,0.00021170050668622758,0.00021453851352659146,-0.002120970201312744,-0.004548287145757612,0.0005563159332178103
2019-12-19,2019,0.0002642804804397662,2020-01-06,HAR,0.0002072256842595846,0.00020765501970651575,0.00021242610453565665,0.0002142402731291251,-0.006435654653008882,-0.007899553312310736,-0.0005671094868020532
2019-12-20,2019,0.00028889488279618255,2020-01-07,HAR,0.0001939250929704985,0.0002095926926152625,0.0001988715581817396,0.00021648619706136384,-0.011866190727792159,-0.011530104334602775,-0.033666633109933564
2019-12-23,2019,0.0003035487567982955,2020-01-08,HAR,0.0001933221750847638,0.00022450714097992582,0.00019705131827907647,0.0002316178902847978,-0.010608956882968812,-0.010327458414831625,-0.06855371391924336
2019-12-24,2019,0.0002484203740920759,2020-01-09,HAR,0.00023001283450602668,0.00024310226966608634,0.00023375576212848848,0.000249466089781661,-0.0011518445347640238,-0.00022703594534068117,-0.0028052103878151158
2019-12-26,2019,0.00024923242216667933,2020-01-10,HAR,0.0002269463699624226,0.00024586628938009093,0.00023027356692732355,0.00025383585616022285,-0.0013134739132967255,7.358964650272526e-05,-0.004434618335043439
2019-12-27,2019,0.0004081546665507305,2020-01-13,HAR,0.00023005578181748383,0.0002561905091969715,0.0002351722557282061,0.00026449183174095194,-0.01660258171630602,-0.018114055046319244,-0.07338711887907401
2019-12-30,2019,0.0004025734404326241,2020-01-14,HAR,0.00023289682676047642,0.0002694702714254706,0.00023209539241500292,0.00027496142103899994,0.0025216538325567583,-0.009662254934245773,-0.08874209450162773
2019-12-31,2019,0.0004294920439598698,2020-01-15,HAR,0.00023289444962350524,0.00027551708922423653,0.00023517935948839046,0.0002834069185417734,-0.008153913248464484,-0.015163319985566304,-0.1172265004603057
2020-01-02,2020,0.0004619795983642393,2020-01-16,HAR,0.00023205345015242613,0.00028126866551016867,0.00023576852520467117,0.00029036267628604004,-0.015487380851040733,-0.019621363513824264,-0.15600500134202822
2020-01-03,2020,0.00038114316101498294,2020-01-17,HAR,0.0002628141670496512,0.00028501782373486584,0.0002695082513535776,0.0002952322965028435,-0.010869410480425223,-0.011055891155876019,-0.03187294505233673
2020-01-06,2020,0.0003610622031880829,2020-01-20,HAR,0.00027753400310196277,0.00028719905788775045,0.00028440842913280795,0.0002975806394713449,-0.0069777179357082275,-0.00834922468623489,-0.009549049741679028
2020-01-07,2020,0.0003367154266358817,2020-01-21,HAR,0.0002369323378860708,0.00026163967706200876,0.0002428348445944286,0.00027235460654193207,-0.009936372477620914,-0.010494069196338884,-0.035008963639431734
2020-01-08,2020,0.0003532804225043997,2020-01-22,HAR,0.00025852145021656206,0.0002975830188740896,0.000265126336023737,0.0003113640071409338,-0.00881581420597577,-0.007274602616516468,-0.038661506254923594
2020-01-09,2020,0.00036037801055592317,2020-01-23,HAR,0.0002566137822799283,0.0002916521397753298,0.00026249127485069,0.00030624229018812177,-0.008799603131655509,-0.010054347413539944,-0.04072660793321159
2020-01-10,2020,0.0004609667259960726,2020-01-24,HAR,0.0002545730823159674,0.00027940718079840914,0.00026199704562993536,0.00028825761527896513,-0.022564078491030592,-0.019469810942168486,-0.06785926631077022
2020-01-13,2020,0.0003179013478166174,2020-01-27,HAR,0.00034092301338337164,0.0003702643874390845,0.0003328113963334721,0.00038199720838448693,-0.0013535655586709439,0.004825227526045417,0.008667412681454323
2020-01-14,2020,0.00033539779580218465,2020-01-28,HAR,0.00032423286327972986,0.0003294479922552849,0.0003231275946216855,0.0003475787087530175,0.000123622501977394,0.0004676695938430342,-0.0004184703265277534
2020-01-15,2020,0.0003026400051782113,2020-01-29,HAR,0.00032071220545899917,0.0003174368777770435,0.00030430884174026943,0.0003321134679614961,-0.0016348644113399757,0.0030661236870894726,-0.0005285562861923054
2020-01-16,2020,0.0003469535515166496,2020-01-30,HAR,0.00033738798305982324,0.00031605984018610254,0.0003125842205879138,0.00032544384250594415,0.005240776682672532,-0.002394584471757888,0.004092574336672428
2020-01-17,2020,0.00033890209642057175,2020-01-31,HAR,0.0003378752807387642,0.00032025648533431526,0.0003184453340509134,0.0003365118816266475,0.0019744306215674357,-0.0016066896450563917,0.0016271879773359643
2020-01-20,2020,0.0007862057916514176,2020-02-03,HAR,0.000325910876886135,0.00031618017058142604,0.000306981886198947,0.0003067776689233618,0.08891311054802387,0.04602270465594316,0.04392981616553904
2020-01-21,2020,0.0007636810358858547,2020-02-04,HAR,0.00033849586970532503,0.00034195981837913813,0.00034127178277437465,0.00032571610005967846,-0.010183898721836115,0.06270673250520087,-0.01267227053483122
2020-01-22,2020,0.0007743540308373235,2020-02-05,HAR,0.0003671835299039119,0.0003920981898622531,0.0003837570325599102,0.0003714304865589716,-0.04693035617619401,0.05573974794773928,-0.06835312157712359
2020-01-23,2020,0.0007564260893816574,2020-02-06,HAR,0.0003640796787705876,0.00040138121925005287,0.00035082503706084455,0.00039075313001529137,0.04141087819675171,0.024422393937115316,-0.09554220115492473
2020-01-24,2020,0.0006690665327335508,2020-02-07,HAR,0.00040486624371685945,0.0004647909052988591,0.0004109815984968955,0.0004486116056062824,-0.009598223658177751,0.01648581535632765,-0.07503096817912613
2020-01-27,2020,0.0006952803160325027,2020-02-10,HAR,0.0003805524122274343,0.00044402903236444606,0.0003800172962102159,0.0004345590569079822,0.0011655598466813188,0.012565016904233062,-0.10691875510804216
2020-01-28,2020,0.000688365434956079,2020-02-11,HAR,0.0003905853551453045,0.0004600524362945502,0.0004268177315191574,0.0004834321372889518,-0.06089837285387212,-0.022792292395325653,-0.10242439561771288
2020-01-29,2020,0.0007672062465966356,2020-02-12,HAR,0.0003873376162609215,0.0004648536234765429,0.0004058606808645508,0.00044631745826913087,-0.0436846507930424,0.02785231245511266,-0.14786581422331313
2020-01-30,2020,0.0006994494122230678,2020-02-13,HAR,0.0004306073593775598,0.0005433572399219771,0.0004522371852527781,0.0005241586428130971,-0.028679260265009887,0.011176942591864858,-0.10448833484638254
2020-01-31,2020,0.0007321961235140231,2020-02-14,HAR,0.000423343576253438,0.0005377813814675446,0.00045048720062791837,0.0005255274674821795,-0.0420669252894772,0.00869721621416808,-0.12877466331598075
2020-02-03,2020,0.00028314386394439885,2020-02-17,HAR,0.0006649397281620191,0.0008998571298207683,0.000687777925573719,0.000889562531136265,0.019629957434974088,-0.007864817811075397,0.19137500647748595
2020-02-04,2020,0.00028974722904100483,2020-02-18,HAR,0.0006199036688702709,0.0008183834741025739,0.0006379794742516411,0.000809848095231323,0.015499028121935154,-0.006752843354755456,0.16440830610103774
2020-02-05,2020,0.0003822923158326545,2020-02-19,HAR,0.0006429439339074454,0.0008003887381834925,0.0006784163501873074,0.0008065578605198112,0.02261393073017981,0.004024829608547442,0.10207664814230544
2020-02-06,2020,0.0003818641413080216,2020-02-20,HAR,0.0006178499322873279,0.0007692483870312268,0.0006458983972573064,0.0007615920413211666,0.01755733753883515,-0.005012414229251583,0.09752710983151758
2020-02-07,2020,0.00039477602048920127,2020-02-21,HAR,0.0006021941358986415,0.0007647526097583172,0.0006300742120983815,0.0007570840039914098,0.016249817562875357,-0.004849377400873323,0.09962382799718306
2020-02-10,2020,0.00045761864655679863,2020-02-24,HAR,0.0006017787884553852,0.0007996476588965311,0.0006292197880337856,0.0007950553232845797,0.011426895494535572,-0.0024539714143960722,0.0961133428937817
2020-02-11,2020,0.0005090177202817863,2020-02-25,HAR,0.0006091391333228597,0.0007769312897637448,0.0006283365921327908,0.0007783139116510325,0.005498295995388425,0.0006141567918174218,0.06283503597398532
2020-02-12,2020,0.00043353116942692086,2020-02-26,HAR,0.0005679868124963085,0.0006707559889616095,0.0005869643961352895,0.0006707216703688138,0.008187890845424484,-1.8094695687587148e-05,0.049362557921635464
2020-02-13,2020,0.0006805199635230841,2020-02-27,HAR,0.0005786945635512217,0.0006544489208973443,0.0006069070105545561,0.0006508369683558445,-0.007064320379147837,0.0002364244001018534,-0.013101710422664503
2020-02-14,2020,0.000676616099258292,2020-02-28,HAR,0.0005797384954088872,0.0006263478352118915,0.0006140446004778127,0.0006285942914759196,-0.007714685074016181,-0.0002804164303586987,-0.0095208150246604
2020-02-17,2020,0.0007245663131058529,2020-03-02,HAR,0.0005584779777070229,0.0005901219229647672,0.000586738069163538,0.0005827653893438073,-0.013125370319551521,0.002954955915402735,-0.014455855122742278
2020-02-18,2020,0.0007204768822819364,2020-03-03,HAR,0.0005574276256976081,0.0005869103809638569,0.0005803650791144711,0.0005796699585811708,-0.010758216728254055,0.002919918868419913,-0.01338791436818454
2020-02-19,2020,0.0005618294623026093,2020-03-04,HAR,0.0006411748760176947,0.0006194177762444246,0.0006744880056596949,0.0006045563533806758,0.007373452957773807,-0.0019881794210521164,-0.0037439196767907745
2020-02-20,2020,0.0005734116229820795,2020-03-05,HAR,0.0006296590127008022,0.0005946757024407824,0.0006616621306056187,0.00057824675242612,0.005529550101479153,-0.0006198025106156635,-0.00358972118819878
2020-02-21,2020,0.001929154307528537,2020-03-06,HAR,0.0006116010937732706,0.0005748188634573499,0.0006295323483685096,0.0005575603294666305,-0.060947490436887186,0.07339957992343571,0.1398140226212332
2020-02-24,2020,0.008333115443713558,2020-03-09,HAR,0.0006613886002581123,0.0006320535030636163,0.0006667494868041343,0.0006167456068099206,-0.09323071070362143,0.3027200361274982,0.5394015372526288
2020-02-25,2020,0.008273393541683384,2020-03-10,HAR,0.0006447597998888229,0.0006261228383351809,0.0006521354895980916,0.000606094141241176,-0.13375327157349481,0.4041420469004686,0.35261414491243404
2020-02-26,2020,0.008372168798813483,2020-03-11,HAR,0.0006303061555760946,0.0006155999071361705,0.0006581316237737121,0.0005913325682124573,-0.5183865548067859,0.517904158454451,0.2937059878684041
2020-02-27,2020,0.009204642492906806,2020-03-12,HAR,0.000767266754157207,0.0007777347545361774,0.0008051392422251518,0.0007473239796896233,-0.5161236320998768,0.44172159148060075,-0.14791933928984324
2020-02-28,2020,0.009326935880835881,2020-03-13,HAR,0.0007824621620600196,0.0007997829420971383,0.0008201211160756844,0.0007696867465182142,-0.5003445205251404,0.4176428244715966,-0.2362544995813609
2020-03-02,2020,0.011289805182667015,2020-03-16,HAR,0.0007631640609546562,0.0007578751447229216,0.000801230151677372,0.0007280277796391463,-0.6541535640847274,0.5705471428752293,0.09628314592791654
2020-03-03,2020,0.011286960454630372,2020-03-17,HAR,0.0007627468268854897,0.0007591608300234047,0.0007839529819781806,0.0007322129220852572,-0.37286137475106873,0.5110385311498504,0.0651867694901318
2020-03-04,2020,0.01547637123250955,2020-03-18,HAR,0.000532341577518099,0.0005303756582069386,0.000522374159517479,0.0005151804960393355,0.5358263184193177,0.83159149925525,0.10406101052270955
2020-03-05,2020,0.015723220368016495,2020-03-19,HAR,0.0005252285723542061,0.0005383361230254186,0.0005351032153852329,0.0005176164169667872,-0.5338035673632469,1.129883274491494,-0.7042390527339712
2020-03-06,2020,0.014742698305091353,2020-03-20,HAR,0.0012380829208988816,0.0013331969879737118,0.0013055265669479831,0.0012933933540730518,-0.5621098794341659,0.30999949594806164,-0.7755122979668805
2020-03-09,2020,0.008764957399261737,2020-03-23,HAR,0.004717558728667218,0.004917815789899259,0.004956277421654595,0.004812867542903703,-0.04012420170766795,0.01729270187508991,-0.03408377922961492
2020-03-10,2020,0.008857036401002178,2020-03-24,HAR,0.004721232758567934,0.004497037748740708,0.004902729974547511,0.004488133231351683,-0.03172659789272769,0.0019255199316945415,0.044874972992729134
2020-03-11,2020,0.00895448803001628,2020-03-25,HAR,0.00474889834858813,0.004345275592495618,0.004951166321676089,0.004371911121999814,-0.03532084242549871,-0.006443848405336183,0.08632493172832012
2020-03-12,2020,0.008564336600574705,2020-03-26,HAR,0.005327308270798212,0.004760083597751057,0.0055869074110416325,0.004864482793692517,-0.027119694230574254,-0.016918373362268646,0.0789886645089557
2020-03-13,2020,0.008668265441989894,2020-03-27,HAR,0.005352259732203834,0.004621879381653434,0.005588485093093968,0.004793007001059469,-0.025269114680194882,-0.030605005978664224,0.10921509628835224
2020-03-16,2020,0.009029606843581181,2020-03-30,HAR,0.0062817013298298256,0.00555780376364404,0.006532982131427064,0.005891888118939266,-0.016066419614532368,-0.03374934581089439,0.06478786861965524
2020-03-17,2020,0.015603148804664402,2020-03-31,HAR,0.00628362476604022,0.005503402625852157,0.006540639359280608,0.005942355463034418,-0.05748731478175406,-0.13269159175100187,0.21945710500320503
2020-03-18,2020,0.011414885564345546,2020-04-01,HAR,0.008530158897603736,0.007748119908250376,0.00861005695955274,0.008739259111630798,-0.003094855501925675,-0.04670896048475548,0.038908379791990466
2020-03-19,2020,0.020252840627471264,2020-04-02,HAR,0.008645753158543911,0.008032953902386227,0.0077617938385763545,0.009663622687215018,0.1589252490125288,-0.24062190270281425,0.10518470613931363
2020-03-20,2020,0.0232380818584161,2020-04-03,HAR,0.008773893535552437,0.008302905941635758,0.008304938254643684,0.01018081738904891,0.09462532937958335,-0.3123533039330897,0.09506548359572564
2020-03-23,2020,0.0232615782113766,2020-04-06,HAR,0.009004227349228936,0.009001601878280198,0.009342307801511095,0.010752331177356517,-0.056629453634863935,-0.24304121937533418,0.000461870038777068
2020-03-24,2020,0.023211084653820994,2020-04-07,HAR,0.009047004404040849,0.00939628913439732,0.009180128418901218,0.01164275309033303,-0.022597245203802352,-0.26226250295715703,-0.057489316020320924
2020-03-25,2020,0.024755251072108544,2020-04-08,HAR,0.00886077655515516,0.00979016225921779,0.009210311497971097,0.012297284530415079,-0.06733660314977419,-0.28751744937384593,-0.16547355497226546
2020-03-26,2020,0.028906219396386656,2020-04-09,HAR,0.009228301195791313,0.01092004660367823,0.009668506403348811,0.01384159045305093,-0.09601617586629141,-0.3216410895380051,-0.31694094746764634
2020-03-27,2020,0.02916929548161005,2020-04-14,HAR,0.00934225078174984,0.011608000071936757,0.00974625203593677,0.015593180726681026,-0.08708979521099458,-0.3470778969761965,-0.39228975693422097
2020-03-30,2020,0.02766445713085259,2020-04-15,HAR,0.010539121603061257,0.013894683023892863,0.011073248886761545,0.018323169014135925,-0.07717767525547536,-0.20454278107025115,-0.35750770405036425
2020-03-31,2020,0.021423754265655844,2020-04-16,HAR,0.014124115256363808,0.019896904832341692,0.01461990261870032,0.027177307801395878,-0.01693798982975947,0.023375809306785733,-0.09740239147121477
2020-04-01,2020,0.021721592985837635,2020-04-17,HAR,0.014118648854629405,0.020102956577625185,0.014736802186133043,0.027866854033331074,-0.021683054545500458,0.02553148737508515,-0.10461597212543516
2020-04-02,2020,0.014288281565589301,2020-04-20,HAR,0.01897949879613672,0.024306515944830687,0.01815809311288891,0.0346052708313428,-0.010187878717362153,0.17831726243746315,0.08239544655751185
2020-04-03,2020,0.05233569467558661,2020-04-21,HAR,0.020796570523822566,0.023122278301521845,0.021693984788373928,0.03200114449571039,-0.06185527090781262,-0.3030245170626016,-0.14711403632051523
2020-04-06,2020,0.06875475290818556,2020-04-22,HAR,0.021051191685216124,0.022146222705490808,0.021939865256205573,0.030523770367961986,-0.09094409065815245,-0.5312440004844023,-0.11078288528769376
2020-04-07,2020,0.06951050263680056,2020-04-23,HAR,0.020209936442439565,0.01988544865886391,0.021185896070102957,0.02711730746512923,-0.11128077186733254,-0.6220360478058775,0.039937831551879466
2020-04-08,2020,0.06804097914414993,2020-04-24,HAR,0.017786315725217532,0.015126271829580885,0.01866895231652986,0.02024195025051544,-0.13242921304406696,-0.8454902163066351,0.5107347360952019
2020-04-09,2020,0.06338374499549268,2020-04-27,HAR,0.020147016930182234,0.016924200819525486,0.02114264570184174,0.022508108397162767,-0.09991533644154815,-0.6439828636073623,0.4247817164474714
2020-04-14,2020,0.06294365537572258,2020-04-28,HAR,0.02024364638305076,0.015586330049487744,0.021235925970312246,0.020388549328111797,-0.09743338811270918,-0.6826030989469305,0.6676374915583363
2020-04-15,2020,0.06390036536161213,2020-04-29,HAR,0.020142172870089573,0.01477703554689292,0.021084265243980015,0.0191299040622664,-0.09604165889681893,-0.725784582686285,0.8420942849865041
2020-04-16,2020,0.06358683642398691,2020-04-30,HAR,0.020253436384204494,0.014174621563860049,0.020926883243586856,0.018212713406358595,-0.06832380268258254,-0.7439534837061044,0.9895343668859393
2020-04-17,2020,0.06332564187202369,2020-05-01,HAR,0.01930955452694475,0.01274621811305561,0.019591697558824398,0.016133672564704462,-0.03272269348816348,-0.8074561646783112,1.273327435048731
2020-04-20,2020,0.06262831893082708,2020-05-04,HAR,0.019896643389485102,0.013366939150166474,0.020842089935369207,0.016423887283462394,-0.09636288391368986,-0.666116712832928,1.1398656324512717
2020-04-21,2020,0.026102980993234687,2020-05-05,HAR,0.04030288489395908,0.0296530817762568,0.04054649257542472,0.03655210801728307,0.0021349560521959354,0.04302460103539607,-0.07424842045007018
2020-04-22,2020,0.009384342976667794,2020-05-06,HAR,0.0492614514680141,0.03811016008052051,0.05078185112113785,0.0455670003591228,0.024693613129933123,0.13840634680482955,-0.200919133310145
2020-04-23,2020,0.00858257783290622,2020-05-07,HAR,0.049514632291972456,0.04051617039793639,0.05111257477245937,0.0473520671084395,0.02634334049208853,0.12532871750893593,-0.162070312594929
2020-04-24,2020,0.008581263251500758,2020-05-11,HAR,0.049392632077762004,0.03888329981729846,0.051181530564750256,0.04517632911560398,0.029505055422723636,0.11926606935504402,-0.192279339021463
2020-04-27,2020,0.008568604211379578,2020-05-12,HAR,0.04942821976476213,0.03880586960114334,0.047300238549111535,0.04516999014600297,-0.03620716086395026,0.1207513424981852,-0.1944975841466543
2020-04-28,2020,0.008690544817962999,2020-05-13,HAR,0.048234205268053484,0.03774656077421396,0.04883173519747107,0.04326319757197568,0.010107291291098441,0.10705003931535684,-0.19511387148562598
2020-04-29,2020,0.007330544246787117,2020-05-14,HAR,0.04710198100408613,0.03473074180896232,0.04248095217688732,0.040084764280621896,-0.08632987158154215,0.11517927952378226,-0.2492532843209001
2020-04-30,2020,0.007437376749358712,2020-05-15,HAR,0.04677805824307493,0.03333053451530579,0.045811293807991496,0.036734361334469105,-0.01752834531483849,0.07656238102248869,-0.2747931334079836
2020-05-01,2020,0.00792985062338947,2020-05-18,HAR,0.04553729058128987,0.030660064333994517,0.041244926157875485,0.03393744468643696,-0.08088071986157264,0.07658103187843546,-0.31107253423594594
2020-05-04,2020,0.006968698232396836,2020-05-19,HAR,0.0430259814383997,0.025945395610626355,0.03804110607295456,0.028312658926535166,-0.10191309279741922,0.06485756964524603,-0.3991839378064448
2020-05-05,2020,0.002310642252274338,2020-05-20,HAR,0.04629502106275118,0.022124057252713613,0.039280913371039644,0.02363850516534963,-0.15538339350598385,0.05952020417375303,-0.6838398281687219
2020-05-06,2020,0.002053058591546206,2020-05-21,HAR,0.0417214716763651,0.018453703538271714,0.035352516541960276,0.01924038683873645,-0.15678110420468983,0.03719759257495037,-0.7537049456075811
2020-05-07,2020,0.002134596498098477,2020-05-22,HAR,0.040105062299545205,0.01635982726074141,0.03589687596290851,0.017201079617898008,-0.10461272355379725,0.043762099820173095,-0.8194209731435058
2020-05-11,2020,0.0018634183183603385,2020-05-26,HAR,0.03991704419917053,0.014851198607709419,0.03834274163296694,0.01580832151775114,-0.03832144938665838,0.054859101431575574,-0.9099325137642631
2020-05-12,2020,0.0018065117859646176,2020-05-27,HAR,0.03989062941595534,0.013782997759195734,0.03270138800391708,0.013114557193230847,-0.18876787734814338,-0.04303247811284905,-0.9769241455171733
2020-05-13,2020,0.0017469199113216045,2020-05-28,HAR,0.03774203202709172,0.012715884751387465,0.03818383279918408,0.012628837589036492,0.011102276194646876,-0.005922153799078345,-0.9968272780445897
2020-05-14,2020,0.0012790005440883674,2020-05-29,HAR,0.0357707974825168,0.01133081214999083,0.03676072563162313,0.011014908076480784,0.026335332439376025,-0.025038810796289113,-1.07248343250768
2020-05-15,2020,0.0016872571854863814,2020-06-01,HAR,0.035667638772103036,0.010914452799480613,0.0366731908341963,0.010198818279413888,0.026505124290711723,-0.05696871982255036,-1.0768716714211806
2020-05-18,2020,0.0012209588641291986,2020-06-02,HAR,0.03562444381097387,0.010263032476428721,0.03659570582582042,0.009253069541551645,0.025989261860901447,-0.09060793103373488,-1.1597900552070337
2020-05-19,2020,0.0012204454508798882,2020-06-03,HAR,0.035415110838047076,0.01024950541897677,0.03604126354987793,0.00910666937848714,0.016927201827911187,-0.10327933910850096,-1.1552966920108712
2020-05-20,2020,0.0009816858847953062,2020-06-04,HAR,0.035381499886313,0.010028730764131332,0.03569558358112559,0.00869564476394122,0.00859375705984533,-0.1276251292272823,-1.1905934204661586
2020-05-21,2020,0.0014074641778163944,2020-06-05,HAR,0.03436891556599528,0.009859743445925748,0.03439886724623401,0.008295837499719674,0.0008354390356011265,-0.14579574315231447,-1.146895491077795
2020-05-22,2020,0.0014361890528916937,2020-06-08,HAR,0.014227510797945597,0.004297107021494897,0.01460237655491914,0.0035451435219392246,0.02341542000835517,-0.12147117769467819,-0.963957651976826
2020-05-26,2020,0.0014731300146167106,2020-06-09,HAR,0.005752172485655449,0.0018357135598348112,0.005845913570262845,0.0014770412589175694,0.012058633895080106,-0.022523949635164797,-0.595760510163946
2020-05-27,2020,0.0013711887975901564,2020-06-10,HAR,0.005453839642622407,0.0018712893104171648,0.005599674689041059,0.001483074661656081,0.019840843823569543,-0.04070291673869875,-0.588358532896148
2020-05-28,2020,0.001982443478267322,2020-06-11,HAR,0.005358992079182027,0.002062889085741858,0.005343699087263642,0.0015638972145230034,-0.0017990979215438685,0.029700314730190414,-0.3635934387385298
2020-05-29,2020,0.0020217582065542544,2020-06-12,HAR,0.005266491678497361,0.0021706808334158428,0.005399009933872455,0.0016343843166955762,0.015428595471481898,0.02184689384127747,-0.3388208677532205
2020-06-01,2020,0.0015406326168184985,2020-06-15,HAR,0.005572173212657613,0.002421940302167583,0.005738786703249525,0.0018205553200583125,0.0214354617533834,-0.07529921530020278,-0.4735879691993574
2020-06-02,2020,0.001578102917272961,2020-06-16,HAR,0.004703853609621456,0.0021890223288997097,0.004829198248260579,0.0016305987316276851,0.01759049368024801,-0.04761872188552374,-0.3795017989132745
2020-06-03,2020,0.0015781381991113838,2020-06-17,HAR,0.004684944344904515,0.002356810226768378,0.004735715894520734,0.001734499439326729,0.007167472918349738,-0.06634567007631809,-0.3542903995099298
2020-06-04,2020,0.0016624242052506815,2020-06-18,HAR,0.004651350886804594,0.0025826605189228783,0.004726368850777307,0.001886236228380474,0.010326693755328797,-0.07657868992061978,-0.3020576728591138
2020-06-05,2020,0.001255647451829487,2020-06-19,HAR,0.004423672098402488,0.0024692371919380045,0.0045847773517623015,0.0018198535337251168,0.025797243711696005,-0.12369788034172036,-0.3583918479427437
2020-06-08,2020,0.0011866208092778656,2020-06-22,HAR,0.0019747467932931645,0.0012269056803271316,0.0020329600051336633,0.0009326008345787328,0.011846148458069194,0.03093926375607481,-0.10967712289440446
2020-06-09,2020,0.0011602033481558575,2020-06-23,HAR,0.0018627201262148118,0.0011777989619088883,0.0019151933534390252,0.0009093771848807027,0.010715521755336077,0.032118589542955434,-0.0961842039568701
2020-06-10,2020,0.0014399938727687862,2020-06-24,HAR,0.0018805956200771954,0.001209689125287974,0.0019321930819060655,0.0009469433981995847,0.006619490921052851,0.08541298297725675,-0.0165533204263415
2020-06-11,2020,0.0007248325382757424,2020-06-25,HAR,0.002154205069983782,0.0014697406024853465,0.00221714945197832,0.0011757108436637536,0.01924815857041917,-0.09987758455901474,-0.2256387924615435
2020-06-12,2020,0.0006856412092762687,2020-06-26,HAR,0.0020656401568957187,0.0014096100945717208,0.002115859852015058,0.0011488816026903985,0.016142853751477837,-0.09413891660283547,-0.22764892105131107
2020-06-15,2020,0.0006541971671517402,2020-06-29,HAR,0.001988255556535791,0.0013808914777582778,0.0020455627562674388,0.0011555669323833593,0.01919737067508276,-0.08576150128113724,-0.21980920893457867
2020-06-16,2020,0.0005476375043469024,2020-06-30,HAR,0.0018049670049934523,0.0012588394915677903,0.0018550888632103283,0.001071327006292353,0.01919269461341777,-0.08514901393984786,-0.22872425668981577
2020-06-17,2020,0.0005594857116940467,2020-07-01,HAR,0.0017432620385005402,0.0012776024470273332,0.0017889734965370265,0.0011062607304989532,0.01768326163802758,-0.0761731980654119,-0.19379621907339128
2020-06-18,2020,0.0005185180075484542,2020-07-02,HAR,0.0014831102208311886,0.001142252844168757,0.0015468432392220556,0.0009964253420717023,0.027670005744475645,-0.07014865644232504,-0.15681089595114805
2020-06-19,2020,0.0005034160123671843,2020-07-03,HAR,0.001488334402949757,0.0011987365288578758,0.0015059200726489238,0.0010617077748233956,0.007796534736640659,-0.06718805284824292,-0.1346752217321887
2020-06-22,2020,0.0004639947879462658,2020-07-06,HAR,0.0013816426604274159,0.0011095391973563692,0.0014144755170745057,0.0009943955761613794,0.015690418171860898,-0.06114203930743933,-0.13696976516891102
2020-06-23,2020,0.00046786735988739984,2020-07-07,HAR,0.0013764589705990307,0.001162973347134052,0.0014097443090246866,0.0010556972251126672,0.015868608616084856,-0.05589798586018002,-0.10613805218719019
2020-06-24,2020,0.00016413313283879686,2020-07-08,HAR,0.0015197235360085454,0.0013779379795613627,0.0015351641746508761,0.0012527213290023102,0.009022614583398259,-0.08336368773736869,-0.08682720161628055
2020-06-25,2020,0.0002217702346529763,2020-07-09,HAR,0.0015339641829218138,0.001397420565694357,0.0015777111636678832,0.0013128545098388307,0.024111065537193,-0.05220183813421553,-0.0791008433527125
2020-06-26,2020,0.0002653432368686441,2020-07-10,HAR,0.001467514600000975,0.001375148645364268,0.0015115760324338017,0.0013069622524280288,0.024312086049264714,-0.0407894405480933,-0.05286366040594981
2020-06-29,2020,0.0002530146630427795,2020-07-13,HAR,0.0014054773142800387,0.0013252774746259854,0.0014455392203204622,0.0012755903568773396,0.023116328507243544,-0.03077620674214554,-0.04786108905313746
2020-06-30,2020,0.00025358880852333787,2020-07-14,HAR,0.0014050653195192256,0.0013387054430097042,0.0014472496915006385,0.0012979218839761055,0.0243205206989332,-0.02498636878642646,-0.0394342133579757
2020-07-01,2020,0.0002888700805268278,2020-07-15,HAR,0.0011070037820147297,0.001069217085677425,0.0011466178665550052,0.0010425135196070363,0.02614416633673944,-0.018371752852722523,-0.025508355983480335
2020-07-02,2020,0.00023612988631121308,2020-07-16,HAR,0.0011050107385379068,0.0010382812750337359,0.0011384130324053271,0.0010166535931186388,0.02351025864619949,-0.01621220477722307,-0.04855464249850083
2020-07-03,2020,0.00023390009963027868,2020-07-17,HAR,0.0011056555423045182,0.001057212800766902,0.0011378351508212197,0.0010395572389308389,0.02270615339992421,-0.013083602632931957,-0.03510898197092338
2020-07-06,2020,0.00023473828155019225,2020-07-20,HAR,0.0010956614773758753,0.0010625053425787304,0.0011274196542693875,0.0010468368990959216,0.02253825697672429,-0.01154977281533398,-0.024043021027530642
2020-07-07,2020,0.0002715474294256341,2020-07-21,HAR,0.0008969765458912812,0.000854379110141771,0.0009224652521888521,0.0008433031606388159,0.019655062323638006,-0.008874120452945888,-0.033560936137289055
2020-07-08,2020,0.00026908818508578606,2020-07-22,HAR,0.0008448630225382618,0.0008028457084712755,0.0008699925839641185,0.0007968135774602046,0.02011039156213279,-0.005004477696497922,-0.03434315188782211
2020-07-09,2020,0.00022994562215446307,2020-07-23,HAR,0.0008780251228403205,0.0008667843775968209,0.0009056518051814961,0.0008674074857079433,0.02299082824518006,0.0005280450928895064,-0.00948869032733235
2020-07-10,2020,0.0001896143755022838,2020-07-24,HAR,0.000890390600619654,0.0008728584215586682,0.0009156272014673808,0.0008800292374856205,0.022079529215202065,0.006411658681163779,-0.01560944672573239
2020-07-13,2020,0.00018063288207682316,2020-07-27,HAR,0.000517810267681202,0.0005212473106976532,0.0005322813066042814,0.0005302459580506035,0.018079375405469555,0.011235334302713618,0.00431550823547866
2020-07-14,2020,0.00018404209326144784,2020-07-28,HAR,0.0004964129589064939,0.0005151083346143823,0.0005100516765804291,0.0005282023116537631,0.01719024228942878,0.01624507364153782,0.023513273576643456
2020-07-15,2020,0.0001406886906798588,2020-07-29,HAR,0.0004975815831703878,0.0004962138237453314,0.0005115481717756255,0.0005093889911019106,0.01996255973229122,0.018871763564573207,-0.0019732435795924985
2020-07-16,2020,0.0001524567400971334,2020-07-30,HAR,0.0004399919491900628,0.0004504784442154347,0.00045271839943902007,0.0004642829530154193,0.01877337272041668,0.020121337084790802,0.015487797461669395
2020-07-17,2020,0.00015196766534446152,2020-07-31,HAR,0.0004341265683111971,0.00045369158600277505,0.00044726636715506816,0.0004684903162751935,0.01953430605478612,0.02151709300915705,0.028985779694033376
2020-07-20,2020,0.0001701899888338543,2020-08-03,HAR,0.0003862547488611116,0.00040821771658579753,0.00039748636169109494,0.0004238109455230821,0.016213193094071876,0.02214750356899753,0.03159746972371291
2020-07-21,2020,0.00011977204662046606,2020-08-04,HAR,0.00040799605377282825,0.0004142312006445713,0.00042014598358369775,0.00042802555390787726,0.020855405553132478,0.023440162072866144,0.010747981114041849
2020-07-22,2020,0.0001579518502690573,2020-08-05,HAR,0.0003860894446126729,0.00040413957000216225,0.00039729998755499643,0.00041847601765618634,0.017078870998891382,0.021469795369905675,0.027419243089152445
2020-07-23,2020,0.00010360046180852371,2020-08-06,HAR,0.0004117992409948667,0.0004483370680463284,0.0004232807779988231,0.0004653144433246273,0.020675649808059582,0.028737027461598785,0.06450653287423336
2020-07-24,2020,0.00014514554186494184,2020-08-07,HAR,0.00025706890929146385,0.0002743734632508711,0.0002641050547557319,0.00028489697475712146,0.01196054957720527,0.018096995434985885,0.029535965318775226
2020-07-27,2020,0.00014535258761066186,2020-08-10,HAR,0.00023873025447332125,0.0002560817120124157,0.0002450288070709966,0.00026771354313807547,0.010390625591870872,0.0197593191236356,0.02890767822659246
2020-07-28,2020,0.0001546363078833055,2020-08-11,HAR,0.00023694011957811796,0.00026108520691041896,0.00024305775970233115,0.0002743940483906133,0.009065074449554622,0.020991091307890564,0.036683516262490556
2020-07-29,2020,0.00024704060596424126,2020-08-12,HAR,0.00023035451292476174,0.00024719278448353334,0.00023269453898076435,0.0002587454625143147,-0.0006775324566774543,0.0010549450773282842,-0.002503153200615671
2020-07-30,2020,0.000234412142923399,2020-08-13,HAR,0.00023417970817800788,0.00025885404270445823,0.0002411914090632479,0.0002745464301733764,0.0004020825302610831,0.0070955404971515534,0.004759527283954235
2020-07-31,2020,0.00023320334148834847,2020-08-14,HAR,0.0002260031234215837,0.00024418163814418533,0.00023211907539289812,0.0002602484124772865,-0.0004860920453122475,0.004763575823315769,0.0005450653217504708
2020-08-03,2020,0.0002122985239345277,2020-08-17,HAR,0.00021065501598971172,0.00021583052118211,0.00021306492960346563,0.00022735693034421875,-2.3792442383374635e-05,0.0021599171302630893,0.00010510297560184512
2020-08-04,2020,0.0002186309668860107,2020-08-18,HAR,0.00021004475017900789,0.00021434742571720632,0.00021109917645708296,0.0002252250726492974,-0.000191666679166147,0.00024008879058889931,-0.0006163524933828768
2020-08-05,2020,0.00017568746410086088,2020-08-19,HAR,0.0002333896837947551,0.00022994486041274105,0.0002365612357204425,0.00024079008192162191,0.003405344809325861,0.011673428213529569,-0.0035927480647375276
2020-08-06,2020,0.0001959476995869302,2020-08-20,HAR,0.0002248535556088241,0.00022672988581135092,0.00023222498254981652,0.00023608741320668987,0.004595362220196186,0.0061880918132519724,0.0010982981714064977
2020-08-07,2020,0.00016817927937021592,2020-08-21,HAR,0.0002469698980120815,0.0002672007472825409,0.00026605060992461406,0.00027753048308110063,0.025581992434084988,0.014503717700263152,0.02717472907477614
2020-08-10,2020,0.00017973832987848944,2020-08-24,HAR,0.00019868839817554964,0.0002125065872598076,0.00020299344286359313,0.00021978191598880586,0.002250827840003744,0.0056646504923252294,0.00841226035270104
2020-08-11,2020,0.0002883705735471139,2020-08-25,HAR,0.00018223140238891907,0.00020104518356886517,0.00018751710098497117,0.0002143253343688903,-0.01601285957843679,-0.02491102540380119,-0.04983232722130282
2020-08-12,2020,0.0001897335814198382,2020-08-26,HAR,0.00023077364337860604,0.00022499506995071267,0.00023757871627942055,0.00023900301371509642,0.00551208973501538,0.01097317882805271,-0.0042431334373871366
2020-08-13,2020,0.00023129498360909868,2020-08-27,HAR,0.00023186565820455847,0.00023203582539987457,0.00023782905371736847,0.0002465777178076105,0.000381429441679515,0.0019988594783253433,2.074026557608022e-06
2020-08-14,2020,0.00023841146597616982,2020-08-28,HAR,0.00020409485766732043,0.00020645510255933724,0.0002071327207054848,0.0002189291426569106,-0.002357379723179065,-0.007131685882469263,-0.0018563724232958378
2020-08-17,2020,0.0002503793956170152,2020-09-01,HAR,0.0002023054635139843,0.00020760368938992326,0.00020330028771149854,0.0002156275773920576,-0.0011508025935684785,-0.006957275216042724,-0.00573322775299534
2020-08-18,2020,0.0007082923560688609,2020-09-02,HAR,0.00020570757841266375,0.00020629336615328274,0.00020944355966375197,0.00021630273636134953,-0.04341994389329873,-0.11150130400328973,-0.006933637383976787
2020-08-19,2020,0.0007074898226556571,2020-09-03,HAR,0.0001960586771508337,0.00020805883828626823,0.00020068485924196582,0.00021958786998740255,-0.05986264248003259,-0.12460144981176136,-0.14872324076251697
2020-08-20,2020,0.0008359702363735369,2020-09-04,HAR,0.000183425131551312,0.0002052877472438075,0.00018810151874053813,0.00021681607782503306,-0.0881300481929479,-0.16188555956015005,-0.37276186080259777
2020-08-21,2020,0.000827399516433277,2020-09-07,HAR,0.00019229879701806242,0.00022520129342939118,0.0001977842220937753,0.00023499317198598466,-0.09120586314973878,-0.11053111922324188,-0.470688018511737
2020-08-24,2020,0.0011072797878668133,2020-09-08,HAR,0.00017148145312044966,0.0001887590592603503,0.00017799731991608695,0.0002001114037748581,-0.19908021234548734,-0.27438180745661445,-0.49504252007712424
2020-08-25,2020,0.0011216449376552733,2020-09-09,HAR,0.0002348759646327346,0.00022587436145510308,0.0002445789847738955,0.00023694513232320802,-0.14897362815596793,-0.1841666365715815,0.15123492444980435
2020-08-26,2020,0.0011514547394148934,2020-09-10,HAR,0.00023605805297293293,0.0002347012797426116,0.0002396190676520018,0.0002462347096505274,-0.05751770845819326,-0.1818233955990216,0.02243389442159316
2020-08-27,2020,0.0011219987359793373,2020-09-11,HAR,0.00025694395629954295,0.0002763557936743481,0.0002677946597606484,0.00028869418110146606,-0.1355709492996473,-0.1298390655673023,-0.23389586636797244
2020-08-28,2020,0.0011184121521720376,2020-09-14,HAR,0.00025600807238507033,0.00027208118742626366,0.00026397208913219984,0.00028719572847543564,-0.10116771516559009,-0.16226833454299516,-0.1971857420958063
2020-09-01,2020,0.001168012982823881,2020-09-15,HAR,0.00025446180874501154,0.00026382466277995544,0.00025903741803676866,0.00027540696528490275,-0.06325781851727896,-0.14322309555509172,-0.126764848133198
2020-09-02,2020,0.000876189651831914,2020-09-16,HAR,0.0005021793498745091,0.0005915295519726624,0.000497825291119326,0.000607893764045477,0.006551940427638847,-0.012585440599950815,-0.0997928565931705
2020-09-03,2020,0.0009480039149290046,2020-09-17,HAR,0.0004924870553132377,0.0005327605496776281,0.00047834127344199064,0.0005369498436801441,0.027781442280488733,-0.0060504436400705686,-0.06690936197781205
2020-09-04,2020,0.0008005733876409145,2020-09-18,HAR,0.000569354071143579,0.0006039635623158353,0.0005169607147993862,0.0005842254211807805,0.04597176900734912,0.01155634689051599,-0.021564175454150458
2020-09-07,2020,0.0009777373707434505,2020-09-21,HAR,0.0005528168623509373,0.000557546872661718,0.0004930930171200174,0.0005406695775807773,0.09989097124110646,0.024002629359682892,-0.006484702949767218
2020-09-08,2020,0.0006989568197963737,2020-09-22,HAR,0.0007083024777600383,0.0007177409530749461,0.0006792296656161483,0.0007036573578086593,0.0003259477693049462,-0.0003261484007941462,0.00026074044815604935
2020-09-09,2020,0.000566208828246306,2020-09-23,HAR,0.0007481074725999848,0.0007224454729608536,0.0007529509799087371,0.0006888373346013956,0.0015848581167174913,-0.009398425784179487,-0.00802044180927819
2020-09-10,2020,0.0005354294890556439,2020-09-24,HAR,0.0007653401361416278,0.0007521033160655382,0.0007904237048202546,0.0007148755248428508,0.010047542877028803,-0.013691934158369001,-0.005133935769619846
2020-09-11,2020,0.000527386551334169,2020-09-25,HAR,0.0007623082420842557,0.000766431381629739,0.000798180767644225,0.0007293124612124783,0.014891356957391189,-0.014621195989868774,0.0016723801983493658
2020-09-14,2020,0.0005510279385633263,2020-09-28,HAR,0.000712331939488261,0.0007251199990817102,0.0007214461363954972,0.0006973683076645279,0.002941210082464174,-0.008782826860925574,0.004150898286948923
2020-09-15,2020,0.0005839783489817973,2020-09-29,HAR,0.0007326513479073048,0.0007495217763961836,0.0007583829662769231,0.0007192386400582858,0.007474117015537907,-0.008437141682569482,0.004824656709503827
2020-09-16,2020,0.0004088636087655759,2020-09-30,HAR,0.0008233943723636091,0.0008150176879543384,0.0008587053703320576,0.0007813806968969502,0.021571507348929764,-0.020551706590335783,-0.005121869780150945
2020-09-17,2020,0.00035591065117859046,2020-10-01,HAR,0.0008621102915339607,0.0008247172754485728,0.0009028721132710169,0.0007894006620668571,0.027559442377826926,-0.024459510932396178,-0.025624402272055313
2020-09-18,2020,0.0005566019732332493,2020-10-02,HAR,0.0008586344226127054,0.0008264827056671777,0.0008974565337402864,0.0007910804032019887,0.016179882237956633,-0.013640866869427448,-0.012946474624241588
2020-09-21,2020,0.0005779399859126762,2020-10-05,HAR,0.0009613526292451801,0.0009721719335303251,0.0009993347155385858,0.0009348665216672321,0.015899456378772214,-0.015406334969905622,0.004500928942463567
2020-09-22,2020,0.0006997566266602816,2020-10-06,HAR,0.0009561877231714882,0.0009500565957498177,0.0010031445050645705,0.0009110007359846506,0.013684433096142534,-0.0104012774713782,-0.0017099521916552618
2020-09-23,2020,0.0007212346982486664,2020-10-07,HAR,0.0009394160707269617,0.0009328848598128101,0.000986023912632826,0.0008946282038342987,0.012131857743933772,-0.00881279564344517,-0.0016016241547429644
2020-09-24,2020,0.0008315234580817968,2020-10-08,HAR,0.0009287356030188304,0.0009190476980864071,0.0009749630116976308,0.0008808160267568522,0.006123862830455629,-0.0032180099019374353,-0.0010481961326025413
2020-09-25,2020,0.000832898434316825,2020-10-09,HAR,0.0008705763551458999,0.0008712291739543477,0.000915052768088724,0.0008358327160373077,0.0033245681517692915,-0.0009910126345165082,3.27103757005176e-05
2020-09-28,2020,0.0008814521959436177,2020-10-12,HAR,0.0008584484171841516,0.0008466191937648995,0.0008978546740679196,0.0008133623909485725,-0.00018381974067427365,0.0024960905866349137,0.00047112773869084634
2020-09-29,2020,0.0008289511952492675,2020-10-13,HAR,0.0008995772879872246,0.0009042428427473779,0.0009451086650001445,0.0008667189375386971,0.0049814236557015334,-0.0026938925030126626,0.00041844066538043734
2020-09-30,2020,0.0008416761032360196,2020-10-14,HAR,0.0008972381758987157,0.000896483294726574,0.0009388010337660052,0.0008610884420037531,0.0037515281862159355,-0.0016906299753900456,-5.179000662369759e-05
2020-10-01,2020,0.0008250920935892744,2020-10-15,HAR,0.0009015744958764916,0.000907705674242735,0.0009382379372964328,0.0008715974868567412,0.00409896862867587,-0.002935339811576121,0.0005959209980277436
2020-10-02,2020,0.0006266168744441074,2020-10-16,HAR,0.0007820349257192169,0.0008122373090344665,0.0008158766589154336,0.0007806116167052776,0.009128150246435318,-0.008459476757828988,0.008098777624501174
2020-10-05,2020,0.0004171997669348739,2020-10-19,HAR,0.0008960605552089463,0.0008679189204715911,0.0009262151099558129,0.0008329642012384729,0.017940308922582915,-0.020935847760757298,-0.016813173361788003
2020-10-06,2020,0.00028832185430032386,2020-10-20,HAR,0.0008901808438734255,0.0008073471294651662,0.0009238429314940694,0.0007717153348693377,0.02531579595419231,-0.028648845941395606,-0.06443970408493538
2020-10-07,2020,0.00040339879852965344,2020-10-21,HAR,0.0008985840672026639,0.000820178141568585,0.0009183339053468433,0.000786117851683065,0.012086089458894556,-0.021104664096625037,-0.04838296562674227
2020-10-08,2020,0.0003773454933596875,2020-10-22,HAR,0.0008078190305940129,0.0006884892542961452,0.0008194919655747685,0.0006584914404785844,0.007692874990546272,-0.01958031930920434,-0.07887718599010718
2020-10-09,2020,0.0003888489160963038,2020-10-23,HAR,0.0007369904301947333,0.0006247783400643336,0.0007016356683147075,0.0006037586135531641,-0.02257448810201712,-0.012554468181128264,-0.07041630083766659
2020-10-12,2020,0.0004843066148721778,2020-10-26,HAR,0.0007541616884911169,0.0006587232256893185,0.0007190614575496194,0.0006380275009524505,-0.01631267300414141,-0.00807369951432424,-0.04226189740615194
2020-10-13,2020,0.00047024041909859125,2020-10-27,HAR,0.0007637530830397772,0.0006464671805542362,0.0007167363025771752,0.0006286011834489679,-0.02314779823025681,-0.0073513761925649845,-0.05501873581244521
2020-10-14,2020,0.0006874733557497711,2020-10-28,HAR,0.0007679278322082656,0.0006393856336854443,0.0007087547880030612,0.0006453557269856081,-0.005444381198232762,-0.0006526951957699367,-0.003210451847366791
2020-10-15,2020,0.0008072572813855996,2020-10-29,HAR,0.0007298043841328976,0.0006339691688198258,0.0006531119112295271,0.0006469450917424714,0.0188604451408505,-0.005278532595490049,0.026433885242438393
2020-10-16,2020,0.0008070020584107701,2020-10-30,HAR,0.0006436241954061971,0.0005766693128282603,0.0005361430851226745,0.000564478216345194,0.06864464778370483,0.008856210461364533,0.0357326307125021
2020-10-19,2020,0.000960018370116969,2020-11-02,HAR,0.0005985504429389249,0.0005636304105992743,0.0005556876869477526,0.0005788976862389984,0.049412255321476195,-0.01819351075454545,0.03925878309153674
2020-10-20,2020,0.0009642287438548587,2020-11-03,HAR,0.0005898477751651304,0.0005643922237811826,0.0005548542546508342,0.0005787596808710363,0.041938648168315495,-0.017273322441109684,0.0296145020566847
2020-10-21,2020,0.0009744732701342195,2020-11-04,HAR,0.0005864581500428206,0.0005841739822385798,0.0005101341283558356,0.0005759161587971703,0.10917732795175805,0.009681745217442028,0.002594630395787334
2020-10-22,2020,0.0008917258124491624,2020-11-05,HAR,0.000628237310542974,0.000583624563729305,0.0005866829037856312,0.0005803015201793154,0.03210242012212294,0.0030393619077102585,0.034840746124143784
2020-10-23,2020,0.0010009269875800337,2020-11-06,HAR,0.0006371749477865781,0.0006047121047800754,0.0006341426495751125,0.0006380852306867755,0.0027412015743619733,-0.0328515198542787,0.032038125883224744
2020-10-26,2020,0.0013506490641266844,2020-11-09,HAR,0.0007304441294412053,0.0007209750450325804,0.0006604873561294387,0.000736164497206802,0.09517397470699152,-0.017804492554517992,0.011237068331929834
2020-10-27,2020,0.0014233225095734907,2020-11-10,HAR,0.0007425821484746725,0.000703949156276053,0.0006730823434814416,0.0006974858615079268,0.09964711762858691,0.009512270593285521,0.05176297201056457
2020-10-28,2020,0.0011967899626294275,2020-11-11,HAR,0.0008490092741201702,0.0008742325495173879,0.0007663218636399237,0.0008723288404245123,0.049633722840996874,0.0008075715971038733,-0.0113942415991799
2020-10-29,2020,0.0010811583912546773,2020-11-12,HAR,0.0008643428845593236,0.0009270184527525519,0.0008400281007193886,0.0008893476599712167,0.007671740101661051,0.007915574106385215,-0.01456545912599072
2020-10-30,2020,0.0011013171665910642,2020-11-13,HAR,0.000866634346614985,0.0009157807281211219,0.0008955179060350228,0.0008696274121204313,-0.008202568834424717,0.01211286851538862,-0.013038958770993148
2020-11-02,2020,0.0010293721130633742,2020-11-16,HAR,0.0009340417321467624,0.000928011214078672,0.0009556655863703753,0.000885708361094085,-0.0020494439558236266,0.0063222245009715294,0.0006842565717297688
2020-11-03,2020,0.0010204154472552975,2020-11-17,HAR,0.0008356076631002356,0.0008130509050884391,0.0008021567048614889,0.0007825684748758273,0.010068950517871933,0.010673932642632167,0.0065137527699530295
2020-11-04,2020,0.0008773912156189156,2020-11-18,HAR,0.0008021339527615359,0.0007393630941045736,0.0008347649918969179,0.0006992406416436316,-0.0028829532026897198,0.012297852891479444,0.011377364290944492
2020-11-05,2020,0.0008763277388831213,2020-11-19,HAR,0.0007305305001898547,0.0006802175808388548,0.0007347957417057466,0.0006486432003432797,-0.0011415658714417631,0.015181648551792826,0.017369568245801936
2020-11-06,2020,0.000773761249869281,2020-11-20,HAR,0.0007874885595979683,0.0007707944225545528,0.0007945420983718708,0.0007398180152813382,0.0001943899184393416,0.001013997819168111,-0.00014633349362647152
2020-11-09,2020,0.00032714591282415647,2020-11-23,HAR,0.0010079672390944892,0.000864494377163258,0.0010477737418856893,0.0008169995587171067,0.026401473435681666,-0.03450720589028489,-0.09968164157613746
2020-11-10,2020,0.0003530015785437997,2020-11-24,HAR,0.001058449245908012,0.0008461755310086917,0.001072332414364714,0.0008017954413826223,0.008713408954088564,-0.03078241126831127,-0.14016859776487234
2020-11-11,2020,0.00036987330895169935,2020-11-25,HAR,0.0010184306816808594,0.0007944383680857916,0.0009205613479330812,0.0007970544619940178,-0.062423141364426726,0.0017594781379894897,-0.14598406911861606
2020-11-12,2020,0.0004072552758182655,2020-11-26,HAR,0.0009999903773956046,0.0007827406685191841,0.0008438732938524376,0.0007679340987830538,-0.09440009477776723,-0.00906570752902347,-0.13190940920801086
2020-11-13,2020,0.0003975553329357225,2020-11-27,HAR,0.0010025665609544026,0.0008001538517541747,0.0008701802317777331,0.0008072906045294875,-0.08129028662721627,0.004487355573477458,-0.12520350821953308
2020-11-16,2020,0.0003164104772909413,2020-11-30,HAR,0.0010200311818596222,0.0007969724497904124,0.0009043853434171772,0.0008101353364549856,-0.08066735342060749,0.009930590079026302,-0.15994965552910667
2020-11-17,2020,0.00031645860117234957,2020-12-01,HAR,0.001007360750516476,0.0008027901058297452,0.0009147470216551378,0.0008278115936317561,-0.06463572918521532,0.018777224499264555,-0.1469435958345242
2020-11-18,2020,0.00033533246324258023,2020-12-02,HAR,0.0010112922840160427,0.0007968653750722684,0.0009144933569639727,0.0008181438449240302,-0.06551555015345034,0.01540778355893302,-0.1490721593065878
2020-11-19,2020,0.00034763224049510057,2020-12-03,HAR,0.001008592733475621,0.0007932978832654595,0.0009649585765549568,0.0008322867265235163,-0.02864058053852858,0.027450000170367694,-0.14657160984677997
2020-11-20,2020,0.00034410222236931577,2020-12-04,HAR,0.0009515194018947448,0.0007370966103409312,0.0008759555535819414,0.0007543814042817405,-0.05154851627519541,0.012482744789945599,-0.1501409573508159
2020-11-23,2020,0.0002790591504740549,2020-12-07,HAR,0.0009445433241490142,0.0007204333051052093,0.0008799390025038969,0.0007327843262412816,-0.04915777562209733,0.010469843547347146,-0.17894313311996246
2020-11-24,2020,0.00015431074431592257,2020-12-08,HAR,0.0010125785299866439,0.0007478017146956193,0.0009719441916222455,0.0007606739019672639,-0.034585797879046254,0.013574983942366892,-0.2491588666406841
2020-11-25,2020,0.00013399609536089664,2020-12-09,HAR,0.0009381400899284851,0.0006911215283332014,0.0009378529647986463,0.000709773852527251,-0.0002623765564386815,0.021535644127689935,-0.2545331512754494
2020-11-26,2020,0.00018420358598384502,2020-12-10,HAR,0.0009488341721138394,0.0007309040105855936,0.0009254449436234799,0.000730105521319533,-0.020052887397817187,-0.0008174385737964585,-0.2030670754923829
2020-11-27,2020,0.00017383032339687247,2020-12-11,HAR,0.000839308279744875,0.000657483585998551,0.0008564872321570207,0.0006667606717471549,0.016107207130596102,0.010332772023819103,-0.18688236895802923
2020-11-30,2020,0.0001764463919965198,2020-12-14,HAR,0.0007737580096829108,0.0006295482772542559,0.0007907130082183903,0.0006340080353793338,0.016786156523377116,0.005087570576602474,-0.15402024373543544
2020-12-01,2020,0.0001846029945987887,2020-12-15,HAR,0.0007577381893748741,0.000643367673860527,0.0007794008157172821,0.0006436072673428645,0.021416245000880352,0.0002655205727970511,-0.12031293220744566
2020-12-02,2020,0.00015836891829051165,2020-12-16,HAR,0.0006954262811731081,0.0005986537621388347,0.0007158741406634054,0.0005931028306633936,0.022474617273703146,-0.006839730104343467,-0.11302911834062623
2020-12-03,2020,0.0001495771490156115,2020-12-17,HAR,0.000691451727545445,0.0006167539431111499,0.0007122487855706486,0.000604835178555415,0.023317470572606247,-0.01473504461769437,-0.08812331949640662
2020-12-04,2020,0.00016236346346899826,2020-12-18,HAR,0.0006299236762932855,0.0005652546274926924,0.0006486477089074232,0.0005504760197591015,0.021850777273829003,-0.018781395657432753,-0.07883386284671712
2020-12-07,2020,0.00024527551982200406,2020-12-21,HAR,0.0006349174433463347,0.0006094683886664634,0.0006534426324151292,0.0005897297509817912,0.01780779704068003,-0.019452714022385464,-0.02477704069549702
2020-12-08,2020,0.0002645281216012513,2020-12-22,HAR,0.0005723174301672305,0.0005759701123512543,0.0005886826073176882,0.0005544559471962402,0.015344236601883665,-0.020247524968199926,0.003430776582425743
2020-12-09,2020,0.00031824675570374817,2020-12-23,HAR,0.000309616884472433,0.00032266391991371063,0.00031793668623646983,0.00031033451493558517,-0.0003808991790794636,0.0002250305060149671,-0.00028680677146120104
2020-12-10,2020,0.00022531835979699966,2020-12-24,HAR,0.0003117005898994746,0.0003115474983015628,0.0003206051643306641,0.00029798360593753326,0.008090139979100464,-0.011593000449918733,-0.00013605947814809838
2020-12-11,2020,0.000221250043603782,2020-12-28,HAR,0.0003112843311575277,0.00032707481242718846,0.0003193704558599466,0.00031293770246519956,0.00764916338292565,-0.01362580085685039,0.015167947430427375
2020-12-14,2020,0.00022610474169174467,2020-12-29,HAR,0.000309028896875815,0.00032672977188530036,0.00031760164130832696,0.00031352882265794343,0.007613988712297015,-0.012104893433522612,0.016060209074687748
2020-12-15,2020,0.00021982592248211255,2020-12-30,HAR,0.00030210923281382107,0.00031815966120506156,0.0003105541583219857,0.0003071410461568874,0.007782958547173813,-0.010459318816283592,0.015057049782838838
2020-12-16,2020,0.00022855163628666747,2020-12-31,HAR,0.00026120351591421646,0.0002793257799001895,0.00026754301380394054,0.0002698569039634128,0.003247283952556579,-0.005776605781768751,0.010310500171900827
2020-12-17,2020,0.0002512950746310527,2021-01-04,HAR,0.0002545306965984035,0.00027824221519831153,0.0002614408150200094,0.0002699977989811863,0.0006915685386044146,-0.0025003401200143216,0.004934898033548407
2020-12-18,2020,0.0005067048948499671,2021-01-05,HAR,0.00027279444257395245,0.0002842055735602952,0.00028014537514631124,0.00027474301404994657,-0.022149107279989977,0.027543443978387927,-0.033599576886292226
2020-12-21,2020,0.00042886292400393545,2021-01-06,HAR,0.0003242017263085042,0.0003680521985837676,0.00033446860700193795,0.00035824620596273547,-0.009428546959734163,0.0048904427810709805,-0.03074545317983368
2020-12-22,2020,0.00040809968597345137,2021-01-07,HAR,0.0003223360136902662,0.0003835280244278698,0.00033407507798631904,0.00037716742919467034,-0.008717174821416762,0.0012210613025267492,-0.028183540863452095
2020-12-23,2020,0.0004642367628351077,2021-01-08,HAR,0.00031364040230367373,0.0003474893347959308,0.00031686604926554137,0.0003379846430842273,-0.004835745513588563,0.00983630668795854,-0.041695133612261515
2020-12-24,2020,0.0004778701694031208,2021-01-11,HAR,0.00024924021564468187,0.0002776827001933156,0.0002565986271293649,0.00027451301564605004,-0.02588617891114442,0.008390327271134979,-0.08832405055133297
2020-12-28,2020,0.0005202017068698468,2021-01-12,HAR,0.00023880900155777904,0.0002656733422551147,0.000245449438927532,0.00026370228297350226,-0.031505717373383924,0.007188801573922099,-0.11366348242326119
2020-12-29,2020,0.0005194662529227011,2021-01-13,HAR,0.00021603331120205915,0.00024364073282840806,0.00022439082266507765,0.00024292687690268046,-0.05160218841998265,0.003331054426865876,-0.15220403828571172
2020-12-30,2020,0.0005178102971453881,2021-01-14,HAR,0.0002095387051793446,0.00023348304825405962,0.00021665374833697428,0.0002343303856624656,-0.04776348587094681,-0.004396874503399317,-0.14522664773209826
2020-12-31,2020,0.0005391048670632646,2021-01-15,HAR,0.0002091431065942091,0.0002319933109813017,0.00021736612480214386,0.00023349353533332667,-0.05895007034729183,-0.008484813078183606,-0.15019945546773528
2021-01-04,2021,0.0005228187480638102,2021-01-18,HAR,0.00023044044998035232,0.0002534419600244309,0.00022457230368331236,0.00025770807277167616,0.033489199234630895,-0.017456316273726458,-0.11076423550463321
2021-01-05,2021,0.0002777804188956295,2021-01-19,HAR,0.0004119336731180045,0.00036571358975152733,0.00039965022871651386,0.00037107969759211625,-0.009546663088809915,0.0035825695291675785,-0.03378746197005533
2021-01-06,2021,0.00026600237686611204,2021-01-20,HAR,0.0004099982377018699,0.00035700216869687617,0.00040239245325150887,0.000360630841764887,-0.006461969317243188,0.0026157702293749807,-0.042099907796836256
2021-01-07,2021,0.00026566915039115955,2021-01-21,HAR,0.00039465866580898286,0.0003554258262383532,0.00038114565093438885,0.000359493379535049,-0.010973603849334879,0.002921826234548952,-0.030399295576642338
2021-01-08,2021,0.00016265773142243572,2021-01-22,HAR,0.00046232429715868407,0.0003676116991222288,0.0004505193550054294,0.00037479819141653147,-0.01664666212040622,0.010876427091251806,-0.1385938356937313
2021-01-11,2021,0.0001494926606479136,2021-01-25,HAR,0.000466293889530115,0.0004027849811411565,0.0004490384688788892,0.000409140339849504,-0.02538778147894938,0.009890152511530026,-0.09586318287052809
2021-01-12,2021,0.00010821869659661265,2021-01-26,HAR,0.0004606080536210258,0.0003884575573120435,0.00044571870911939477,0.0003947967632983074,-0.025010937554589496,0.01171397555258924,-0.12672538707169068
2021-01-13,2021,0.00010259678198138228,2021-01-27,HAR,0.0004132354059050707,0.0003687471852824017,0.00040416210673669886,0.00037498186236950646,-0.016627639840272934,0.012140350273726064,-0.08395230406337983
2021-01-14,2021,0.00010205995734792672,2021-01-28,HAR,0.0004112184315718506,0.0003692955872885669,0.0003972753883987381,0.0003746482220887255,-0.02578421019638988,0.010441701442606366,-0.07935245553752424
2021-01-15,2021,7.666336683788699e-05,2021-01-29,HAR,0.00040936917729668843,0.0004088379024346896,0.00039724684223155546,0.00041525260237481714,-0.024344758916232223,0.01267158323152362,-0.0010552766411580095
2021-01-18,2021,0.00010885846882388457,2021-02-01,HAR,0.0004085190930337529,0.0004295713839998075,0.0003965085621119124,0.0004373205688423162,-0.021769419990387284,0.013388184176801765,0.037190158482130364
2021-01-19,2021,0.00010755638932657196,2021-02-02,HAR,0.00043286375006412183,0.00042578242346961884,0.0004277630504714674,0.000433971342389633,-0.00889072927353407,0.014283369667882795,-0.012362049970784383
2021-01-20,2021,0.0001340341335866827,2021-02-03,HAR,0.00042745761746936856,0.0004207757072234383,0.00041529734694943816,0.000426632222057056,-0.01967903308781427,0.009449698965243947,-0.010775866983696147
2021-01-21,2021,0.00013798150346801724,2021-02-04,HAR,0.00040523862592183274,0.0004065692084994907,0.0003953539396748262,0.00041329724796466244,-0.01618159712212286,0.010888146566427892,0.0021637365586579804
2021-01-22,2021,0.0001382257185268757,2021-02-05,HAR,0.0003614892698464018,0.0003799166224487019,0.00035987605546721775,0.00038757483362652687,-0.0027585911686687226,0.012768071488853394,0.031172693309814647
2021-01-25,2021,0.00014994752253124212,2021-02-08,HAR,0.0003468925160865146,0.00036436559877522104,0.000352813615073568,0.0003730744874476149,0.009670537301431636,0.014013755243154513,0.028413862720039873
2021-01-26,2021,0.0001577797430669542,2021-02-09,HAR,0.00028769362495187643,0.00032357029269717495,0.000284437882844729,0.0003281637516399685,-0.005103765521416115,0.00727088963025313,0.056711742640908724
2021-01-27,2021,0.00016156995570534334,2021-02-10,HAR,0.0002853229747318574,0.0003281800887796572,0.00028693383620303505,0.00033466605542788685,0.002450798525975628,0.010029291219849412,0.06599134214319413
2021-01-28,2021,0.00016041746108948473,2021-02-11,HAR,0.00028834408267594015,0.0003335237540933647,0.00028854354055543575,0.0003261769658246611,0.000306922046695135,-0.011440507575231074,0.07019681403312639
2021-01-29,2021,0.00020555403051232898,2021-02-12,HAR,0.0002839519841700999,0.00032253023975006465,0.00029672495251642115,0.0003348066071848056,0.012838933912792783,0.013987643444724362,0.040804636230819646
2021-02-01,2021,0.00019266136240605683,2021-02-15,HAR,0.0003409102636522775,0.0003441476982478206,0.00033269484986942773,0.0003535784180504058,-0.010438323666432048,0.012102687288038538,0.004135319649127389
2021-02-02,2021,0.00015191873707161706,2021-02-16,HAR,0.0003735606816338229,0.00034898113667915866,0.0003660708535506279,0.00035861305466832366,-0.011932912512366833,0.015533898409951341,-0.03941935271621855
2021-02-03,2021,0.000149915152865069,2021-02-17,HAR,0.0003807053294933095,0.0003388553086417728,0.000372351833609575,0.00034747475017867527,-0.013352182222964082,0.014144242961680042,-0.06781869173284694
2021-02-04,2021,0.00016670980028548222,2021-02-18,HAR,0.00023421247463172482,0.000206077879741311,0.0002330805083819496,0.0002104544248223718,-0.0013879563535432737,0.004191979587219841,-0.03079825177346951
2021-02-05,2021,0.00019837887745026688,2021-02-19,HAR,0.00023108511809190966,0.0002012746040391741,0.000224680460497324,0.0002052378462376113,-0.003635769886187745,0.00046670183753771965,-0.010969593360191432
2021-02-08,2021,0.0002728873247692919,2021-02-22,HAR,0.0002334849563071258,0.000201279849024519,0.0002257749531044281,0.0002049517274617042,0.0063330509150922865,-0.006211315074895474,0.03858172110130642
2021-02-09,2021,0.00026838130971798947,2021-02-23,HAR,0.00017554902231090204,0.00015080487829532803,0.00016983946403908927,0.00015340515546920718,0.01832995935924764,-0.013070227479993868,0.09891661805706953
2021-02-10,2021,0.00032896909903704986,2021-02-24,HAR,0.00016450526440255195,0.0001434215923445153,0.00015958098899617607,0.00014581368756636068,0.03131628105693185,-0.021087628642072254,0.15681862984238482
2021-02-11,2021,0.0003293720520697351,2021-02-25,HAR,0.00014179329918770752,0.000127029319948725,0.0001373664007817483,0.00012899549708007536,0.04314149980876447,-0.024161695476113465,0.16002688268377518
2021-02-12,2021,0.0002951566947203731,2021-02-26,HAR,0.00017443191496788524,0.0001442130064910545,0.0001686280539055696,0.00014638516892933842,0.024399926208934275,-0.015420031759711073,0.16432614503232834
2021-02-15,2021,0.0003038820481750154,2021-03-01,HAR,0.00019201649545596465,0.0001527700253230886,0.00018383702643654613,0.00015406969260678112,0.026882294654914318,-0.008308248788601702,0.1779164403047382
2021-02-16,2021,0.0003477049424975157,2021-03-02,HAR,0.0001766327347867047,0.00014136743455737532,0.00016973550814197136,0.00014294236103499765,0.0401598209459495,-0.016020411835674153,0.2683535417176879
2021-02-17,2021,0.0003779599673309668,2021-03-03,HAR,0.0001882975060970352,0.00014567072973371863,0.00018051811591619676,0.0001472374936563149,0.04430991641400439,-0.01691141985077671,0.33069515907865643
2021-02-18,2021,0.0005147836171852202,2021-03-04,HAR,0.00017728393334332998,0.00014575315128538866,0.00016442132779965297,0.00014208612179650852,0.15183662235097728,0.06567161252410436,0.4323245314291331
2021-02-19,2021,0.000622856055335569,2021-03-05,HAR,0.0001955799683166869,0.00017555891090349483,0.0001884693612153789,0.0001763214300413475,0.08311762558885061,-0.011009031062226171,0.2551899434196052
2021-02-22,2021,0.0006149810583347074,2021-03-08,HAR,0.00024869055989348946,0.00020711941182779487,0.00025254751652983317,0.00020582987638452085,-0.022376246971510305,0.01235675321286056,0.3134196776547409
2021-02-23,2021,0.0006312395689911713,2021-03-09,HAR,0.00024584509536535864,0.00020721142523760165,0.000236722891024923,0.00020676472370942555,0.06113320180052817,0.004423345271411527,0.3077617137884072
2021-02-24,2021,0.0005711982663130237,2021-03-10,HAR,0.0002852560246255269,0.00022675381569076133,0.0002838688204673976,0.00022820295619653305,0.004910436155605602,-0.00962589725792018,0.287096024053092
2021-02-25,2021,0.0006405842796054957,2021-03-11,HAR,0.0002801138196626005,0.0002346059834598541,0.0002722636575102519,0.00023270226269294283,0.037512135826972326,0.01419012402870834,0.26630866913334295
2021-02-26,2021,0.000629525602322023,2021-03-12,HAR,0.0002871967983742959,0.0002635912891665208,0.0002777674491782665,0.00026032371747430373,0.041027051730260666,0.017503551306251808,0.11053017888344385
2021-03-01,2021,0.0005899511826659352,2021-03-15,HAR,0.00030078614262255693,0.0003135301593177817,0.0002928883408163423,0.00031268521871054305,0.02628056435974191,0.0023860218972959757,-0.03822726395132037
2021-03-02,2021,0.0005573174595644603,2021-03-16,HAR,0.000329533393207317,0.0003613686877294746,0.0003158618533758282,0.00035865360912771133,0.03082933962320933,0.0041333784566326415,-0.05677048831971909
2021-03-03,2021,0.0005010965071599148,2021-03-17,HAR,0.0003353723292951828,0.00033858507967011813,0.0003251962911138296,0.0003384405484305215,0.015942544507152157,0.0002050635790222799,-0.00464356086264317
2021-03-04,2021,0.001093858601822851,2021-03-18,HAR,0.0004142825349812426,0.00036623309711086063,0.00040882885183664253,0.0003656184541488776,0.02197033247437563,0.003341401185159576,0.2231356937368556
2021-03-05,2021,0.0010368473438455144,2021-03-19,HAR,0.0004891711302664225,0.0003845857078565541,0.0004689588467886401,0.0003835045879265599,0.04915811944939108,0.004785112062508645,0.3358649587365452
2021-03-08,2021,0.0009572070326229508,2021-03-22,HAR,0.0005329611570871053,0.00047936910063729645,0.0005116503082023586,0.00047803555605793714,0.03399909537816548,0.002784608054520632,0.09481168601439549
2021-03-09,2021,0.001339601568549963,2021-03-23,HAR,0.0005365319597981221,0.0005164307743182197,0.0005201107803840631,0.0005140930209290509,0.04774515497732423,0.007258585634447812,0.05899796461996232
2021-03-10,2021,0.0017001869725383686,2021-03-24,HAR,0.0005262844486455536,0.0005017012915309,0.000505709373086529,0.0005010657533453405,0.09155697995227641,0.0030307474103272725,0.11045856809923738
2021-03-11,2021,0.0017892202297841008,2021-03-25,HAR,0.0005521376103285164,0.0004946724820018654,0.0005314268197992817,0.000495075641684881,0.08805840022544409,-0.0021307781999890807,0.2665449379067457
2021-03-12,2021,0.0019524673190862748,2021-03-26,HAR,0.0005261372277059668,0.0005036845036667152,0.0005056921199636503,0.0005006602434831389,0.11039936017142127,0.01739300806339461,0.12181075182055068
2021-03-15,2021,0.0019543550149051154,2021-03-29,HAR,0.0005008354096337248,0.0005031477294987131,0.0004853815923851998,0.0005045907297373875,0.09289769165086481,-0.008244138923338973,-0.013327024833167389
2021-03-16,2021,0.0019546232168855906,2021-03-30,HAR,0.000486645741335341,0.0005193222201807949,0.0004728825496701595,0.0005234219373474543,0.08821102003734982,-0.021616680027399138,-0.18773704464414864
2021-03-17,2021,0.00195500455518098,2021-03-31,HAR,0.00046794457425976315,0.0005102621844148611,0.0004524124993879966,0.0005118532312039791,0.10967723622350167,-0.008796209683261225,-0.25990751972182524
2021-03-18,2021,0.001207348956003234,2021-04-01,HAR,0.0009651448904195554,0.001117446669798132,0.0008243040262187231,0.0010453497260275984,0.05599909857400576,0.007823182261276429,-0.023974310271609234
2021-03-19,2021,0.001261796173942596,2021-04-06,HAR,0.0010019943165505277,0.0010191517109806275,0.0009490862111583548,0.0010465696999652557,0.015952575864653262,-0.00588805352687416,-0.004221733697745478
2021-03-22,2021,0.001265500205939909,2021-04-07,HAR,0.0009788139061932721,0.0009611993057409943,0.000899870307270114,0.0009749011910553813,0.029331577979850643,-0.0043497808941026506,0.005533318175970692
2021-03-23,2021,0.0008638406647603443,2021-04-08,HAR,0.0012226412778173277,0.0012150832238914389,0.001092677020571751,0.001228761577179813,-0.02834657418368991,0.00328028355617338,-0.0018061345979010213
2021-03-24,2021,0.0004987732192402777,2021-04-09,HAR,0.0014000876844978284,0.0012193053659272995,0.0011137116317335891,0.0011293468133757795,-0.13723316601481095,-0.04405779706952195,-0.08543439809293929
2021-03-25,2021,0.0003459987797201343,2021-04-12,HAR,0.0014344234988311858,0.0013247921237803117,0.0013649069292356773,0.0012688818254681202,-0.03739157614668187,-0.03161156251697417,-0.0595463739443467
2021-03-26,2021,0.0001832926321504461,2021-04-13,HAR,0.001496908400838539,0.0012852873144666354,0.0015671889347468743,0.0012580693388075746,0.04039045986540302,-0.018318719057052846,-0.13225879638556393
2021-03-29,2021,0.0004401862268570241,2021-04-14,HAR,0.0014837117237410486,0.0012776474696840107,0.0015010133434130264,0.0012454401916550894,0.008173863831402173,-0.016621871427215495,-0.10167677151458232
2021-03-30,2021,0.0004251871154573876,2021-04-15,HAR,0.0014434405322506436,0.0013016033561213216,0.0014214965300880233,0.0012638700709478449,-0.010772036129949925,-0.019665684782283144,-0.07133358471753226
2021-03-31,2021,0.0004242697889312438,2021-04-16,HAR,0.0013445204852534872,0.0012446628411238098,0.00145018017786421,0.0012280205050623236,0.05265915395099707,-0.008841611965990204,-0.05185621438469923
2021-04-01,2021,0.0004287276818728936,2021-04-19,HAR,0.0012680448803641697,0.0011959340740060785,0.0014236953986994324,0.0011872561083581072,0.07881551307343404,-0.004662397952477804,-0.03816234285492914
2021-04-06,2021,0.0003175438125790854,2021-04-20,HAR,0.0013072250349465602,0.0013386233698363386,0.0014860777704908297,0.0013289324194599476,0.09899839781342124,-0.00553597106587933,0.018037428051956184
2021-04-07,2021,0.00035519606601402406,2021-04-21,HAR,0.0012271991232593422,0.0012588094858324208,0.0014048621757727865,0.0012475245818044894,0.09860177966342576,-0.006452720520966793,0.018163856353915264
2021-04-08,2021,0.00038028382103199785,2021-04-22,HAR,0.0011498341141442704,0.001210199815565014,0.001328289148544952,0.0011954633672981718,0.09984074863899028,-0.008378084004402986,0.03467076696614235
2021-04-09,2021,0.0003900507020070701,2021-04-23,HAR,0.0011124711055458376,0.0011954866749864347,0.0012875319355271835,0.001176859700108183,0.09847140360604456,-0.010539650081783591,0.04762250552756697
2021-04-12,2021,0.000385282902572247,2021-04-26,HAR,0.0011119028188437254,0.0011848042337736112,0.0012885772853668562,0.001164043243091289,0.09995689479894043,-0.011878270600457874,0.04218401889027934
2021-04-13,2021,0.00039307878874291673,2021-04-27,HAR,0.0009492834760965763,0.0010684215602500395,0.0011170222627467769,0.0010514021767040246,0.1005336012725282,-0.010102288820010408,0.07205681777259265
2021-04-14,2021,0.00014962792508240724,2021-04-28,HAR,0.0012584928520948625,0.0011315009752429753,0.0013730018880237728,0.0011228200151655566,0.07716878287323414,-0.006679269492257056,-0.09302590386070797
2021-04-15,2021,0.00018002718279827947,2021-04-29,HAR,0.0012283134405732142,0.0010945414387884154,0.0013615492580899373,0.0010746103106496383,0.08863894539354611,-0.015326793595870747,-0.09739380881503124
2021-04-16,2021,0.0001855872952058556,2021-04-30,HAR,0.0012390409480213568,0.0011033203010856968,0.0013834522792783843,0.0010866700823890388,0.09460931125585681,-0.012628715846608074,-0.09758858792926439
2021-04-19,2021,0.00020827684955062334,2021-05-04,HAR,0.0012427386440654025,0.0010900359186359595,0.001386960666704903,0.0010778751765094738,0.09237001332655748,-0.009063257263773217,-0.1076285510696211
2021-04-20,2021,0.00018847985384461057,2021-05-05,HAR,0.001271330542060508,0.0011534979973699862,0.0013774256100613552,0.0011352019235593422,0.06873309140050932,-0.013355023871017835,-0.0821204629680361
2021-04-21,2021,0.00017166459672370225,2021-05-06,HAR,0.0008405973848964289,0.0008131811945478296,0.0009612103588569435,0.000805184027823331,0.10845520888530658,-0.007786408056436933,-0.026273719967585762
2021-04-22,2021,0.00014545611697245635,2021-05-07,HAR,0.0008274447398803878,0.0007517321870372868,0.0009027401961259363,0.0007416703653365894,0.07243028008447183,-0.0108502017770018,-0.07825712565731102
2021-04-23,2021,0.00013495368729367365,2021-05-10,HAR,0.0008361714897418396,0.0007299272104624033,0.000950053373462959,0.0007267207013703249,0.10833822607189436,-0.0035868189041599052,-0.11239715421520469
2021-04-26,2021,0.000134527332626635,2021-05-11,HAR,0.000641802018693983,0.0005549358574883935,0.0006610041116847346,0.0005454348043815278,0.023391075633542258,-0.013046489823074658,-0.11261650320927252
2021-04-27,2021,0.00013458857527792308,2021-05-12,HAR,0.0004684584463450608,0.00038983899945839814,0.00037660851371959736,0.00036485609024007923,-0.148172194214637,-0.042591000943158264,-0.12577312618208403
2021-04-28,2021,0.00022799053194595703,2021-05-13,HAR,0.00038991535088709874,0.0003174556141308957,0.00033463665010511587,0.0002998595219934365,-0.05629465342036877,-0.014880252037076325,-0.07212886020136278
2021-04-29,2021,0.0002733576817100751,2021-05-14,HAR,0.00032596907679452095,0.00025729071598570933,0.00025649255729216867,0.0002373678220316317,-0.012550034995635784,0.008578190396844043,-0.01274918969837291
2021-04-30,2021,0.0002702774391042416,2021-05-17,HAR,0.0003251534977260091,0.00027279527433466983,0.0003685853331981476,0.0002857303541937807,0.027427801095448068,0.0014745455044833378,-0.016035828600489133
2021-05-04,2021,0.0002481897333496216,2021-05-18,HAR,0.00034211494106721425,0.00028660970709354475,0.0003347157713556469,0.0002965547899780615,-0.005828205468024095,0.00507062129980973,-0.03653233978886217
2021-05-05,2021,0.00033315822206592214,2021-05-19,HAR,0.0003474729985099797,0.00030103382884463076,0.0003296920410595707,0.0003063643745939313,-0.0008177576632339978,-0.0017036003241610587,0.00444605465319281
2021-05-06,2021,0.00037461359693263227,2021-05-20,HAR,0.0003612899227971391,0.0003362557710914679,0.00033601415993913717,0.0003300937832450863,0.00546892371545038,0.00230154857863063,0.005386640814601051
2021-05-07,2021,0.00042888902307055383,2021-05-21,HAR,0.00027952048372832785,0.00026860773081632605,0.0002693984150474119,0.00027556157376627376,0.02076662990810263,-0.014734245840307914,0.022513662019215452
2021-05-10,2021,0.0005049916317373572,2021-05-24,HAR,0.0002762041841718173,0.00027667518831185487,0.0002676599197713699,0.00028355101490009016,0.026940857582090416,-0.019711778580357553,-0.0014086705446381131
2021-05-11,2021,0.0005049012566105812,2021-05-25,HAR,0.00026604651825898947,0.000271572659544103,0.0002590258445644787,0.00027881080631247897,0.024694726295588332,-0.021961941265398188,-0.018059006247321818
2021-05-12,2021,0.0004922338184878941,2021-05-26,HAR,0.00027298475889718163,0.0002741379196884296,0.0002660346483450345,0.00028057438565910753,0.02131771227988377,-0.017983405426241106,-0.003369598002220364
2021-05-13,2021,0.0003885541897877049,2021-05-27,HAR,0.00035002306159730005,0.0003862404426731559,0.0003364184251762351,0.0003937530004975889,0.005247947503525197,7.006621200389418e-05,-0.00563021092903071
2021-05-14,2021,0.0003128803841314824,2021-05-28,HAR,0.00039876045854999264,0.0003980942183352197,0.0003768049127655998,0.0003984117449614558,-0.010914595285277606,0.00017091509735589483,-0.00035903475932475004
2021-05-17,2021,0.00031912656994928713,2021-06-01,HAR,0.0002625222769303292,0.00025961291540836493,0.0002523192880191329,0.0002588324635708293,0.009515045085049856,0.0006957590475087372,0.0024786488724997113
2021-05-18,2021,0.0003179531681194241,2021-06-02,HAR,0.0002678195180726482,0.0002789498339227105,0.00026620728676289584,0.00028485666719638196,0.0011519561906405684,-0.0026813588102720942,-0.006651237905512808
2021-05-19,2021,0.0002199041901545685,2021-06-03,HAR,0.0003294891475758963,0.0003762009470530475,0.0003162194024291105,0.00038269298167572743,-0.013100141793769282,0.007193449323471768,0.04970968022647515
2021-05-20,2021,0.00016051635116726804,2021-06-04,HAR,0.00035708346826520315,0.0004138170983863958,0.0003355892164393047,0.0004164274748652453,-0.03329024516325596,0.0038567296633544856,0.08582601455791483
2021-05-21,2021,0.00010931013386715168,2021-06-07,HAR,0.0003659575471927581,0.00038419223932083463,0.0003438321999646448,0.00038820535828949115,-0.0431427078416835,0.007450170242881526,0.03444887099294203
2021-05-24,2021,3.784202751559431e-05,2021-06-08,HAR,0.00039231646933945947,0.00037462052071846643,0.00037486622368370677,0.00038781422744839876,-0.041009435170934694,0.03117628510881776,-0.04159888281075652
2021-05-25,2021,3.7033223084026345e-05,2021-06-09,HAR,0.0003744116118837294,0.0003549566426478386,0.0003629286188952217,0.0003710158060653036,-0.028020077862404236,0.03973309214034604,-0.04793888501440424
2021-05-26,2021,3.893937169591744e-05,2021-06-10,HAR,0.0003575520528927863,0.0003427468899653659,0.0003438761835973702,0.0003530016061259466,-0.03466815001114121,0.026179994131995343,-0.03758447089868877
2021-05-27,2021,3.681495434979056e-05,2021-06-11,HAR,0.00035209139460356837,0.000334774888937613,0.00030915115962976846,0.00032032862537936747,-0.11553723615051492,-0.039151486211252085,-0.045023960421717746
2021-05-28,2021,3.7642710776602644e-05,2021-06-14,HAR,0.0003303823135879495,0.0003224440435129995,0.00032724743343479903,0.00031624496963646506,-0.008442485541982236,-0.017124090770100686,-0.02151587947524991
2021-06-01,2021,5.1633798081254896e-05,2021-06-15,HAR,0.0002932195731676835,0.00029493206317252665,0.00027471070638403027,0.00029855879554972076,-0.05333876918225666,0.010095189629787171,0.0048008486629607106
2021-06-02,2021,4.967379905924091e-05,2021-06-16,HAR,0.000288954868412385,0.0002827147008131107,0.0002706212390828505,0.00028849374427036617,-0.05390411820814389,0.016715494838156708,-0.018037828003255818
2021-06-03,2021,6.653797911044148e-05,2021-06-17,HAR,0.00028422096835229165,0.0002807739608876371,0.00024473394789198817,0.0002673863627656136,-0.11180798141837123,-0.03699004116733473,-0.009327977012813626
2021-06-04,2021,6.024132429743469e-05,2021-06-18,HAR,0.00027759667509656965,0.0002692334518523317,0.00026401895647028143,0.00027137704852588893,-0.03898814670824269,0.006162920429003016,-0.023849388037932684
2021-06-07,2021,9.239700985667853e-05,2021-06-21,HAR,0.0002752791325466074,0.00027444976014386334,0.0002675281393499662,0.00028828910133860526,-0.018836238534099436,0.033034057849315346,-0.0020030777710369208
2021-06-08,2021,9.07702773430184e-05,2021-06-22,HAR,0.0002630700384938204,0.00025859378297508336,0.00022184762306402307,0.0002413322162092252,-0.1063158260213104,-0.04397720045149356,-0.011189200339514649
2021-06-09,2021,9.224158265291894e-05,2021-06-23,HAR,0.0002544617684092845,0.0002568123335705499,0.00024241944942412602,0.0002614532102679383,-0.03047388615078539,0.01153420148774753,0.005877116635989665
2021-06-10,2021,9.930691649682381e-05,2021-06-24,HAR,0.000259191227880224,0.00025758502957768303,0.00025286808762377147,0.00027182351520279235,-0.015117444390100765,0.033608518416348154,-0.0038271245250323105
2021-06-11,2021,0.00010051317541542447,2021-06-25,HAR,0.00025571819121890144,0.0002528384962984099,0.0002485966031478974,0.00026589132946023,-0.01698438726680429,0.03082122659328501,-0.006848323599290218
2021-06-14,2021,0.00014836485174605938,2021-06-28,HAR,0.0002463951192141879,0.000244928648244596,0.00023992567908466672,0.0002576291182143867,-0.010370849969842943,0.02069226702951177,-0.002364257980434381
2021-06-15,2021,0.00013151847571765945,2021-06-29,HAR,0.0002263146924756592,0.0002065253097270583,0.00021725676513241232,0.0002155902549835138,-0.016617903662608846,0.01618043128658808,-0.03581917708133009
2021-06-16,2021,0.00016886612040655172,2021-06-30,HAR,0.00019424969510047272,0.0001755541322904884,0.0001825114651551853,0.00017958712672461622,-0.00642076291509408,0.0011115353490565028,-0.008618578948406785
2021-06-17,2021,0.00015281878490096425,2021-07-01,HAR,0.0002068513502311838,0.00019845252235752123,0.00020046479408109864,0.00020765231803545508,-0.007825002109491663,0.011198975750285278,-0.010183946721226356
2021-06-18,2021,0.00016352263749525172,2021-07-02,HAR,0.00020114649354498808,0.0001964535642916989,0.000194822178836888,0.00020467078485547716,-0.005556160000700139,0.007558163106859972,-0.00418736406534137
2021-06-21,2021,0.00013938634743613937,2021-07-05,HAR,0.00017917873762370712,0.00016323916393657712,0.0001737724849917643,0.00016670748399158226,-0.006435076502386394,0.003259510273925237,-0.017207252016113728
2021-06-22,2021,0.00024384174030789193,2021-07-06,HAR,0.00014285022387231067,0.00013112188720029017,0.0001325683383053933,0.00013061274186121,0.05769306965637355,0.003358632193119604,0.06701281305207551
2021-06-23,2021,0.00028218345361964866,2021-07-07,HAR,0.00011506252598588437,0.00010633665034232469,0.00011074473011237684,0.00010877911365077835,0.057369483854182945,-0.036874860630630835,0.12237866764824012
2021-06-24,2021,0.00028320964855185266,2021-07-08,HAR,7.948823181119122e-05,7.181397447626776e-05,7.720024163140078e-05,7.35158636175133e-05,0.07638795962783629,-0.06787335526759097,0.2792136972991637
2021-06-25,2021,0.0003528931736787583,2021-07-09,HAR,8.154583694293329e-05,7.377496335855103e-05,8.27624388068347e-05,7.081640793098086e-05,-0.04880553725621084,0.15891021881812595,0.3556835158894698
2021-06-28,2021,0.00030642368946685655,2021-07-12,HAR,0.00010911416308289353,0.00011482603864924942,0.00012230943851553725,0.00011641047896509226,-0.18881053724218333,-0.022617385174218185,-0.08867100953102991
2021-06-29,2021,0.00030899397791377944,2021-07-13,HAR,0.00010960077076381423,0.00011265175376551023,0.00010914261996445967,0.00010761778443997158,0.007645575451286746,0.08258820335932437,-0.04889830496203551
2021-06-30,2021,0.00031980396815402983,2021-07-14,HAR,0.000136428964606366,0.00012896244823797223,0.00014764027243557753,0.00012001433669109488,-0.09902891655300472,0.1129822510631815,0.07943349164957425
2021-07-01,2021,0.0003446808574853866,2021-07-15,HAR,0.00013023697898230428,0.00013256604966792527,0.00012520146364135583,0.00012530340787627635,0.06701150709894765,0.09435820868245237,-0.02877258260655058
2021-07-02,2021,0.00033345747299564374,2021-07-16,HAR,0.000134081877392311,0.00013233260237196734,0.00012722166230889017,0.00012092922212647191,0.08158593752285981,0.147503111391881,0.01974251572617991
2021-07-05,2021,0.0008316849299619528,2021-07-19,HAR,0.00013586040694347758,0.00012999499522371987,0.00012956614959430533,0.00012733198076489107,0.24994848575558049,0.11310547894967371,0.23207699059243314
2021-07-06,2021,0.000734008624813289,2021-07-20,HAR,0.00020083477246685794,0.0002526575608374785,0.00019299865529126927,0.0002496107992946777,0.10859213388521027,0.023328271311884308,-0.5200839986526056
2021-07-07,2021,0.0008180753723111883,2021-07-21,HAR,0.0002199463370690049,0.0002923605125756421,0.00021498409174274102,0.0002956806680866513,0.06303205876273932,-0.020127908387641114,-0.6366543208870521
2021-07-08,2021,0.000862008674429008,2021-07-22,HAR,0.00022305143334196514,0.0002678943910279496,0.00021415602840740855,0.0002695602062432411,0.11982722903224996,-0.013685775098779551,-0.4637096900824611
2021-07-09,2021,0.0007947139435712985,2021-07-23,HAR,0.00026925649119803656,0.0002788352161896711,0.00025930627926757147,0.0002798468580443084,0.07560219601661089,-0.006681605479574415,-0.06643568325469218
2021-07-12,2021,0.0007924897628359612,2021-07-26,HAR,0.00026654529833186315,0.0002870222083668188,0.0002550701359025925,0.0002908360705553511,0.08975299156531058,-0.02300701231605551,-0.13809969521078358
2021-07-13,2021,0.0007836473332822154,2021-07-27,HAR,0.0002599703677331063,0.00027395539782483746,0.0002510703359334406,0.00027934361062922946,0.07202000530837793,-0.035698273927851965,-0.1014816969342478
2021-07-14,2021,0.0007317391930293786,2021-07-28,HAR,0.0002896933973382932,0.0003412944082908639,0.0002797965496145657,0.0003492812115501914,0.05458502896776629,-0.02589393517507954,-0.21797509006332927
2021-07-15,2021,0.0007313568397673164,2021-07-29,HAR,0.00029275919011668603,0.0003528376149629685,0.00028350299897599474,0.0003627240385351236,0.049435355197065434,-0.028861567252386422,-0.2387081410807319
2021-07-16,2021,0.0007652707463762534,2021-07-30,HAR,0.00027468092217218575,0.0003243059973866268,0.0002632240609390585,0.00033206251149717984,0.07865801745519363,-0.03148397085630972,-0.260239793643243
2021-07-19,2021,0.0005083499980009776,2021-08-02,HAR,0.0005973746478229279,0.0006944386798662961,0.0005363131609259247,0.0006920000607507848,-0.01093934390880591,-0.0009381354476749593,0.031615965465043416
2021-07-20,2021,0.0005065504519352157,2021-08-03,HAR,0.0005975815431699229,0.0006149912962112246,0.0004974029812150483,0.0005917198639993754,-0.012767259923387009,-0.006181084173911167,0.004720796584777531
2021-07-21,2021,0.0004799058040843841,2021-08-04,HAR,0.0006543964409938412,0.0006044879465978552,0.000567936157693181,0.0005721719744597179,-0.030061149961815303,-0.010102811381948129,-0.01878332428532925
2021-07-22,2021,0.00045144183995003684,2021-08-05,HAR,0.0006831139499374509,0.0005941945266954329,0.0006104714311142346,0.0005656736597505252,-0.03379187076181367,-0.010883137362296402,-0.04055940563292548
2021-07-23,2021,0.0004692307745470559,2021-08-06,HAR,0.0006832747428124548,0.0005833352408258058,0.0006112826854350687,0.0005552183982371102,-0.03045892778832382,-0.008665196385000407,-0.04048007089093986
2021-07-26,2021,0.000507085726733371,2021-08-09,HAR,0.0006122822458443748,0.0005500903663475732,0.0005567374543195001,0.0005254433046194408,-0.012472468952691607,-0.0026001763408123324,-0.01347770363410028
2021-07-27,2021,0.0005517759009337706,2021-08-10,HAR,0.0006082567244107389,0.0005483355766680432,0.0005689300326371761,0.0005268327997838481,-0.004134259374587224,0.0010670264863206214,-0.004578566329102252
2021-07-28,2021,0.0005650223874260721,2021-08-11,HAR,0.0005425714915042156,0.0005059498727334922,0.0005030234496670991,0.000485150518839232,0.0061908228997724635,0.0058990971374717205,0.005494719999631137
2021-07-29,2021,0.0005402425941898705,2021-08-12,HAR,0.0005309126855590505,0.0004845256189658232,0.0004752432829051326,0.0004617453587440792,0.008426539571500413,0.006851559964442089,0.005992230637448692
2021-07-30,2021,0.0005218023477514132,2021-08-13,HAR,0.0005511222346950033,0.0004685273771304806,0.0005805109315222103,0.00046046451083598663,0.004019733263730174,0.0021425857942327653,0.004545517065225546
2021-08-02,2021,0.00028301716547126965,2021-08-16,HAR,0.000753004531715994,0.0007060180622643035,0.0005946269555180998,0.0006579201193094238,-0.13603003945499292,-0.04125171775909742,-0.03941705595278311
2021-08-03,2021,0.00028395560838195805,2021-08-17,HAR,0.0007473324360422406,0.0007273404406506346,0.0005966510386727254,0.000677540067338065,-0.12922087450430197,-0.04223068742027092,-0.01667174953075623
2021-08-04,2021,0.00019970175102194043,2021-08-18,HAR,0.0008104627406441971,0.0008548287975523878,0.0007354508208505287,0.0008130942493067807,-0.07198978832917646,-0.03806312202645934,0.040507316346554134
2021-08-05,2021,0.00024535555321813477,2021-08-19,HAR,0.0007656963241185259,0.0007759856830559974,0.0006093255412732488,0.0007180564077472878,-0.14620008128368323,-0.05207763026461176,0.00909954807071589
2021-08-06,2021,0.0002588983127116042,2021-08-20,HAR,0.0007563130672832607,0.0008028360586063774,0.0005949404134773404,0.0007392809341993094,-0.14714367983356613,-0.0547493249601656,0.03985847922707819
2021-08-09,2021,0.0005009839308932161,2021-08-23,HAR,0.000730829221693206,0.0008335751597958159,0.0006871026012762991,0.0007900651110558177,-0.018071505959343703,-0.02051020847532392,0.04704968887649397
2021-08-10,2021,0.0005492824045096815,2021-08-24,HAR,0.0007257369464878086,0.0007759891590389755,0.0005959172797521033,0.000716751827635433,-0.03220461762227966,-0.020907434431505223,0.017937402566050586
2021-08-11,2021,0.0005512992900625292,2021-08-25,HAR,0.0007064864261751397,0.0007490691035762877,0.0005539057846852226,0.0006853322392435519,-0.028354580929114803,-0.020480394529259094,0.014166929086211866
2021-08-12,2021,0.0006074270562796402,2021-08-26,HAR,0.000688790975427825,0.0007428026844165624,0.0005553889590232179,0.0006813142647336193,-0.0034467791787031743,-0.012605042532221056,0.011368513502098665
2021-08-13,2021,0.0006583951101551501,2021-08-27,HAR,0.0006718701179102641,0.0007451401501948142,0.0005452940578904821,0.0006841044832433456,0.018729086909477388,-0.0066283292921962556,0.007148852705379127
2021-08-16,2021,0.0006712089534371816,2021-08-31,HAR,0.0006545556237271599,0.0007505543405647314,0.000518594550234971,0.0006844853392598343,0.03600823020952859,-0.00582527316614545,0.005697581326325363
2021-08-17,2021,0.0007022891594921993,2021-09-01,HAR,0.0006343964856828258,0.0007522256979006543,0.0005022589523765945,0.0006852770787140606,0.057683496401184975,-0.0020029982264091473,-0.00304207817836577
2021-08-18,2021,0.0007357267031854289,2021-09-02,HAR,0.0004079983281216855,0.0004848048193551348,0.00032535698572754246,0.0004454787058024845,0.2316914375572079,0.04937187263348175,-0.11320281575187607
2021-08-19,2021,0.0006687164607214231,2021-09-03,HAR,0.0004658929186703643,0.000567507152592796,0.00038088448673292703,0.0005195252364349342,0.11889024912367585,0.020490276533688956,-0.059706010400090825
2021-08-20,2021,0.0006384296393920006,2021-09-06,HAR,0.00042794998260610207,0.0005357143530443731,0.0003435543921329368,0.00048808606447393887,0.1468140574182435,0.023182251294720402,-0.07550242908033233
2021-08-23,2021,0.0003743872260233547,2021-09-07,HAR,0.0005848633451700197,0.0006266962371630363,0.0006487838413522098,0.0006064579343651738,0.04065371314846011,-0.012890616379585218,0.026354269466483338
2021-08-24,2021,0.00029491841734970983,2021-09-08,HAR,0.0006378101214730958,0.000621254926448226,0.0006466417680225946,0.0005929312999157521,0.007436616805077456,-0.02398644024546215,-0.013977294166809706
2021-08-25,2021,0.0002997521098918838,2021-09-09,HAR,0.0006442420588616765,0.000596973120080543,0.000522059279830556,0.0005490438349916579,-0.10139952874296387,-0.03986078287705297,-0.03936119495206292
2021-08-26,2021,0.0002671297484840593,2021-09-10,HAR,0.0006748761520525009,0.0006534401370250214,0.0006075002902939906,0.0006172641841035563,-0.061277402103556255,-0.03299500190872706,-0.0192934358503134
2021-08-27,2021,0.00020591380529111223,2021-09-13,HAR,0.0007129236128390982,0.0006364584320137986,0.0006827797448040292,0.0006072299491364106,-0.0304504677116908,-0.03143869582850023,-0.07875463847517583
2021-08-31,2021,0.00017935333649640262,2021-09-14,HAR,0.0006778332774422604,0.0005850944772955456,0.0006874162214908941,0.00057028098371275,0.010349972669504659,-0.017681592563729254,-0.10518863632500519
2021-09-01,2021,0.00019764648941699727,2021-09-15,HAR,0.0006704890235694069,0.0006028715682989226,0.0006320324530647363,0.0006104940927046514,-0.041130465130862603,0.008471055002886807,-0.0732409685186699
2021-09-02,2021,0.00015270239938567438,2021-09-16,HAR,0.0005731228462558659,0.0004898529256913604,0.0006013531667735392,0.00048646478310603215,0.03557441028680586,-0.004769530670712285,-0.11170298607050277
2021-09-03,2021,0.00015269300687152095,2021-09-17,HAR,0.0005580941135651252,0.0004928601521890844,0.000586728226610032,0.0004854107722237764,0.036681742030243214,-0.010475467036059172,-0.08808937323632371
2021-09-06,2021,0.0001650252942569105,2021-09-20,HAR,0.0004998532711223691,0.0004530030533399668,0.00047200097012844885,0.00045649319937857526,-0.03785188740843015,0.004889722219274972,-0.06427141234014577
2021-09-07,2021,0.00014910604003111244,2021-09-21,HAR,0.000492644275171877,0.00045646890175327586,0.0004696952639052006,0.00048265405423998333,-0.03291524729437523,0.038057968105612794,-0.05228046771426609
2021-09-08,2021,0.00019701813898229153,2021-09-22,HAR,0.00047798338037149127,0.0004294591278603432,0.0004745544028762267,0.0004374378543146341,-0.004221373549332164,0.010040460636805193,-0.060476793560414244
2021-09-09,2021,0.0001913704285789403,2021-09-23,HAR,0.00045881234647263683,0.0004266612536154696,0.00046109966827925173,0.00046452616685973045,0.0029038687925240225,0.0484664799605925,-0.04122034313290168
2021-09-10,2021,0.00018331933251300157,2021-09-24,HAR,0.00045838155987055313,0.00040319813189514906,0.00042786256171434435,0.00042451055961105033,-0.040373501230518194,0.028682567684185756,-0.07353807618370745
2021-09-13,2021,0.00021150220178408192,2021-09-27,HAR,0.0004517234513868979,0.00038835498904621303,0.000445841871244901,0.000427098595101061,-0.006929134455772257,0.04569152599260651,-0.07475151812907033
2021-09-14,2021,0.00021628173166305084,2021-09-28,HAR,0.0004406437258656028,0.00038186611454542487,0.000428501059295738,0.00041931844873346544,-0.014034508663046452,0.04297304173203198,-0.06761685484762925
2021-09-15,2021,0.00016085286318097473,2021-09-29,HAR,0.0004850152120369263,0.0003990236446436582,0.00043574622041946744,0.00040910051947514646,-0.06962178067597335,0.015010751448492954,-0.12368844711798932
2021-09-16,2021,0.00015929369795145723,2021-09-30,HAR,0.0004686761153410355,0.0003976533877032326,0.00045085330721717366,0.00042623889248889687,-0.025334022477463414,0.042554237946233364,-0.10362704642018361
2021-09-17,2021,0.0001957550142546901,2021-10-01,HAR,0.00045908275522850574,0.000415833386820355,0.00044184816137795603,0.000440577084737046,-0.021631983298278534,0.03136229101520893,-0.05459697417649867
2021-09-20,2021,0.0002400379435074592,2021-10-04,HAR,0.00047031262134592026,0.00044911408286870926,0.00045476427370864486,0.00047602180433140896,-0.016168591797749876,0.027975152577129236,-0.022030371075921984
2021-09-21,2021,0.00026429148113705445,2021-10-05,HAR,0.00043080226988263375,0.000421445753913031,0.00041792125738373306,0.0004458354540379611,-0.011447520304334269,0.021952618030269377,-0.008338125417350462
2021-09-22,2021,0.0002290184009478481,2021-10-06,HAR,0.000449607156163259,0.00041408763700841183,0.00043151174009308386,0.0004296262859981514,-0.019718913493143475,0.016834845200617288,-0.038603568933511134
2021-09-23,2021,0.00022717481844027987,2021-10-07,HAR,0.000323054847971981,0.00028596842991853886,0.0003117873085749323,0.00029920577755556787,-0.010087944139032246,0.010104363255956095,-0.03074366052429145
2021-09-24,2021,0.0002113736839054182,2021-10-08,HAR,0.000286886900942368,0.0002484510837582692,0.0002769978792258607,0.0002588450980625214,-0.008774500167712418,0.006821031358195562,-0.029860308255175383
2021-09-27,2021,0.00021415137357088467,2021-10-11,HAR,0.0002985624659474843,0.0002511754345611194,0.000288153534215317,0.00025940954330917976,-0.009575707138564482,0.0051935225257429,-0.037505668087752575
2021-09-28,2021,0.0002099436383347092,2021-10-12,HAR,0.00027150681008011136,0.0002419747317428207,0.00026176633536694865,0.00024808420244787414,-0.007761755697290873,0.0035682215739605283,-0.020781301351865622
2021-09-29,2021,0.00020676802189002378,2021-10-13,HAR,0.00022863060833930497,0.00021815730806595335,0.00022214971386192204,0.00022310024467217933,-0.002372244350875796,0.0014057995425140746,-0.0034739401776908707
2021-09-30,2021,0.00020828139659964358,2021-10-14,HAR,0.00020975469471910588,0.00020739294647689844,0.00020281569474902222,0.0002111983883175523,0.0003319485175437009,8.711808333927706e-05,-1.5634010389398156e-05
2021-10-01,2021,0.00017660275620242502,2021-10-15,HAR,0.00021876009786921365,0.0002010625873414773,0.00021153121886919611,0.00020469740993778697,-0.006014733395503846,0.002319743519542783,-0.01330188805869259
2021-10-04,2021,0.00011634187921882005,2021-10-18,HAR,0.00023329820386531046,0.00019667295299016148,0.00022522089685399563,0.00020011312794112528,-0.017351057641914025,0.007171209566912751,-0.07790843219635502
2021-10-05,2021,0.00010309590691410222,2021-10-19,HAR,0.00024583931575154245,0.0001997716818261988,0.0002370796420054865,0.00020312250927716785,-0.02078728687032516,0.008120797410368752,-0.11079731244636282
2021-10-06,2021,8.433301151674778e-05,2021-10-20,HAR,0.0002584967108115991,0.00022861848950642139,0.0002488572039090673,0.00023222657044572368,-0.02536662282522606,0.00992759555015077,-0.08019140525509005
2021-10-07,2021,9.006206426087491e-05,2021-10-21,HAR,0.0002583435814689283,0.000222695941060297,0.0002474698839505319,0.00022459227534907958,-0.027683620593115243,0.005064623348262742,-0.09267939899209576
2021-10-08,2021,9.963391128379377e-05,2021-10-22,HAR,0.00024461431217121936,0.00022075121672530905,0.0002339088156904711,0.0002223724021648862,-0.026109670177029365,0.004026658012866946,-0.05861635215151928
2021-10-11,2021,6.800007679194855e-05,2021-10-25,HAR,0.00025042141736268214,0.00021755003474416322,0.00024211314720862633,0.00022017745023792022,-0.024421840675559636,0.008274967256037158,-0.09968674980119907
2021-10-12,2021,6.824429949804581e-05,2021-10-26,HAR,0.00023183266889942298,0.0002111512341777737,0.00023624328736583365,0.0002149366301698077,0.01335048538402539,0.012076500252961253,-0.06460896372845681
2021-10-13,2021,8.193373627275663e-05,2021-10-27,HAR,0.00021495001874392622,0.00020623468020868196,0.0002118899571469082,0.00020833136274336008,-0.008833615642087622,0.006116823374487268,-0.02528255494274312
2021-10-14,2021,8.776828866673189e-05,2021-10-28,HAR,0.0002191899332306643,0.00021588956119302383,0.00021426892218708794,0.00021688077746034916,-0.013510477247237418,0.002722771104258115,-0.009050277744211854
2021-10-15,2021,7.982666812940054e-05,2021-10-29,HAR,0.00019935356433973796,0.00019173026982391637,0.00020094204024293747,0.00019046542289244002,0.004771117930099322,-0.003853970477342372,-0.023069205960712935
2021-10-18,2021,0.00010404169654265622,2021-11-01,HAR,0.0001846198443295149,0.00020044138371591287,0.0001820027187394839,0.00020110265218789412,-0.006173632487378455,0.0015868417838262872,0.037740414973646885
2021-10-19,2021,9.308124483579137e-05,2021-11-02,HAR,0.00019506904777797862,0.00020574798065225538,0.00020950533743240962,0.00020798607486214037,0.038515439293606235,0.005950879028041811,0.028531854765274645
2021-10-20,2021,0.0002465434941325044,2021-11-03,HAR,0.00019256155671293907,0.00019924405934371045,0.0001973824831373207,0.00019612514993580578,-0.006543786664584772,0.003900323018103613,-0.008826925512136263
2021-10-21,2021,0.00024123186724188855,2021-11-04,HAR,0.0002083328982344211,0.00023828468849978096,0.00020462902031044287,0.0002380813814902146,0.0030202028202266362,1.0926182014259211e-05,-0.011218215276621812
2021-10-22,2021,0.00030991071059889173,2021-11-05,HAR,0.00018292317388584494,0.0002003894104283856,0.00017687860925580796,0.000192664895594111,0.02429462498036994,0.022695393951328136,-0.05647377614091553
2021-10-25,2021,0.0003143677504078114,2021-11-08,HAR,0.00017748486509514873,0.00020382839722132208,0.00017631664560208003,0.0002041987835749862,0.0051318305819272325,-0.0009820334651733376,-0.0905280693394479
2021-10-26,2021,0.0003374581848747198,2021-11-09,HAR,0.0001667029062900012,0.00019016657321458202,0.00016699767541374436,0.00019090985601305586,-0.0018064574488825258,-0.0030079721557543238,-0.11808181405932316
2021-10-27,2021,0.00036075769457380897,2021-11-10,HAR,0.00015950686668830518,0.00018832107778097903,0.00015544509360319454,0.000189687646540595,0.03330388305710752,-0.006570566956142443,-0.17999272381282694
2021-10-28,2021,0.0003568408072536815,2021-11-11,HAR,0.00015731838322087565,0.00018848138437588347,0.0001580087411387851,0.00019121354330977402,-0.005531648075118412,-0.012660039175791837,-0.19430228834602126
2021-10-29,2021,0.0003591581227669337,2021-11-12,HAR,0.00015279206934461044,0.00018094552197504566,0.00015196626923317386,0.00018443503194128714,0.007354189598274274,-0.01845296299271837,-0.19661880645630347
2021-11-01,2021,0.0003444165938463321,2021-11-15,HAR,0.0001748921940393585,0.0001892538620014048,0.0001747534814786273,0.0001937170366643052,0.0007697140824314275,-0.018619863348354748,-0.07052283000306758
2021-11-02,2021,0.00035650109401733825,2021-11-16,HAR,0.0001525053451549979,0.00016436990885687017,0.00014996598782942352,0.00016760710476842116,0.022791705371061788,-0.022387309638360442,-0.09381524842560651
2021-11-03,2021,0.00026663072895969286,2021-11-17,HAR,0.00022400554621918888,0.00025179053847219213,0.00022286388243729718,0.0002539664399138525,0.000987855028664164,-0.0004680534492491617,-0.014420914644481364
2021-11-04,2021,0.0003003809552687612,2021-11-18,HAR,0.00021768456349491324,0.00023887402811462093,0.0002036171862957727,0.00023959418828723737,0.02852767896950148,-0.0007694147749290892,-0.02951478126481799
2021-11-05,2021,0.00029552349733116823,2021-11-19,HAR,0.0002527199937040992,0.0002492606065131346,0.0002435918264109969,0.00026214856085134375,0.007031943357471704,-0.007875018981583715,0.002446061045671577
2021-11-08,2021,0.00029462781576799395,2021-11-22,HAR,0.0002478735490640595,0.00023609812646292248,0.000227900364676851,0.00024063404060052355,0.02016056778677111,-0.004493030373764917,0.010611413593107244
2021-11-09,2021,0.0003601772472218854,2021-11-23,HAR,0.00026296523503323527,0.00023792417487125092,0.0002246021769984458,0.00022997191375774036,0.07625574398404744,0.01835236689409747,0.04408597831996275
2021-11-10,2021,0.00033953817827279416,2021-11-24,HAR,0.00025301001351316977,0.0002446094960567003,0.0002231728793837805,0.00023578535329014412,0.05393588880449407,0.015207085671512743,0.012321529135156162
2021-11-11,2021,0.00033758100918511235,2021-11-25,HAR,0.0002519722761067275,0.00023763455017790724,0.0002174497972579214,0.00022859327211830613,0.06534929492571528,0.01739719552985619,0.022249271919331903
2021-11-12,2021,0.001909918144953637,2021-11-26,HAR,0.00024170166563646826,0.0002360618305382862,0.00020771856631501083,0.0002300231420391318,1.1412544461916427,0.18648887993740004,0.16517817721643713
2021-11-15,2021,0.0019140781388164263,2021-11-29,HAR,0.0002493916862043469,0.00025246947565243314,0.00023170130509331152,0.0002518765692471616,0.5124092337368404,0.015495149843842704,-0.08129811613310256
2021-11-16,2021,0.002020216538040953,2021-11-30,HAR,0.00024798705899199404,0.00024237754637063542,0.00026858214984465715,0.00023964094201490104,-0.5448966720469848,0.08382748285260533,0.16565925122001168
2021-11-17,2021,0.0019850162528204252,2021-12-01,HAR,0.00029021557163856306,0.00031518251686592664,0.00027478919181071857,0.00030458093933206936,0.329359457818879,0.18499969623208923,-0.45928164471155597
2021-11-18,2021,0.0019590059137205183,2021-12-02,HAR,0.00031637464797623947,0.0003096820665059295,0.000283943369171436,0.00029740935371125603,0.5990870550070833,0.22060245093392705,0.11243619419955309
2021-11-19,2021,0.0018856365031499414,2021-12-03,HAR,0.00036071589921895386,0.0004029498363186661,0.0003995998956890485,0.000395543834895866,-0.406299334737211,0.06906810736242974,-0.43718108066868666
2021-11-22,2021,0.0020148114268392662,2021-12-06,HAR,0.00035261428363713587,0.000384540839986494,0.0003890345179500328,0.0003752478851083919,-0.4366270332481186,0.10529285356855489,-0.3877241578993882
2021-11-23,2021,0.002009398701211987,2021-12-07,HAR,0.0004050918649198179,0.0003815897356112189,0.000428945056217566,0.00036948489387264225,-0.21862514331348848,0.14028080181934044,0.24574054940369017
2021-11-24,2021,0.001995837970660852,2021-12-08,HAR,0.00040366921124617127,0.0004100159773792433,0.0004486916502755777,0.00039955330866237265,-0.39037294378577236,0.1016164460731721,-0.06093309426294802
2021-11-25,2021,0.0020544852229575855,2021-12-09,HAR,0.00039561338608805726,0.0004146114566001592,0.0004468753016452702,0.0004072368389319703,-0.47387557330351093,0.07178650823223265,-0.19105356604664347
2021-11-26,2021,0.0004924700508818056,2021-12-10,HAR,0.0013741112468476726,0.001905028176138741,0.001563376846250049,0.0018589623519575445,0.08565333952085119,-0.018072346196507105,0.22680859257766528
2021-11-29,2021,0.00048805090819775156,2021-12-13,HAR,0.001367135918811157,0.0017207662425402668,0.001554421477220517,0.0016766236429858307,0.08537352437578338,-0.018520312781728165,0.15668802947774463
2021-11-30,2021,0.0003800579098663079,2021-12-14,HAR,0.0014393558595975971,0.001831245190518153,0.0016314072933523477,0.001784725594275102,0.0941633294774693,-0.020321860214246534,0.18429395668304505
2021-12-01,2021,0.00034629358255316235,2021-12-15,HAR,0.001441021044179388,0.0018169674690364942,0.0016397647033908704,0.0017715442402201774,0.10007450035547638,-0.020430481599596817,0.18209446810443364
2021-12-02,2021,0.0003403899414106087,2021-12-16,HAR,0.0014525187810018768,0.001751727627058085,0.0016510929835130356,0.0017072824614557875,0.0999541077233772,-0.020641026101182902,0.14727547615240066
2021-12-03,2021,0.0003911423331917505,2021-12-17,HAR,0.0011523274731602472,0.001473689864342528,0.0013309708452108786,0.001438424015944238,0.09856552399962659,-0.017714056948190837,0.1719657888994366
2021-12-06,2021,0.00037137210231979594,2021-12-20,HAR,0.001268519631981934,0.0014941928783867799,0.001465364813830866,0.0014586846499166537,0.10492662795439056,-0.018000868822499072,0.11951898834794683
2021-12-07,2021,0.00039379799795923346,2021-12-21,HAR,0.001259301958896619,0.0014003560765275388,0.0014557654749130298,0.0013678232202710468,0.10277218952554268,-0.016817481635681197,0.07467040261121127
2021-12-08,2021,0.00045322757679924655,2021-12-22,HAR,0.0012357050349253373,0.0013555177859451097,0.0014185245383545669,0.001324286270022535,0.09070541623126971,-0.015424487049413571,0.06012284672417856
2021-12-09,2021,0.0004363389232143037,2021-12-23,HAR,0.0012746129106454517,0.001441823609709959,0.001471891075929558,0.001415494839367904,0.09802278466793268,-0.012800491185231522,0.08356552912348292
2021-12-10,2021,0.00044053314897558497,2021-12-24,HAR,0.0012636728871942026,0.0013858532493651926,0.0014490289897582135,0.0013538124372790075,0.09227747549479393,-0.015868109401993458,0.061558906909667144
2021-12-13,2021,0.0006214443446082857,2021-12-29,HAR,0.0012199199508738502,0.0013844464418786035,0.0014078146974187127,0.0013541620775356469,0.0752641811222361,-0.012078891462866892,0.06597678594789436
2021-12-14,2021,0.0006111073794185665,2021-12-30,HAR,0.0011746279453337693,0.0013779240077900477,0.0013574711396389593,0.001346313040228946,0.07459668836753153,-0.012795054477158452,0.08286905535042077
2021-12-15,2021,0.0006398806242900697,2021-12-31,HAR,0.0011649837093050835,0.0013404159039406575,0.001355712967702493,0.0013109961567571294,0.07434722703238705,-0.011480018897240818,0.06838609134240503
2021-12-16,2021,0.0006410378502068607,2022-01-03,HAR,0.0011227120032152068,0.0012681388596362108,0.0013053445980540721,0.0012448986428280232,0.0708342907495032,-0.009059482637676197,0.05632551661339935
2021-12-17,2021,0.0006107540262272595,2022-01-04,HAR,0.0011593588853284756,0.0013375484218257011,0.0011510792310719061,0.0012922130175012472,-0.0033779342541491175,-0.01846222138687814,0.07278998032531536
2021-12-20,2021,0.000516027478513745,2022-01-05,HAR,0.0012596673949791311,0.0015161084934414387,0.0014392451845986315,0.0014785499707131488,0.08215768420385405,-0.016438996015913254,0.1160085418059662
2021-12-21,2021,0.00043867470641710223,2022-01-06,HAR,0.0013121147694351717,0.0014555675689963052,0.0014973510113590294,0.0014195190031915613,0.09069809760487146,-0.017424376591666402,0.0708063492453519
2021-12-22,2021,0.00037770261864448893,2022-01-07,HAR,0.0013549256724160628,0.0014017025090950655,0.0015080597260683855,0.0013637884720382129,0.07877067294953921,-0.019929980472111808,0.02463826634788724
2021-12-23,2021,0.0003421537448630676,2022-01-10,HAR,0.0013383990772963276,0.0012932014755515952,0.0014667608492603475,0.0012581341402796752,0.06920991069253102,-0.02011665360122805,-0.0254184727222162
2021-12-24,2021,0.0004927535435616858,2022-01-11,HAR,0.0013280051832565555,0.0012889656495118987,0.0014209979601219364,0.0012518150625095551,0.04339938718678482,-0.017900280473786445,-0.018599769810673017
2021-12-29,2021,0.0003084399416939752,2022-01-12,HAR,0.0014501271204720137,0.001252078009437183,0.0015672516061241643,0.0012264422436427927,0.061776819084045975,-0.015537901281805766,-0.11320276548692032
2021-12-30,2021,0.00030844569162186684,2022-01-13,HAR,0.0006181709863065727,0.0005075620177840283,0.0006004225276963959,0.0004895559270329742,-0.01438209621721942,-0.013768695031722622,-0.08841069960252135
2021-12-31,2021,0.0003026293693185797,2022-01-14,HAR,0.0006316304944355885,0.0005201105477096238,0.0005352839518992628,0.0004920893215415601,-0.07926896313109832,-0.022248297225170965,-0.09153138691283935
2022-01-03,2022,0.00029127084387588757,2022-01-17,EWMA,0.0007584144281434237,0.0005858632300034536,0.0006853678805969373,0.000583292705305086,-0.06034190785312621,-0.0022062707942582804,-0.1450307014341723
2022-01-04,2022,0.00028342761230146116,2022-01-18,EWMA,0.0007272961753500728,0.00053195112004378,0.0006305240924777792,0.0005290242356779794,-0.08297167082718637,-0.0025695441841939726,-0.16967496158912354
2022-01-05,2022,0.00026878690641446575,2022-01-19,EWMA,0.0006993934571316963,0.0004865262680524486,0.0006207044525594888,0.0004844432601051127,-0.07063747428899703,-0.001915108342278593,-0.1947756325984633
2022-01-06,2022,0.00023970096092938354,2022-01-20,EWMA,0.0006775360343180466,0.0004529303032792243,0.0005543162172163882,0.00044970529209824143,-0.12208437466883382,-0.0033505351924212334,-0.22728520226325433
2022-01-07,2022,0.00023845432288840943,2022-01-21,EWMA,0.0006377412001443199,0.0004263622783104651,0.0005101411366509129,0.0004227975279112522,-0.12972152092040812,-0.003680546745136404,-0.21727137122866047
2022-01-10,2022,0.00028203230775788524,2022-01-24,EWMA,0.0006047892076895904,0.00042958098938494695,0.0005305640679366652,0.0004296572107299115,-0.06570015200892065,6.094764598962854e-05,-0.15187243363115588
2022-01-11,2022,0.00015230267174388273,2022-01-25,EWMA,0.0006845408018158252,0.0004774582159864061,0.000611586967038211,0.0004777581215532874,-0.08615126004172957,0.0004276932911944087,-0.26377402773644043
2022-01-12,2022,0.00017905897435694962,2022-01-26,EWMA,0.0006502805162469404,0.00047956140623787644,0.0005693538500369628,0.00047735235821373375,-0.09376316122882766,-0.0028891371285970635,-0.20650769374687172
2022-01-13,2022,0.0001823149495103562,2022-01-27,EWMA,0.0006112720899810847,0.0004624052410072028,0.0005473541841455885,0.0004620958600796497,-0.07561701874222937,-0.000405318840734914,-0.1830802486938552
2022-01-14,2022,0.00016436698914598186,2022-01-28,EWMA,0.0005918535193385225,0.00043839515682512754,0.0005299053179267227,0.0004380813516507044,-0.07809467567279693,-0.00044749274121347327,-0.202925296325021
2022-01-17,2022,0.00016801534593100016,2022-01-31,EWMA,0.0005601378240486132,0.00041496497763304,0.0005084219581546618,0.0004149362462595861,-0.06636034174996919,-4.120469334623067e-05,-0.19505189849491433
2022-01-18,2022,0.000208359746578187,2022-02-01,EWMA,0.0005355222833749653,0.00039184535677575096,0.0005045782391691589,0.00039233049661512915,-0.035658800319089856,0.0005797966529481613,-0.16971314206941024
2022-01-19,2022,0.0002172834225142685,2022-02-02,EWMA,0.0005090574101949882,0.0003707593671415251,0.00045709827301977445,0.0003706148739316114,-0.05914335532483239,-0.00016131259007323706,-0.15779264551928396
2022-01-20,2022,0.00024575593772750237,2022-02-03,EWMA,0.00047861739774116783,0.0003554026318874009,0.0004295263095491384,0.00035519642791852506,-0.049533352247178364,-0.00017893474967856093,-0.11963477202084771
2022-01-21,2022,0.00041201336197295793,2022-02-04,EWMA,0.00044990035387669757,0.0003432797157192484,0.0004268219931831457,0.00034366624915335177,-0.003142209775878868,-0.00022456858613040254,0.013957808112162517
2022-01-24,2022,0.0003625826192781558,2022-02-07,EWMA,0.000458187913403237,0.0003892710963471952,0.0004126812824960742,0.00038900572230181444,-0.017342190493106813,-4.6538140874297085e-05,-0.022903942346790274
2022-01-25,2022,0.00033924619406616713,2022-02-08,EWMA,0.0004575189634758551,0.0003829366630135958,0.00041537879373126593,0.0003827503522004445,-0.02140322800559069,-5.5418541552221257e-05,-0.033532929121689925
2022-01-26,2022,0.00031633578940050975,2022-02-09,EWMA,0.0004552806174078698,0.00036924748343441783,0.00041303740744125044,0.00036903444015731133,-0.026313926467878446,-8.255809962331995e-05,-0.04755785427954873
2022-01-27,2022,0.00033510354843140164,2022-02-10,EWMA,0.0004302113581132034,0.00037596682593728567,0.00038654233995480484,0.0003755598588282463,-0.019037065646150708,-0.00011719120149589202,-0.022391937842358267
2022-01-28,2022,0.0003415466197485116,2022-02-11,EWMA,0.0004093134044575792,0.0003608626740859877,0.0003693527484243022,0.0003605100846449691,-0.012450287108262792,-5.187344569801411e-05,-0.013948993805956711
2022-01-31,2022,0.0005069488725901227,2022-02-14,EWMA,0.0003910591346406746,0.00034322667064487055,0.0003514604252425414,0.0003428273608139646,0.039296657786549005,0.0005562763159554507,0.05019288991417081
2022-02-01,2022,0.0005577814497469938,2022-02-15,EWMA,0.0004043336420069012,0.00040108769490175436,0.0003629935657205818,0.00040051861094027026,0.04925208690593941,0.0005561017884421204,0.0031038763330588637
2022-02-02,2022,0.0005508370326671282,2022-02-16,EWMA,0.0003918770059400998,0.00037406506215274533,0.000351908537513704,0.00037356964796144576,0.05207038175083589,0.0006275835145261865,0.020414287690539545
2022-02-03,2022,0.0005724657630740755,2022-02-17,EWMA,0.00038804870686593503,0.000351765368897456,0.0003495997388779625,0.0003513662904338406,0.05790510305053065,0.0007132484724614585,0.0539994549540852
2022-02-04,2022,0.0004150471793655211,2022-02-18,EWMA,0.0004791030028511498,0.00037508184425453134,0.00043011002600558407,0.00037469582185070715,-0.009195993747494136,0.00011030219495200555,-0.004520903613900451
2022-02-07,2022,0.0004937926619587885,2022-02-21,EWMA,0.0004516442907030241,0.00036119969764447917,0.0004057659669045273,0.0003608136891851215,0.016499175931725674,0.000393295383486425,0.05030449472108689
2022-02-08,2022,0.000478622248471632,2022-02-22,EWMA,0.00043531921951330834,0.00038547341030365233,0.00039642729468427316,0.00038508435178969335,0.01427815144039446,0.0002446517887584321,0.020566316038644672
2022-02-09,2022,0.00046806984859795546,2022-02-23,EWMA,0.000418657098881866,0.0004026300483573875,0.0003799254256354441,0.00040212950227887944,0.016900537340941213,0.00020308244158773192,0.005470000765417815
2022-02-10,2022,0.00048580553461934864,2022-02-24,EWMA,0.00040869206296822275,0.00037795723907482266,0.00040882553887517753,0.0003787841314989021,-6.154927364665497e-05,-0.0006205274029333907,0.018480769740028435
2022-02-11,2022,0.0005468661777009224,2022-02-25,EWMA,0.00039351624419826426,0.0003544632222196536,0.0003538937707736123,0.00035397476694556365,0.0494663658576,0.0007499705916984567,0.048591650210835446
2022-02-14,2022,0.000573358056876554,2022-02-28,EWMA,0.0004899589107953919,0.0003708097073693384,0.00044039309995598844,0.0003704356633658391,0.025052935319575198,0.0005520627855970517,0.09738346542190524
2022-02-15,2022,0.0010077724953363714,2022-03-01,EWMA,0.000532257602648177,0.0004909264778457118,0.0004797624306356596,0.0004902614509177486,0.10333674363921475,0.0014290112339914174,0.0785715897782886
2022-02-16,2022,0.0014836385945569072,2022-03-02,EWMA,0.000507349770290886,0.0005043766286181735,0.00048266183548916256,0.0005042695109853396,0.09969181320235343,0.0004124449045272982,0.01136039886332263
2022-02-17,2022,0.0015267874201661453,2022-03-03,EWMA,0.0005114674418457043,0.0005572298878390152,0.00046613551568953877,0.0005562732296980483,0.19749615853964997,0.0029937954337277972,-0.1594580320274428
2022-02-18,2022,0.0020233874194277844,2022-03-04,EWMA,0.0004868579716477613,0.0005084393098810437,0.00045409162165128817,0.0005078120024871748,0.23021609936121035,0.003681510348350514,-0.13303366387839866
2022-02-21,2022,0.0021093606278262188,2022-03-07,EWMA,0.000513088171217918,0.0004840703250902923,0.0005066839285416011,0.0004841026448228794,0.03940212374321206,-0.00022415502009742738,0.18822495814058904
2022-02-22,2022,0.002209570926665295,2022-03-08,EWMA,0.0004826435924674828,0.0004694252585719909,0.000470290795025792,0.00046952936496099366,0.09432139819696861,-0.0008219034139607118,0.10114211599479095
2022-02-23,2022,0.00397856820076854,2022-03-09,EWMA,0.0004558849979030858,0.0004454436769332795,0.0004335216055491994,0.00044550825422517043,0.3998937491655328,-0.001149704551321129,0.18139656230497003
2022-02-24,2022,0.003969961609164449,2022-03-10,EWMA,0.0004558833313697228,0.0004150187026423468,0.0004801169089508589,0.00041678303267444187,-0.3877520689387959,-0.036251595560573335,0.7635439233516053
2022-02-25,2022,0.003989513049027493,2022-03-11,EWMA,0.00047986817077283234,0.0005015915503967379,0.0004486570447995572,0.0005013413540282468,0.5111002178696689,0.0034704000492116194,-0.3157854837102496
2022-02-28,2022,0.004245384837767926,2022-03-14,EWMA,0.0005893485038166643,0.000512084572917861,0.0005451204201064498,0.0005119155612864401,0.5064433191389526,0.002407017914507925,0.9463480654898477
2022-03-01,2022,0.003944146781928763,2022-03-15,EWMA,0.0009244358231971247,0.00061719188589664,0.001006603526495193,0.0006214997204007447,-0.2631188879269373,-0.03733912796910133,1.7199225141212358
2022-03-02,2022,0.0034606157687410615,2022-03-16,EWMA,0.0012032561034095223,0.0006845346317510811,0.0011134677291439658,0.0006857933116190924,0.15436770003897982,-0.007441497931341523,1.6153384209590107
2022-03-03,2022,0.00403247881003785,2022-03-17,EWMA,0.001195293358228219,0.0007480315932829315,0.0010996670985193625,0.0007490301648132687,0.209984383519354,-0.0058526994574572555,1.5484539838829119
2022-03-04,2022,0.0035322220936573902,2022-03-18,EWMA,0.0014711720897989606,0.0007854741595048108,0.001323898553427822,0.0007864391731770138,0.16160950689906972,-0.0042902141123768445,1.4684447872377682
2022-03-07,2022,0.003819822912526602,2022-03-21,EWMA,0.001497468245575716,0.0007319982007117232,0.0013443083646842466,0.0007330917499913611,0.18272797577700484,-0.006291378020504723,1.951743037897638
2022-03-08,2022,0.0037230036203734092,2022-03-22,EWMA,0.0014768766829715793,0.0006721675929576391,0.0013252707473492729,0.0006734942187046414,0.18006439928542672,-0.00893843473461775,2.230762641329402
2022-03-09,2022,0.002182284421889754,2022-03-23,EWMA,0.0026070246781878903,0.0014830471793764548,0.0023411390658380046,0.0014854482052576747,-0.012504124065292999,-0.0007607869224655062,0.07029758071812342
2022-03-10,2022,0.002230378246981209,2022-03-24,EWMA,0.0024720357748924584,0.0014655926490481938,0.0022291412876759265,0.0014680035759278068,-0.005114184159028312,-0.000855654904933445,0.09680102433831195
2022-03-11,2022,0.0021474602224688744,2022-03-25,EWMA,0.0023884972266314847,0.0013812872782793806,0.0021558016956927215,0.0013834801535505298,-0.005455279214243269,-0.0008779346297993484,0.10794761240705508
2022-03-14,2022,0.002165564889682797,2022-03-28,EWMA,0.002559425904597232,0.001627217354474987,0.0023040468373684295,0.001629250526126857,-0.011333227245448718,-0.000412081204594017,0.031814255140382386
2022-03-15,2022,0.0019507768711668737,2022-03-29,EWMA,0.002569143567382775,0.0016843738384767649,0.0023806741292193034,0.0016887335663029633,-0.01607704027227097,-0.0004049801513295037,-0.023327433855058644
2022-03-16,2022,0.002008354631517862,2022-03-30,EWMA,0.002416751324165869,0.001547733986195328,0.002177474979623671,0.0015507388199998728,-0.012940557482497894,-0.000574792288807302,0.020963220497656643
2022-03-17,2022,0.0018983247181782084,2022-03-31,EWMA,0.002729255916329655,0.0016090571726975272,0.0026726635573122593,0.0016162246988978672,-0.0062255883458179895,-0.0007873897059944568,-0.04415266983656352
2022-03-18,2022,0.0019049597867699427,2022-04-01,EWMA,0.0025690643695810153,0.0015185766161879414,0.0024762193466767728,0.0015239202816318873,-0.009006558628892769,-0.0008860300993465131,-0.01283003374107583
2022-03-21,2022,0.001486316992985541,2022-04-04,EWMA,0.002727273510210367,0.0015047433177787896,0.002564059570523056,0.001510046581654415,-0.027020017760073678,4.9187517195292685e-05,-0.1519082999162693
2022-03-22,2022,0.0015032693307907375,2022-04-05,EWMA,0.0025663098469605253,0.0014458714153231696,0.0023673092369951524,0.0014500953962555004,-0.03147401353206192,-0.00011138492475648576,-0.11982979755117462
2022-03-23,2022,0.001583669276167313,2022-04-06,EWMA,0.002571520838981353,0.0013754351249346186,0.002355815531672134,0.0013793044849423793,-0.03122157643448009,-0.0004207661634145765,-0.09018153243208715
2022-03-24,2022,0.0015139533811706545,2022-04-07,EWMA,0.0024717368645547472,0.0013914180858778,0.0022429719196583246,0.0013943010377395672,-0.034648718231006015,-0.00017994871103788057,-0.09903849776422557
2022-03-25,2022,0.0015228983565349053,2022-04-08,EWMA,0.002331192534104059,0.0013505850631864537,0.002126679383115341,0.001353718770668677,-0.028996131646429113,-0.00029265961479918445,-0.07152798103501024
2022-03-28,2022,0.001160357868275724,2022-04-11,EWMA,0.00251801028972058,0.001580692475400506,0.002260058621479646,0.0015838871366743244,-0.05548222547072523,0.000538386911234312,-0.19234733427630424
2022-03-29,2022,0.0015507847751370628,2022-04-12,EWMA,0.0023825006010987798,0.0015067816900625486,0.002137245293086738,0.0015100011224068925,-0.03393939895834208,-5.998758261060999e-05,-0.07987755775168193
2022-03-30,2022,0.0016368581760686201,2022-04-13,EWMA,0.002280903850041533,0.0014029501726601148,0.002053062544192245,0.0014065076770262567,-0.025598618376161397,-0.0004184983670629805,-0.03690445817691668
2022-03-31,2022,0.0011271619724252998,2022-04-14,EWMA,0.0025258904037514384,0.0016334571528625217,0.0022655284071704707,0.0016379081293908593,-0.05750184603518438,0.0008459893660539564,-0.19209147850341157
2022-04-01,2022,0.0013591963961042729,2022-04-19,EWMA,0.002382463803755704,0.0015274996818827346,0.0021328487993254107,0.0015319152841492603,-0.04390889705137102,0.0003217520198859347,-0.12518550097587156
2022-04-04,2022,0.0013253945944031972,2022-04-20,EWMA,0.0022639633238318245,0.0014388575580133337,0.002024418448501674,0.0014431306908208915,-0.04256174073464969,0.00023788719177098017,-0.11755493507750003
2022-04-05,2022,0.001345601858351523,2022-04-21,EWMA,0.0021424565971524014,0.0014013869587200484,0.0019191874002735,0.001406171319467421,-0.03698513821570781,0.00014124098620094117,-0.09236267886831406
2022-04-06,2022,0.0010710060175070563,2022-04-22,EWMA,0.0022283907878443334,0.0015463330008814824,0.0019669780865982055,0.001549104358285706,-0.06090677603492445,0.0005515244514544548,-0.15340175818773272
2022-04-07,2022,0.0013925998882884309,2022-04-25,EWMA,0.0021012501619861674,0.0015247585819901845,0.0017767693410581373,0.001520460032068428,-0.0467019702247331,-0.0002410537766861509,-0.07011981177646565
2022-04-08,2022,0.0015006573682908356,2022-04-26,EWMA,0.001989086600192091,0.0015180639627201547,0.0017598544727918724,0.0015199800626605844,-0.024173145774627258,1.5249766441627344e-05,-0.03615150247613297
2022-04-11,2022,0.0013897414520158942,2022-04-27,EWMA,0.001947107283599251,0.0016477984735190124,0.0016244235731933652,0.0016385050938652688,-0.039409540084193395,-0.0008722301424928247,-0.03725856524843074
2022-04-12,2022,0.0010329561442244406,2022-04-28,EWMA,0.0021143530270664682,0.0018901291373946028,0.0018048435681525465,0.0018803700274469001,-0.07449525764126808,-0.0023402392996692,-0.05414819765105516
2022-04-13,2022,0.0009448202483270978,2022-04-29,EWMA,0.0020880388373497438,0.0019477520709444993,0.0020126623240771394,0.001941634578164096,-0.019820551700809652,-0.0016173938006200927,-0.03695864953582362
2022-04-14,2022,0.0010021330033425436,2022-05-03,EWMA,0.001994073118740396,0.001859353313684552,0.002217674155455227,0.0018613754070316477,0.05560852507435854,0.0005014290598124305,-0.033537816100427165
2022-04-19,2022,0.0010276239018583392,2022-05-04,EWMA,0.002042128403170785,0.0020235742107629,0.0019300761408975087,0.002018440937775703,-0.027218720777154815,-0.0012484617647983143,-0.004513277115174574
2022-04-20,2022,0.0010460225837977187,2022-05-05,EWMA,0.001920802144123967,0.00194488674597805,0.002094909206238859,0.001944058786543495,0.04150784658117068,-0.000196743014756251,0.00571708194694498
2022-04-21,2022,0.0010289677428096766,2022-05-06,EWMA,0.0018337818652386575,0.0017688127593640864,0.0022764510566216133,0.0017775886290076254,0.10712460806003765,0.002077216235062629,-0.015461810041211166
2022-04-22,2022,0.0014171774625995497,2022-05-09,EWMA,0.0017493936970786705,0.0016810425560021922,0.002163688680844227,0.0016895894335740007,0.0574310100822748,0.0008068542989168037,-0.006916604922001746
2022-04-25,2022,0.0012366200209832565,2022-05-10,EWMA,0.0018721568465207114,0.0019114223877968461,0.0017795671502959022,0.0019047610218970237,-0.016353944025130573,-0.0012285457163603297,0.007187475460707304
2022-04-26,2022,0.00134272732622543,2022-05-11,EWMA,0.0018480513045678222,0.0017988996933551472,0.0021329966088749997,0.0018036476528124614,0.04633502926731836,0.0006710109625958083,-0.00710452260300265
2022-04-27,2022,0.0013422593236003142,2022-05-12,EWMA,0.0017382559039996097,0.0016852548455947548,0.0021190269836003804,0.0016958022595817412,0.059319263914203724,0.0012853062685111993,-0.006680261050122205
2022-04-28,2022,0.001422012372209323,2022-05-13,EWMA,0.001672667208414276,0.001540127623436184,0.0020128686547502177,0.001546942663334266,0.04145538111062397,0.0003475979584379729,-0.009392676410275413
2022-04-29,2022,0.0014222377462271376,2022-05-16,EWMA,0.0016122420584713157,0.001434551736461556,0.001995536928281298,0.0014426026150686623,0.04384765096379528,6.353566741790218e-05,-0.007506247285670398
2022-05-03,2022,0.0013493169487456796,2022-05-17,EWMA,0.0015862388134396872,0.0015352448019228893,0.001956201102466582,0.001543547464125542,0.04876339462100887,0.0006659432963695977,-0.004421383717501115
2022-05-04,2022,0.0011453567057494334,2022-05-18,EWMA,0.001676294551861985,0.0015423116915693764,0.002055294922634579,0.0015491988984506926,0.07783786332220988,0.0011541195285724726,-0.023946948239658816
2022-05-05,2022,0.0012063727057270736,2022-05-19,EWMA,0.0015895713174347058,0.0013866595464421846,0.0019474492588442424,0.0013935611811712926,0.0635894592890418,0.0006562068537014909,-0.02551152201520157
2022-05-06,2022,0.0011836881359799899,2022-05-20,EWMA,0.0015106960700986944,0.001236027385125854,0.0018757677820874226,0.001243635238581731,0.06395124157297172,0.0002778291508231945,-0.026550973153834256
2022-05-09,2022,0.0007753958585660097,2022-05-23,EWMA,0.0017126695153115085,0.0014803435105341701,0.0020874369794601187,0.0014888706868027004,0.11660095920760671,0.0027438247428959173,-0.07472565101093309
2022-05-10,2022,0.0006278895324954787,2022-05-24,EWMA,0.001713464604348074,0.0015276788056440736,0.0018982741763364634,0.0015310099274967073,0.06675194764623704,0.0012838782708275431,-0.0702034907337934
2022-05-11,2022,0.0003965354430587514,2022-05-25,EWMA,0.001771851859340259,0.0014406288327942069,0.0020172915214176027,0.0014467257788792975,0.10250159605054687,0.003063217075985669,-0.15549108054828853
2022-05-12,2022,0.00047830085274067947,2022-05-26,EWMA,0.0016663065744850522,0.0013189534556697303,0.001714862593223218,0.0013200841110169567,0.02059585534938968,0.0005462703198411134,-0.1581768458252535
2022-05-13,2022,0.0003553803251751786,2022-05-27,EWMA,0.0016598819637119741,0.001214426793397933,0.0014099332010716066,0.0012076263608808285,-0.1252491976223853,-0.003967561180497903,-0.2339419088877639
2022-05-16,2022,0.0003193049065396083,2022-05-30,EWMA,0.0016003789208577327,0.0011170856246958598,0.001302013948032575,0.0011088057579806897,-0.16060724928563808,-0.0053051756792354965,-0.2731981190697059
2022-05-17,2022,0.00033049982770377433,2022-05-31,EWMA,0.0015249389598271073,0.0011223468891415583,0.0012826867030468504,0.0011162473229140496,-0.1320652304916301,-0.003840376176616367,-0.22879024238280987
2022-05-18,2022,0.0003374017886253295,2022-06-01,EWMA,0.0014784067918460159,0.0012169917076829799,0.0012799553864036742,0.0012149272304910234,-0.10875531622175227,-0.0012267108174546237,-0.14556040272559922
2022-05-19,2022,0.00033508843227150287,2022-06-03,EWMA,0.001445518255700534,0.0011407521371005606,0.001243901143923184,0.0011377296689983123,-0.11264225673517014,-0.0018727035361365552,-0.1748486475518085
2022-05-20,2022,0.00033681259550704876,2022-06-06,EWMA,0.0013596857422409072,0.001087581326274858,0.001190643439219985,0.0010861638493755701,-0.0975904564928376,-0.0009000253177013917,-0.1613213250099932
2022-05-23,2022,0.000342375188678247,2022-06-07,EWMA,0.001289932326479274,0.0010343202336847545,0.0011200238634086672,0.0010316461492370544,-0.10097519260571008,-0.001730693717947318,-0.15525168476987972
2022-05-24,2022,0.00037184995288668427,2022-06-08,EWMA,0.0012146497828482213,0.000989271510206276,0.0010853218420085462,0.0009891074344558657,-0.07609958499551883,-0.0001035164827518642,-0.1354972265240093
2022-05-25,2022,0.0003720212167221123,2022-06-09,EWMA,0.0011438609537972805,0.000930903354441548,0.0010231843951017943,0.0009308193350636135,-0.07313095672886849,-5.418724275685349e-05,-0.13160742940689119
2022-05-26,2022,0.000295622065602657,2022-06-10,EWMA,0.0011322261730853046,0.0008638660112317748,0.0010125536511005802,0.000863737748541505,-0.08085137934821507,-9.766925063026122e-05,-0.18941319048642047
2022-05-27,2022,0.0002886156061428464,2022-06-13,EWMA,0.001073312469973911,0.0008063255164402865,0.000958901984852683,0.0008061447617521364,-0.08063228870705696,-0.000143938436637292,-0.19697981972338585
2022-05-30,2022,0.0002787559204896367,2022-06-14,EWMA,0.0010241941000371183,0.0007524856514083408,0.0008838579193975656,0.0007498732636573698,-0.10415055986352151,-0.002187165673335656,-0.21000357318942076
2022-05-31,2022,0.0002643667352037865,2022-06-15,EWMA,0.000991024109384772,0.0007017703137828345,0.0008785817340728779,0.000701189402617836,-0.08628937746941912,-0.0005160278634539495,-0.2351798070394553
2022-06-01,2022,0.00019636053035322135,2022-06-16,EWMA,0.0009812733934745656,0.0007665559380871226,0.000880449636584536,0.0007665052067179827,-0.08550324082609162,-4.922911359983573e-05,-0.19089187915110362
2022-06-03,2022,0.0004044205037262459,2022-06-17,EWMA,0.0009766219384087756,0.0007357492640063466,0.0008760746198313692,0.0007353984845742149,-0.06112181814519513,-0.00021468944681846125,-0.1476399813783269
2022-06-06,2022,0.0004080637855729,2022-06-20,EWMA,0.0009201089316575209,0.0007234675805213944,0.0008246513134431299,0.0007230119484428053,-0.058194590539058844,-0.000274538203960617,-0.11989261313588084
2022-06-07,2022,0.00038578490681606843,2022-06-21,EWMA,0.0008805555863600783,0.0006784886516320417,0.000789965024384246,0.000678097101731628,-0.058322775028099905,-0.00024893748027743356,-0.1302061521822715
2022-06-08,2022,0.0004176543159886387,2022-06-22,EWMA,0.0008501057948772474,0.0006385503217072593,0.0007629469753546436,0.0006381089477262464,-0.052046674419305994,-0.00023903991618823284,-0.12339078214777821
2022-06-09,2022,0.00042261947683529385,2022-06-23,EWMA,0.0008013073852917893,0.0006326301495868904,0.0007187768755847865,0.0006321311397508482,-0.04813574368158946,-0.0002617441549634947,-0.09573546367141539
2022-06-10,2022,0.0004770069896963063,2022-06-24,EWMA,0.0007576852090509164,0.0006319082234741156,0.0006824275220420622,0.0006314305309394432,-0.03518438280306935,-0.00018516265993184788,-0.056214596740509215
2022-06-13,2022,0.0005095450506627398,2022-06-27,EWMA,0.0007164255378431182,0.0005961559842657273,0.0006437493518525418,0.0005956498876966324,-0.02667017700568053,-0.00012307902859642894,-0.040286695297804265
2022-06-14,2022,0.0005405986777445097,2022-06-28,EWMA,0.0006819397601298495,0.0006007339097342805,0.0006138706614036828,0.0006001242371017686,-0.017254394358244163,-0.00010117996207448243,-0.019628881462032233
2022-06-15,2022,0.0005273302414920389,2022-06-29,EWMA,0.0006594094151163737,0.0006159749738077801,0.0005954300682566537,0.0006154368858338376,-0.016132290420060258,-0.00012544088821009325,-0.01174871302666336
2022-06-16,2022,0.0005302425057270087,2022-06-30,EWMA,0.0006227869007167026,0.0005758194212356882,0.0005627025769391381,0.000575344693766859,-0.010542010648249445,-6.496905327146862e-05,-0.00896449529067933
2022-06-17,2022,0.0002456095581072746,2022-07-01,EWMA,0.0007827299664322703,0.000791920550463672,0.000717447669960637,0.000791821419040057,-0.05853562595180506,-8.635808784074328e-05,0.008031684196415867
2022-06-20,2022,0.0002851334512660424,2022-07-04,EWMA,0.0007403560064839666,0.0007186664311967001,0.0006740708726316776,0.0007182838570843043,-0.05592391119947848,-0.00032116081792921136,-0.018110496254172048
2022-06-21,2022,0.0012344053244905855,2022-07-05,EWMA,0.0006962663854136347,0.0006449834303821144,0.0006306407247657512,0.0006441167440089636,0.08549451210035741,0.0012305362285669474,0.06445585681636778
2022-06-22,2022,0.0012016943237058626,2022-07-06,EWMA,0.0006987909197004361,0.0006405509772610452,0.0006281984089598363,0.0006395337198818327,0.0867495982287867,0.001394701287268596,0.06933292382500955
2022-06-23,2022,0.0013853855815094192,2022-07-07,EWMA,0.0006624860031023926,0.0005819780297821926,0.0005805639432407451,0.0005809593488234849,0.1630839042225496,0.002422128437583382,0.15971849722363896
2022-06-24,2022,0.001326859200655724,2022-07-08,EWMA,0.0006645960526346287,0.0005589949665319535,0.0005736487570628647,0.0005566511917279744,0.1693649101449477,0.005792586217906681,0.20412273994925112
2022-06-27,2022,0.001294401077585988,2022-07-11,EWMA,0.0006512985443575718,0.0005286171038916768,0.0005847561576914132,0.0005283799515086277,0.11838499966235183,0.0006502995849508864,0.25253564435640286
2022-06-28,2022,0.0017548754020350686,2022-07-12,EWMA,0.0006420763368690948,0.0005067325437965211,0.0006050842890018168,0.000505769438173893,0.10775120647724634,0.004692177860754931,0.49326993108000394
2022-06-29,2022,0.0017417236189104124,2022-07-13,EWMA,0.0006128129350054267,0.0004938022317905055,0.0005679705927826592,0.000492653890117126,0.14840521773170945,0.005893364698303927,0.4690654635336369
2022-06-30,2022,0.0017373471615132626,2022-07-14,EWMA,0.0005809890083453028,0.0004736113517083057,0.0005753775038474915,0.00047419749095795917,0.019458384087926106,-0.003297425976496182,0.47362526835551666
2022-07-01,2022,0.001903965603714071,2022-07-15,EWMA,0.0005476944665052324,0.0004513623861789698,0.0005230298051834824,0.00045075266664918357,0.1178550241477816,0.0043541623264555795,0.5484887321420384
2022-07-04,2022,0.0020483990667262563,2022-07-18,EWMA,0.0005466036904183245,0.0004420484341771366,0.00047516870112142404,0.0004404189380134157,0.4233307303333014,0.013451736153062832,0.6740715032299933
2022-07-05,2022,0.0011382248273569548,2022-07-19,EWMA,0.0011669648248505745,0.0011357548490601853,0.0012460406719428177,0.001138505747803169,0.0036660941549877535,-2.33089060497349e-06,-0.0003059806886636096
2022-07-06,2022,0.001112599957267671,2022-07-20,EWMA,0.0011187517064447203,0.0011561134820737764,0.0009808531197958627,0.001148768302614462,0.008271310299989842,-0.00022029972896930872,0.0007114165980111053
2022-07-07,2022,0.0009919022991624943,2022-07-21,EWMA,0.0011835758168128449,0.0011921848893729668,0.001375937809619665,0.0011968211889595202,0.0334315789821078,0.0006583141756797417,0.0011956417403080621
2022-07-08,2022,0.0012923693942472566,2022-07-22,EWMA,0.0011141711856785873,0.001177051372529935,0.0013539175296337792,0.0011825439056142915,-0.01050573557135781,-0.0004442279376011271,-0.0070642779453615745
2022-07-11,2022,0.0013046261494870474,2022-07-25,EWMA,0.0010515773301204097,0.0011573175673035973,0.0013000656648385052,0.0011623975724429664,-0.025005979092918018,-0.0005466915354510604,-0.01753926124476557
2022-07-12,2022,0.0008078681109621617,2022-07-26,EWMA,0.0013350120937571945,0.0017674555915125254,0.001666032672809783,0.0017738620774731771,0.1012709565983716,0.0019673501982406805,0.13254119449451007
2022-07-13,2022,0.0008532946695980227,2022-07-27,EWMA,0.0012551279079850842,0.0016973914198200938,0.0015687160010609982,0.0017025515260119372,0.08711782847101279,0.0015117942696107889,0.12471777316832267
2022-07-14,2022,0.0008504941407452745,2022-07-28,EWMA,0.0011817553408700312,0.0016014596353399557,0.0014754090432097372,0.0016056001895814664,0.07869354080817992,0.0012126058252324157,0.11530177265582697
2022-07-15,2022,0.0007089814368871133,2022-07-29,EWMA,0.0012270003138398085,0.0014992431435244175,0.0015345356395066235,0.0015034513981886733,0.10785548922242594,0.0014793305027103187,0.09546405338707054
2022-07-18,2022,0.000766617846166125,2022-08-01,EWMA,0.0012844798062465602,0.0013973068446171241,0.0016066192581318359,0.0014016879420310341,0.10410905921381453,0.0014156610338353914,0.03600109650699235
2022-07-19,2022,0.000728598939946016,2022-08-02,EWMA,0.001234630667436932,0.0013886772807238826,0.0015418907596336272,0.0013931059089267134,0.10463845126755089,0.0015161150338522944,0.05211586286908343
2022-07-20,2022,0.0009253086197289172,2022-08-03,EWMA,0.0011647350689492034,0.0012634124064478916,0.0014569005541974042,0.00126792030982791,0.0645019621915166,0.0009577887199121449,0.019274101841279645
2022-07-21,2022,0.0010011434189405577,2022-08-04,EWMA,0.0011437949550488482,0.0012956912928384127,0.0014303006309231813,0.0013004037215772757,0.04820390511605588,0.0008303803409646093,0.022081736527220563
2022-07-22,2022,0.0007530911514502257,2022-08-05,EWMA,0.0012834119892402435,0.0016142367840375,0.0016049767554351837,0.0016197936520451427,0.10602128264033883,0.001836018789998839,0.10908259134417975
2022-07-25,2022,0.0008302477764591769,2022-08-08,EWMA,0.0012190928025863114,0.0014688734610259861,0.0015242183685652243,0.001474168930308032,0.08704132587845503,0.0015682449688876332,0.07057895914086565
2022-07-26,2022,0.0008242589699407751,2022-08-09,EWMA,0.0011508501956326825,0.0013928154729447592,0.0014372050180753689,0.0013978760544123966,0.07949709998965204,0.0014843556283485881,0.066402193752916
2022-07-27,2022,0.0007928439802749856,2022-08-10,EWMA,0.0011132561112336097,0.00126340589309182,0.0013930477009492987,0.0012687097551334376,0.08116352732203413,0.0015658172902934808,0.04188224348496128
2022-07-28,2022,0.0008331165647344725,2022-08-11,EWMA,0.0010464698947489953,0.00116530599290389,0.001302160142121828,0.0011702913981061081,0.062276909174245,0.0012234730067639532,0.026374036584619454
2022-07-29,2022,0.000915302054176911,2022-08-12,EWMA,0.00100251201614259,0.001049330027283095,0.001244027816692741,0.001054184067602549,0.03859382993652449,0.0005987594481497993,0.0049072755636956344
2022-08-01,2022,0.0009584923719881098,2022-08-15,EWMA,0.0011130980541627935,0.001291691661743331,0.001176991926195985,0.001289926626367932,0.009069177236621151,-0.00035203130499006363,0.02974654088915507
2022-08-02,2022,0.0010460696199808372,2022-08-16,EWMA,0.0010473857641234848,0.0011977339052174603,0.0012697350288979824,0.0012020115320210366,0.01761628095862644,0.00045697434881919463,0.008764620754744712
2022-08-03,2022,0.000880594162826004,2022-08-17,EWMA,0.0011240044584464723,0.0014094912721485618,0.0013903955560824672,0.0014148802477200718,0.06258765379684927,0.0014364795495156457,0.06764774555362951
2022-08-04,2022,0.0007416703606821164,2022-08-18,EWMA,0.0011576606792612126,0.0015358808335027025,0.0013580212807551987,0.001537876730435913,0.06510484458496624,0.0006719543953090934,0.12493551082368004
2022-08-05,2022,0.0006870221644422389,2022-08-19,EWMA,0.0011258572599789024,0.0014391116556709336,0.0013974929472170175,0.001443739885880269,0.09752422056688914,0.001680481892734953,0.11265312075403955
2022-08-08,2022,0.0006124923271957053,2022-08-22,EWMA,0.0011240528905699031,0.00136768838365235,0.0014041489516064085,0.0013721361966920426,0.1137960452648068,0.0017951366419177717,0.0991151591706032
2022-08-09,2022,0.0008188216658316283,2022-08-23,EWMA,0.0010573941044934706,0.0012713117708847794,0.001317509771795656,0.0012752510539970718,0.06705084815268947,0.0011042385784874043,0.053940985679592046
2022-08-10,2022,0.0008059485165461847,2022-08-24,EWMA,0.001003802921577675,0.0011561472689945503,0.0012387209476571502,0.0011595582123738522,0.05801807700320705,0.000895346643282835,0.03550077048745148
2022-08-11,2022,0.0007770486394367687,2022-08-25,EWMA,0.0009712798342969132,0.0010410066089741588,0.0012134920151331545,0.0010451535624239154,0.06295827994067515,0.001013967553753936,0.015742973529340176
2022-08-12,2022,0.0007213431859748565,2022-08-26,EWMA,0.0009883533030019837,0.0011168260934711267,0.0011374215385454736,0.0011177994340592116,0.044827092376066524,0.00030872874082277235,0.038249175850574524
2022-08-15,2022,0.0004617776639081925,2022-08-30,EWMA,0.0011294913617449804,0.0014061316243235017,0.0012233352644847645,0.0014038573742110553,0.04845105018916218,-0.001086677119306323,0.13864104166768154
2022-08-16,2022,0.00045379193779367214,2022-08-31,EWMA,0.0011230233937530123,0.0014526060370943356,0.000979504566519896,0.0014397015927922214,-0.07752625075291597,-0.006123231096137438,0.1656526226245747
2022-08-17,2022,0.0006250250324601828,2022-09-01,EWMA,0.001081304380018334,0.0013367579942804005,0.001222909575246832,0.0013369321430759,0.05613277020918339,6.936310503835585e-05,0.10161826963223142
2022-08-18,2022,0.0006253589115594994,2022-09-02,EWMA,0.0010219830458566624,0.0012987494780325652,0.0011482392313825627,0.0012982849996865402,0.04920167240719664,-0.00018543309686513965,0.10925813314750421
2022-08-19,2022,0.000639809429674244,2022-09-05,EWMA,0.0009607380666605517,0.001248065228418654,0.001200277599280618,0.001251888480995724,0.08970138990809495,0.0014930614894996808,0.10833286790021823
2022-08-22,2022,0.000709089917438647,2022-09-06,EWMA,0.0009175857887110125,0.0012205364550620503,0.0011378901816782572,0.0012239549541923959,0.06556923769292844,0.0011742678379995652,0.09348767376308409
2022-08-23,2022,0.0007680976002945492,2022-09-07,EWMA,0.0010052101817621406,0.0011962662095626637,0.0009999881233485606,0.0011904492296956133,-0.0012182245040319728,-0.001737035432093137,0.05197130115591975
2022-08-24,2022,0.0007842562217726621,2022-09-08,EWMA,0.000945897015537591,0.0010945141856569427,0.0011562039649877145,0.0010982831862199015,0.04995268104771444,0.0009786791198314049,0.0333520568678729
2022-08-25,2022,0.0009416357333095349,2022-09-09,EWMA,0.0008969734916094059,0.0010759237741375122,0.0011036954085094908,0.0010787850731277917,0.01076713272850327,0.0003345664715856955,0.007304579745893491
2022-08-26,2022,0.0009243407525184098,2022-09-12,EWMA,0.0008801960345256844,0.0010030951774450605,0.0010890824770154867,0.0010056861002331397,0.011526400036562023,0.0002055912167007179,0.0020363291071952005
2022-08-30,2022,0.0009155620589019591,2022-09-13,EWMA,0.0008493172165337714,0.0010102837714299523,0.0010372906435171558,0.0010123865991688709,0.00458449131523242,0.00019690388852744434,0.0017984863654278982
2022-08-31,2022,0.0008417138623439118,2022-09-14,EWMA,0.0008541678179296281,0.0010712073168256443,0.0010679645726456644,0.0010742288442810268,0.026110123865969115,0.0006065595550293068,0.026756031340334552
2022-09-01,2022,0.0007852056105925908,2022-09-15,EWMA,0.0009463391851782958,0.001296210676617673,0.0011720794917042471,0.0012989650160548196,0.05412938569146064,0.0008381806871371467,0.09063984886924192
2022-09-02,2022,0.0007770732199605582,2022-09-16,EWMA,0.0008953453753554247,0.0011842703229700418,0.0011049908436985922,0.0011867807856870017,0.045718984328654955,0.0007295799052728924,0.06793127957462985
2022-09-05,2022,0.000762965514733395,2022-09-20,EWMA,0.000851636450464668,0.0010826638479010373,0.0010463595850828485,0.0010850601207382123,0.039192791199359256,0.0006545646866902288,0.048849732180452854
2022-09-06,2022,0.0006733274806465455,2022-09-21,EWMA,0.0008626752892273916,0.001160890792479007,0.0010559761215662338,0.001163301182482408,0.05930671181555702,0.000872381115651244,0.09640295659136111
2022-09-07,2022,0.00041043952769338505,2022-09-22,EWMA,0.000994174601232681,0.0014734993607946958,0.0012080295504704552,0.0014754731323888225,0.12174799214428855,0.0009659978374481071,0.2591854862824814
2022-09-08,2022,0.000882562119961082,2022-09-23,EWMA,0.0009466360470199406,0.0013423832828747598,0.001176029026008094,0.0013451210353210316,0.03512949825247791,0.0006992545799189287,0.07443221138783063
2022-09-09,2022,0.0007573066494170707,2022-09-26,EWMA,0.0010058999528875815,0.0012884626348867183,0.0012353275796464101,0.0012907919565695789,0.06562994017494983,0.0007455454584839316,0.08246223723925805
2022-09-12,2022,0.0008855296198327773,2022-09-27,EWMA,0.0009706929430614634,0.001165103993297272,0.0011637244556309276,0.0011665512738214517,0.030049663146416883,0.0002984721068415297,0.03033341769181863
2022-09-13,2022,0.0010288693213871321,2022-09-28,EWMA,0.0009283470980009034,0.0011312346487744392,0.000957116531410228,0.001126611510061379,-0.0027937373399966603,-0.00036293575084744845,-0.001111542581446301
2022-09-14,2022,0.001021809683220605,2022-09-29,EWMA,0.0008776696188201364,0.0010296430687192,0.00106130542597587,0.001031754615237806,-0.011460011398588321,1.7667006549260122e-05,-0.012141049822173677
2022-09-15,2022,0.0008730415185513263,2022-09-30,EWMA,0.0009295694776835944,0.0011769427785288374,0.0011583515979009971,0.0011809789431714661,0.03453561210579803,0.0008883314509828821,0.0385524063548095
2022-09-16,2022,0.0009120615220248414,2022-10-03,EWMA,0.0008739891080433712,0.001086499556149121,0.001050135801345133,0.0010884214355794193,0.00856289032427604,0.0002850526912467899,0.01353633236902052
2022-09-20,2022,0.001021756542698955,2022-10-04,EWMA,0.000821859521637456,0.0010111636134365273,0.0010155191502604064,0.001013975417639889,-0.0254974614018888,-2.519838635617333e-05,-0.02546175422147634
2022-09-21,2022,0.0010252484861620213,2022-10-05,EWMA,0.0007730398283922292,0.0009591634877497891,0.0008765467012170003,0.000958268585518343,-0.030951274281640018,6.477838608720532e-05,-0.04162616768447691
2022-09-22,2022,0.0010403851884136315,2022-10-06,EWMA,0.0007291260797611154,0.0008872383760056618,0.0009047557585254836,0.0008894537817343316,-0.06116780492800444,-0.00042682270895078034,-0.058015700047896246
2022-09-23,2022,0.0006609497153076194,2022-10-07,EWMA,0.0010221747881511384,0.001444486658794194,0.0012656572756288562,0.0014476122892258063,0.08926637844850926,0.0011735350121693244,0.15677745398950726
2022-09-26,2022,0.0006493258576713793,2022-10-10,EWMA,0.0009907666849261318,0.0014331573395688524,0.0012099410660975285,0.0014354163168535318,0.08112977615583539,0.0008619614606768522,0.16685265649734404
2022-09-27,2022,0.0005260936724289592,2022-10-11,EWMA,0.0010446481409431313,0.0013596609208628545,0.0012950645623768708,0.0013632012947538304,0.11750162540528919,0.0015955839935539728,0.14687678786460712
2022-09-28,2022,0.00039329484161855255,2022-10-12,EWMA,0.0010964414105120415,0.0012697520298418383,0.001350248804809328,0.0012737536104870583,0.1407936586336911,0.002173437640982989,0.09779203772319889
2022-09-29,2022,0.00042632041249471243,2022-10-13,EWMA,0.0010308232750097339,0.0011712214967430912,0.0012293900865747679,0.0011731858909774058,0.10936157099789945,0.0010663341985885921,0.07811309688913948
2022-09-30,2022,0.0005215352524925132,2022-10-14,EWMA,0.0009712242690135932,0.0011033106635730055,0.0012024270056815128,0.001106863177628511,0.11028790851220016,0.0016975475480016655,0.06322603860003362
2022-10-03,2022,0.0004988178800793226,2022-10-17,EWMA,0.0009399791347983804,0.0010071634604550115,0.0011708251838496928,0.001010892564734819,0.1149768770012134,0.001868730562855525,0.03363646001384524
2022-10-04,2022,0.000419323246900057,2022-10-18,EWMA,0.000959328723998499,0.0009190176650894221,0.0011868665062019258,0.0009229326180579259,0.1290402304451579,0.0023154358349728454,-0.023755813268545367
2022-10-05,2022,0.0004583684583058514,2022-10-19,EWMA,0.0009046623298802023,0.0008271302693049542,0.0010479124554708982,0.0008291616591367231,0.07773105840263028,0.0010952661394023622,-0.042105895924864356
2022-10-06,2022,0.00044002969788290737,2022-10-20,EWMA,0.0008632609222699059,0.0007373151589739926,0.0010596317320762819,0.0007414233714668307,0.11049668325702822,0.002249531458471843,-0.0706312105774316
2022-10-07,2022,0.00033080166597314645,2022-10-21,EWMA,0.0008873192287927875,0.0006785109766632359,0.0010875911810521073,0.0006830168989827251,0.13486551946177272,0.0034025963521457925,-0.15357373993959023
2022-10-10,2022,0.00029965881298431394,2022-10-24,EWMA,0.0008560085932601089,0.0006460665798111362,0.0008349128267889951,0.000645149929379631,-0.01610798728689744,-0.0007608134447716353,-0.16762271621429825
2022-10-11,2022,0.00025853150076009837,2022-10-25,EWMA,0.0008332272876442295,0.0006326329754156607,0.0007309412334684899,0.0006292644603444303,-0.08755398184307683,-0.003151227227839115,-0.1770337680819809
2022-10-12,2022,0.0002409297055230968,2022-10-26,EWMA,0.0008063784647440526,0.0006226698811107847,0.0007108764546774492,0.0006196177309846261,-0.08591523802604328,-0.003007804183760676,-0.17038655657281243
2022-10-13,2022,0.0002252292068724484,2022-10-27,EWMA,0.0007808761859270878,0.0005822628164802466,0.0006576620579179797,0.0005785746902999064,-0.11768727264369616,-0.00388850518628292,-0.19510899047634833
2022-10-14,2022,0.00012922068655419515,2022-10-28,EWMA,0.0008017543891137289,0.0006452260723281305,0.0006872285844796936,0.0006422187024918387,-0.12727616234527694,-0.003734021556383915,-0.17810201271913773
2022-10-17,2022,0.00013297133179150742,2022-10-31,EWMA,0.0007650544390791785,0.0006423244266904887,0.0006623735358867698,0.0006417583286098843,-0.1171739438227215,-0.0006991062800816294,-0.14164400420999002
2022-10-18,2022,0.00013964345758382213,2022-11-01,EWMA,0.0007402301003616706,0.0006404077496399599,0.0006486897572614919,0.0006386525316295621,-0.1053852084410618,-0.0021452638751613406,-0.1154507391048556
2022-10-19,2022,0.00010626713070063837,2022-11-02,EWMA,0.0007255614823628054,0.0006051974877506524,0.00059596308901146,0.0006008455174191253,-0.16491740569174507,-0.005945153953796911,-0.15226207426761995
2022-10-20,2022,0.00011252541246891056,2022-11-03,EWMA,0.0006822943408058049,0.0005749408866535762,0.0005590532818910415,0.0005707492307350144,-0.16285994842121632,-0.005879924965727312,-0.1403995250507153
2022-10-21,2022,0.00030097735746973406,2022-11-04,EWMA,0.0006420932187616764,0.0005396168787648182,0.0005430684720728987,0.0005373342674861652,-0.08202588045038439,-0.00186964562488523,-0.08485691180258925
2022-10-24,2022,0.0003013969840789529,2022-11-07,EWMA,0.0006040788314921492,0.0005090038984731328,0.0004904272074818373,0.000505224178409858,-0.09280427164395455,-0.003023533505326803,-0.07805454628202124
2022-10-25,2022,0.0003952528873228746,2022-11-08,EWMA,0.0005681295672550789,0.0004755780088714908,0.0004969053036548448,0.00047529168178214677,-0.034230095198005905,-0.00010156801437233298,-0.04242763053298937
2022-10-26,2022,0.0005394111976445558,2022-11-09,EWMA,0.0005450816425498975,0.00044628896589633333,0.0004598909065643178,0.00044414921061299196,0.013367848662749537,0.00101681393360753,0.01909303942734386
2022-10-27,2022,0.0005382607872875538,2022-11-10,EWMA,0.0005244597524302199,0.00042385492611128395,0.00042334558729786637,0.0004201619102549413,0.030950753461894465,0.002410844461517847,0.030625285058350826
2022-10-28,2022,0.0005852622843570422,2022-11-11,EWMA,0.0004946967343433773,0.0004011457527512811,0.00042675621668425857,0.0003999579278110857,0.04061578530011278,0.001367504501233796,0.06628369403160228
2022-10-31,2022,0.0006506087480017658,2022-11-14,EWMA,0.0004789996071667809,0.0004085142228935152,0.00042872151646603684,0.0004074701899533399,0.04839768451074011,0.0015217117100885247,0.07518325301002893
2022-11-01,2022,0.0006189976200191578,2022-11-15,EWMA,0.0004759270590421157,0.0003905447668848061,0.00040736620424814595,0.00038818918311021736,0.06334494011225011,0.003567949012452054,0.08662297947930764
2022-11-02,2022,0.0006418248850505566,2022-11-16,EWMA,0.00045416332448355525,0.0003675762223715425,0.0004140839523602083,0.00036760459116064084,0.0443963936066476,-5.757507575232523e-05,0.12137113637340224
2022-11-03,2022,0.0006659358313479002,2022-11-17,EWMA,0.0004314839675942312,0.00035913999885669323,0.0003797719727314563,0.0003580202895013583,0.08249389123485873,0.0026765537388326877,0.1273715830497233
2022-11-04,2022,0.0005293587281579875,2022-11-18,EWMA,0.0005359321236170945,0.0004067138973733344,0.0004799738867514879,0.00040728784018376554,0.004880216317731723,-0.000423945971396833,0.03791844316404536
2022-11-07,2022,0.0005312485281716671,2022-11-21,EWMA,0.0005045759842923816,0.00038661271240583625,0.0004659904515278086,0.00038733745425309133,0.007627059910610967,-0.0006982401167308083,0.05495405093167616
2022-11-08,2022,0.0004375254741191806,2022-11-22,EWMA,0.0005391427176722763,0.0004501698615034162,0.0005432053699019147,0.0004521015628217097,0.0014377516132020318,0.00012916631869330786,-0.019964070045326743
2022-11-09,2022,0.00037661604740115405,2022-11-23,EWMA,0.0006169733974808624,0.0005732220296949603,0.0006194601696689752,0.0005755257751736281,0.0015719959841131725,0.0013809476194337478,-0.026961874206082648
2022-11-10,2022,0.00036150368325255967,2022-11-24,EWMA,0.0005912468511087196,0.0005310674067389733,0.0004979327562827944,0.000527728924173824,-0.057185508276822894,-0.001999935149158638,-0.03805914887707296
2022-11-11,2022,0.0003792089693076659,2022-11-25,EWMA,0.0005898000985772169,0.0004991035002966859,0.0005197997345167648,0.0004990310949718311,-0.03975598025246985,-3.484339730253083e-05,-0.05013485636927495
2022-11-14,2022,0.000293671024439593,2022-11-28,EWMA,0.0006133363138655191,0.000558408514828984,0.0005531356470437348,0.0005594902565866541,-0.05119883708141604,0.0009185023882700705,-0.046724608600036355
2022-11-15,2022,0.00028908745782188874,2022-11-29,EWMA,0.0005804642126883844,0.0005164338529772343,0.000496286990352811,0.0005147875403598477,-0.07220125133441702,-0.0014027512341385773,-0.05513263278811564
2022-11-16,2022,0.0003365546238780834,2022-11-30,EWMA,0.0005681268319917765,0.0005284427760403988,0.0005374394124517715,0.0005272849199266495,-0.021703398779745697,-0.0007949617380518248,-0.02792365503204408
2022-11-17,2022,0.0003118751393632989,2022-12-01,EWMA,0.0005551910506867372,0.000534744214515692,0.0004894064470545083,0.000533435422016928,-0.05061098147619969,-0.0010195641369614705,-0.01604455020011475
2022-11-18,2022,0.0002598346550626839,2022-12-02,EWMA,0.0005582910749693043,0.0005591186850926076,0.0006188813435914335,0.0005611526313218046,0.05746804513427417,0.0019467467590752463,0.0007923981567712346
2022-11-21,2022,0.00039694344385338083,2022-12-05,EWMA,0.0005268930366269718,0.0005255710422050373,0.0005729876501572422,0.0005270377447666606,0.02326123439411898,0.0006849672555517827,-0.0006172116197866728
2022-11-22,2022,0.000573979514700358,2022-12-06,EWMA,0.0004956662820590829,0.0004876480264825279,0.0005089482464119647,0.0004879449166227686,-0.003776634015694391,-0.00010753268325025545,0.0027315982475721867
2022-11-23,2022,0.0006027926513938541,2022-12-07,EWMA,0.0005342174070284292,0.0005513225468507297,0.0006371582428769202,0.0005547969237598539,-0.006086365378454417,-0.0005649536545231371,-0.003491144229288423
2022-11-24,2022,0.0006217533801908561,2022-12-08,EWMA,0.0005030632665777624,0.0005133826781274557,0.0005974059330705396,0.0005164054190531283,-0.023298586772174446,-0.0012184098381595732,-0.004537711557135893
2022-11-25,2022,0.0005566780017075134,2022-12-09,EWMA,0.000519083666019399,0.0005490651828402257,0.0005905831143629995,0.0005510898252901516,-0.000788675534932004,-4.4173359839305704e-05,-0.002407281278773432
2022-11-28,2022,0.0006011351039359366,2022-12-12,EWMA,0.0004880373998992613,0.00050941309373848,0.0005387757060739941,0.0005105986145129748,-0.01708973767119293,-0.0004153549752947683,-0.008818320824785175
2022-11-29,2022,0.000673265207285727,2022-12-13,EWMA,0.00045953105999681714,0.00048745271621199014,0.0005538609934520064,0.0004899974384968774,-0.06282123210386459,-0.001966120392561166,-0.024936044536358004
2022-11-30,2022,0.000745456302965928,2022-12-14,EWMA,0.00048709340606736503,0.0005048524875841894,0.000595417806642923,0.0005074809587748405,-0.0776215157635356,-0.002454973931615534,-0.018024772452329252
2022-12-01,2022,0.0007536630766856213,2022-12-15,EWMA,0.0004620472537535384,0.0004924009062056945,0.0005540683017936198,0.0004942573399569568,-0.08928276141667268,-0.001985821648199604,-0.036924136755835946
2022-12-02,2022,0.0008221030507388144,2022-12-16,EWMA,0.00043494704261198483,0.0004724897030027702,0.0005218382917011697,0.000474129622442901,-0.13259060975641468,-0.0025533038417586695,-0.06739195045819812
2022-12-05,2022,0.0007144884342388173,2022-12-19,EWMA,0.0005052409995102329,0.0006084691057701787,0.0005606819639816217,0.0006081911158183143,-0.03571507138931018,7.974521472764451e-05,-0.054003652759814
2022-12-06,2022,0.0006121654440191649,2022-12-20,EWMA,0.0005970631897019271,0.0007996688115674109,0.0006652189898933814,0.0007993928159147106,0.003045605485839431,-8.089489765517044e-05,0.032404192872579785
2022-12-07,2022,0.0004940881838528277,2022-12-21,EWMA,0.0006493456388014501,0.0009511769589384183,0.0007634117067030483,0.0009516107231348916,0.04814130041931275,0.00021914905173670007,0.14028257845825554
2022-12-08,2022,0.00048084943486365197,2022-12-22,EWMA,0.0006243233243291302,0.0009627528699388612,0.0007355052087498504,0.0009627614571559589,0.047463815938527,4.464602689324693e-06,0.16238801363174726
2022-12-09,2022,0.0006042625571970312,2022-12-23,EWMA,0.0005883150044932824,0.0009170887384254897,0.0006610794937685024,0.0009153170556321209,0.003558707717189691,-0.0006583757072977647,0.07572668057705823
2022-12-12,2022,0.0005680122478417458,2022-12-28,EWMA,0.0005836885387882397,0.000877576348417339,0.0007173093402636083,0.0008813729851477436,0.024862076929317745,0.0015288196049905167,0.08190481905459812
2022-12-13,2022,0.0005030327140178095,2022-12-29,EWMA,0.0005990478650005239,0.0008420499171785145,0.0006594491561084429,0.0008441289301930583,0.01915039648733785,0.0009946283707016335,0.09816800184569807
2022-12-14,2022,0.00040226539294812674,2022-12-30,EWMA,0.0006678858823737535,0.0008432239757845101,0.0007479628581101387,0.0008451202647475796,0.048754066055272105,0.0011759069861394522,0.10787509068991596
2022-12-15,2022,0.00047890186097541716,2023-01-03,EWMA,0.0006376360778872726,0.0008174192578109018,0.0008283931694947389,0.0008250973804554356,0.08877126561296844,0.0038973402158521964,0.08319667177495482
2022-12-16,2022,0.0008308044139151302,2023-01-04,EWMA,0.0006470675257099769,0.0008683093638470242,0.0007561850558790284,0.0008694113152610503,-0.02943901784625158,5.554977516286641e-05,-0.033048858764539446
2022-12-19,2022,0.000833151107075003,2023-01-05,EWMA,0.0006306263952344861,0.000795831695785101,0.0006649072600945896,0.0007923838826119022,-0.015180962975336776,0.00021348203168436442,-0.04158076559810109
2022-12-20,2022,0.0007596221031679332,2023-01-06,EWMA,0.0006445567179535816,0.000843991680536016,0.000737706681544006,0.0008436671165832827,-0.0138276605115637,-3.838314949433652e-05,-0.008903758380959026
2022-12-21,2022,0.0007696472352468485,2023-01-09,EWMA,0.0006127864118313352,0.0007656367310911699,0.000688524502961623,0.0007641340410855,-0.021624016353947617,1.2232003497203436e-05,-0.028050103786666725
2022-12-22,2022,0.0007759491525404665,2023-01-10,EWMA,0.0005808532050172876,0.0007220091303309971,0.0006274025634926206,0.000720094289886187,-0.022023519966697158,0.0002021898508512976,-0.0436302857147135
2022-12-23,2022,0.0007659058996073352,2023-01-11,EWMA,0.0006323257720736938,0.0007065186105533725,0.00076133882581936,0.0007085212482704912,-0.019579555789326797,-0.00023358310895815748,-0.016251021159123802
2022-12-28,2022,0.0007902526462680023,2023-01-12,EWMA,0.0006001288891680806,0.0006627998962023784,0.0006089026164728906,0.0006616709228446603,-0.004460048258771998,0.0003295556399640631,-0.02518172952829456
2022-12-29,2022,0.0007922139594116154,2023-01-13,EWMA,0.0005698145920633478,0.0006232323034169496,0.0005422506223988582,0.000621019567787325,0.021089794944723295,0.000972414381344322,-0.029555475856057
2022-12-30,2022,0.0007494427813415077,2023-01-16,EWMA,0.0005711077143573962,0.0005738657835962027,0.0005557161363675253,0.0005723643435605602,0.009025279799967478,0.0008060227341317727,-0.0014891814381812196
2023-01-03,2023,0.0007014357457871436,2023-01-17,EWMA,0.0005999571190752704,0.0006223136898128434,0.0005471888984935553,0.0006251994606022106,0.020682338220166407,-0.0005761703474922442,-0.005415270187903332
2023-01-04,2023,0.0002852802426131987,2023-01-18,EWMA,0.0008539414399682696,0.0009930592112982707,0.0007905436127756219,0.0009748441799456454,-0.05035059502027028,-0.01314491065996215,0.10412710846375273
2023-01-05,2023,0.00027409544652261275,2023-01-19,EWMA,0.0008267252933736926,0.0009182487031031369,0.0009471817062469748,0.0009191822520893159,0.0938549281347969,0.0007129824633622661,0.07195029458981406
2023-01-06,2023,0.0003201184620965635,2023-01-20,EWMA,0.0007783240868776548,0.000861791406976161,0.0008167803688398205,0.0008563063687041577,0.028862464783576236,-0.0040056806982731175,0.06203527642440232
2023-01-09,2023,0.0003044746002433734,2023-01-23,EWMA,0.0007454356938095104,0.0007904933542119946,0.0006291866394915529,0.0007722659919330612,-0.0940750231254297,-0.014237249432563104,0.03540685992293202
2023-01-10,2023,0.00036140950806135344,2023-01-24,EWMA,0.0007098864387011457,0.0007213169390302696,0.0008406187636793205,0.0007277453490257033,0.08985704237093195,0.00444670946670378,0.007905910338192434
2023-01-11,2023,0.0002463280797385233,2023-01-25,EWMA,0.0007467881504427434,0.0006824627402583975,0.000870404444239155,0.0006870618385939613,0.10633058780081406,0.0043002851711131385,-0.058983654866866075
2023-01-12,2023,0.00023357325757860197,2023-01-26,EWMA,0.0007244891597121774,0.0006125569399125321,0.000735752352900319,0.0006124542935675605,0.010491400146237062,-0.00010367762307161854,-0.10891342547804239
2023-01-13,2023,0.00023507526194283118,2023-01-27,EWMA,0.0006880689818241564,0.0005529950593278129,0.0007109270700826967,0.0005529876638646278,0.021696013114390844,-7.688492709156947e-06,-0.13509024751632293
2023-01-16,2023,0.00022917196385539585,2023-01-30,EWMA,0.0006528585499927295,0.00052406962569755,0.0006289429704625048,0.0005216041153597746,-0.023972032619497874,-0.002648658789685676,-0.1334714795017975
2023-01-17,2023,0.0002171851839154624,2023-01-31,EWMA,0.0006432281754886282,0.0004852640058238326,0.0005735228194990625,0.0004812769983424183,-0.07366432602995232,-0.004542404755347285,-0.17189430200480071
2023-01-18,2023,0.00026021286540849065,2023-02-01,EWMA,0.0006081400151600387,0.00046037160254779047,0.0004885382373465025,0.0004525482250715945,-0.11423493338150781,-0.007368423296747473,-0.141030761946646
2023-01-19,2023,0.0002529531962520824,2023-02-02,EWMA,0.0005879724810039318,0.00043522416645189096,0.0005309823487297748,0.00043291298062394,-0.05577680812263264,-0.0022216296473720476,-0.14982947477093056
2023-01-20,2023,0.00025174919505811257,2023-02-03,EWMA,0.00058557810872011,0.00043128408809386287,0.000531668953130326,0.00043585386252164107,-0.05298678386628186,0.00441989937416043,-0.15202811299407237
2023-01-23,2023,0.0002891970112878232,2023-02-06,EWMA,0.0005534854364652331,0.0004194254339692883,0.0005050097818445927,0.00042318178210532344,-0.04150295745486243,0.002795698051368589,-0.11034368409373307
2023-01-24,2023,0.0003081383534297541,2023-02-07,EWMA,0.0005686464717396651,0.0004682919659752901,0.0005327121995957666,0.00047323081345020985,-0.028724897710069364,0.003624055954265515,-0.07804254027035196
2023-01-25,2023,0.0003301268708765313,2023-02-08,EWMA,0.0005348019726694686,0.0004459809510045331,0.0005043606187433918,0.0004500939112442913,-0.021347769002884043,0.002415820088018883,-0.058681957638506255
2023-01-26,2023,0.00031736048911529854,2023-02-09,EWMA,0.000516441893342387,0.0004204500312179735,0.00047112042645213733,0.0004236670944159384,-0.03273325878245714,0.0018907852570748673,-0.06533916042722687
2023-01-27,2023,0.0003616971253675159,2023-02-10,EWMA,0.0004935385123625938,0.00041445242448626726,0.0004563173626024437,0.00041853438967682664,-0.01863361105522099,0.0012893229232631143,-0.03479690830673565
2023-01-30,2023,0.0003624573057004777,2023-02-13,EWMA,0.00046593615249245846,0.0003977415283626204,0.00044423508405259525,0.00040161912446796055,-0.009693399535582792,0.0009034116806141412,-0.02486964231884059
2023-01-31,2023,0.0003457729522564742,2023-02-14,EWMA,0.0004592695731863815,0.00040847318188256794,0.0004019408501205199,0.0004053386771343729,-0.025949915442034843,-0.0011572689331469377,-0.023585903350832105
2023-02-01,2023,0.0003077633775804807,2023-02-15,EWMA,0.00046483864413220913,0.0004380681061044973,0.00042713230233417044,0.00044106448306148265,-0.026148934789681277,0.0020439324128238567,-0.018855551241602875
2023-02-02,2023,0.00029234798807100504,2023-02-16,EWMA,0.0004482717272353574,0.00042838110064195433,0.000414668823541298,0.00043056908023669213,-0.025070711711478566,0.0016266253676064935,-0.015104893263054642
2023-02-03,2023,0.00029666375829075567,2023-02-17,EWMA,0.0004534305808884929,0.00043089369496281566,0.0004001362913116221,0.0004305856441570086,-0.03789518732328734,-0.00022260929900941306,-0.016760972452970258
2023-02-06,2023,0.00026470501916699065,2023-02-20,EWMA,0.0004550453663243747,0.0004085473733679726,0.0004160215680389028,0.00041143890133015746,-0.035094134047410463,0.002499191648890786,-0.04158295162729697
2023-02-07,2023,0.00018171064292143562,2023-02-21,EWMA,0.0004891517876690574,0.0004117400274636342,0.0004501685150356712,0.00041571211804090224,-0.05088168188043696,0.005384040776375443,-0.1024380684911792
2023-02-08,2023,0.0002619756924783739,2023-02-22,EWMA,0.00047521358868561376,0.0003893724270856482,0.00045239430969981647,0.00039233424424442757,-0.021403018346722646,0.002498629216447057,-0.0776927535226255
2023-02-09,2023,0.000352822769386138,2023-02-23,EWMA,0.0004516405956503976,0.00037614137290936916,0.0003866136179081982,0.00037219736532036456,-0.02406556226060097,-0.0006011752046557461,-0.026118425317847027
2023-02-10,2023,0.00029752701279605183,2023-02-24,EWMA,0.00046314607567272715,0.00037285936314701036,0.00038303768687049844,0.00036766631163481734,-0.05555688133743519,-0.002754860540764348,-0.061285041460362066
2023-02-13,2023,0.0003109684194626787,2023-02-27,EWMA,0.00043789056059068967,0.00035315013943833674,0.00038498346179740683,0.0003508884316928931,-0.031174762213653118,-0.0007492120508514333,-0.04467088167250299
2023-02-14,2023,0.00035413320070397977,2023-02-28,EWMA,0.0004214214175890806,0.0003512658252310468,0.00034808322991613963,0.0003448774914509516,-0.014141224950138032,0.0003206770331853903,-0.01425740673644249
2023-02-15,2023,0.0003471951830638872,2023-03-01,EWMA,0.0004030960643960569,0.0003474718132688753,0.0003426706225060275,0.0003436794226721358,-0.010522580063790699,5.165286530051105e-05,-0.010608673593461404
2023-02-16,2023,0.0003492984336079516,2023-03-02,EWMA,0.0003796219418969936,0.00032845285737417986,0.0003348329168905098,0.00032834662361834325,-0.0024638456361021355,2.0586199843464215e-05,-0.0014384118787020839
2023-02-17,2023,0.0003334554632998267,2023-03-03,EWMA,0.00039187070464593584,0.0003511114276428936,0.00034360307383053245,0.00035103405109529907,-0.011910118271702963,-1.1059966906756813e-05,-0.011046608038533634
2023-02-20,2023,0.00032374295096032466,2023-03-06,EWMA,0.00037517908832448776,0.00032696945956456667,0.000333997468483675,0.0003226828868346974,-0.009874888811840066,-4.3626274019992195e-05,-0.010307071094532994
2023-02-21,2023,0.0004298628115751565,2023-03-07,EWMA,0.0003569452008760291,0.00031742285782307926,0.00028133308691711157,0.0003109077837785339,0.08562441218721961,0.0076393784123673925,0.032597835207313075
2023-02-22,2023,0.00033989849884405216,2023-03-08,EWMA,0.0004061928483850419,0.00039375267781397176,0.00033326946929556484,0.0003862938864149997,-0.014776711845729373,-0.0024568213661826377,-0.0046675882241666855
2023-02-23,2023,0.0002600704278721568,2023-03-09,EWMA,0.00044929908567834735,0.00041721307242275263,0.0004112319153813105,0.00041263463367255724,-0.03494941774349769,-0.004118044400179599,-0.029576016395385984
2023-02-24,2023,0.0002846382800096482,2023-03-10,EWMA,0.0004228801524600847,0.000399193897762908,0.0004179928491571409,0.0003971321537285992,-0.003754455270418511,-0.0014763846886900467,-0.017703351607239348
2023-02-27,2023,0.00037299897327616884,2023-03-13,EWMA,0.00040929348817863627,0.00040941182255113657,0.0003477250139623985,0.00040120821827506394,-0.0016607286986056735,-0.0016123280214799252,2.5672255971720404e-05
2023-02-28,2023,0.00045307823427176896,2023-03-14,EWMA,0.00042425426240157377,0.0003949393673999687,0.00043285046372141373,0.0003934158989741251,-0.0011494114395960153,0.0005775347056378166,0.007668579755717886
2023-03-01,2023,0.0005568543019972897,2023-03-15,EWMA,0.0004009828943784641,0.0003692633094858003,0.0003876039987389955,0.00036603440563221645,0.01399987780007006,0.004520032154399445,0.036882029160685725
2023-03-02,2023,0.0005793461579472842,2023-03-16,EWMA,0.000379083413319792,0.0003394128502794118,0.0004380911686759331,0.00034218840507544644,-0.06117784525608361,-0.00570078126522322,0.06808643473948539
2023-03-03,2023,0.0006284054859841605,2023-03-17,EWMA,0.00038045838614934587,0.00031694437911728693,0.00036072059867512215,0.00031424355946703175,0.037104390339920634,0.008482702332670122,0.14834284062836733
2023-03-06,2023,0.0006657690201629232,2023-03-20,EWMA,0.00035776553751717217,0.0002920212431318723,0.0003360303586029535,0.0002898923920353938,0.05769131042069642,0.009425637904745265,0.21590497847170198
2023-03-07,2023,0.0006562717343037324,2023-03-21,EWMA,0.0004136280413720165,0.000368813163416067,0.0004703651669819746,0.0003727473602195658,-0.06284189688393127,-0.00817031528115475,0.07811529624764102
2023-03-08,2023,0.0006732883738259434,2023-03-22,EWMA,0.00039754441630476643,0.00036502625295967004,0.000428468548140981,0.000366900467702254,-0.04732389489112343,-0.0043007792729365946,0.06553763844498928
2023-03-09,2023,0.0007105060582062099,2023-03-23,EWMA,0.00038621691880368964,0.000367385928105052,0.0003493442034355221,0.00036421623442735003,0.09383117046974032,0.00816561307675645,0.04430836263599325
2023-03-10,2023,0.0006936062890173211,2023-03-24,EWMA,0.00038049511622253784,0.0003437957036061637,0.0004352677065321678,0.00034767879081103935,-0.09490012182692631,-0.011301168642335213,0.09316518853287281
2023-03-13,2023,0.0007658040715390248,2023-03-27,EWMA,0.0004302779447778939,0.000425351950515491,0.000417180358544368,0.0004240656708343337,0.02496463512816227,0.0024323741318648118,0.009097273668339234
2023-03-14,2023,0.0006552176288266867,2023-03-28,EWMA,0.0004991052083792525,0.000529174705559398,0.0005337476685627998,0.0005316047195547908,-0.01809893646719818,-0.001078298613437667,-0.01609514073459728
2023-03-15,2023,0.0005534515080840222,2023-03-29,EWMA,0.0005427809242858562,0.0005915347033143289,0.000498363467535376,0.0005907765381541466,0.005502661115444951,-8.179885286807576e-05,0.0019751458367505137
2023-03-16,2023,0.0005423537638470837,2023-03-30,EWMA,0.0005278566723745445,0.0005745464379811564,0.0006245130277053599,0.0005805690151176716,0.009126003671799054,0.0006354271804438483,0.0012606079595078867
2023-03-17,2023,0.0004670705451553946,2023-03-31,EWMA,0.0005540770744677144,0.0006242991901559888,0.0006795786918196593,0.0006315442211860827,0.04849316132945525,0.0029554954323840477,0.024507346281262166
2023-03-20,2023,0.0010740879001312049,2023-04-03,EWMA,0.0005466876918527464,0.0006123027123614101,0.0006615006744007446,0.0006175615597372827,-0.15037207275294406,-0.006385740388861194,-0.09719235576151952
2023-03-21,2023,0.0009714169989920365,2023-04-04,EWMA,0.0005846770542308569,0.0006590889025615031,0.0007075557274370067,0.0006632235372793441,-0.09778291476822343,-0.0029347163257966713,-0.06778174281330074
2023-03-22,2023,0.0009422030907843772,2023-04-05,EWMA,0.0005700445291615371,0.0006469803759819073,0.0006995090010076752,0.000650502366864594,-0.10124537022987479,-0.002455864561022203,-0.06994866283871204
2023-03-23,2023,0.0008928283901680116,2023-04-06,EWMA,0.0005739872110372247,0.0006921358434069052,0.0007036220035386669,0.0006950549801696708,-0.08294719104033543,-0.0012089536011261615,-0.0783484775645622
2023-03-24,2023,0.0008920190614725229,2023-04-11,EWMA,0.0005453656022211465,0.0006723369681310765,0.0006498694506581978,0.000673536413607444,-0.0877071919546335,-0.0005802839749895483,-0.0995877000092964
2023-03-27,2023,0.000727049103965785,2023-04-12,EWMA,0.0006349562476697448,0.0007188691961492798,0.000780015610037673,0.0007217712442110426,-0.007184694379133383,-3.764644135006989e-05,-0.009535937933507377
2023-03-28,2023,0.0007425576563547266,2023-04-13,EWMA,0.0006153764958660902,0.000659644450449023,0.0007457786145465027,0.0006623143621127272,-0.018796508772252807,-0.0004985477501744384,-0.011511620911563547
2023-03-29,2023,0.000745848423875487,2023-04-14,EWMA,0.0005820214160756175,0.0006188505967434071,0.0007131688889676611,0.0006234114176394053,-0.03244533190346832,-0.0014744464154547998,-0.014907060128177996
2023-03-30,2023,0.000769067108619072,2023-04-17,EWMA,0.0005571031870088157,0.0005640122969379661,0.0006839480189207067,0.0005682797362805814,-0.05089114258665095,-0.0027018129457632156,-0.004585144395938379
2023-03-31,2023,0.00076056001487261,2023-04-18,EWMA,0.0005297447766913815,0.0005124351797499342,0.0006290646710356729,0.0005152950916810259,-0.05483842843946096,-0.002671914281017429,0.015275881740086206
2023-04-03,2023,0.00011625219922152088,2023-04-19,EWMA,0.0009416784496681855,0.000733769610201072,0.0011148517766971042,0.0007401411038107172,0.1496366775351179,0.007281897111283797,-0.2144894174317713
2023-04-04,2023,0.00017520853226563995,2023-04-20,EWMA,0.000885291008676495,0.0006590600900700056,0.0008697301541945037,0.000656331542837253,-0.014192482094098402,-0.0030434583305067875,-0.22716629918442433
2023-04-05,2023,0.00017478866896734118,2023-04-21,EWMA,0.0008325111591121489,0.0005915224197963852,0.0008255290373137266,0.0005896205618941882,-0.006646452431597005,-0.0022672515707151675,-0.2562110766557737
2023-04-06,2023,0.00017953053093104396,2023-04-24,EWMA,0.0007867169198640115,0.0005347288179900518,0.000631453352040338,0.0005238172158421962,-0.16373340442416495,-0.0136231330201948,-0.2785696840037222
2023-04-11,2023,0.0002356338831392993,2023-04-25,EWMA,0.0007447743968165897,0.0004907066229356653,0.0005871414341950521,0.00047967672090063477,-0.15287462610024694,-0.011692287558933145,-0.2534248136184365
2023-04-12,2023,0.0003558085052340148,2023-04-26,EWMA,0.0007088372693054696,0.00045114904802134626,0.0005519975144672057,0.0004405970258149383,-0.10745968268763573,-0.004778891130190921,-0.1651172445163125
2023-04-13,2023,0.0003267417304412117,2023-04-27,EWMA,0.0006955005487453368,0.00045063062286764607,0.0005998799941554778,0.0004470588980488323,-0.0730173174306552,-0.002164722041798406,-0.17870082532235454
2023-04-14,2023,0.0003407424502024867,2023-04-28,EWMA,0.0006596033487826163,0.0004211912918261073,0.0006141530149235597,0.0004178709413987578,-0.03316459741726785,-0.0014862845834766603,-0.1561415619289157
2023-04-17,2023,0.0006435805416318412,2023-05-02,EWMA,0.0006460136545013876,0.00042417217083916536,0.0005183126892053008,0.00041499874055440515,0.02520835480217265,0.01167471025784117,0.10034767582738358
2023-04-18,2023,0.0009014008993941103,2023-05-03,EWMA,0.0006074644397227401,0.0004040940551320276,0.0005435306927346083,0.00040377578974322697,0.06333585097996064,0.0009703537651200023,0.33915069769625195
2023-04-19,2023,0.0009012844033458485,2023-05-04,EWMA,0.0005712015307575188,0.00038789901970320796,0.0005579543882706226,0.00039284132891108576,0.013997561726599272,-0.016571084126022484,0.35863098555508355
2023-04-20,2023,0.0009888392396511369,2023-05-05,EWMA,0.000577627503561525,0.0004177431578707746,0.000522739718799962,0.00042063334626830093,0.07990410810110316,-0.009369674319716026,0.3311383969777184
2023-04-21,2023,0.0010506176415334026,2023-05-09,EWMA,0.0005430184356866786,0.0004106206233713425,0.000496568829897945,0.00041340228203858183,0.09155971180189493,-0.010464668164683388,0.3443620757671022
2023-04-24,2023,0.0010586766592314619,2023-05-10,EWMA,0.0005178579980206771,0.00039949419306825915,0.0005059373253471992,0.0004028319655539018,0.0248795159610653,-0.013637354124600876,0.34620307383179494
2023-04-25,2023,0.001027895596386819,2023-05-11,EWMA,0.0005306678527958629,0.00043469934239708446,0.0004944728083879433,0.0004373253244418215,0.07114170982969537,-0.00817591062839984,0.228146177185919
2023-04-26,2023,0.0009058474868839447,2023-05-12,EWMA,0.0005903038173330334,0.000504767640864972,0.0005450726367457983,0.0005081280761459882,0.047621184379941894,-0.005232901200383111,0.10349945737538135
2023-04-27,2023,0.0009075531960904999,2023-05-15,EWMA,0.0005640699014564648,0.00047892910856999523,0.0005237597659042795,0.00048196722688417803,0.04968362753797351,-0.005621521572159338,0.1224004762349935
2023-04-28,2023,0.0008867739311065551,2023-05-16,EWMA,0.0005456964598434048,0.0004527362474421785,0.0005015171251738746,0.0004550463326491201,0.058726131220142364,-0.004853994167232756,0.14691411434541202
2023-05-02,2023,0.0006040721187308097,2023-05-17,EWMA,0.0007474111147468363,0.0006342877339219412,0.0007022479303125283,0.0006391954881836931,-0.010350419066043948,0.00039538606865630044,-0.019969118307769484
2023-05-03,2023,0.0003718885697510999,2023-05-18,EWMA,0.0008802583461613047,0.0007253060107480122,0.0007823397344845059,0.0007213920146028879,-0.06504865259448689,-0.0026290562415374197,-0.10336507382032334
2023-05-04,2023,0.00037364253781986794,2023-05-19,EWMA,0.0008275476083943543,0.0006479554860387346,0.0006901393406639466,0.0006410462476148677,-0.09167731744914231,-0.004505241194480369,-0.11950196298363469
2023-05-05,2023,0.0002291104685782258,2023-05-22,EWMA,0.0008788644653991924,0.0006647245259642663,0.0007153949820311968,0.0006536396297774904,-0.14622777031164524,-0.010971372279088065,-0.19527738047340026
2023-05-09,2023,0.00018089818282339534,2023-05-23,EWMA,0.0008687086551934878,0.0006535142629557502,0.0008486949605238218,0.0006515910046357618,-0.018397362600341083,-0.002130249816285179,-0.2160731643634355
2023-05-10,2023,0.0001916452838619193,2023-05-24,EWMA,0.0008295545308487656,0.0006482378353645927,0.0009637857270070466,0.0006559307104022285,0.11780458426115281,0.008330175699014397,-0.18201272609975394
2023-05-11,2023,0.0002506781541526065,2023-05-25,EWMA,0.0008024732968710295,0.0006581091944589812,0.0008180000356081395,0.0006577827385007341,0.013234372318753351,-0.00030713140571592135,-0.12980301102667013
2023-05-12,2023,0.0002476146780838166,2023-05-26,EWMA,0.0007617845501722336,0.0006700349304791805,0.0007346531939064493,0.0006651665439333622,-0.02426102657561291,-0.004587604482019891,-0.08382459743666537
2023-05-15,2023,0.00038791847083709355,2023-05-30,EWMA,0.0007264359791044985,0.0006866149394026969,0.0008664916820474586,0.0006929702329729314,0.08998849679154208,0.004031991648528965,-0.025406628010670396
2023-05-16,2023,0.000423330597517363,2023-05-31,EWMA,0.0006840163879866797,0.0006953243694193229,0.0008079916412253208,0.0006993774382491306,0.07160970962415192,0.0022838177046162755,0.0063316481983894946
2023-05-17,2023,0.0004560832369459135,2023-06-01,EWMA,0.0006828234727661601,0.0007062312738057333,0.0008271189044199397,0.0007107076798250253,0.07518677551607578,0.0022508630870703428,0.011567841047115834
2023-05-18,2023,0.0004888908251019849,2023-06-02,EWMA,0.0006597137258352896,0.0007498825689123184,0.0007999693724185909,0.0007527045189469059,0.06283926825272346,0.0013118885593632612,0.03900203026638316
2023-05-19,2023,0.0004933755161909854,2023-06-05,EWMA,0.0006214430748612803,0.0007573464869577285,0.0007545631112030027,0.0007583724981346799,0.05403138994683232,0.0004724696183071586,0.055310297899034744
2023-05-22,2023,0.0004938366748312912,2023-06-06,EWMA,0.0005856321439974054,0.0007404776627974174,0.0007125560539340262,0.0007400454130838852,0.0459622647953184,-0.00019437877045280771,0.058265940339939704
2023-05-23,2023,0.000486975866520369,2023-06-07,EWMA,0.0005598815415296169,0.0006781597211660557,0.0006851259139499262,0.000678369416619509,0.04287667986196286,8.719268655266177e-05,0.03995818550697994
2023-05-24,2023,0.0004735248686598669,2023-06-08,EWMA,0.0005466552132821836,0.0006233233751277554,0.0006542831832111118,0.0006227866440404172,0.03723056736517094,-0.00020674383364127635,0.024702689277581236
2023-05-25,2023,0.0004044430078588892,2023-06-09,EWMA,0.0005771854242980603,0.0006942796213237111,0.0006890451644346653,0.0006937212250205175,0.06338887448908537,-0.0003357049253960298,0.06653150472603198
2023-05-26,2023,0.000557719368813112,2023-06-12,EWMA,0.0005479050915319051,0.000632421082207911,0.0006677006592309257,0.0006337336238789994,0.01510904726885176,0.0002467894956792449,0.007420779199438066
2023-05-30,2023,0.0005140484532115817,2023-06-13,EWMA,0.0006219726554727831,0.0007675481190905028,0.0007350896534662033,0.000768081359456232,0.039915898979653086,0.00022953240045264778,0.053552233787732106
2023-05-31,2023,0.0004902021364845009,2023-06-14,EWMA,0.0006101981266939357,0.0007731806624707622,0.0007089930169980785,0.00077140433610742,0.038118997333894455,-0.0008401307931276136,0.06738713951475894
2023-06-01,2023,0.0004997404378395815,2023-06-15,EWMA,0.0006359808124743559,0.0007416315308871521,0.000750362067873734,0.0007415551845354151,0.0456074097205974,-3.357437679163411e-05,0.041744279712615295
2023-06-02,2023,0.0004585322524995522,2023-06-16,EWMA,0.0006382659564977576,0.0006863066967461664,0.0006508211410068074,0.0006778482030630028,0.005620874728058389,-0.0040641873704831966,0.02228209584126528
2023-06-05,2023,0.00045982712219438184,2023-06-19,EWMA,0.0006043693766627755,0.0006179658267157362,0.0005911351654015026,0.0006089828536798639,-0.00510738362775065,-0.003667020196959747,0.005507684227190168
2023-06-06,2023,0.0004587829642972524,2023-06-20,EWMA,0.0005699003235026165,0.0005712780853386007,0.0005889680797168669,0.0005665778417716247,0.0068480052590400575,-0.0015993830113769647,0.0004731420768946393
2023-06-07,2023,0.0004739097885514855,2023-06-21,EWMA,0.0005403707360549568,0.0005137632959703681,0.0005472690924716556,0.0005095278137933503,0.0016304307542052143,-0.0006104608302441861,-0.005073146838673104
2023-06-08,2023,0.0006149650972239242,2023-06-22,EWMA,0.0005190555582708588,0.0004943514002248665,0.0006109976901772688,0.0004976627692010238,-0.015201440977551606,-0.0016011934540927086,0.01044238212884352
2023-06-09,2023,0.0005945673672491627,2023-06-23,EWMA,0.0005036866638836099,0.00048743986004132884,0.00040299815787253574,0.0004743380019553726,0.07190659772884711,0.006445094036468646,0.006557358272027081
2023-06-12,2023,0.00043517456637221267,2023-06-26,EWMA,0.0005843297771332763,0.000622184031406399,0.00047176683245131056,0.0006061149998989624,-0.036286333025914885,-0.007623211703260857,0.01745965172037156
2023-06-13,2023,0.0003973332822240267,2023-06-27,EWMA,0.0006261493505261355,0.0006048034034390997,0.0006893846271703927,0.0006067746003727753,0.03800348384157015,0.0011196956328678453,-0.012289069680388565
2023-06-14,2023,0.00044258986863931213,2023-06-28,EWMA,0.0005977087153271951,0.0005906972701349689,0.0006632273699717155,0.0005931754615160677,0.03086432187186361,0.0010562743022433096,-0.0030105808020914893
2023-06-15,2023,0.0003433026820577099,2023-06-29,EWMA,0.0006308068125580767,0.0005574918894807826,0.0005353734097954331,0.0005524161928886292,-0.06702341816283042,-0.003488155880067012,-0.05198110083507235
2023-06-16,2023,0.0003334362296336572,2023-06-30,EWMA,0.0006050351997231329,0.0005033113058129491,0.0005955058938653246,0.0005017606806940154,-0.007056595197219906,-0.0010382799213823901,-0.07269488289421577
2023-06-19,2023,0.00032575231567019203,2023-07-03,EWMA,0.0005740238373176749,0.000491471997266216,0.0005611013944868306,0.0004899476072158183,-0.009699739208268277,-0.001044281632237798,-0.05994562404797055
2023-06-20,2023,0.000375664125013741,2023-07-04,EWMA,0.000540656731345582,0.0004736577414679259,0.0005037259750427163,0.00046975915642359265,-0.019810622300345138,-0.0016827303922584136,-0.03401582213741072
2023-06-21,2023,0.0003582076396450945,2023-07-05,EWMA,0.0005232948751189157,0.00043814387479721985,0.0005289754943335219,0.0004376552101676213,0.003445951379154266,-0.00020308402346369547,-0.044564173514413774
2023-06-22,2023,0.00020102421920441342,2023-07-06,EWMA,0.0006001049505943198,0.0005825221303865698,0.000505904885689781,0.0005721414748996248,-0.10838189226446993,-0.01171968622461339,-0.019626306972217122
2023-06-23,2023,0.000268043435728428,2023-07-07,EWMA,0.0005658315517266963,0.0005561247975581253,0.00047030761060970786,0.0005479338638643969,-0.08869324195859907,-0.007633062162374138,-0.009035329243586965
2023-06-26,2023,0.00028079954718672175,2023-07-10,EWMA,0.0005330219709479291,0.0005137649739594453,0.0004469236109708532,0.0005051173766461495,-0.07468738301188171,-0.007618114340460558,-0.01705090427035305
2023-06-27,2023,0.000254193137150461,2023-07-11,EWMA,0.0005518705483213629,0.0005830325057585683,0.0004779091531479439,0.0005767978182958978,-0.07260978410769159,-0.006038520434849204,0.030311107319874075
2023-06-28,2023,0.0002059419511867115,2023-07-12,EWMA,0.0005590407065249586,0.0005498521044317272,0.0004632149834716376,0.0005394978529438046,-0.11182295889948168,-0.011822207487129255,-0.01041685995659769
2023-06-29,2023,0.00021915820883502846,2023-07-13,EWMA,0.0005261108329555172,0.0005136656316206568,0.000556615568426404,0.0005137440926485376,0.03353362933187576,8.757511835355558e-05,-0.013846794560152809
2023-06-30,2023,0.00024208211384149931,2023-07-14,EWMA,0.0004998290370568329,0.0004742974298191267,0.00042549841579567416,0.00046648661899558803,-0.0763969658627568,-0.00805916040972221,-0.026359844875713634
2023-07-03,2023,0.00031301955417826246,2023-07-17,EWMA,0.00046984053461598035,0.00044064229491204383,0.00045784034072377357,0.0004378764840670118,-0.00841077814141844,-0.0018095521613012977,-0.020013913551888862
2023-07-04,2023,0.0003104703904612782,2023-07-18,EWMA,0.00047708308902979303,0.0004071023131890922,0.00038925289690186574,0.0003999110691278704,-0.05662352041177954,-0.004108561043933534,-0.04675929466463469
2023-07-05,2023,0.00030642962508201104,2023-07-19,EWMA,0.000451518826220233,0.00037326456991448593,0.0003717854912539807,0.0003671538354464726,-0.048753312295802154,-0.002843123509446599,-0.04804886759747795
2023-07-06,2023,0.00030733418875740026,2023-07-20,EWMA,0.0004244323735949204,0.00034916533020522197,0.0003568322553649879,0.0003433132093799331,-0.03630848932486508,-0.0018985144777934337,-0.03911677744929065
2023-07-07,2023,0.0002699257085269173,2023-07-21,EWMA,0.000446834515655633,0.0003375404895880137,0.0003583283288558706,0.0003323268468562551,-0.07153134584324228,-0.003020828895921923,-0.08490318718423495
2023-07-10,2023,0.0002878132488867003,2023-07-24,EWMA,0.00042994590384083685,0.00034345820967909596,0.00038585678557245205,0.0003471519858210699,-0.03170354375819606,0.0017808754272454763,-0.05602507891430086
2023-07-11,2023,0.00025313715047885373,2023-07-25,EWMA,0.0004366635269806462,0.00033457477548081983,0.00038772866205819174,0.0003363410493688185,-0.0456928275366737,0.001292070416146096,-0.0894164552659582
2023-07-12,2023,0.00024619812308353164,2023-07-26,EWMA,0.00041753059650360036,0.00032255054206865825,0.00037897937873369907,0.00032569383546294525,-0.03689430741787714,0.002331422011796036,-0.08446546251580322
2023-07-13,2023,0.0002562566266428865,2023-07-27,EWMA,0.000402189235188904,0.0003074192702718441,0.00036559450852805957,0.0003103362118852059,-0.031620978340787254,0.0016087417859687037,-0.0722908335453063
2023-07-14,2023,0.0002262748815157867,2023-07-28,EWMA,0.00039912326323818844,0.00032417840170749534,0.00036534880690148843,0.0003275099461687667,-0.03600827164767484,0.003124191892407424,-0.07691120494285553
2023-07-17,2023,0.00016273673898221718,2023-07-31,EWMA,0.000424009549560407,0.00037279145177078883,0.0003870391382361816,0.0003760088355149927,-0.05456872985503658,0.004858197770039929,-0.07600564708878021
2023-07-18,2023,0.00011401145575937001,2023-08-01,EWMA,0.0004322471508145452,0.00036691100637908713,0.0003964422829985471,0.0003704727563796063,-0.06264505570882761,0.006673170242311066,-0.11690944163734063
2023-07-19,2023,0.00013827836237000342,2023-08-02,EWMA,0.00040659143219812097,0.00035876670556506856,0.00037341193018206276,0.0003618014225405819,-0.0549078160799823,0.0051902895379978276,-0.07980121023978004
2023-07-20,2023,0.00020299684828841406,2023-08-03,EWMA,0.00038282331347905203,0.0003455483454811983,0.00035118053654828284,0.0003477574640109809,-0.0384943384576415,0.002640891673896917,-0.04524055657642734
2023-07-21,2023,0.00018967139477621436,2023-08-04,EWMA,0.00038197047153331926,0.00034116309666060266,0.0003524108276584556,0.00034277658067684747,-0.038895016018052786,0.0021012770894772714,-0.05358782188148048
2023-07-24,2023,0.00016833101200863296,2023-08-07,EWMA,0.0003812872603257857,0.0003330229034373241,0.0003500916968714976,0.0003340255022734203,-0.046018984924890205,0.0014888957456378193,-0.07135883833999923
2023-07-25,2023,0.00018653707854213825,2023-08-08,EWMA,0.00036705381176722137,0.00031763876016069895,0.00033742805482421756,0.0003183548646061856,-0.039536749412221184,0.0009309433369173448,-0.06553290267833312
2023-07-26,2023,0.0002050451935557304,2023-08-09,EWMA,0.0003473207249588367,0.00031158925213453154,0.0003404995145958847,0.0003129207316715209,-0.008008225372665656,0.001464024472423553,-0.040863018140756324
2023-07-27,2023,0.00022565775494090117,2023-08-10,EWMA,0.00034311610336442235,0.0002990886708757181,0.00031535950384563045,0.0002995604360577111,-0.026470152397303437,0.00038789352853552117,-0.04051604560256816
2023-07-28,2023,0.00022816124171010733,2023-08-11,EWMA,0.00032295546281028363,0.00028481590035328824,0.0003002179953479484,0.0002844269120943661,-0.019499304393360006,-0.0002711084371123107,-0.03106715562180451
2023-07-31,2023,0.00022441526519131213,2023-08-14,EWMA,0.000308672958432131,0.0002727436809808766,0.0002858678594740442,0.0002726684411097479,-0.018753663700917578,-4.885655066999561e-05,-0.027975879281421534
2023-08-01,2023,0.00024085171418255933,2023-08-15,EWMA,0.0002902888825985206,0.0002656854036309011,0.0002666384565918084,0.00026540278165267155,-0.011390095861453453,-9.896800345554624e-05,-0.011730592354536107
2023-08-02,2023,0.00026013095407438424,2023-08-16,EWMA,0.00028985569358150397,0.00029215954664033413,0.00026672610917409116,0.0002917019347341289,-0.005337055576030814,-0.0001707499152789893,0.0008399249839516898
2023-08-03,2023,0.000202311468562186,2023-08-17,EWMA,0.0003176431114561795,0.0002993976667796937,0.0002918362245470977,0.00029860946495397547,-0.02841376753239988,-0.0008524617094574083,-0.020341898695007465
2023-08-04,2023,0.00018982246717675494,2023-08-18,EWMA,0.00031152800691811245,0.00028947562622564613,0.0002885514595948712,0.0002887097201483322,-0.028096785698159543,-0.0009097447359396327,-0.026999333912650414
2023-08-07,2023,0.00018200122696323675,2023-08-21,EWMA,0.0003003808923119,0.0003068316028650081,0.00027674650363041924,0.00030584267102400943,-0.03020486675329348,-0.0013102763802086415,0.008509520311319463
2023-08-08,2023,0.00015880545352319058,2023-08-22,EWMA,0.0003035346532086114,0.0002907076717596227,0.0002792328168030103,0.0002896991695739406,-0.03791651265038265,-0.0015734748883495797,-0.020092838415489034
2023-08-09,2023,0.0001450945538734153,2023-08-23,EWMA,0.00030035346966551075,0.0002747590728380117,0.0002776607460230028,0.0002740167761787333,-0.03907875996733168,-0.0012747453739425652,-0.044065522598045526
2023-08-10,2023,0.00010055685478136839,2023-08-24,EWMA,0.0003131563115724303,0.0003336108757876262,0.00028815594104341334,0.00033247210807035523,-0.055341420981913636,-0.0023868920430585305,0.043584855314888316
2023-08-11,2023,0.00012281207754180683,2023-08-25,EWMA,0.00029651662735207115,0.0003134676920413429,0.00027703119765086536,0.00031284483380618805,-0.03884096542432047,-0.0012089451028831633,0.033195674869885394
2023-08-14,2023,0.00013138959813177088,2023-08-29,EWMA,0.0002812417699480579,0.00031263694095237464,0.00025912519105020395,0.00031164764463458916,-0.0420294128408516,-0.0018352945541275645,0.05891375758936235
2023-08-15,2023,0.00011559055571804138,2023-08-30,EWMA,0.00027581821032369785,0.0003249658076613349,0.0002539922945921084,0.0003240137388562071,-0.046425719632106066,-0.0018888744307092864,0.10059625640146308
2023-08-16,2023,7.757592280588255e-05,2023-08-31,EWMA,0.00028952484806904954,0.000355361287289082,0.00026726639829217317,0.0003547314258218653,-0.057680485656518954,-0.0013864100028628812,0.1552532234112931
2023-08-17,2023,0.00016188700891144346,2023-09-01,EWMA,0.00027752990956565526,0.00031858651614660374,0.0002579690891812759,0.0003185175769823863,-0.02885846660071678,-0.00010643324426329315,0.06279306013610064
2023-08-18,2023,0.00015795294318174386,2023-09-04,EWMA,0.0002652243255582353,0.00029156172730070113,0.0002472392110571857,0.00029178774254866167,-0.026897473188969734,0.0003552566967188753,0.040878919330905816
2023-08-21,2023,0.00016316382644794312,2023-09-05,EWMA,0.00025147138837372323,0.0002771787739818584,0.0002310611920869095,0.0002772852746053965,-0.027333335137591064,0.00015806289374431515,0.037156096581752784
2023-08-22,2023,0.00015907839311394493,2023-09-06,EWMA,0.00024159204061212277,0.000265661388510632,0.0002222169216017034,0.00026617376745406696,-0.0261853975712647,0.0007741542118449019,0.0353145824237302
2023-08-23,2023,0.00015569764675138872,2023-09-07,EWMA,0.00023268900283456752,0.0002523676270039636,0.00021405990156715655,0.0002533408332686075,-0.025214777572133862,0.0014788887336933954,0.029008472516468764
2023-08-24,2023,0.00016114423851561552,2023-09-08,EWMA,0.00021889252047890712,0.00022779997848833863,0.00020195586750230927,0.00022902408831025118,-0.018793295750531236,0.0015782858866248972,0.01110094602336531
2023-08-25,2023,0.00013593668409495825,2023-09-11,EWMA,0.00022322887935245203,0.00021889276640751825,0.00020724592219451435,0.00022031511854919139,-0.027328318605400526,0.00246762401860412,-0.007552647207030638
2023-08-29,2023,0.0001538210354066688,2023-09-12,EWMA,0.00021825594419396587,0.00020702402924899135,0.00020243438235735965,0.00020860715233427592,-0.02016999644106754,0.0019792403318694696,-0.014596658111775795
2023-08-30,2023,0.00015633476945967775,2023-09-13,EWMA,0.0002057356718912142,0.00019276605456569352,0.0001911370748944455,0.00019357981219207841,-0.015563395261038337,0.0008033331511052566,-0.01398880734108765
2023-08-31,2023,0.0002030700406068492,2023-09-14,EWMA,0.0001974784664416247,0.00018179607143657515,0.00017937715189494192,0.00018273016902895965,0.007630386397704747,-0.0005850890378829021,0.005962230443829597
2023-09-01,2023,0.00011229528736806297,2023-09-15,EWMA,0.0002490450028272615,0.00021031647893481262,0.0002315254439131778,0.00021245677834048202,-0.03882390721644047,0.0047462489486882475,-0.08598897048030185
2023-09-04,2023,0.00011166093581750514,2023-09-18,EWMA,0.00023574035182204867,0.00019817060943610345,0.00021673073081877702,0.0001999994819996025,-0.042530137097680054,0.004033969755870004,-0.08380474531842985
2023-09-05,2023,0.0001035891302044989,2023-09-19,EWMA,0.00022734355960795006,0.00018764323506611735,0.00020857417538033268,0.0001893522264796842,-0.045164107954054344,0.0040838993214418196,-0.09551640550264029
2023-09-06,2023,0.00012654260450163532,2023-09-20,EWMA,0.00021609952061389946,0.00017737214731676214,0.00019791568538675173,0.00017886139842466503,-0.03409719790577537,0.0024209211460126667,-0.06963462057889647
2023-09-07,2023,0.00013014662977347006,2023-09-21,EWMA,0.0002063987707319584,0.00017591259949678356,0.0001813832741539156,0.00017551249974774528,-0.042234108296594464,-0.0005904756264927258,-0.050545046436836216
2023-09-08,2023,0.00012541549026870316,2023-09-22,EWMA,0.0001979290676161807,0.00016730236868729077,0.00017602964318427916,0.00016744911172778698,-0.038426864655543014,0.00021979126064675114,-0.052110840647094925
2023-09-11,2023,0.00012524955147375188,2023-09-25,EWMA,0.00018617067002537553,0.0001588917688274886,0.0001705712055823092,0.00016012065957147925,-0.02598355031177846,0.0016545867775441536,-0.04293832684683618
2023-09-12,2023,9.741291095965529e-05,2023-09-26,EWMA,0.0001957325900858266,0.0001612464628725151,0.00017914917924260636,0.000162162003986551,-0.042461143923496536,0.0022510496585947948,-0.0873746996543332
2023-09-13,2023,0.00017004619983598834,2023-09-27,EWMA,0.00018629414195719797,0.0001592638514760583,0.00016748735548178902,0.0001594689252402321,-0.003924535722707567,-8.623472778346297e-05,-0.0018467949404685768
2023-09-14,2023,0.00011962891889316048,2023-09-28,EWMA,0.0002113754015581332,0.00017237318803598131,0.00019714228266204655,0.000173465318078497,-0.028849646950062535,0.0019463953467502293,-0.07591748696080014
2023-09-15,2023,0.00012484961297116296,2023-09-29,EWMA,0.00019961992263099932,0.00016484685220767207,0.0001816763803938077,0.00016534522537152966,-0.0324160025734308,0.0007358799051919718,-0.05946764819386807
2023-09-18,2023,0.0003703545580994446,2023-10-02,EWMA,0.00018884409680315487,0.00015679394698117646,0.00017386069658891824,0.00015712362075306297,0.08634681409606859,-0.002855615139340628,0.21489132486015805
2023-09-19,2023,0.0004926604378731592,2023-10-03,EWMA,0.00017770455035858034,0.00015041572419369377,0.00016641782927013986,0.00015110752931362344,0.12240496987665317,-0.010406452130653499,0.33624907731636355
2023-09-20,2023,0.0007188068520846957,2023-10-04,EWMA,0.00018523973512950953,0.00016887507719326206,0.00017128399034959703,0.000169452296951665,0.23783746258365923,-0.011086877759034941,0.28353574671380244
2023-09-21,2023,0.0007407543797531872,2023-10-05,EWMA,0.00017987153807572505,0.00017130892644169436,0.00016582977541513202,0.00017179686332842372,0.2674341079413791,-0.009437014623475015,0.15706951000177583
2023-09-22,2023,0.000742073725019308,2023-10-06,EWMA,0.00016973661194867774,0.00016491327766335518,0.00015683581340189925,0.00016525395907735296,0.28057079593959244,-0.007212891503953323,0.09904026148839495
2023-09-25,2023,0.0008955181317369106,2023-10-09,EWMA,0.00015955553151711897,0.00016228963615501292,0.00014743263074919934,0.0001623872716803318,0.38248329230786826,-0.0027162861553371442,-0.07756492003803483
2023-09-26,2023,0.000898654502389408,2023-10-10,EWMA,0.00015155196642951369,0.00015593721442667548,0.00013969289468814187,0.00015589582482420996,0.42191127242352344,0.001264569299125995,-0.13822885751195368
2023-09-27,2023,0.0009452049439265138,2023-10-11,EWMA,0.00019476419887418561,0.00018822522484718163,0.000181981951771654,0.00018824694910948248,0.2729933929054349,-0.00046410610289271403,0.13444619449757766
2023-09-28,2023,0.0009516349353503938,2023-10-12,EWMA,0.00018463063254049275,0.00018919512991323451,0.0001709184972917329,0.00018893054942772938,0.3363363571251279,0.005644514759879371,-0.09992943151730849
2023-09-29,2023,0.0013666230179817842,2023-10-13,EWMA,0.00017807369994019486,0.00019354194954691973,0.00016409996825701904,0.00019314449036828232,0.5717892196473535,0.012474890396851457,-0.5300626035780018
2023-10-02,2023,0.001249330694121651,2023-10-16,EWMA,0.0003375931660135593,0.00040920149022804527,0.00031157339091433947,0.00040890290428886617,0.22884210994363485,0.0014994611540490865,-0.4552386561286017
2023-10-03,2023,0.0011545535295037553,2023-10-17,EWMA,0.00040172250582241767,0.0004271360298723173,0.0003762611743470478,0.00042738687768048155,0.1290040393248244,-0.000999382615928468,-0.10965528630758392
2023-10-04,2023,0.0009052726668884886,2023-10-18,EWMA,0.0005514929624344311,0.0006229374097581488,0.000520063760541369,0.0006234799033671553,0.04052337545988216,-0.0003939812480506788,-0.0664453911614471
2023-10-05,2023,0.0008898840567725085,2023-10-19,EWMA,0.0005392579739366861,0.0005712963805350327,0.0004973059221015048,0.0005743221749607738,0.05822001732820148,-0.0029240696159167356,-0.034829519997874314
2023-10-06,2023,0.0008917347923609421,2023-10-20,EWMA,0.0005084680823566779,0.0005015851659346533,0.0004245729476802238,0.0004933154039496668,0.16622386358981167,0.013178276032669523,0.010436743714836716
2023-10-09,2023,0.000777601752276228,2023-10-23,EWMA,0.0005835923146829814,0.0005226346773337238,0.0004999688569996321,0.0005192090698483823,0.06820352615674885,0.003240375084272884,0.04508956104283257
2023-10-10,2023,0.0009583476207848949,2023-10-24,EWMA,0.0005523055807423927,0.000494704940626662,0.0004860567200958716,0.0004940431143646301,0.10872599694136476,0.0012563952908761777,0.09189413421923831
2023-10-11,2023,0.0008935453957087842,2023-10-25,EWMA,0.0006035173352022812,0.0005634832977601803,0.000530698962546818,0.0005570616355597233,0.07457146891401667,0.006818348306422806,0.036553112486461536
2023-10-12,2023,0.0009206820511455802,2023-10-26,EWMA,0.0005732849059682441,0.0005239500467985009,0.0005157161058287483,0.0005184917348373764,0.07344693666800683,0.008026229039361787,0.061231429620113964
2023-10-13,2023,0.0005639001041761617,2023-10-27,EWMA,0.0008290812971705732,0.0006674454894351929,0.0006745216358340226,0.0006551474769158004,-0.050464994975455646,-0.002738122434419843,-0.05214789015440857
2023-10-16,2023,0.00043394228903106003,2023-10-30,EWMA,0.0008687977458809123,0.0007817734586528366,0.0008426428365199816,0.0007776676732176253,-0.015063909838193723,-0.002335148271964904,-0.04994560036206863
2023-10-17,2023,0.000600185499271629,2023-10-31,EWMA,0.0008358114020038172,0.0007319646051334006,0.0008075463581009123,0.0007275257218860895,-0.009268656530863062,-0.0010799161042278627,-0.030792874786457425
2023-10-18,2023,0.0005970175541781404,2023-11-01,EWMA,0.0007879347121656513,0.0007121167245598465,0.0008422711860328554,0.0007136620173211082,0.01780621942418925,0.00035232440344135085,-0.02050230507069184
2023-10-19,2023,0.0006391028957462379,2023-11-02,EWMA,0.0007509198928955517,0.0006622623717584663,0.0007359352581787238,0.000658304423240213,-0.0028274204224034705,-0.00019225092821173462,-0.011700720436296663
2023-10-20,2023,0.0006627034748467712,2023-11-03,EWMA,0.0007087043092956843,0.0006157011740978184,0.0006871352505777685,0.0006118794207601038,-0.001554874589245081,0.0004962355949409414,0.0005711815864088976
2023-10-23,2023,0.0006241411139240057,2023-11-06,EWMA,0.0006932466177192435,0.0006466052641228836,0.0006510497908911745,0.0006398175424990635,-0.00444702745218617,-0.00031268998003319837,-0.004707607290063365
2023-10-24,2023,0.0006446128324617954,2023-11-07,EWMA,0.0007798038097309572,0.0008364717909668281,0.0007968311948903603,0.0008320097958624724,0.003936242692943459,-0.0012157453464256562,0.014148886558432494
2023-10-25,2023,0.0006439833722523545,2023-11-08,EWMA,0.0007727566331911192,0.0007930754914060905,0.0008878556169761289,0.0007963303468685758,0.030810822503978486,0.0007767604239612425,0.004603325066714348
2023-10-26,2023,0.0006093392002193833,2023-11-09,EWMA,0.0007510503786070162,0.0008207814024174834,0.0008350661366957956,0.0008209728911656335,0.024411930453303476,6.011394155081007e-05,0.01985721067511914
2023-10-27,2023,0.0005984708538037018,2023-11-10,EWMA,0.0007505766334549456,0.000767859650521731,0.0009052400093172972,0.0007732593149598624,0.051128684938462676,0.0015649339895240644,0.004818469648631307
2023-10-30,2023,0.0006010991466151017,2023-11-13,EWMA,0.0007055420354476485,0.0007142423419625372,0.0008582565966185444,0.0007201245732686113,0.04434119438902684,0.0013274932428526398,0.0018780028133029703
2023-10-31,2023,0.0004072205116486797,2023-11-14,EWMA,0.0007967907706593347,0.0009077102009399274,0.0009672872915372879,0.0009143753383438074,0.10381989515824852,0.004045830938448347,0.06788112686121384
2023-11-01,2023,0.0004537849793617911,2023-11-15,EWMA,0.0007490745451165419,0.0008440449502563654,0.0008785378548211599,0.0008474382736379797,0.0701493065068517,0.001859461123157935,0.05120438899354518
2023-11-02,2023,0.0007371974315570574,2023-11-16,EWMA,0.00074336235604537,0.0007744362835844584,0.0008426536557409098,0.0007758266471665329,0.00851793588641403,8.778135245268714e-05,0.0011599586178068222
2023-11-03,2023,0.000902370574808577,2023-11-17,EWMA,0.0007178465666799003,0.0007794892046341627,0.000872817570648078,0.0007854797772611098,-0.027722127817921383,-0.0011730585461480203,-0.017025714659043345
2023-11-06,2023,0.0009625598967173269,2023-11-20,EWMA,0.0006752944950812632,0.0007383138384306544,0.0007316193080340507,0.0007360518155265009,-0.02962458422894354,0.0009381225133822113,-0.032445387907618084
2023-11-07,2023,0.0007659656312626184,2023-11-21,EWMA,0.0007770212881890686,0.0009466327484590246,0.00094703662866425,0.0009528945165729544,0.02090081857440218,0.0012758368862639813,0.02081933529994462
2023-11-08,2023,0.0007153286032323794,2023-11-22,EWMA,0.0007697077504450829,0.0009722402191654747,0.0009357674854611716,0.0009777261814914316,0.030435073336540164,0.001498474663539362,0.03999404236282178
2023-11-09,2023,0.0007266784652976008,2023-11-23,EWMA,0.0007243358162316564,0.0008958402224372074,0.0008444693485443862,0.0008977776013332323,0.010734027591398743,0.00040982222043961514,0.020442474719772008
2023-11-10,2023,0.0006892123423184804,2023-11-24,EWMA,0.0007179833117509153,0.0008341628337068857,0.0008122836626675258,0.000834803208713302,0.01196247451418131,0.0001335909840545213,0.01628659961114387
2023-11-13,2023,0.0006883003883773882,2023-11-27,EWMA,0.0006767135967829127,0.000768182452219165,0.0008176343389024971,0.0007725098866217215,0.013864258913923067,0.0005982695120767545,0.005668587639435785
2023-11-14,2023,0.0007606684565446079,2023-11-28,EWMA,0.000636228422812745,0.0007114287910296301,0.0007659308671348608,0.0007150735475537866,-0.016926531272281053,-0.00033974377411638557,-0.014660147836165649
2023-11-15,2023,0.0007396846528878703,2023-11-29,EWMA,0.0006302003324580076,0.0007440954694975447,0.0007650682196582857,0.0007477915494944731,-0.012980317063917113,4.1554236237750786e-05,-0.013525559088279238
2023-11-16,2023,0.00042269221173714497,2023-11-30,EWMA,0.0008267181661016179,0.0010737387495978834,0.0009226459231025218,0.0010710616513441202,0.0566227991093875,-0.001512406992735471,0.14381270366112275
2023-11-17,2023,0.000369680821141437,2023-12-01,EWMA,0.0009099041439296852,0.0010932941808323008,0.0010708547600139517,0.0010946141931814555,0.10180805318059516,0.0007988812685573166,0.11546069795801017
2023-11-20,2023,0.0003138348485177896,2023-12-04,EWMA,0.0008972621903944183,0.001042805898642515,0.001084429315937462,0.0010458782651581785,0.12909257199652302,0.0020578420216414983,0.10150514705343827
2023-11-21,2023,0.00031691015015852857,2023-12-05,EWMA,0.0008503379003856004,0.0010382096066008971,0.0008046414954603578,0.001022421151502388,-0.034071679481225026,-0.010610516072430798,0.13217865007174545
2023-11-22,2023,0.00046092127017505235,2023-12-06,EWMA,0.0008037674722571827,0.0009975219243787367,0.0009580234199733678,0.0009970238303609504,0.08322811168929434,-0.00026861662618760107,0.10457940778647767
2023-11-23,2023,0.00044865503133696694,2023-12-07,EWMA,0.0007641650571273217,0.0009750033398790544,0.0009331279514115847,0.00097600140565177,0.09344818154776657,0.0005525699564241648,0.11669655506110743
2023-11-24,2023,0.000485321536257524,2023-12-08,EWMA,0.0007296315900357785,0.0009888255196344791,0.0008815763448599582,0.000987608112660451,0.07452776780866799,-0.00062691522047853,0.12962448898477952
2023-11-27,2023,0.0004842327552059385,2023-12-11,EWMA,0.0006870352007397432,0.0009565063981579824,0.0007880199331567291,0.0009496308796874237,0.04681582611679147,-0.003548754300257251,0.132338344631437
2023-11-28,2023,0.0004596021084149836,2023-12-12,EWMA,0.000695747999083423,0.0008711699906606536,0.0008435768213502421,0.0008698787839379725,0.07690184673250933,-0.0007001538539173069,0.09183136682137594
2023-11-29,2023,0.00043390531072877566,2023-12-13,EWMA,0.0006717037474550097,0.0007885578685283011,0.0007823799380335019,0.0007859662213421045,0.06114255157080173,-0.00147757676111393,0.06466289985210505
2023-11-30,2023,0.0005587138282698547,2023-12-14,EWMA,0.0006475177639045683,0.0007813978551159388,0.0006949061332404463,0.0007727034527415837,0.01178910037200076,-0.00314376017301754,0.04010176241847496
2023-12-01,2023,0.0004195713456340449,2023-12-15,EWMA,0.0007049633908644835,0.0009313112427041806,0.0008580675930391622,0.0009311243583640783,0.09034180751017562,-0.0001102656753184661,0.13379687529330653
2023-12-04,2023,0.0004837968208397952,2023-12-18,EWMA,0.0006661742168722298,0.0008845195075145436,0.0007528222178151489,0.0008786939748900817,0.038690383250303384,-0.002981667281532374,0.10422169981459994
2023-12-05,2023,0.0004844164284735949,2023-12-19,EWMA,0.0006352322042715762,0.0008617831874403041,0.0005802687729423561,0.0008403962007676532,-0.01826698505927382,-0.010825317444478344,0.10454084655022378
2023-12-06,2023,0.0003592503367580846,2023-12-20,EWMA,0.0007007035628917993,0.0010320023405146488,0.000781144745823259,0.00102596774130608,0.05587848028466791,-0.003817095469113241,0.22258183801622788
2023-12-07,2023,0.00036108024504752335,2023-12-21,EWMA,0.0006588410576788259,0.0009592851522319661,0.000755809446052437,0.0009560801676297911,0.06699311143376985,-0.0020848154697068466,0.20405794709259606
2023-12-08,2023,0.00031183450712527123,2023-12-22,EWMA,0.0006558677916899276,0.0008838484722895783,0.0007597660939849749,0.0008802538650149478,0.08203296341915145,-0.0026345335660753477,0.17568754686671628
2023-12-11,2023,0.00031963640354397025,2023-12-27,EWMA,0.0006169477271033321,0.0008259816171982134,0.000570291290501602,0.0008069458610283306,-0.03625100757862487,-0.014187182975115675,0.16067267282210285
2023-12-12,2023,0.0003299280202695234,2023-12-28,EWMA,0.0006129103461903707,0.0008573677723535339,0.0007179375719855454,0.0008539563480637795,0.07941632279092037,-0.002449611070853841,0.18216598414629992
2023-12-13,2023,0.00035959033135075794,2023-12-29,EWMA,0.0005761470011845908,0.0007958294466603828,0.0006962625754681419,0.0007948876995965636,0.0816924630378999,-0.0006487298547179776,0.15073603675153802
2023-12-14,2023,0.00024686587945798243,2024-01-02,EWMA,0.0006436110372004944,0.0007835325940486231,0.0006517849412239978,0.0007711985971741534,0.007809902371152866,-0.010827769184522218,0.12822210748740037
2023-12-15,2023,0.0002611373019160212,2024-01-03,EWMA,0.0006055071315611267,0.0007299169188736446,0.0006334584038232279,0.0007205547742763584,0.026098243817012978,-0.008260879186445358,0.11335702683991133
2023-12-18,2023,0.00022484436614800992,2024-01-04,EWMA,0.0006168973430257479,0.0006730733973406284,0.0007111865660075691,0.0006713809050533564,0.09390986276672209,-0.001675613561473277,0.05673184498794637
2023-12-19,2023,0.0003180969581142989,2024-01-05,EWMA,0.000589338472963307,0.0006028796639978725,0.0006686185501024332,0.0006018647681973234,0.06221298506091255,-0.0007951160612549302,0.01059363622652576
2023-12-20,2023,0.0004292447399491982,2024-01-08,EWMA,0.0005714006911044817,0.0005369014694663493,0.0005864716100207073,0.0005324375644317413,0.006729132870098908,-0.0016461475818410065,-0.01400592420137503
2023-12-21,2023,0.0005333574865428137,2024-01-09,EWMA,0.0005385560440655654,0.0004955772309977616,0.0005444358613414217,0.0004922677298840917,0.00016298984731033528,0.00053502297575303,0.0027192599762111413
2023-12-22,2023,0.0005334224444266025,2024-01-10,EWMA,0.0005088997318644042,0.0004664412301949394,0.0005004541317649251,0.0004619266174650545,0.0009540251311976888,0.001450922654105291,0.008293859265775971
2023-12-27,2023,0.0005736540615285926,2024-01-11,EWMA,0.00048416847830200606,0.00042406710563888016,0.0004200876553344226,0.0004215998053809105,0.03876522572926788,0.002081395481035031,0.035379132669508095
2023-12-28,2023,0.000517052134749824,2024-01-12,EWMA,0.0004951824719183937,0.00044719253014607397,0.00043488988976785856,0.0004414917931443125,0.014928237261540467,0.0020998129872209503,0.01011621998525225
2023-12-29,2023,0.0004876386653908457,2024-01-15,EWMA,0.0004859019614995323,0.000447895005031647,0.00039839612930279804,0.00043762569022830444,0.021870271973720712,0.0023533309572503214,0.003712100834586174
2024-01-02,2024,0.0004545222619329779,2024-01-16,EWMA,0.0004808452844456101,0.0004533876437596463,0.0004612822141754148,0.0004479770893346705,-0.001447003072583719,0.00010257897951504447,-0.0015523178062837317
2024-01-03,2024,0.00046501699067756007,2024-01-17,EWMA,0.000462324345336803,0.0004192744423219597,0.00041763163970100155,0.0004111984850335696,0.005971032001279575,0.002333092383919322,0.005534160776333508
2024-01-04,2024,0.0005049694003491335,2024-01-18,EWMA,0.0004573059839851768,0.00044136820046655935,0.0005402751360187365,0.0004445737705542235,-0.0028484228055924987,-0.0010129034912260693,0.004400297235707562
2024-01-05,2024,0.00039964680051990853,2024-01-19,EWMA,0.000503464878223597,0.00044378240039255173,0.0004901013468323192,0.00043804078734618304,-0.005257506387220445,-0.0012184221833626552,-0.01942565674162111
2024-01-08,2024,0.00027805314366585504,2024-01-22,EWMA,0.000567126397395539,0.0005397649946955659,0.0005822756594702759,0.0005360380327061143,0.01360588459910872,-0.0033470904346195596,-0.0245951936675306
2024-01-09,2024,0.00017357411535806643,2024-01-23,EWMA,0.000606156862943566,0.0005249222514013488,0.0006360717633639027,0.0005242441617391623,0.03470526396437723,-0.0008649215582821057,-0.09957412228786122
2024-01-10,2024,0.0001698288753425372,2024-01-24,EWMA,0.0005724873238027483,0.0004809854385002093,0.00047701331482570097,0.00047788682577369396,-0.12307164121421366,-0.004173657076507631,-0.11771921523131645
2024-01-11,2024,0.00012164685213803045,2024-01-25,EWMA,0.0005716122716743582,0.00044840530027076775,0.00046970889010725255,0.0004419841430511381,-0.1501778720955409,-0.01048223042266283,-0.18428925886485104
2024-01-12,2024,0.00013491592864731643,2024-01-26,EWMA,0.0005384148115511698,0.0004247300625652103,0.00048803285053179593,0.000434695151576267,-0.07237800886098977,0.015909232339306634,-0.17010436727166311
2024-01-15,2024,0.0001406866266271574,2024-01-29,EWMA,0.0005062923701484373,0.00040091250816402937,0.00040508225071090654,0.00039252368660465067,-0.1535965737274534,-0.013646732527660355,-0.1603313102388455
2024-01-16,2024,0.00013862576359332485,2024-01-30,EWMA,0.00047755152407334353,0.0003772948100320624,0.00037385459809827643,0.0003656385008227968,-0.1642882434856494,-0.019668617664375,-0.15850932211821167
2024-01-17,2024,0.00013238702470976248,2024-01-31,EWMA,0.0004664475854585463,0.00039794558854323804,0.00040179259288271817,0.00039731654803877846,-0.10353840912341994,-0.0010552700954322702,-0.10997390044260857
2024-01-18,2024,6.832469817679225e-05,2024-02-01,EWMA,0.00048866528634395,0.0004080448805538917,0.00040866491118367055,0.0004025660447525892,-0.15141122166140608,-0.011239122722787265,-0.1526755362482497
2024-01-19,2024,0.0001748695789176654,2024-02-02,EWMA,0.00046049069451283557,0.0004030029927212013,0.0003762666604530497,0.000392182308695344,-0.11699165997537797,-0.015245017705319164,-0.07917850469866128
2024-01-22,2024,0.00016091946120476577,2024-02-05,EWMA,0.0004430857976306775,0.0003858199767276929,0.00039718510942106627,0.00038841724746595594,-0.0673902087388214,0.003920300879628691,-0.08448723969182659
2024-01-23,2024,0.00018028373575601942,2024-02-06,EWMA,0.00041768706818303916,0.00036877383644829125,0.000355312000450354,0.00036147120368060237,-0.0859645957985169,-0.010124685882344941,-0.06729945441114538
2024-01-24,2024,0.00018804077308235754,2024-02-07,EWMA,0.0003927493479321896,0.00034848777814079336,0.00036045798210266607,0.0003530730247428419,-0.04290500899728045,0.006064252399982983,-0.05875834333611962
2024-01-25,2024,0.00023725581398730783,2024-02-08,EWMA,0.00036951392659478476,0.00032819596432205687,0.0003373959431439412,0.0003308001523884333,-0.02980971882171346,0.0022125195518256646,-0.03774398697539283
2024-01-26,2024,0.00022707163514459728,2024-02-09,EWMA,0.00035757022934916995,0.00030971384456971894,0.00032819678072061397,0.00031364723215302723,-0.02888259548542127,0.003425612706340786,-0.045557743479962554
2024-01-29,2024,0.0002223194678359099,2024-02-12,EWMA,0.0003402681540446284,0.00029191151191827275,0.00031613648272351905,0.0002967241184882512,-0.023686567737288833,0.003999628868201377,-0.04504992966096122
2024-01-30,2024,0.00023193019962221398,2024-02-13,EWMA,0.00032007108324608576,0.0002762723716183935,0.00029795532479168907,0.0002809365454070899,-0.01781450124595807,0.002804047396754328,-0.03227843534873642
2024-01-31,2024,0.00021400174705707287,2024-02-14,EWMA,0.0003141243123041143,0.0002862522779812067,0.00028314456521266317,0.0002859799069033357,-0.029291891785195645,-0.000239937385885014,-0.02658140095255579
2024-02-01,2024,0.00020517215171034594,2024-02-15,EWMA,0.00030141262403424635,0.0002848724155914756,0.00028032044220151745,0.0002889432532814863,-0.02132865541949691,0.004041860974028921,-0.016915968116690827
2024-02-02,2024,0.0001011883906485938,2024-02-16,EWMA,0.0003577659328449244,0.0003648107025490548,0.0003336279474841443,0.0003729285265922187,-0.049389464336599076,0.015970409593211166,0.014037903302024368
2024-02-05,2024,0.00010591786843110828,2024-02-19,EWMA,0.00033692816793855966,0.0003376049892743502,0.00030945899223574076,0.00033961624996704966,-0.057139657575493,0.0040817855689692095,0.0013765580220210794
2024-02-06,2024,9.238156422296465e-05,2024-02-20,EWMA,0.00033121967478000997,0.000317337078969005,0.00031360103629948506,0.0003251777201315162,-0.03899041110425383,0.01738799053545037,-0.030615612220363353
2024-02-07,2024,8.444638211278552e-05,2024-02-21,EWMA,0.000316806101782644,0.0003029134641782649,0.0002965690431136802,0.00031021542497936997,-0.04782085769943745,0.017257771923706144,-0.03261761815513875
2024-02-08,2024,5.048596061223333e-05,2024-02-22,EWMA,0.00033198254086850724,0.00030582777589672225,0.00031440416962701443,0.0003122451090458374,-0.045900575274372635,0.017373609564510062,-0.06905469361911631
2024-02-09,2024,8.393630016117238e-05,2024-02-23,EWMA,0.0003152849806804964,0.00029411271921073607,0.0002955905402616017,0.0002987342469237522,-0.04676394774989934,0.011176219822511158,-0.050349228050168726
2024-02-12,2024,8.306120371189342e-05,2024-02-26,EWMA,0.00029725098132524577,0.000288042380279945,0.0002779374039821921,0.0002915392001731467,-0.0477635332134545,0.008608109382397089,-0.022535908266895888
2024-02-13,2024,7.375850388068825e-05,2024-02-27,EWMA,0.0002862462099607565,0.00027451458331363736,0.0002677586260784269,0.00027729457790634824,-0.04897503313645135,0.007382312741140318,-0.030835954385722175
2024-02-14,2024,7.352738001432963e-05,2024-02-28,EWMA,0.00026999586182574546,0.0002671841062541759,0.0002540617768068991,0.00026983219148286024,-0.04374949701603814,0.007161593421086465,-0.007602788888125822
2024-02-15,2024,7.681408864535343e-05,2024-02-29,EWMA,0.0002538579590641098,0.00025425788091138044,0.00023466304694872854,0.0002559942657754077,-0.05387332194546968,0.004756823832511969,0.0010981983699345221
2024-02-16,2024,7.345931640530982e-05,2024-03-01,EWMA,0.00024153361353528342,0.0002380048370963611,0.00022580941246372858,0.00024068366095125274,-0.046138782169750314,0.007757211332982905,-0.010208367692275289
2024-02-19,2024,0.00010999544405585374,2024-03-04,EWMA,0.0002309232185230794,0.00022324715028435325,0.00021600420347296593,0.00022583538788337052,-0.033888222075059815,0.0058801260208625195,-0.01742784567982092
2024-02-20,2024,0.00011021631985352143,2024-03-05,EWMA,0.0002222633329248078,0.00022542257189593517,0.00020692028968866564,0.0002277238782732439,-0.03475982055450633,0.005216102174175674,0.007164221197454523
2024-02-21,2024,0.00011819344795353196,2024-03-06,EWMA,0.00020892849012747695,0.00021497606880881693,0.00019526689334653578,0.00021765090739740768,-0.028045391150543608,0.005608933584332121,0.012620387576611769
2024-02-22,2024,0.00014224343834822072,2024-03-07,EWMA,0.00020721604703160865,0.00020298193406907388,0.00018834331371526974,0.00020354405257189877,-0.026710565910160966,0.0008301933865890732,-0.0063259338078953675
2024-02-23,2024,0.00010897562062340234,2024-03-08,EWMA,0.00022101512750309556,0.00023699702704494253,0.00020748298373521456,0.0002403396566523957,-0.03102363865461122,0.0076104334963167375,0.036566355691720176
2024-02-26,2024,0.0001188396452902482,2024-03-11,EWMA,0.0002080353362410718,0.00022435363228443363,0.0001940318169041813,0.00022695533797022135,-0.028458160048281833,0.0054575274042010236,0.03396605826260579
2024-02-27,2024,0.00011890657923866264,2024-03-12,EWMA,0.00019598413118863042,0.00021120423410307538,0.0001790372253336945,0.00021272419621281262,-0.03301083967986518,0.003148159933878958,0.03106991429040118
2024-02-28,2024,0.00011899132599415927,2024-03-13,EWMA,0.00018499051654981182,0.00019421832338356726,0.00017222352976876097,0.00019709866292865768,-0.023828535802475237,0.0057681851203001955,0.018116880199260166
2024-02-29,2024,0.00018313490825514993,2024-03-14,EWMA,0.00017621387733411013,0.0001794085858920542,0.0001636897712845251,0.00018231064390372803,0.005790839294877337,-0.00020256626382764154,-0.000538938623810381
2024-03-01,2024,0.00019032232910386822,2024-03-15,EWMA,0.00016624041259250655,0.0001662794849778325,0.00014323807146948638,0.0001642485654585221,0.03492437437098772,0.0018637009059059295,-3.401208539877132e-05
2024-03-04,2024,0.00016394033631517165,2024-03-18,EWMA,0.00018528098928755966,0.00017036052814916247,0.00017340147348594512,0.00017194912557843593,-0.005646067707787417,0.00039111332797237,-0.006462561707341941
2024-03-05,2024,0.00016665252334611435,2024-03-19,EWMA,0.0001795115789773315,0.00017356685037311963,0.00016456329627206415,0.00017566011421290986,-0.002615281111361334,0.0005462874097643677,-0.0018799904010791124
2024-03-06,2024,0.00019241314336119995,2024-03-20,EWMA,0.0001742293465782448,0.00016414927415668167,0.00016711367169837475,0.0001660847742987346,0.005325515182314611,-0.0019381415140378166,0.008220634910076186
2024-03-07,2024,0.00016254896450810483,2024-03-21,EWMA,0.00019114295728804876,0.00019825783009879883,0.0001794809546780249,0.00020152080753856502,-0.007696359266645025,0.0030488706376319286,0.006028274375307063
2024-03-08,2024,0.00015771822661221708,2024-03-22,EWMA,0.00018302132976410657,0.00019353913976275698,0.000171290494665454,0.00019742246240748486,-0.007224962259098078,0.0038366466496784213,0.009045710804723939
2024-03-11,2024,0.00017090799862057546,2024-03-25,EWMA,0.00017910667683996944,0.00019213180021995503,0.0001714127931743225,0.0001969700027418268,-0.001076460289478831,0.0030200697636288965,0.005510595270254548
2024-03-12,2024,0.00017119928676641123,2024-03-26,EWMA,0.000168837235539777,0.00017660685362354576,0.00015956768956300245,0.000181208709548687,0.0024374011890344605,0.0011056127631148271,0.0003816046485001223
2024-03-13,2024,0.00018289569415160832,2024-03-27,EWMA,0.00015953073234457383,0.00016487539627120217,0.00014952140038443094,0.00016914602751768503,0.011949849036359872,-0.0024353337664937413,-0.004210672875751165
2024-03-14,2024,0.00013604520453916076,2024-03-28,EWMA,0.0001964063619356524,0.00018715069813798026,0.0001842626068217239,0.00019113440864846888,-0.018173553795180375,0.005911747595238381,-0.01401505896925137
2024-03-15,2024,0.00015621491024337599,2024-04-02,EWMA,0.00019016560982592734,0.00019083978356356112,0.0001758042229126107,0.00019424777037578238,-0.011418899531089544,0.003338909095369047,0.0006369500075047441
2024-03-18,2024,0.000251512378973763,2024-04-03,EWMA,0.00018962237372191024,0.00018155231695289866,0.00017722654500236884,0.00018156677211068285,0.02516616964480889,-3.06753824279582e-05,0.015467521582978705
2024-03-19,2024,0.00024198474593609985,2024-04-04,EWMA,0.00018545820697610466,0.00017027643141498527,0.0001835097926582667,0.0001694921889667901,0.003292118007681921,0.0019592400093522144,0.030928510029609058
2024-03-20,2024,0.00028220498027731655,2024-04-05,EWMA,0.00019754003251345553,0.00019865797972111536,0.000186550548010005,0.0002035884921932623,0.026917996410828593,-0.009886983214027367,-0.00239603101304553
2024-03-21,2024,0.0002859860002308875,2024-04-08,EWMA,0.0001925112883969382,0.00020089108151904103,0.00018240698489125585,0.00020387217467303086,0.028376796400926274,-0.006085887792159461,-0.019359020732061083
2024-03-22,2024,0.00028784455756876307,2024-04-09,EWMA,0.0001809844729471148,0.0001850740471002433,0.00016007162985172733,0.00018699779581396488,0.08499574471348748,-0.005659331000671841,-0.012799087809437282
2024-03-25,2024,0.00026809934345174984,2024-04-10,EWMA,0.00018626533965346062,0.00017123426243433992,0.00016521306209538533,0.00017273174288553848,0.06347176821862899,-0.004866372919282824,0.04220683832045147
2024-03-26,2024,0.0002671910975301223,2024-04-11,EWMA,0.0001757667571146375,0.0001649983243187749,0.00016060635887407685,0.00016875666447509476,0.053292316315316945,-0.013541803904335126,0.03598807682388028
2024-03-27,2024,0.0002854823546131329,2024-04-12,EWMA,0.00017409049806951937,0.00017371833437009046,0.00016053883373740312,0.00017865329626137445,0.05738630216243301,-0.01738301322315916,0.0013730682822110651
2024-03-28,2024,0.00032626341875272285,2024-04-15,EWMA,0.0001778638623805032,0.00016282058708766162,0.00015508922019276942,0.00016319038065597266,0.13235298654096272,-0.002272114180148499,0.08110862629695603
2024-04-02,2024,0.0003004768745888279,2024-04-16,EWMA,0.00018661049875339482,0.000157134205005887,0.00016161149340703323,0.0001568456983604,0.10524403564317097,0.0016796742560050149,0.13012550463193406
2024-04-03,2024,0.0002268472969720966,2024-04-17,EWMA,0.00025183616087120033,0.00018706586275988115,0.00022031361029750608,0.00018804045922856365,-0.0048437163836299035,-0.0010887196501965235,0.014568754291710562
2024-04-04,2024,0.00024409382461334337,2024-04-18,EWMA,0.00023738506185831107,0.00019031507800708935,0.00021447385951810493,0.0001929206416715969,0.008348454384185189,-0.0037244238018736553,0.033313783752115356
2024-04-05,2024,0.00017199278528325643,2024-04-19,EWMA,0.00027401897063801783,0.00020819732776934064,0.00025652677124992995,0.00021299551215451506,-0.023164550427798858,0.004174980912695858,-0.07627378423792042
2024-04-08,2024,0.00016396494101730705,2024-04-22,EWMA,0.00026700247222283735,0.00022234213512942552,0.00023283497845157252,0.0002211924120916858,-0.046812230094708696,-0.0013512606742214217,-0.059691485813774925
2024-04-09,2024,0.0001747873887410189,2024-04-23,EWMA,0.00025228469636237876,0.00021426552008676448,0.0002334754286275008,0.00021687596454992366,-0.021666489439081005,0.002290749350830623,-0.040408885973809205
2024-04-10,2024,0.00017785037610487512,2024-04-24,EWMA,0.00023970472097890606,0.00021723054452096497,0.00022456346434538088,0.0002203193512496244,-0.015222873525292613,0.002640731246503769,-0.02168754643420634
2024-04-11,2024,0.0001885661400833377,2024-04-25,EWMA,0.00022537498878011836,0.00021016431475617543,0.00021113714463070536,0.00021280352060116267,-0.008837149976624659,0.0013520848413444142,-0.009321308840087639
2024-04-12,2024,0.00020056779938540953,2024-04-26,EWMA,0.00023330488041505468,0.00020838499618647748,0.00021912036897574945,0.0002107895353070541,-0.007074395877379125,0.0004934870417931947,-0.010153141410644828
2024-04-15,2024,0.00016777817534486956,2024-04-29,EWMA,0.0002615788738625993,0.00026104024224322546,0.00025810191710402624,0.0002634549479278723,-0.0047407849517027145,0.0033168405406538426,-0.0007377992514028264
2024-04-16,2024,0.0001659014607381308,2024-04-30,EWMA,0.00024756392058233276,0.0002461323736962568,0.0002442543443101857,0.00024336272325750662,-0.004378587961721081,-0.0036454700781494154,-0.0019016961900364393
2024-04-17,2024,0.00042548123210557317,2024-05-01,EWMA,0.00025848223336141996,0.0002766335485181711,0.00025475787528743215,0.00027940566715984645,0.009550939555549753,-0.005288887579385282,-0.04014052394678469
2024-04-18,2024,0.0004296813375469777,2024-05-02,EWMA,0.00025549634012232095,0.0002811873658134898,0.00025747408940496373,0.00028375060795934437,-0.005207119689121242,-0.004729472617307273,-0.05784212150961476
2024-04-19,2024,0.00044847252135457144,2024-05-03,EWMA,0.00024144491708802472,0.00026668180357380684,0.0002328331103536337,0.0002651938167863216,0.03238224380046528,0.003840529114926383,-0.07636139628924532
2024-04-22,2024,0.00045477882838503085,2024-05-07,EWMA,0.00023086046882759282,0.00025264328237678795,0.00022508601245360826,0.0002567955494495397,0.02520655250692272,-0.012804820947257767,-0.07968156467102627
2024-04-23,2024,0.00044297996537728785,2024-05-08,EWMA,0.00022575602751985304,0.0002364671287730437,0.00022235782525488685,0.0002410162032781428,0.01482060597812307,-0.016303240509460082,-0.04252650901606181
2024-04-24,2024,0.0004462349389123021,2024-05-09,EWMA,0.0002168748161501094,0.00021851309850050703,0.00021041554893425144,0.00022217101611240474,0.03292665809416917,-0.017021234162886145,-0.007900783228842911
2024-04-25,2024,0.00043565015867636875,2024-05-10,EWMA,0.0002112863043235804,0.00021376939808395566,0.000196304542259797,0.00021535496901012844,0.08381484780710391,-0.007614724595146782,-0.012266725348943908
2024-04-26,2024,0.000393099163933553,2024-05-13,EWMA,0.00022831751674657775,0.00021496804539664457,0.00021505647436819046,0.00021792608774988308,0.04633001694264838,-0.011154667263303608,0.04667066047178725
2024-04-29,2024,0.000434969579347832,2024-05-14,EWMA,0.00023433461039197996,0.00022689721181641873,0.0002124147449606099,0.00022758602244602748,0.09333779428106759,-0.002770899561364004,0.028590572504301193
2024-04-30,2024,0.00045046377233122145,2024-05-15,EWMA,0.00022066331182759845,0.00020984794326598733,0.0002363833194758179,0.00021025885966953042,-0.06694141405543075,-0.002238968054321333,0.054957383503209556
2024-05-01,2024,0.00019612441773629398,2024-05-16,EWMA,0.00041176184652026607,0.00041845355226095507,0.0003823880285140678,0.0004227098351200951,-0.03742101200429371,0.005400831997047106,0.008503912345770637
2024-05-02,2024,0.00017890367514776664,2024-05-17,EWMA,0.0004024684494228407,0.0003795072060966907,0.0003415656232986408,0.00037034431494020157,-0.08481749710640063,-0.01277700675698501,-0.031848664240368585
2024-05-03,2024,0.0001598707742419743,2024-05-20,EWMA,0.00039252524643226176,0.0003725666838085955,0.0004484394726481981,0.00037568499434389264,0.08238967106660944,0.004773245957915506,-0.03036622619208984
2024-05-07,2024,0.00015504823012999982,2024-05-21,EWMA,0.0003772141176443846,0.0003606241382630719,0.0003421024030325373,0.00035488628398026357,-0.05551623569216613,-0.009087435693313495,-0.026067670343242533
2024-05-08,2024,0.00018098041680207025,2024-05-22,EWMA,0.0003552119622427293,0.00034408998817716326,0.00029548518552876933,0.00033467032650308837,-0.08111018125831038,-0.01295331821108281,-0.01534297896258785
2024-05-09,2024,0.00017761755865823253,2024-05-23,EWMA,0.00034080250689232214,0.00033377040109391535,0.00030678589549334176,0.0003269907316040865,-0.04736490749275912,-0.009488062413579357,-0.009869352144892929
2024-05-10,2024,0.0001791513508998095,2024-05-24,EWMA,0.000320497011891346,0.000327717463529389,0.00035008547936236955,0.00032668988480000303,0.041060636003690476,-0.0014209980514214848,0.009963141976094825
2024-05-13,2024,0.00026973901869572017,2024-05-28,EWMA,0.00030170454592525186,0.0003227122244638765,0.00031352244610170695,0.00031889206444831315,0.004722455305406825,-0.001895244881789715,0.009112554559573383
2024-05-14,2024,0.00019959362231284015,2024-05-29,EWMA,0.00033212127992958445,0.0003975487609341686,0.0003953852153865286,0.0003970980031340792,0.07820224575918289,-0.0005645819569153332,0.08091204950036701
2024-05-15,2024,0.00018363071434207963,2024-05-30,EWMA,0.00032324131179469265,0.00043030753197508253,0.0003465450109834123,0.00042315715762225614,0.03141178548057688,-0.009545536363646079,0.14475224959167843
2024-05-16,2024,0.00020340879108725934,2024-05-31,EWMA,0.0003332238892492478,0.0004412209925036285,0.0003935121391054667,0.0004368172543494984,0.072776529722959,-0.005383271666589806,0.13131786918097532
2024-05-17,2024,0.00034252886377793897,2024-06-03,EWMA,0.0003167965371278721,0.00041748674719546263,0.0003816771882075656,0.00041305991758830017,0.0025195972492557672,-0.0018671967201084883,0.015220865128202199
2024-05-20,2024,0.00036269349157069895,2024-06-04,EWMA,0.00029890082390747914,0.00039642954848295107,0.0003523500553889938,0.0003911047998051942,-0.019555295080118995,-0.001066755562891153,-0.016137432415036734
2024-05-21,2024,0.00035564973732820775,2024-06-05,EWMA,0.0002858897089554886,0.0003889788106760971,0.0003450269197843061,0.0003868902074940866,-0.025205569494491264,-0.0004480379097495657,-0.02177503318437779
2024-05-22,2024,0.00041223639361976207,2024-06-06,EWMA,0.00028720589522809485,0.00041239464001111334,0.00034740658308011704,0.0004103353805376587,-0.05842681375633152,1.0624874141385021e-05,-0.0739363592181137
2024-05-23,2024,0.00040968695089516397,2024-06-07,EWMA,0.0002745634774494989,0.0004001032819818245,0.0003307849358765643,0.00040339449543567264,-0.06732369286636963,-0.00016196241709831583,-0.0916460603966609
2024-05-24,2024,0.0004426995063617433,2024-06-10,EWMA,0.00025928742734702596,0.00037591756223294735,0.00026688277819710904,0.0003700938823732407,-0.019718567154775712,0.0029179741418596805,-0.15828656714105627
2024-05-28,2024,0.0003563920647840425,2024-06-11,EWMA,0.00030648323307480677,0.0003795283403507084,0.00034343429560071035,0.00037514925033845826,-0.011280850723990099,-0.0006439856293001256,-0.010037973543674639
2024-05-29,2024,0.00035812716246643703,2024-06-12,EWMA,0.00028835988701308404,0.00034954011101826155,0.00034576597042340455,0.0003462697406563673,-0.02464212578180014,0.0002763432966004231,-0.024969420861011393
2024-05-30,2024,0.00037093783801347155,2024-06-13,EWMA,0.0002711246405352818,0.000325402003304732,0.0003271040986576313,0.0003224048234488852,-0.04643976743777056,0.0013438461958603654,-0.04572518596119313
2024-05-31,2024,0.0003084923162435225,2024-06-14,EWMA,0.00029783965331181924,0.0003893011862974183,0.00035755566010058727,0.0003853905250465445,0.009750582203653657,-0.002055173001044075,0.02445743167091763
2024-06-03,2024,0.00017790474430320755,2024-06-17,EWMA,0.0003792367289955337,0.0005624773256350516,0.0004569129402177343,0.0005580677877310334,0.10658205736662207,-0.005371256119335754,0.24136540586003452
2024-06-04,2024,0.00023444266882506818,2024-06-18,EWMA,0.0003714659496524373,0.0005636566652157851,0.0004454131228374117,0.0005576631606808559,0.07676553966587552,-0.006219950569559707,0.20179151410695262
2024-06-05,2024,0.00024427977343184675,2024-06-19,EWMA,0.00034925549440392744,0.0005154064103073174,0.0004068348936551701,0.000508687101573801,0.05361327974466601,-0.0068621031718523184,0.16367763396888346
2024-06-06,2024,0.00016190957933599797,2024-06-20,EWMA,0.0003856959692290568,0.0005036902896645507,0.0004680242951915316,0.0005014550238050156,0.1196279630117747,-0.003014786576132522,0.1685733452718381
2024-06-07,2024,0.00016115358116001636,2024-06-21,EWMA,0.0003653903729786316,0.00045909685136836983,0.0004269174465930158,0.0004532456398255236,0.09206124251366177,-0.008295402372159089,0.13827299841547713
2024-06-10,2024,0.00012785244865863132,2024-06-24,EWMA,0.0003673742063773138,0.0004238270363493083,0.0004420009856878389,0.0004201339829202134,0.12617249206814485,-0.006100109462392922,0.09658938211569801
2024-06-11,2024,0.0001229842483695478,2024-06-25,EWMA,0.00034871349714474253,0.00038493974240688385,0.00040877596060660766,0.00038138388909663405,0.10709643897191867,-0.006301579365534771,0.06564583907396138
2024-06-12,2024,0.0001356717416412467,2024-06-26,EWMA,0.000329249917361148,0.00034969859764240313,0.0003910985108293126,0.0003474342388553319,0.106978436127255,-0.0039676973466376,0.03615908992583261
2024-06-13,2024,0.00014337243069922716,2024-06-27,EWMA,0.0003183737949870765,0.0003160846437406038,0.0003816746813615528,0.0003150252144359645,0.10665551944288953,-0.0018319380307652011,-0.003954745609907384
2024-06-14,2024,0.0001442252153682568,2024-06-28,EWMA,0.00029929728080055936,0.0002863232673647352,0.00030109534356421395,0.00028113359866036453,0.003111982635934929,-0.00899301277255038,-0.02248070429512694
2024-06-17,2024,0.0001368112462148626,2024-07-01,EWMA,0.0002907750738908798,0.0002560272939814446,0.00034338926543589645,0.00025669585071570706,0.09422370163051497,0.0012161380103963282,-0.06340942497833613
2024-06-18,2024,9.675239941978972e-05,2024-07-02,EWMA,0.0003272047067124511,0.00025359939422914306,0.00030103639475222773,0.0002494220418315353,-0.05765092611083311,-0.0102197346977837,-0.1690072623979928
2024-06-19,2024,8.681418358891764e-05,2024-07-03,EWMA,0.0003144169180738284,0.00022928558332229915,0.0003257403465615533,0.00023033321701197186,0.025782480981416,0.0028365812400910073,-0.21323418047710874
2024-06-20,2024,8.585260430299654e-05,2024-07-04,EWMA,0.00029628485092447195,0.0002123034485256018,0.00025479121278219506,0.00021063641904079376,-0.10368785437430805,-0.004682682948786265,-0.21868215423233028
2024-06-21,2024,8.379312168011743e-05,2024-07-05,EWMA,0.0002808238669555138,0.00019971097649773854,0.00023170612198938675,0.0001981150895464037,-0.12900566547784287,-0.004643281667654264,-0.21966771334601276
2024-06-24,2024,0.0001118490952468787,2024-07-08,EWMA,0.0002649736799389453,0.00018983988016614125,0.0002461979297536221,0.0001961571526540265,-0.04130308944119676,0.013760649988655338,-0.16638753304149212
2024-06-25,2024,0.00011775742422550041,2024-07-09,EWMA,0.0002491081436711105,0.00018303657013953433,0.00023177537579509254,0.00018860146122069528,-0.03676747657886548,0.010967270748816205,-0.1375625940641081
2024-06-26,2024,0.000103014129323951,2024-07-10,EWMA,0.00024434867333510303,0.00019089555482300948,0.00022871213106099116,0.000196331671274694,-0.03730910744935745,0.013137306508756552,-0.1288202789375381
2024-06-27,2024,8.245440879363453e-05,2024-07-11,EWMA,0.00024386396700443438,0.00019194161542644578,0.0002285014063976927,0.00019655850542369047,-0.042336017904098355,0.013678623537948909,-0.1479550516187622
2024-06-28,2024,9.135354504592169e-05,2024-07-12,EWMA,0.00022984467721230093,0.00018490841179996594,0.00021559808663501725,0.0001887354620896047,-0.03772403421584869,0.010467769587421571,-0.1209533342537199
2024-07-01,2024,9.650839947974952e-05,2024-07-15,EWMA,0.0002203895211309137,0.00018456956992361065,0.00020953428770003214,0.00018836124772684542,-0.02782312470778958,0.009809632364921939,-0.09238569574098943
2024-07-02,2024,5.8681001526235955e-05,2024-07-16,EWMA,0.00023348561185957504,0.00019294119016245148,0.0002188330043498796,0.00019589469788634613,-0.047983283394414045,0.010606317205313687,-0.13792169749314453
2024-07-03,2024,6.817008071576855e-05,2024-07-17,EWMA,0.00021948442197653045,0.0001893826060873323,0.00020593640274702848,0.00019160636989978393,-0.043280832141528336,0.007496117509193212,-0.09814424044631309
2024-07-04,2024,7.144561994932082e-05,2024-07-18,EWMA,0.00020638682953225926,0.00018524585372310326,0.00019579880714528768,0.00018694382752181812,-0.033944902512075714,0.005621247192426182,-0.06856169314500349
2024-07-05,2024,8.571807279137358e-05,2024-07-19,EWMA,0.00019490299874855535,0.0001799045890681118,0.0001842528256087337,0.00018087185189454407,-0.030771905835985436,0.0028141054007289057,-0.04340990737534156
2024-07-08,2024,9.929167951008963e-05,2024-07-22,EWMA,0.0002035079042964875,0.00020231688989375777,0.00019152897101102397,0.00020333617341422962,-0.030150632565035806,0.0025652588981373015,-0.002997404143547655
2024-07-09,2024,0.0001157531481095617,2024-07-23,EWMA,0.00019539468276574611,0.00020017649038438673,0.00018365566595604827,0.0002012726273275452,-0.02409307500082747,0.0023117174872933077,0.010026512176803948
2024-07-10,2024,0.00012530301542159635,2024-07-24,EWMA,0.00018371603591959385,0.0001877687953858072,0.00017227727340672638,0.00018882264329935934,-0.018999887519624004,0.0018723365709716333,0.0070989574236959285
2024-07-11,2024,0.00012795223242385699,2024-07-25,EWMA,0.0001727261562315428,0.00017985335079653025,0.0001634732214237087,0.00018095403465459987,-0.013128449360162442,0.001773879478803586,0.0110788483926898
2024-07-12,2024,0.0001406827061537451,2024-07-26,EWMA,0.00016909689413291697,0.00017483859519604165,0.00015959335042414925,0.0001755391810710514,-0.008300602503782173,0.0007876640643313948,0.006069606599273136
2024-07-15,2024,0.00013177831751014742,2024-07-29,EWMA,0.0001668326544361808,0.00018029823529165415,0.00015642544521959635,0.0001809978277611773,-0.011859667901062743,0.0010476496495197551,0.018628640709120958
2024-07-16,2024,0.00017533857431682127,2024-07-30,EWMA,0.00015712050640329114,0.00016675244803759088,0.00014757124696483472,0.00016758146703968132,0.009510549359213805,-0.0002424435785783885,-0.0049620970144284016
2024-07-17,2024,0.00023616276451094172,2024-07-31,EWMA,0.00015422880650638174,0.0001641182541324736,0.0001447022083292468,0.00016476613030841944,0.037051799246701655,-0.0017183574185164474,-0.030120143818764156
2024-07-18,2024,0.00023278936574615828,2024-08-01,EWMA,0.00014729981033693168,0.0001530543140950384,0.00014265671624355233,0.00015499246088328565,0.019408191386374618,-0.0064356378829728556,-0.021095897917335904
2024-07-19,2024,0.000360249923444048,2024-08-02,EWMA,0.00014917929033001344,0.0001589997416033605,0.00014022507913649313,0.00016139818974948142,0.09230444951458416,-0.018697729954551434,-0.08539874472466025
2024-07-22,2024,0.00032878645373319605,2024-08-05,EWMA,0.000169864968365893,0.00018187428976263966,0.00015480184673486884,0.00018319005705703535,0.09548483693211729,-0.005775893248708641,-0.05949585291479309
2024-07-23,2024,0.0003197063789618266,2024-08-06,EWMA,0.0001750942471866676,0.00018211026680789116,0.00015610892465827116,0.00018368957570621448,0.10728927484298723,-0.00645895046382261,-0.031057432891690162
2024-07-24,2024,0.000354943836990247,2024-08-07,EWMA,0.00017120302657870875,0.0001660673379833354,0.00014463578477874137,0.00016558660569635086,0.21218787918509818,0.0033061660127700065,0.03365865929681533
2024-07-25,2024,0.0004511264418888848,2024-08-08,EWMA,0.00016278633669304613,0.00015595313974735135,0.00012739818440456633,0.00015100172072234568,0.5246737844470388,0.06258884725904057,0.07854262215773566
2024-07-26,2024,0.00043007417531453916,2024-08-09,EWMA,0.00016851081847182463,0.0001677701263121532,0.00014167128624262743,0.00016754033515498077,0.31002312352410843,0.0021453323028577387,0.006862583034954461
2024-07-29,2024,0.000486328710570387,2024-08-12,EWMA,0.00016015637112212907,0.00016659147460240667,0.0001317601799896412,0.00016203716423611274,0.4592603844442067,0.054332397928511966,-0.07790351975916998
2024-07-30,2024,0.0004467494569634119,2024-08-13,EWMA,0.0001808101122983772,0.0002123768470062603,0.0002033872064679643,0.00021211161865099568,-0.15661048250028564,0.0013807051650225333,-0.20633679536611815
2024-07-31,2024,0.00037833664533873715,2024-08-14,EWMA,0.00021833829187860315,0.00025428106387219863,0.00025286336226903214,0.00025326592244069183,-0.08978680998459776,0.0019634856187620287,-0.09253774477304066
2024-08-01,2024,0.000391275386157075,2024-08-15,EWMA,0.00020524214919341328,0.0002471421956676122,0.00024302386717190967,0.0002459025623023496,-0.12741074190585877,0.0029526638969370467,-0.13743573497864414
2024-08-02,2024,0.00028277671172481324,2024-08-16,EWMA,0.00029132582551528096,0.00040391251658979327,0.0003453870751517867,0.0004009443012123145,0.01829303889629763,-0.002192954764071331,0.05619549199946494
2024-08-05,2024,0.00027449803637415805,2024-08-19,EWMA,0.00028183883782173324,0.00040468384669464384,0.00033741984287037505,0.0004013891720544517,0.019559393563715055,-0.0026070477191195707,0.06611925185913847
2024-08-06,2024,0.0003396296039589573,2024-08-20,EWMA,0.00027410345694200766,0.00040493819016163365,0.0003283591301082691,0.00040138548080970664,-0.02413033647692142,-0.0013885698243294442,-0.010107818217831799
2024-08-07,2024,0.000294879855734641,2024-08-21,EWMA,0.00028851170225929453,0.0003962940210872428,0.000337304716931394,0.00039184175340953325,0.008402583296703625,-0.0028436464312271426,0.03944196630643937
2024-08-08,2024,0.00019601444178249665,2024-08-22,EWMA,0.00033922097285912333,0.00041164198295027215,0.0003992392889009377,0.0004069224854849186,0.07604200943501205,-0.006008571170460719,0.09184222232822581
2024-08-09,2024,0.00023200682175289407,2024-08-23,EWMA,0.0003198774200498575,0.00038085676902564183,0.0003694153134675864,0.00037778464196914916,0.04672242002292126,-0.0031453186460490556,0.05835715488055904
2024-08-12,2024,0.00019410293152185353,2024-08-27,EWMA,0.00034113874461148114,0.0003658724132770072,0.000406687648150325,0.00036516110766726965,0.08404853567545345,-0.0009126144155899851,0.0315309198654905
2024-08-13,2024,0.00022281010005460272,2024-08-28,EWMA,0.00032370678260312607,0.00035215464441895806,0.0003900006809245799,0.0003494817782254012,0.06930891481259227,-0.0027800028117850317,0.028629160126543596
2024-08-14,2024,0.0002558290248143424,2024-08-29,EWMA,0.0003055996565975557,0.00033390254589169205,0.0003687057515669953,0.00033165042187312466,0.04444205560935188,-0.0015648472946976355,0.017614154843466956
2024-08-15,2024,0.00027074924874065143,2024-08-30,EWMA,0.00029616845467592904,0.0003048224228301505,0.00035637776122213096,0.0003033879149245525,0.030615182952052677,-0.0005173875800883465,0.0028474363986914497
2024-08-16,2024,0.0003269593425083211,2024-09-02,EWMA,0.00030215978759661307,0.0003227351701381965,0.0003663638962142551,0.0003221097510503585,0.003041032311700498,2.729592363337474e-05,-0.003109536857712314
2024-08-19,2024,0.00035470361220074745,2024-09-03,EWMA,0.0002863278211985894,0.0003048652190206051,0.00034612961103384443,0.0003043862294544486,-0.024355478346770987,0.0002584879278622054,-0.012593269527662265
2024-08-20,2024,0.00033235292138390364,2024-09-04,EWMA,0.0003231274229731765,0.000368138670281487,0.0003884968128410863,0.0003674740848243376,0.011171864125521402,-0.00017416817624216208,0.0046550403111655925
2024-08-21,2024,0.00033296921535763116,2024-09-05,EWMA,0.0003038106611952658,0.0003430785657473299,0.00036657459607323276,0.00034263903896613235,0.00014722390864463364,-3.697676769665037e-05,-0.0038878549415422015
2024-08-22,2024,0.00038315633109458085,2024-09-06,EWMA,0.00028559199585548046,0.00031856628313057595,0.0003442859648169743,0.00031817019019715257,-0.04181159483348029,0.00025318242510685707,-0.02960272868529845
2024-08-23,2024,0.00034953865739186196,2024-09-09,EWMA,0.00029422551464720854,0.0003042658091445765,0.00035460703105244534,0.0003042873512065749,-0.015624976820933334,-1.05313659144457e-05,-0.0056468344956526195
2024-08-27,2024,0.0004095822428561798,2024-09-10,EWMA,0.00029095168336055604,0.00028068534383722836,0.0003486530949982758,0.00028117931298748874,-0.05205684526042198,-0.000805205468193293,0.015566250868395137
2024-08-28,2024,0.0003764793440639568,2024-09-11,EWMA,0.0002962787456790091,0.0002950719813886779,0.0003528528977105095,0.00029586462912579466,-0.02898417762255523,-0.0007355383213800692,0.0011154013025400644
2024-08-29,2024,0.0005775518717671126,2024-09-12,EWMA,0.00030253118058948735,0.00027698676732920745,0.00035843722232663315,0.0002783113617131778,-0.12819091113803882,-0.005153176381437419,0.08784419573444424
2024-08-30,2024,0.0005499976248015382,2024-09-13,EWMA,0.00030354778172820955,0.000286211980903992,0.00034451306827520663,0.00028676183792298817,-0.08885579391861764,-0.0017653839687179484,0.05093998493842644
2024-09-02,2024,0.00046068447317628905,2024-09-16,EWMA,0.00034776355151620733,0.00035551391341839686,0.0003651828137891746,0.00035342852004421714,-0.014313341401408941,0.0017628561711076074,-0.006837595449023404
2024-09-03,2024,0.0004359134874572424,2024-09-17,EWMA,0.0003482807771461277,0.0003725568673366285,0.00029937110254477035,0.0003625813999091757,0.05315725325165932,0.005050384436589006,-0.014175493054247035
2024-09-04,2024,0.0003798112842528982,2024-09-18,EWMA,0.0003659880528034934,0.00041165597537357355,0.0004248312557677502,0.0004136710693521587,0.005350309545923082,0.00038873085511514915,0.002460140188702553
2024-09-05,2024,0.00041422689136350185,2024-09-19,EWMA,0.00034452360485335925,0.0003831953387118554,0.00040986760951809036,0.0003858182974476143,-0.018010457627547716,-0.0005273292626100101,-0.01495458023325913
2024-09-06,2024,0.00036404088034077444,2024-09-20,EWMA,0.00035838612354625497,0.00041336635023927684,0.0004065180634805401,0.0004158080943219163,0.005748737620795197,0.0007180277374763122,0.007618609111977648
2024-09-09,2024,0.0003781159688968684,2024-09-23,EWMA,0.0003395262336702001,0.00038933928667713797,0.00040377169853067057,0.0003914371354528429,-0.0038993831193048223,0.00016890454887885653,-0.005584219032670923
2024-09-10,2024,0.0002992173240218601,2024-09-24,EWMA,0.0003748386332883242,0.000444559611239949,0.0004470117699710894,0.0004470232524543133,0.04720530179443916,0.0018170541859952039,0.045396740620314624
2024-09-11,2024,0.0002994122717844169,2024-09-25,EWMA,0.00035236083376574017,0.00041410904533671823,0.0004128197576057951,0.00041431630298631347,0.03390905283125267,0.00013867787366006468,0.034769205430923655
2024-09-12,2024,0.00016279927624219924,2024-09-26,EWMA,0.0004935671117187315,0.000529437472088041,0.0005828908715003182,0.0005297882736385971,0.1157952360777239,0.0004587645655389494,0.04780881217762456
2024-09-13,2024,0.00020156210859913177,2024-09-27,EWMA,0.0004641668566832379,0.000508591801349918,0.0005601873288336252,0.0005092231065790632,0.11359418556223755,0.000749183813230303,0.0534708137533233
2024-09-16,2024,0.000210126357763964,2024-09-30,EWMA,0.00043730653121628054,0.0004744665983090799,0.0005110119827407455,0.00047436444417657574,0.08645388075338012,-0.00011995476852710851,0.04392412537952861
2024-09-17,2024,0.00036353062526324367,2024-10-01,EWMA,0.00041541109668629555,0.0004405604331310728,0.0004905937456888475,0.00044044240373562066,0.032238573165271234,-4.681893173863472e-05,0.008823430106591701
2024-09-18,2024,0.00036694889171125445,2024-10-02,EWMA,0.00039049757512328874,0.00042110353075792837,0.0004437862067527288,0.00041850283004943556,0.015085086034579476,-0.0007799401214034773,0.007159539765850376
2024-09-19,2024,0.0004582727900112096,2024-10-03,EWMA,0.0003912372191067987,0.00041066132369713126,0.0004718373092435479,0.0004101649899636259,-0.012770649069922868,0.000141026807921385,-0.006949228748754699
2024-09-20,2024,0.0005080287840386977,2024-10-04,EWMA,0.00036777372023059966,0.0003943489407882987,0.0004435311924260539,0.0003929411485869196,-0.04864372432349029,0.001039196899092154,-0.023321874918167396
2024-09-23,2024,0.0005804305205990586,2024-10-07,EWMA,0.0003580328963277275,0.00040112244472718424,0.00042816508785974546,0.0003989239109141263,-0.08665818050151053,0.0024787068991427574,-0.060507664685721
2024-09-24,2024,0.0007755332014714419,2024-10-08,EWMA,0.00033796013520091,0.0003699204290170794,0.0004047023006323843,0.0003683196097413403,-0.19821839245077744,0.004775052706111893,-0.10790105366832847
2024-09-25,2024,0.000796511911995633,2024-10-09,EWMA,0.00031782915107620926,0.0003412212179148458,0.0003834222559970417,0.00034010710984710654,-0.24110270110903453,0.004376188009336701,-0.1007861247796189
2024-09-26,2024,0.0007904123128755292,2024-10-10,EWMA,0.0003671305868879246,0.00041891054394256014,0.0004301780720761605,0.0004173688734420554,-0.15705706032108235,0.003282557906955752,-0.1341777629627332
2024-09-27,2024,0.0007618820268036678,2024-10-11,EWMA,0.00037198166397461906,0.0004393136569928665,0.00038282481008513334,0.0004326281067888608,-0.029279572800241738,0.011464884921284835,-0.14754656925273224
2024-09-30,2024,0.0008033153530980434,2024-10-14,EWMA,0.0003565438386634534,0.00040534329431514795,0.00042305285461490417,0.0004036999160309948,-0.18316861549262953,0.0040050269683229445,-0.14296996137158402
2024-10-01,2024,0.0010403087238739614,2024-10-15,EWMA,0.00044502170631636215,0.00044499700717449834,0.0005341512566099136,0.0004451880207769106,-0.20751037644626003,-0.0005739030006139956,7.424701546998591e-05
2024-10-02,2024,0.00103689084234295,2024-10-16,EWMA,0.00042068299026615274,0.00041506995358992854,0.0004883602793647019,0.00041531589567906307,-0.19239692363462435,-0.0008869771617074917,0.019898996638881172
2024-10-03,2024,0.0009198963555028747,2024-10-17,EWMA,0.00048243366250158565,0.000417956123708142,0.0005691121058415696,0.0004204434859010352,-0.12517799786845618,-0.00708724491813939,0.15068994448686812
2024-10-04,2024,0.0009186292196053554,2024-10-18,EWMA,0.0004877257669561599,0.0003847953618725576,0.0005396535286065436,0.0003852614055221561,-0.08006392305257126,-0.0016774818851725826,0.26678185614068095
2024-10-07,2024,0.0008337788886563565,2024-10-21,EWMA,0.0005205933264529751,0.00036922222787186704,0.0004659460621253279,0.0003626191079767934,0.07693940921580111,0.023075087603992017,0.3130394265827805
2024-10-08,2024,0.0007321075710514264,2024-10-22,EWMA,0.000624979021218555,0.0004741484930419896,0.0005260971362241722,0.00047229003803461804,0.04793885452363433,0.0021485396129365952,0.09643805966230712
2024-10-09,2024,0.0007255849955603245,2024-10-23,EWMA,0.0006020582607867443,0.00046371743770683014,0.0005138340371617444,0.0004576285674025769,0.048471959943265475,0.007601403343183044,0.09846075249725139
2024-10-10,2024,0.0006353248691936031,2024-10-24,EWMA,0.000630110006158042,0.0004566060683899005,0.0005847644071563964,0.0004522435230149343,0.0035014717999262146,0.003821918511339284,0.06105746881464391
2024-10-11,2024,0.0006572308924745913,2024-10-25,EWMA,0.0005995561957406609,0.00043297007681744045,0.0004717494402869466,0.00042092047377051314,0.05724053768702575,0.01522960020974562,0.09624241946730727
2024-10-14,2024,0.0008644875723550353,2024-10-28,EWMA,0.0005989660849048527,0.00047835594463614407,0.0005610175628537762,0.0004912888279441637,0.03217535554004147,-0.02089651390678604,0.13905609317861067
2024-10-15,2024,0.00047968434637919884,2024-10-29,EWMA,0.0008359275085124632,0.0008012638883285042,0.0007732830250772982,0.00081689792338876,-0.0314098021240623,0.007866478998064252,-0.017526783157387982
2024-10-16,2024,0.0005660176037388287,2024-10-30,EWMA,0.0007857832670261597,0.0007622112833867886,0.0007326010122816498,0.0007802047943990345,-0.017788847268094266,0.00620641647846476,-0.008180671311152743
2024-10-17,2024,0.0005565830845476658,2024-10-31,EWMA,0.000745146846968005,0.000709338079157624,0.0006998577683867294,0.0007269487752071491,-0.014368057438291615,0.005515192462720364,-0.011541860727860787
2024-10-18,2024,0.0005107559637767313,2024-11-01,EWMA,0.0007338044914167695,0.0007080712507122191,0.0006598453485997693,0.000716318703522571,-0.02822130518595678,0.003275260534913116,-0.010401980301053548
2024-10-21,2024,0.0005340776528225855,2024-11-04,EWMA,0.0006935383727054422,0.0006411526464040503,0.0006405023844585984,0.0006562807675602584,-0.015788511368328706,0.004119491960556054,-0.01561947777403816
2024-10-22,2024,0.0005143618227200952,2024-11-05,EWMA,0.0007176071715426275,0.0006146692582565235,0.0006368854245580119,0.0006213808067899187,-0.028485405074901493,0.0018213657447905263,-0.03480078191641134
2024-10-23,2024,0.0005032847501114091,2024-11-06,EWMA,0.000684641810733767,0.0005940182195520783,0.0006287442340505891,0.0006082827310191991,-0.019817676261690842,0.00386128490534432,-0.029837722548806234
2024-10-24,2024,0.0005110238019618329,2024-11-07,EWMA,0.0006456481638268916,0.0005602063772668539,0.0005129126446238219,0.0005458837869865216,-0.02532134398539565,-0.0019651838726817417,-0.02123273566564965
2024-10-25,2024,0.0005295099788378069,2024-11-08,EWMA,0.0006292313237522791,0.0005248735616401357,0.0006186172025388168,0.0005200576910035869,-0.0025736587809017664,0.0001244129420099327,-0.01402694121081538
2024-10-28,2024,0.0003348460442129449,2024-11-11,EWMA,0.0007694335818799518,0.0007089371174190275,0.0006877620099156295,0.0006973239219698668,-0.06053364664933092,-0.008650778021610961,-0.044751703643830076
2024-10-29,2024,0.00032555185504118324,2024-11-12,EWMA,0.0007314589477004738,0.0006838146677256031,0.0006151933644681594,0.000667121169553542,-0.0889901825799333,-0.012802145165418999,-0.036344113248167
2024-10-30,2024,0.00024090438836396667,2024-11-13,EWMA,0.0007469718868831897,0.0006603104793147552,0.0008755233061227175,0.0006673941699336176,0.11144099082366221,0.006798341254313556,-0.08099035192248749
2024-10-31,2024,0.00024612775043119576,2024-11-14,EWMA,0.0007021740980627073,0.0006244232776230732,0.0006682259593538034,0.0006171750981311148,-0.031747273941594045,-0.0070465363625791255,-0.07370718718616764
2024-11-01,2024,0.00024351719298666184,2024-11-15,EWMA,0.0006618854085053203,0.0005871098128162719,0.0007800468983544913,0.0005931725188169527,0.1085299308034946,0.006034089341795834,-0.07302217486288853
2024-11-04,2024,0.00022955874979859603,2024-11-18,EWMA,0.0006419775379264958,0.0005468180683366243,0.0007684032470914897,0.0005533799107776856,0.12092844547258341,0.006950634227482766,-0.09820954973813034
2024-11-05,2024,0.00015381094668667696,2024-11-19,EWMA,0.0006555773715718108,0.0005194431557050788,0.0006689888449574168,0.0005170875324455061,0.015547557732813466,-0.0031962799262501562,-0.17127063732822645
2024-11-06,2024,0.00015022054874071274,2024-11-20,EWMA,0.0006187138267172204,0.0004958636999421261,0.0006936152520339037,0.0004990213221318925,0.08805587570007134,0.004430796000177928,-0.16118937991068183
2024-11-07,2024,0.00014979925066816506,2024-11-21,EWMA,0.0005889995902044108,0.00048258654746328317,0.0005557493430722068,0.00047718662658133466,-0.042891764359922924,-0.007739973258053645,-0.14318439756303203
2024-11-08,2024,0.00011671503335376064,2024-11-22,EWMA,0.00058869839539935,0.000507764250880557,0.0005163196980852248,0.0004969581509479357,-0.10339544917495402,-0.01651324516652153,-0.11629552128979626
2024-11-11,2024,0.00011193523921159161,2024-11-25,EWMA,0.0005974223632027533,0.0005562238038878053,0.0005751280064310502,0.0005500010503970027,-0.03076870770824236,-0.008973690138609491,-0.057575890842163524
2024-11-12,2024,0.000110840419460636,2024-11-26,EWMA,0.0005633748842748692,0.0005449416121355544,0.0006065722422207779,0.0005457302142401996,0.05986735902782758,0.0011521659786426497,-0.026611542499792584
2024-11-13,2024,0.0001168048560066486,2024-11-27,EWMA,0.0005307434638403959,0.000534836605215584,0.0005600460572055968,0.0005306006795921149,0.042225382554832436,-0.006208073569859529,0.005998233287638044
2024-11-14,2024,0.00011155348820046352,2024-11-28,EWMA,0.0005025125565360977,0.0005031572243985883,0.0005773371568706672,0.0005036370386607928,0.11003504874182468,0.0007419326783297819,0.0009976413538792528
2024-11-15,2024,0.00011253743227715852,2024-11-29,EWMA,0.00047240774432588434,0.00047981283902420307,0.0005418003178863691,0.0004787056217854546,0.10654422897299742,-0.0017677818345864793,0.011877096055429526
2024-11-18,2024,0.00013145680358319706,2024-12-02,EWMA,0.0004542664527387444,0.00043971133471236293,0.0005422465831371648,0.0004408946377874723,0.13008426457058864,0.0018851026672495053,-0.022986465436357406
2024-11-19,2024,0.00020414935501115384,2024-12-03,EWMA,0.00042702166986091427,0.0004039741662499358,0.0005034694737231402,0.00040520534543366573,0.09209611956462105,0.0015075662782351174,-0.028208601637716768
2024-11-20,2024,0.00020440532911271593,2024-12-04,EWMA,0.0004014016149249673,0.00037002893813710484,0.00048096752489716827,0.00037277653334948915,0.09659612452700994,0.0033263612507044016,-0.038206580010937685
2024-11-21,2024,0.00020875749071014776,2024-12-05,EWMA,0.00038443629812952816,0.0003354460006280461,0.00044410572457523616,0.0003373462300711778,0.07132482937129936,0.002143303100146987,-0.057011274554614744
2024-11-22,2024,0.00019090620397470179,2024-12-06,EWMA,0.0003736501070829082,0.00030655784895697514,0.00044495106363785265,0.00031000029515165247,0.09277199241329903,0.004251445575813584,-0.08609452014205576
2024-11-25,2024,0.00013170293902311565,2024-12-09,EWMA,0.00039198892858154484,0.00034071355166111406,0.0003153144054474765,0.0003304330318166046,-0.1359620480378947,-0.018611631576325394,-0.08962753145997482
2024-11-26,2024,0.00013033341019663312,2024-12-10,EWMA,0.0003695143239071929,0.00031846434951671523,0.00029695772303279047,0.0003095040779491299,-0.1324196647400342,-0.01669114044915787,-0.09213852858198379
2024-11-27,2024,0.0001326640622151213,2024-12-11,EWMA,0.0003526175019614246,0.00032242811290201536,0.00030759360387456867,0.00031652472497672584,-0.0815344437386587,-0.010804983589126849,-0.0542770900635583
2024-11-28,2024,0.00014618701578288635,2024-12-12,EWMA,0.0003314617109524093,0.0003018793154754299,0.00026694338779764936,0.0002971157721586248,-0.1098800811131877,-0.0081415531503648,-0.05026591090859345
2024-11-29,2024,0.00017922412638684686,2024-12-13,EWMA,0.00031229680938615873,0.00028015750144531415,0.0002615356613337125,0.00027604847480694987,-0.06599769941882894,-0.005253035816664031,-0.04276613490168124
2024-12-02,2024,0.00015172840067245174,2024-12-16,EWMA,0.00031677690129988054,0.00030383358805809684,0.00025977233767637186,0.00029909789283598674,-0.09328549522873608,-0.007802409839830382,-0.021313237335421675
2024-12-03,2024,0.00010292730254251873,2024-12-17,EWMA,0.00034778705067138295,0.0002985516679323575,0.0002830596673604948,0.00029536099413206697,-0.13825781428824246,-0.0070204295105256165,-0.10384115882291933
2024-12-04,2024,0.00013911025902544352,2024-12-18,EWMA,0.0003270971587144261,0.00028318625200426397,0.00029695007030119974,0.0002798636721281166,-0.0535170456623737,-0.005970237861454564,-0.07820731822667781
2024-12-05,2024,0.00013663596034801522,2024-12-19,EWMA,0.0003175839823910251,0.0002906532081211889,0.0002638013767872525,0.0002870068267098362,-0.097831373466156,-0.006652280386587606,-0.04874753018622968
2024-12-06,2024,0.00014244574693483735,2024-12-20,EWMA,0.0002985289434475637,0.00027326562768028445,0.0002629995100018727,0.0002780046734090055,-0.062253818918329706,0.008307669018142505,-0.04430939185105309
2024-12-09,2024,0.00016408942419993957,2024-12-23,EWMA,0.00028064882127993955,0.0002571749988079958,0.0002453561245353475,0.0002602424320741223,-0.05029161311142616,0.004336308131511757,-0.03398040229190791
2024-12-10,2024,0.00019986568006962442,2024-12-24,EWMA,0.00026391251751274874,0.0002449382295321358,0.0002475365104442513,0.0002548168868883461,-0.013958518506820283,0.007905341939955512,-0.015945530047057233
2024-12-11,2024,0.0001912127128976308,2024-12-27,EWMA,0.0002549550707931151,0.0002256373120188637,0.0002391107462603837,0.0002349100655321545,-0.014463796582211863,0.006822549918795495,-0.02471043411235918
2024-12-12,2024,0.00018172137741477224,2024-12-30,EWMA,0.0002489615310884936,0.00023439688341886277,0.0002420765880945416,0.00024089636663720873,-0.007284522676070715,0.006433903234468907,-0.014927968405462622
2024-12-13,2024,0.0001497213762289839,2024-12-31,EWMA,0.0002574730291452396,0.00022097967025166022,0.0002336425800818673,0.00022625857474222586,-0.037811863613710806,0.0078000169634764305,-0.05681279415911078
2024-12-16,2024,0.0001863201837413627,2025-01-02,EWMA,0.0002463281046198532,0.0002214145132125644,0.00021206524807743072,0.00021845121189921948,-0.027562301923282462,-0.002058886510329927,-0.02151869779735094
2024-12-17,2024,0.0001681712487295601,2025-01-03,EWMA,0.00024799466938313467,0.00024320979492510118,0.0002109586568518416,0.00024235647145161323,-0.04269319196243959,-0.0010801476112698438,-0.006141504339204573
2024-12-18,2024,0.0001368332548100178,2025-01-06,EWMA,0.0002581827517927614,0.00022747391993948782,0.0002492568278238565,0.00023340503561926834,-0.016204993735690287,0.010453969267635088,-0.055084307829599055
2024-12-19,2024,0.00013000864093114407,2025-01-07,EWMA,0.00025110235780787844,0.00023482667735613737,0.00022468935384329085,0.0002348905856661625,-0.05027838461586054,0.00012148220697927314,-0.031127940775730778
2024-12-20,2024,0.00012786676682317334,2025-01-08,EWMA,0.0002400327967480555,0.00023718632870705646,0.00022156766780292205,0.00024449265496984167,-0.035652628876947645,0.014229025356242708,-0.005536551737495898
2024-12-23,2024,0.00012504185991429192,2025-01-09,EWMA,0.0002405512340868745,0.00025855238168093507,0.00019924564018145445,0.00025361932830637374,-0.0806321071869256,-0.00985710893497238,0.035974303548735875
2024-12-24,2024,0.00011696576777897927,2025-01-10,EWMA,0.000250831445713543,0.00023779272041539074,0.0001918898533787649,0.00022979803082484417,-0.1246254814268486,-0.017085994002415283,-0.027812832638919538
2024-12-27,2024,0.00024577301709715997,2025-01-13,EWMA,0.0002367064451605961,0.0002201151114779081,0.00019370578168624624,0.00021451798366330647,0.030012115964470176,0.0033759749601065536,0.005592729638085103
2024-12-30,2024,0.00024306060430547466,2025-01-14,EWMA,0.00022527868722003121,0.00020197045283814005,0.00020532396312424747,0.00019922047678243044,0.01210854916847115,0.002902711733418606,0.015296542703518767
2024-12-31,2024,0.0002582466427329876,2025-01-15,EWMA,0.00021319819968326756,0.00018607975653241255,0.00024171426950216193,0.00018879396153195926,-0.017367997666408286,-0.005471278981578287,0.04048242278607184
2025-01-02,2025,0.0002326658211921039,2025-01-16,HAR,0.00021234225043778525,0.00015699068540413687,0.00018979617606302657,0.00015582585690041099,0.01791200970491058,0.003631112148415383,0.08431156160235709
2025-01-03,2025,0.00023270960377349748,2025-01-17,HAR,0.00020224561146617114,0.00014892763261685021,0.00017757209084320872,0.00014522579762935852,0.02977288529055322,0.014659438805169067,0.10591729039723052
2025-01-06,2025,0.0002540858554272744,2025-01-20,HAR,0.00019003343806114046,0.00014033124831239378,0.000168229360644385,0.00014051288478397327,0.05142338428142601,-0.0010470195637299895,0.17036191842350235
2025-01-07,2025,0.00026740601843632656,2025-01-21,HAR,0.00015788645603531524,0.00011771793172306571,0.00012982506248161355,0.00011542154616876996,0.1703925657485259,0.02549428376778451,0.28433764811187334
2025-01-08,2025,0.00026877873266800304,2025-01-22,HAR,0.0001597523408677645,0.00012818860351358934,0.00014437730742948885,0.00013059798686099368,0.07797511403148061,-0.020061375443290785,0.1941509421939669
2025-01-09,2025,0.0002801917958499753,2025-01-23,HAR,0.00015411023018812832,0.00012453103931595885,0.00014921373969318256,0.00013124068397466577,0.02737395335095183,-0.06255147243834358,0.21873657040666927
2025-01-10,2025,0.00025247334118705476,2025-01-24,HAR,0.00017644079796302954,0.00014163682689499014,0.00015835578927071047,0.000141774285878131,0.055277461202924094,-0.0007582510623782568,0.13189722773356216
2025-01-13,2025,0.00015499669974186942,2025-01-27,HAR,0.00027392360198367875,0.0001989079618011266,0.0002833845924318908,0.00021089640723662967,0.01506478504806985,0.014228892496978673,-0.1066078957644141
2025-01-14,2025,0.00016203523335349797,2025-01-28,HAR,0.0002680387325995307,0.00020999955261066596,0.0002608252204228796,0.00021505542924727132,-0.010562011762415224,0.005650410736798506,-0.07694981267267753
2025-01-15,2025,0.00016107348795612626,2025-01-29,HAR,0.0002774698802900075,0.00021768967463884543,0.00028263748746963185,0.0002273417335248732,0.007838997901592037,0.011969507598587725,-0.08322736118774099
2025-01-16,2025,0.00014648286919062304,2025-01-30,HAR,0.00027920723183123337,0.00023877678022356992,0.00028583459033181197,0.0002479384991984008,0.011294750988606772,0.014982827809095767,-0.06759165094445851
2025-01-17,2025,0.00014229003262823884,2025-01-31,HAR,0.0002590221738641176,0.0002249656109058328,0.00026532231183289286,0.00023287104980668363,0.010987595505626224,0.013065497371060886,-0.05780464012078479
2025-01-20,2025,0.00012232830323585957,2025-02-03,HAR,0.00024372679307342184,0.00023613415401867332,0.00024299063769252753,0.00023949929204163318,-0.0015044226258922322,0.006871450688224812,-0.015509510613492594
2025-01-21,2025,0.00010374467776966048,2025-02-04,HAR,0.0002473712020480399,0.0002580730568309784,0.00025589938328038017,0.00026496494614963034,0.0199176073124665,0.015898648159104134,0.024961318911017827
2025-01-22,2025,0.00015982175009651044,2025-02-05,HAR,0.00022646722502486248,0.00024922003705944723,0.0002384195672925624,0.0002519835395211135,0.01605309485894768,0.0039945769289087,0.03130677038499652
2025-01-23,2025,0.00013006291377928828,2025-02-06,HAR,0.00024165200267682604,0.00027970183050250085,0.00025642816010866884,0.0002856271469078499,0.028335784131219732,0.011316623081294885,0.07300701955688815
2025-01-24,2025,0.0001302841160284419,2025-02-07,HAR,0.00023102835953471657,0.0002631429434031725,0.0002556452234033603,0.0002670218164044644,0.0469474914541026,0.00744082184485606,0.06133342525839236
2025-01-27,2025,0.00013980953984632567,2025-02-10,HAR,0.0002445129262698581,0.000282893701232639,0.0002609323880699354,0.0002918434520499864,0.029012754771711613,0.015990674023433016,0.06822738349857271
2025-01-28,2025,0.00016551407543010911,2025-02-11,HAR,0.00022609385256718898,0.0002475173496696084,0.00023292313765506048,0.0002529101745146761,0.008294420365037247,0.007295025753288442,0.0271681945893949
2025-01-29,2025,0.00023723023417332318,2025-02-12,HAR,0.00023784382299733484,0.000258627927141278,0.00025006092011721503,0.00026493860009472927,0.0013598729738149018,0.0022589747843984043,0.0036205680965419873
2025-01-30,2025,0.00023547513064529202,2025-02-13,HAR,0.00022502681390457717,0.00023504179495970577,0.00024127742118570822,0.00023545448864366398,-0.0007518130853583216,-1.693600873764467e-06,-0.001043994968348727
2025-01-31,2025,0.0002369682098816848,2025-02-14,HAR,0.00022490689479295848,0.00022979962984115583,0.00022619118027659852,0.00023460887771886563,-0.00028831292763076277,-0.0004264439259156205,-0.0009118816632964766
2025-02-03,2025,0.00023719458041282837,2025-02-17,HAR,0.0001961364499296967,0.00019875969495520884,0.0002179859506497009,0.0002021514913357492,-0.015595840964339303,-0.003102163892958032,-0.0026749438447408735
2025-02-04,2025,0.0002443452203393467,2025-02-18,HAR,0.00018440712724519605,0.00018038613728361649,0.00018213650675698797,0.00017362365767798366,0.0041290991225322315,0.014549455470028505,0.007490091175800018
2025-02-05,2025,0.00018347422516700994,2025-02-19,HAR,0.00023975494531978795,0.00022972042715542967,0.0002242821615663699,0.00022910775673585032,-0.013918839592317767,-0.0005347793855197125,-0.00932676665944232
2025-02-06,2025,0.0001892895407564099,2025-02-20,HAR,0.00023135256684364588,0.00021329641675450688,0.00021321973711067437,0.00021153373438856642,-0.012038577352658564,-0.0009033516943306452,-0.011998165333350741
2025-02-07,2025,0.00026329743325672375,2025-02-21,HAR,0.00022889261084137392,0.00020520396637341447,0.00021494461237000158,0.00020251753578622727,0.01177233951065304,0.003842597598542774,0.023542701995544313
2025-02-10,2025,0.00022109868755519532,2025-02-24,HAR,0.0002575068066986902,0.00021974269875039732,0.00024127249206733583,0.00021333033473759153,-0.007346361883025843,0.0006283840387144579,-0.011031023669279882
2025-02-11,2025,0.00024489991456077447,2025-02-25,HAR,0.00026906910910975225,0.00022087784752711456,0.00028231159911898293,0.0002161226806616592,0.005349274739990584,0.002631449751175019,0.001224043430480215
2025-02-12,2025,0.00015955920377569576,2025-02-26,HAR,0.000253577579044684,0.00022587224404089026,0.000252529348346365,0.00023319313202870866,-0.0015304380389027372,0.009720240798683832,-0.03851905648056686
2025-02-13,2025,0.0002005417191110817,2025-02-27,HAR,0.00024811423294618607,0.0002265518224544224,0.0002451807657829557,0.00022289558547248776,-0.0022230219735099865,-0.0017501656585725556,-0.013987831284077323
2025-02-14,2025,0.0001985534164588119,2025-02-28,HAR,0.0002425106577478385,0.00023513136007335267,0.0002508051467685054,0.00022839759874864764,0.006553722067567769,-0.004160176688050576,-0.005206180680264794
2025-02-17,2025,0.00025878954572781064,2025-03-03,HAR,0.0002312947067201355,0.0002278935952581237,0.00023340035505936871,0.00022339190524356037,-0.0010314909306714526,0.0029323355275945318,0.0018843531450105644
2025-02-18,2025,0.0002570361335032704,2025-03-04,HAR,0.00022611535401166575,0.0002239262656756857,0.0002524531337093676,0.0002228611910429453,-0.00841360896630583,0.0007180232679742105,0.0013843128115773595
2025-02-19,2025,0.00029446404934614,2025-03-05,HAR,0.0001705489155492109,0.00018150328208287668,0.00018723119987118836,0.00017614193732921212,-0.06051486826584007,0.019397268469678153,-0.04195282471938544
2025-02-20,2025,0.0002886376151371952,2025-03-06,HAR,0.00017317257049220456,0.00017934351944658006,0.00019734783262151875,0.00018042649981492314,-0.07350053886141161,-0.003639808894483565,-0.022336425331528353
2025-02-21,2025,0.0002528608699933736,2025-03-07,HAR,0.00024103500584167863,0.00027288597027836796,0.0002936922074237566,0.00028330992164944235,0.009499630755332333,0.0033939564523883803,0.0016663250114730133
2025-02-24,2025,0.00029144233104402443,2025-03-10,HAR,0.00021306867223664706,0.00024240011266535007,0.0002273234832142429,0.0002332099535245749,-0.02101339895122223,0.008729494129623205,-0.036538369610869204
2025-02-25,2025,0.00023721465327431178,2025-03-11,HAR,0.0002659470615744717,0.00033082863337668706,0.0002759591483671526,0.00031918186353993165,0.004594256826832677,-0.00967537740237212,0.04337312740897037
2025-02-26,2025,0.00024848971204993156,2025-03-12,HAR,0.00024731043997048457,0.00029552264765018765,0.0002696812363115619,0.00028467979881627715,0.0032479792379547234,-0.005354314810794847,0.014180985488086328
2025-02-27,2025,0.00025285657732049803,2025-03-13,HAR,0.0002750701737429942,0.0002952964580222096,0.0002961542794910825,0.0002826577986108667,0.008410578435457339,-0.005455404509635997,0.007990086472561053
2025-02-28,2025,0.0002763627705666409,2025-03-14,HAR,0.0002465775608514805,0.00026999986237600447,0.0002667041926852792,0.00025792679851265315,-0.0061163559307431115,0.0021655661528177106,-0.0064832905235698846
2025-03-03,2025,0.00020938493412514316,2025-03-17,HAR,0.00030036345179457386,0.00036352294588582417,0.00032614378521533685,0.00034772184678416004,0.027241775775966204,-0.018265621522211895,0.06973215811164302
2025-03-04,2025,0.00020384942464805655,2025-03-18,HAR,0.0002863707882813094,0.0003658530827713706,0.0003079222538147896,0.00034815107139340637,0.022738428330784544,-0.021264618312508254,0.09029635462429297
2025-03-05,2025,0.00016617673744015896,2025-03-19,HAR,0.00031382992163048846,0.00043353432502644056,0.0003411381451109198,0.00041758434631331644,0.041048703385595076,-0.022843696423100468,0.17691468736022387
2025-03-06,2025,0.0001742625901092352,2025-03-20,HAR,0.00029663178470321007,0.00040004412678211487,0.00031579840725274927,0.0003851462784302217,0.02695733168434522,-0.021101876740591052,0.14722062698876925
2025-03-07,2025,0.00013569640939945188,2025-03-21,HAR,0.0003015844812532061,0.0003600267545280181,0.0003238368077764304,0.00034308010943759413,0.04027172935311629,-0.02959685403572454,0.10408969268853685
2025-03-10,2025,0.0001295443926405397,2025-03-24,HAR,0.00031317148398008523,0.0004093583064865981,0.0003196454620082286,0.00038829818563652517,0.01208356218835771,-0.035653579386282885,0.17064391764775255
2025-03-11,2025,0.00012650049624565173,2025-03-25,HAR,0.0003107730806367178,0.0003871918908828554,0.000330936298388559,0.00037568952534803527,0.03806218425167529,-0.020154483519014832,0.1395190703731366
2025-03-12,2025,0.00012475433081100604,2025-03-26,HAR,0.0002911245647352683,0.00033843636385188494,0.00031649837652072895,0.0003244418959154045,0.04921179568153544,-0.026329582634536663,0.09067899887229292
2025-03-13,2025,7.873513342395352e-05,2025-03-27,HAR,0.00031270430634430525,0.00039575760017562984,0.0003337130130335203,0.0003778380222009506,0.049172191492267814,-0.036900887952282524,0.18270392879308073
2025-03-14,2025,5.413053834954293e-05,2025-03-28,HAR,0.00027614169420975737,0.0003177834994150822,0.000312836050956929,0.00031531812688472065,0.10177228358048662,-0.006456458461594927,0.11476949771416312
2025-03-17,2025,0.00016596379196536548,2025-03-31,HAR,0.00025284156396172624,0.0002897555527812743,0.00026821387478598215,0.0002823971369816668,0.021401292245482928,-0.010798578442638984,0.0526519013714708
2025-03-18,2025,0.0001709996048283587,2025-04-01,HAR,0.00023890814096209613,0.000269975547887218,0.0002559381420609244,0.00026624774518796635,0.021230683537055484,-0.005035898861421195,0.03988687594510942
2025-03-19,2025,0.0001753254001047849,2025-04-02,HAR,0.00024190390698646113,0.0002720804489431675,0.00024791900293037674,0.0002619003643550875,0.006976833739194888,-0.013086240196154009,0.037172393183236174
2025-03-20,2025,0.0005657468877905182,2025-04-03,HAR,0.0002307772635362084,0.0002502248539157092,0.0002520124048511875,0.00024054488557445492,-0.11854239542435874,0.051531722616781295,-0.10962358944632555
2025-03-21,2025,0.0009179753456744766,2025-04-04,HAR,0.000191339262401557,0.00021409414238821137,0.00021250646319235185,0.00021576960495406778,-0.37295498065147825,-0.025499003122697594,-0.39754596594554314
2025-03-24,2025,0.000995538205721167,2025-04-07,HAR,0.0002495134319657985,0.00024299343933753968,0.00027108534152856304,0.0002409395985725771,-0.23458113246426393,0.026435667834189935,0.08057906218022026
2025-03-25,2025,0.001032547090565946,2025-04-08,HAR,0.00021291695664364075,0.00020727263758017715,0.00023320110058730242,0.0002026532104545835,-0.3308196209239984,0.0910152019678181,0.1051921649797336
2025-03-26,2025,0.0011567067254155431,2025-04-09,HAR,0.00022819551545898506,0.0002061024898803728,0.00024530685149042275,0.0001976154280127341,-0.2812751062378007,0.1989823108994324,0.44153134393179094
2025-03-27,2025,0.0012411107597146457,2025-04-10,HAR,0.00019390836999855972,0.0001691290017394338,0.0002074486152270337,0.00016340936994187365,-0.3502650579309581,0.22244914333214894,0.8010239829406451
2025-03-28,2025,0.001289885452027786,2025-04-11,HAR,0.0001902198550653185,0.0001630779415534746,0.0001947389187310278,0.00015770074022560966,-0.13387954059587326,0.23616940619224902,0.9746490030339761
2025-03-31,2025,0.0011807787639170739,2025-04-14,HAR,0.00025938674116009934,0.00018806342861967936,0.00024314137558712162,0.0001821680621217574,0.2394754025097301,0.17134058573195876,1.4048849319903534
2025-04-01,2025,0.001183791466791741,2025-04-15,HAR,0.00025870130735177225,0.00018323217449450361,0.00022085732515049206,0.00017944544303573505,0.6259249779854548,0.11545159027652296,1.5397884920010352
2025-04-02,2025,0.001220351533556679,2025-04-16,HAR,0.00022477203739210036,0.00016411922804073878,0.0001776617776923714,0.00015752592847616847,1.204468904384827,0.2702231746311794,1.691983161988448
2025-04-03,2025,0.00086235374618048,2025-04-17,HAR,0.0005053078649531757,0.0004406391662757075,0.0004766366313395537,0.0004648574891468403,0.0442434948815027,-0.048454679931092315,0.11351962576628871
2025-04-04,2025,0.000513456254339096,2025-04-22,HAR,0.0007229004724671591,0.000716385035992402,0.0007039464938336971,0.000742562374443351,-0.007444897728127842,0.01062233468157281,-0.002593928603003448
2025-04-07,2025,0.00041300267673776824,2025-04-23,HAR,0.0007816900777519266,0.0007957792793700057,0.0007380695157671307,0.0007975749885995911,-0.026194621799474405,0.0010855103923406162,0.008509202459570986
2025-04-08,2025,0.0003879358496900825,2025-04-24,HAR,0.0007805749078965334,0.0007766903562125088,0.0008171799759343211,0.000760457307439811,0.023566411297699652,-0.010459821207608577,-0.002503310085058885
2025-04-09,2025,0.0002573118175388229,2025-04-25,HAR,0.0008547004089302295,0.0007756294028429501,0.0008870450104863652,0.0007576094522073847,0.02616725436119971,-0.015616147778799494,-0.06638533290127491
2025-04-10,2025,0.0001893442899773935,2025-04-28,HAR,0.000862051417272937,0.0008222642284108375,0.0008210754428918114,0.0008019869178916063,-0.037738540112991714,-0.01914733667235513,-0.03662514431917874
2025-04-11,2025,0.00024368831144895827,2025-04-29,HAR,0.0008244318934651956,0.0007642856600889039,0.0008531863315441823,0.0007456928114354248,0.024321560172804624,-0.016677925046255204,-0.052491687220115324
2025-04-14,2025,0.00025202122552416613,2025-04-30,HAR,0.0007643466612423466,0.0007021469655139223,0.0007888014424684954,0.0006837320390922992,0.021271036924928488,-0.016909617622869355,-0.055670349390156026
2025-04-15,2025,0.00026927334309256287,2025-05-01,HAR,0.0007512000737312182,0.0006987036387163689,0.0007329482870041985,0.0006784295719733382,-0.01567061111479706,-0.017929076202888083,-0.04551298421178185
2025-04-16,2025,0.0002450514590330275,2025-05-02,HAR,0.0007400314200431708,0.000673492637805439,0.0007184299338110762,0.0006547332552912985,-0.01966796941560922,-0.01782409531110396,-0.06150041421276242
2025-04-17,2025,0.00022069998035955467,2025-05-06,HAR,0.0007355963413873875,0.0006513229894224833,0.0007913618572532016,0.0006489790209070245,0.051931457981171825,-0.0023814251046054835,-0.08285576131761019
2025-04-22,2025,0.0003301570009236612,2025-05-07,HAR,0.0006962380906810006,0.0006362260340244914,0.0007239611595344746,0.0006278389161650385,0.020887189902275338,-0.006338028982674437,-0.04540872300545473
2025-04-23,2025,0.0004178267762956991,2025-05-08,HAR,0.0007056896422817107,0.0006630400735180569,0.0006752018322558175,0.0006462574998505088,-0.017429194370817136,-0.009272647057105843,-0.024254808649078363
2025-04-24,2025,0.0005093672839223692,2025-05-09,HAR,0.0007155453513278643,0.000688136333926344,0.0007176010689891095,0.0006753656052617352,0.0008295514708480667,-0.004735850118834151,-0.010704099322965455
2025-04-25,2025,0.000528416283910158,2025-05-12,HAR,0.0006696346469264378,0.000669333722779669,0.0007124983343451601,0.0006506236421591151,0.014572611683524528,-0.005648627806709605,-9.471190025500675e-05
2025-04-28,2025,0.0005740295199589185,2025-05-13,HAR,0.000647734942348469,0.0006795656277793647,0.0005933474354838116,0.00065353712249972,-0.006469481670337451,-0.005412475550823359,0.006462357384112494
2025-04-29,2025,0.0004944787993200626,2025-05-14,HAR,0.0007863975311522805,0.0008538207558541962,0.0007635982407772767,0.0008255757288517682,-0.010646419559951603,-0.013826566792520367,0.03260552838861752
2025-04-30,2025,0.0005400511676972423,2025-05-15,HAR,0.0007839992928995213,0.0008829517663279415,0.0008026303493533553,0.0008497526487313419,0.007496422020012439,-0.014428898181571448,0.041663946798993656
2025-05-01,2025,0.0005315652240263093,2025-05-16,HAR,0.0008060434438170067,0.0009394957226993159,0.0008253851121631441,0.0009039703436425962,0.008258634030880785,-0.016311243101012174,0.05952941741222517
2025-05-02,2025,0.0005404225581519039,2025-05-19,HAR,0.0007673145872727352,0.0009176579955165375,0.000801702933597766,0.000887116591743655,0.013630767632224483,-0.013573346460415081,0.0635391247906405
2025-05-06,2025,0.0005341847994525548,2025-05-20,HAR,0.0007726116305112638,0.0009083339925622961,0.0008356221331435754,0.0008770398805595494,0.026264543144000285,-0.014075632054362686,0.058527123528952174
2025-05-07,2025,0.00044735235985652417,2025-05-21,HAR,0.0008345887070864977,0.0010503307812226958,0.0008516162104162819,0.0010129662281006674,0.009479658209177622,-0.02051181384516365,0.11982172425951543
2025-05-08,2025,0.0003730822355588752,2025-05-22,HAR,0.0007257788211239685,0.0008435136515001493,0.0007353832886608151,0.0008181931718726766,0.00643286284609168,-0.01678998738338322,0.07858222228293421
2025-05-09,2025,0.0002758781313663424,2025-05-23,HAR,0.0006204784299335435,0.0006599730463395384,0.0006233719110342723,0.0006401763162532444,0.0025886840880344764,-0.017528744143006314,0.03510076287565678
2025-05-12,2025,0.0002793162697603133,2025-05-27,HAR,0.0005735287880073892,0.000577674049792719,0.0005373466098190076,0.0005551084039009627,-0.03237178583679956,-0.02019089904817406,0.0037069478185172144
2025-05-13,2025,0.00026337377032149107,2025-05-28,HAR,0.0005973863365496382,0.00055680701273631,0.0005926427233737434,0.0005416222579245729,-0.0044434538348001595,-0.014388799879339054,-0.038214840590653054
2025-05-14,2025,0.00026933541831112103,2025-05-29,HAR,0.0005189013936161228,0.00048758347257492416,0.0005398308675526558,0.000490851789409339,0.01941824553288196,0.003002670706770516,-0.028913369691957236
2025-05-15,2025,0.00021458848546361686,2025-05-30,HAR,0.0004980938474015643,0.0004803130062742994,0.0004440650152044247,0.0004822047304218182,-0.06240027238390322,0.0021780846796577435,-0.020401897091281818
2025-05-16,2025,0.0003139383391994289,2025-06-02,HAR,0.00045750523141138423,0.0004244932134132707,0.000483353702227205,0.0004108859473267919,0.018264422116923917,-0.008088402395113548,-0.021528148889085053
2025-05-19,2025,0.0003076741859496346,2025-06-03,HAR,0.00046990079263975866,0.0004121308596004212,0.0004230141357795035,0.00042005496835806447,-0.03254229575101153,0.004961496763995044,-0.03939992160310357
2025-05-20,2025,0.0003111140194551743,2025-06-04,HAR,0.00045137522289894866,0.00038140936380120426,0.00044733933222107535,0.0004123431459262939,-0.0027630552797894836,0.016789534584740196,-0.041988000626621336
2025-05-21,2025,0.0002896639376123409,2025-06-05,HAR,0.00044712756078270366,0.00038645419394592334,0.00040783079207365344,0.0003998019440341979,-0.029569254384597343,0.008931774997249953,-0.04412071799045947
2025-05-22,2025,0.0002836804729010823,2025-06-06,HAR,0.00042378935904984014,0.00037847371643491177,0.00033507474018953584,0.0003636502931930503,-0.05765469681265589,-0.00940064497997195,-0.032942069826817466
2025-05-23,2025,0.000287591011122825,2025-06-09,HAR,0.00041797109021946845,0.0003618895537244676,0.0003511583977902746,0.00036023594016719283,-0.0432612064765836,-0.0009319310400677239,-0.03744479605022644
2025-05-27,2025,0.0002615296744358343,2025-06-10,HAR,0.0004307517895076662,0.0003898190950929472,0.0003575345227611904,0.00037471669619119625,-0.06196624638736825,-0.012472878367212559,-0.03609618641104273
2025-05-28,2025,0.00038521354273747933,2025-06-11,HAR,0.0004644401823197289,0.00039496815595053736,0.0004088936719996364,0.00038242982014541837,-0.01470506271716765,-0.00028372809758003825,-0.016139602700452116
2025-05-29,2025,0.0003596775167996889,2025-06-12,HAR,0.00047621436115627836,0.00042128071734785316,0.00041623050069558153,0.00040716362780715337,-0.025783186977247574,-0.004482474680669313,-0.024081983113156902
2025-05-30,2025,0.0008521336331128408,2025-06-13,HAR,0.0004540372066260744,0.00040917688973948627,0.000367293672042966,0.0003920189018872169,0.23122358318559488,0.04831235193650141,0.10173151280515302
2025-06-02,2025,0.000751791665922666,2025-06-16,HAR,0.0005076056522752585,0.00040542083008040586,0.00044201087127061556,0.0004042813882208541,0.0814193351106205,0.0024118933683254795,0.14851507250779594
2025-06-03,2025,0.0009580492623339961,2025-06-17,HAR,0.0005050303788874165,0.000385300735194735,0.00041915528615208694,0.00037055952285037743,0.20227640250513623,0.059905171597389284,0.31888980484595564
2025-06-04,2025,0.0009458413201478607,2025-06-18,HAR,0.0004890085664389415,0.00038543859948362213,0.0003941674646617398,0.0003728513871495627,0.2497864755214545,0.049641210446894846,0.28173508415622184
2025-06-05,2025,0.0010041802096500314,2025-06-19,HAR,0.00047223979494412393,0.00036777578368447114,0.0003752305810923597,0.00035237491261879637,0.31980204801127243,0.0765575058091672,0.3539806008112958
2025-06-06,2025,0.0010297283246963925,2025-06-20,HAR,0.00048046767731204656,0.00036851884686993927,0.00037307431994609505,0.0003526755515954718,0.36395430652692795,0.08158249641836957,0.3857878889959432
2025-06-09,2025,0.0013481359190175585,2025-06-23,HAR,0.0003838759235350841,0.0003072242399591213,0.0003016104006823198,0.0002926011779053606,0.7167039016476453,0.17053353030379625,0.6534701739382855
2025-06-10,2025,0.001873911050825245,2025-06-24,HAR,0.0003273009641528521,0.00028449239944742085,0.0002800834150200332,0.0002732104667036957,0.8094082807839245,0.23153312830761852,0.7213391153520261
2025-06-11,2025,0.0017151314741048428,2025-06-25,HAR,0.0004294876035693037,0.00033892367644482174,0.0004316582625073519,0.0003530473617933829,-0.01504026253443902,-0.16161936050803938,0.8302697784104129
2025-06-12,2025,0.0017117379119682078,2025-06-26,HAR,0.00041142781215051884,0.00035608447170212755,0.00041795789167522096,0.00037099109770846603,-0.04925531451574283,-0.15214231263139855,0.5021645644299335
2025-06-13,2025,0.0012308495006381466,2025-06-27,HAR,0.0007339358781206412,0.0005197021837619045,0.0007104538962804886,0.0005175702642060164,0.022912493662518685,0.005644921547836468,0.3461557699059741
2025-06-16,2025,0.0012465095332480104,2025-06-30,HAR,0.0007185675836425483,0.000556576260920544,0.0007323607469246058,0.0005699979737166346,-0.013657876037346917,-0.02890719406917608,0.24943244314028234
2025-06-17,2025,0.0010268596189087222,2025-07-01,HAR,0.000848983567454377,0.000593565063942482,0.0008659470534894165,0.0006047723474324813,-0.003909909231421871,-0.013353822556146255,0.1625771416225703
2025-06-18,2025,0.0012350307158518906,2025-07-02,HAR,0.0008018588445356804,0.000590183462620101,0.000803379462079643,0.0005933864203538894,-0.0010207023824477801,-0.005883089576281364,0.2459129136230782
2025-06-19,2025,0.0011750655530661212,2025-07-03,HAR,0.000843732532890712,0.0005992886365283659,0.0008610452824966867,0.0006062929776050593,-0.007690979744521265,-0.01103223693747335,0.22597597487546128
2025-06-20,2025,0.0011399998201901882,2025-07-04,HAR,0.0007802521725957999,0.0006142917966854959,0.0007974546161706176,0.0006185347123616267,-0.009709899900981256,-0.0058467986725272425,0.15558230294464792
2025-06-23,2025,0.0008273708687857554,2025-07-07,HAR,0.0010130872232577152,0.0009080881518374216,0.0010283436350880498,0.0009134763863775692,0.0028308305930151434,0.0005417749318423759,-0.014985962935842423
2025-06-24,2025,0.00030521687880015274,2025-07-08,HAR,0.0013389157379351112,0.0013254043891227365,0.0013721514006848152,0.0013514672008737658,0.01899823114923649,0.015032255381087545,-0.007818686738875869
2025-06-25,2025,0.00029912850037927096,2025-07-09,HAR,0.0013189655558542798,0.001260888543115426,0.0013476561768248458,0.0012938579660959925,0.016690959474994216,0.019766628542285503,-0.03458504874144097
2025-06-26,2025,0.0003490436324988276,2025-07-10,HAR,0.0012767645929762515,0.001168274597188584,0.0013011354471889373,0.001204791268491788,0.01378753176268166,0.02172283775339512,-0.06341412674949076
2025-06-27,2025,0.00039123776453206386,2025-07-11,HAR,0.0012729817951850138,0.0011239764735288904,0.0013014399402397608,0.0011634218936533093,0.015388787600411291,0.022691096125184274,-0.08374524814485884
2025-06-30,2025,0.00038341810877933006,2025-07-14,HAR,0.0012189328876887652,0.0010796408039302039,0.0012267440722714775,0.00111415377139346,0.004384886331188831,0.02046581269433645,-0.08076478719938329
2025-07-01,2025,0.0003870993079838667,2025-07-15,HAR,0.0009328273571371992,0.0008524183802432966,0.0008743045562740297,0.0008516818805098647,-0.037014484384787494,-0.0004716819982926168,-0.05099799082180123
2025-07-02,2025,0.000184621498259204,2025-07-16,HAR,0.0011643366393221213,0.0009469097519657127,0.0010973125666340928,0.0009488535585123632,-0.04960234594897717,0.0016512676580928698,-0.17029403798098652
2025-07-03,2025,0.0002365139325691048,2025-07-17,HAR,0.001135039931590934,0.0009200896471255654,0.001083599868636473,0.0009337979995842169,-0.03648725834214961,0.0110154060220502,-0.1612716785142334
2025-07-04,2025,0.0002304087122948053,2025-07-18,HAR,0.0011340488855327913,0.0009044218242399991,0.0010087756439385916,0.0008899640357287129,-0.09182616158039103,-0.01197618226902808,-0.17466922936797502
2025-07-07,2025,0.00022831892001316025,2025-07-21,HAR,0.001135821388567928,0.0008881521694814927,0.0010097696381166108,0.0008295188064412851,-0.09254051806953356,-0.05012654909422931,-0.18991298995248052
2025-07-08,2025,0.0003217294970539534,2025-07-22,HAR,0.0011252074367942928,0.0008678464655061621,0.0009882988972781364,0.0008324346697510577,-0.09012790116056202,-0.025889560725889105,-0.17491524616302367
2025-07-09,2025,0.00032215740357668986,2025-07-23,HAR,0.0009029450470706885,0.0007394681157698889,0.0007070396625726157,0.0006884472801960012,-0.1457174840995803,-0.03920558200875135,-0.12085472249581919
2025-07-10,2025,0.0003037031565147838,2025-07-24,HAR,0.0010233082201940797,0.0008377738784156883,0.0008057650826341695,0.0007870937862346856,-0.15887660493265088,-0.03905906918400959,-0.1343213076550187
2025-07-11,2025,0.0002771009216779093,2025-07-25,HAR,0.001030105571155332,0.0008007147681890694,0.000857239306738558,0.0007732249951100644,-0.1294538688938598,-0.02263130803902591,-0.17484727749797013
2025-07-14,2025,0.00030825444218666954,2025-07-28,HAR,0.0010406332626187662,0.0008241888721858879,0.0010141847257996398,0.000868131447681513,-0.01801941052630962,0.0330120281932782,-0.15539366003546728
2025-07-15,2025,0.0004042327630600313,2025-07-29,HAR,0.0008294931644719997,0.0006622229622459956,0.0006922422652781158,0.0006488236046148712,-0.08425693324682904,-0.007835203953465708,-0.10211965710285753
2025-07-16,2025,0.0004078263731670278,2025-07-30,HAR,0.0008261990543041581,0.0006688559043942054,0.0008055623321547408,0.0007157737339772759,-0.012649758922309573,0.0278281475802995,-0.0951473873600639
2025-07-17,2025,0.00035860614857209503,2025-07-31,HAR,0.0007600813361260315,0.0005947086877476338,0.0006800460445392126,0.0006115828697651935,-0.05573836666422771,0.011341555481078736,-0.11415883066062982
2025-07-18,2025,0.0005173594475172037,2025-08-01,HAR,0.000708905731860167,0.0005728056642220385,0.0006338239489206717,0.0005898029537530642,-0.025500363975639928,0.003212980639663243,-0.03977372226890985
2025-07-21,2025,0.0005228591505269441,2025-08-04,HAR,0.0006880599122065234,0.0005554787796909627,0.0006174617469054969,0.0005370100301421271,-0.021374395892512332,-0.001441426597049933,-0.03267247758348457
2025-07-22,2025,0.0004273173776910378,2025-08-05,HAR,0.0007802630500516886,0.0006683204408718845,0.0006341204558251518,0.0006512771676570133,-0.0811761330076246,-0.00910025528052838,-0.0631314871471984
2025-07-23,2025,0.0004508362372040105,2025-08-06,HAR,0.0006195876900963913,0.0005481304807434433,0.000547219574820009,0.0005386388343892232,-0.02797605504169276,-0.002974399180961207,-0.02768196780738741
2025-07-24,2025,0.00043985114855700085,2025-08-07,HAR,0.00037668664556597307,0.00032901845105204997,0.0003738117576394266,0.0003280367845789998,0.0013190401713600863,0.0010125349858283172,0.033874300129711266
2025-07-25,2025,0.00041152474341030925,2025-08-08,HAR,0.00039293720825989587,0.00035882773014638155,0.0003853113584424338,0.000355643530648504,0.0011295172504333095,0.0013547212542945886,0.008747313685258717
2025-07-28,2025,0.0003575061349961054,2025-08-11,HAR,0.0004315393686877574,0.0003790534276924681,0.0004587452893038487,0.00037781010939399003,0.012005468798814256,-0.00018166564635446747,-0.014970427072454662
2025-07-29,2025,0.000258949235064897,2025-08-12,HAR,0.0004816229759915234,0.0003852234315457727,0.00045798692889116073,0.00039829103879952354,-0.022573115199391758,0.011304970549738336,-0.08879242414298982
2025-07-30,2025,0.00025483764153454657,2025-08-13,HAR,0.00046743833450909255,0.0003564307237182105,0.00045244139554455744,0.0003454920979485744,-0.014538303108222905,-0.008533427289558304,-0.10133567435300961
2025-07-31,2025,0.0003267500751646207,2025-08-14,HAR,0.00045926013338917803,0.0003492002818203018,0.00035967012722613396,0.00033660835829331956,-0.04742853229873756,-0.0017222742714748662,-0.049732086787925844
2025-08-01,2025,0.00018132962758558242,2025-08-15,HAR,0.0004673626591444382,0.0003797024011649978,0.0004062776968534505,0.00038706940994953247,-0.08173403854788042,0.010126995732788302,-0.1181453477888823
2025-08-04,2025,0.00017823500300481737,2025-08-18,HAR,0.00046599794280665003,0.00040528420723116046,0.0004652007929466837,0.0004419761105254293,-0.0010566912135860917,0.05015785926427707,-0.08229507325966345
2025-08-05,2025,0.0002281429209847027,2025-08-19,HAR,0.0004387215953748499,0.00042296412534444474,0.00044305100028683346,0.00046225387029327704,0.004738349109499218,0.04298080706934826,-0.017204486150952825
2025-08-06,2025,0.00022077406309236737,2025-08-20,HAR,0.00045390944012222096,0.0004712055079997596,0.00039288869222889653,0.0004745733752107467,-0.06882964759576371,0.003796939551031109,0.019543423246313196
2025-08-07,2025,0.0002135191666238875,2025-08-21,HAR,0.00046470107896583407,0.0004756897972738954,0.0004047136470134546,0.00047949218209099255,-0.0701101171244698,0.004402146238163596,0.012757418905063211
2025-08-08,2025,0.00021310735962575054,2025-08-22,HAR,0.0003981908859592039,0.00040602383347789254,0.0003299714076364725,0.0003911357552477871,-0.07727860458659297,-0.017378883514022725,0.009155577380374424
2025-08-11,2025,0.0002552159100226182,2025-08-26,HAR,0.0003635365695451605,0.0003685938470207665,0.00032214453123153544,0.0003563146283262547,-0.03067561835171606,-0.010019779007641283,0.004183193170401722
2025-08-12,2025,0.0002645665294546374,2025-08-27,HAR,0.00034842471303648203,0.00036167765637355325,0.00028515774760096445,0.0003504959662766757,-0.03191150909208851,-0.008067561684287128,0.009507376984808857
2025-08-13,2025,0.00027364207080002117,2025-08-28,HAR,0.0003224526932579648,0.0003569994746891332,0.00031542401303707773,0.0003437990326604747,-0.0031284411187835204,-0.008246431117327369,0.019656372142310197
2025-08-14,2025,0.00020923417128147157,2025-08-29,HAR,0.00039561790403517383,0.00041098842180711744,0.00042639028308823115,0.0003956253817325805,0.03673725687560392,-0.01832776926027435,0.018336674067452208
2025-08-15,2025,0.0002066006156977621,2025-09-01,HAR,0.00040246889439846426,0.0004369707969157625,0.0004304594010711364,0.00041956135440941733,0.03385585176190187,-0.021037969550739,0.041717310891208115
2025-08-18,2025,0.00021161419109650488,2025-09-02,HAR,0.00039128269639017525,0.00040618845021069455,0.00041928254728320697,0.00038939151211038367,0.03299843677525072,-0.019758929594457797,0.017540563341928994
2025-08-19,2025,0.00016039876744381823,2025-09-03,HAR,0.0004345211536379675,0.0004881732232773016,0.0004674867375012754,0.0004673949797347136,0.04709590654768725,-0.02888893573340301,0.07585590235790285
2025-08-20,2025,0.00017913852450553248,2025-09-04,HAR,0.0004406283744659736,0.0004645464413137994,0.0004725167564554203,0.00044488718363917953,0.04243468238191461,-0.026200510752458328,0.031927570388575965
2025-08-21,2025,0.00021679369971603634,2025-09-05,HAR,0.0003777477011600691,0.00037944589428361175,0.00039586225056020027,0.0003649192490429545,0.02057775431820108,-0.016292000015543096,0.0019169854431861921
2025-08-22,2025,0.0002228502301301702,2025-09-08,HAR,0.0003631775144271562,0.00036377685653775675,0.00032984435617759944,0.00035562339792109354,-0.03426086703750997,-0.008623095313214257,0.0006379532298801394
2025-08-26,2025,0.00032383308389102286,2025-09-09,HAR,0.00038656723068690994,0.00041670717190370513,0.00037951581131755044,0.0004017541955043954,-0.0028447657278487526,-0.007619360792198826,0.014487020946977403
2025-08-27,2025,0.00031017834994579525,2025-09-10,HAR,0.00036428141862328024,0.0003735659300918442,0.00039766754686050766,0.00036468310735995516,0.016203753126263543,-0.0038411485031799586,0.00400534637490324
2025-08-28,2025,0.0002972779358609523,2025-09-11,HAR,0.00034341418544227135,0.0003326060355648992,0.0003619954967675248,0.0003357064942740996,0.00826028757198305,0.00102388422425026,-0.003848805739608885
2025-08-29,2025,0.0002926268387537922,2025-09-12,HAR,0.00029920198257897383,0.0002998851372093533,0.00032764405709623283,0.0003031421069577307,0.005908764723665527,0.00031817822720991984,5.2660329132869776e-05
2025-09-01,2025,0.00028059585533545857,2025-09-15,HAR,0.00030399581656477933,0.0003173744999178592,0.00036260685029333327,0.0003257895470290974,0.027109304662090494,0.0033326954207879567,0.0041590834539046995
2025-09-02,2025,0.000327955595581954,2025-09-16,HAR,0.0003042329602052756,0.0002992495812723776,0.0003519346368743554,0.00031532921014534073,-0.0004584162523650903,-0.0035454904269336396,0.0014356546095690703
2025-09-03,2025,0.00033077998721859074,2025-09-17,HAR,0.00022143645276038448,0.00021830395544297153,0.00027560683056119796,0.00023604477223163232,-0.07476435044707319,-0.03574934437985,0.007187518382038682
2025-09-04,2025,0.00032969009991555906,2025-09-18,HAR,0.00024310705752934847,0.00025291792626023834,0.00027221370272113995,0.00025202524226838056,-0.03192199707941423,0.0010814302195489844,-0.013042988710062708
2025-09-05,2025,0.0002915750002590639,2025-09-19,HAR,0.0002782039381666858,0.00031091767279339003,0.0002881227860794383,0.0003340949951514095,-0.0010480467178126673,0.006839590305202314,0.0009000793577014221
2025-09-08,2025,0.00028593285996389884,2025-09-22,HAR,0.0002626140382000422,0.00028706726124354883,0.00028337539463870707,0.0002834073912812556,-0.003682940422581993,3.164089176177498e-05,-0.003715593862477995
2025-09-09,2025,0.00016818679642971064,2025-09-23,HAR,0.0003559470476712799,0.00033055619038219083,0.00038013737915158086,0.00032233227428432365,0.03568251227871588,-0.012212341413097683,-0.03771100376775305
2025-09-10,2025,0.00022515426895197062,2025-09-24,HAR,0.0003504622702341767,0.00032963723894415046,0.00036769689082041633,0.00031933524967201534,0.017893108906839927,-0.009716024996472505,-0.020673154233070257
2025-09-11,2025,0.00023651948520974817,2025-09-25,HAR,0.0003450567159495005,0.00032784958908987666,0.0003707594559455863,0.0003154234227079238,0.024326089084237168,-0.010218249965911141,-0.01517808930572162
2025-09-12,2025,0.00023704928398528827,2025-09-26,HAR,0.00033813694264668814,0.00030662053370226767,0.0003317287588405347,0.0002960388437036966,-0.005590856245859754,-0.00748626239161343,-0.025782146495074265
2025-09-15,2025,0.0003311967939851566,2025-09-29,HAR,0.00032052854811474195,0.0002849718388093511,0.0002960793290804046,0.00027587839114165744,0.005981078773379167,0.005878285513183812,0.011344577444800663
2025-09-16,2025,0.0002668199924827305,2025-09-30,HAR,0.000308265029770535,0.0002390185405393867,0.0003075678542505322,0.0002332090556821105,-0.00030218885923627425,0.0032027529814140365,-0.0036576109851447214
2025-09-17,2025,0.00033655024112622556,2025-10-01,HAR,0.0003011610183990931,0.00024151677002739167,0.0002773712327926937,0.0002385119403189102,0.013559116160650753,0.005035927154684927,0.05527055147336046
2025-09-18,2025,0.0003318165651160567,2025-10-02,HAR,0.0003280002664973948,0.0002942715030152788,0.000298841962595194,0.0002882007999889049,0.005606685084066143,0.0029062818075207275,0.007439822003314944
2025-09-19,2025,0.0003294409221915423,2025-10-03,HAR,0.00030796986002881434,0.0002975970403387445,0.00029925814679999474,0.00031503913475132845,0.002445242834668626,-0.004332564018889151,0.0030237288141208296
2025-09-22,2025,0.00034949030973075395,2025-10-06,HAR,0.0002936543818372816,0.00028617646729455827,0.0002666994752008159,0.00029727094720415656,0.02400474930326091,-0.007542681887112934,0.005304049877759454
2025-09-23,2025,0.00032334932533855884,2025-10-07,HAR,0.0002904690839342093,0.00026145312734934795,0.00025443357693859904,0.00026415342585843406,0.025205105595002664,-0.0023674491670462317,0.01830000827880074
2025-09-24,2025,0.00026598011216649004,2025-10-08,HAR,0.00033889441064257437,0.0002687259384210242,0.00033593202558209747,0.0002848805272782242,-0.0018586553777568682,0.002250730597837425,-0.02706104392862052
2025-09-25,2025,0.0002524008654015126,2025-10-09,HAR,0.00031503168083695513,0.0002455709080880301,0.0003179062632753583,0.0002668543812564572,0.001838797238904455,0.0011422594856256296,-0.022466913515219566
2025-09-26,2025,0.0004270672071378355,2025-10-10,HAR,0.00030930605824831396,0.00024047817216548228,0.0003003199346272772,0.0002555402365000415,0.011830972770589199,-0.0439251211595959,0.14347952422851584
2025-09-29,2025,0.00033455357492220654,2025-10-13,HAR,0.0003770834197824082,0.0003367459405546446,0.0003817307464889659,0.0003637790793568881,0.0014478153273884686,0.00338983538331572,-0.006861816237413443
2025-09-30,2025,0.0003624028859966477,2025-10-14,HAR,0.000362974224093948,0.000341081822876619,0.00035710603811435135,0.00036424563236905005,0.00010768861333332325,-0.0018631326308513607,0.0018747329700703474
2025-10-01,2025,0.0002989195492578638,2025-10-15,HAR,0.00040352814965286617,0.0004162656113203757,0.00040376893562165447,0.00045088443898199445,0.0001547715980754205,0.024752082284748234,0.008410359240558662
2025-10-02,2025,0.0003052841112122131,2025-10-16,HAR,0.00041331225474462474,0.00043704964809200493,0.00036106969024757974,0.0004411615785894289,-0.028261507528241303,0.002853792426644297,0.0157264534349002
2025-10-03,2025,0.00029488421445989795,2025-10-17,HAR,0.0004159867503108186,0.0004076999644043791,0.00034682673668464146,0.0004062421141798428,-0.040471981055755,-0.000986594034515953,-0.005713430114064444
2025-10-06,2025,0.00028138630410136465,2025-10-20,HAR,0.0003881485899590199,0.00036010201426477486,0.00034380879456202395,0.0003699037816774536,-0.027809008116209455,0.006149709815537641,-0.018538478646299872
2025-10-07,2025,0.00028365501984101843,2025-10-21,HAR,0.00034618633722507567,0.0003190281980891582,0.0002853378518293186,0.00031654263173921916,-0.018571862458572674,-0.0008399707534749723,-0.011946514275440911
2025-10-08,2025,0.0003245161621847236,2025-10-22,HAR,0.00032676691962779084,0.0003021508103838019,0.0002690835260579133,0.00029888602088077085,0.01866797781454821,0.0008677672355785759,0.002587584564426315
2025-10-09,2025,0.0007187465984056044,2025-10-23,HAR,0.00024025213195203105,0.0002260015925558687,0.0001914002378792732,0.00022030979309465535,0.5362453890758285,0.056656379657968436,0.1274907648247421
2025-10-10,2025,0.0005413248784951866,2025-10-24,HAR,0.0003993035092907195,0.0004112513721305095,0.0003191278779775172,0.000397018276034898,0.11646057069437443,0.011966539000331622,-0.009902787881712172
2025-10-13,2025,0.0005415073398093535,2025-10-27,HAR,0.0003855149130085631,0.0003930252225010263,0.0003311659923891136,0.00037907829052917996,0.07855972473482442,0.014560296845180787,-0.0075472043912849784
2025-10-14,2025,0.0005617019234382727,2025-10-28,HAR,0.0004109241240050844,0.0004303689527288994,0.0004335897289382744,0.0004184349371506687,-0.017764818769763657,0.009102592083635841,-0.01552573874466745
2025-10-15,2025,0.0005733420316775918,2025-10-29,HAR,0.00041676100140557165,0.00044252871168471293,0.0003882759907178588,0.00042753094851637983,0.030129366814574787,0.010971057529481243,-0.020112840950017308
2025-10-16,2025,0.0005325381243946314,2025-10-30,HAR,0.0004122860153357933,0.00044790843535682466,0.0004019291573875291,0.0004323701350735751,0.007842151231949757,0.007420866648348401,-0.019855890219155903
2025-10-17,2025,0.0005344923624715411,2025-10-31,HAR,0.0003521089136915718,0.0003883258651650105,0.0003671286974628639,0.0003750201936399282,-0.020330687716478835,0.013969594082731795,-0.043668572605920275
2025-10-20,2025,0.0005300635825412672,2025-11-03,HAR,0.0003438408061358154,0.0003891540399693974,0.00029155440179506897,0.00037089412485479347,0.11151256267297693,0.019000103848542338,-0.05570749537571462
2025-10-21,2025,0.0005409381527259163,2025-11-04,HAR,0.0003215376004694782,0.00037876553554892615,0.00032931968345907456,0.0003630925949256812,-0.015840735546114537,0.019387270095750253,-0.09038419369638451
2025-10-22,2025,0.0005522555974073024,2025-11-05,HAR,0.0003620022574894521,0.00041527560856559283,0.00037072628589404774,0.00039756518765147894,-0.012086273601036979,0.015657751115129237,-0.05841326500899591
2025-10-23,2025,0.0001576481688789075,2025-11-06,HAR,0.0006433967396128969,0.0005895872899646833,0.0006490026045402949,0.000565966922705803,0.006558741018118042,-0.02972786140323347,-0.06497625558320586
2025-10-24,2025,0.0001538302686012948,2025-11-07,HAR,0.0006034902822013335,0.0005595430896195679,0.0006300598057398727,0.0005411629389689441,0.03233567183239838,-0.024062653369712805,-0.05558916617535559
2025-10-27,2025,0.00016456705347841713,2025-11-10,HAR,0.0005925303204096767,0.0005532370401076332,0.0006327373334767458,0.000535271433902563,0.04800471913621518,-0.023028699991141544,-0.0488894770727164
2025-10-28,2025,0.00012960527057081386,2025-11-11,HAR,0.0006334811545600753,0.0006269611462318399,0.0006658127075141204,0.0006065317351602286,0.039843261021415444,-0.026164711948519326,-0.008218048342968132
2025-10-29,2025,0.0002057343614479002,2025-11-12,HAR,0.0005895251320139757,0.0005544175465582941,0.0006014690238194245,0.00054546019445921,0.013127622295521668,-0.010194489659433259,-0.03930046437142565
2025-10-30,2025,0.00020725613412990478,2025-11-13,HAR,0.0004688341657600005,0.0004522775058704339,0.00048550845485031047,0.0004619802510525161,0.019765249029394028,0.011601802031433905,-0.019770289865155277
2025-10-31,2025,0.00024822379577908314,2025-11-14,HAR,0.0004398393859321689,0.00041026749560769585,0.0004634881199870147,0.00041701151894628607,0.023576025567750847,0.006519774013447055,-0.028922095598185926
2025-11-03,2025,0.00024747703123806364,2025-11-17,HAR,0.00042660030697750815,0.00038581294863199774,0.0004169354207708172,0.00037516333571019177,-0.009468677935990932,-0.00978278054628845,-0.03916633858295793
2025-11-04,2025,0.00030487441379483353,2025-11-18,HAR,0.00039823900082092167,0.00037510737128234836,0.0004034121350071391,0.00036613575296804427,0.0030893053029510398,-0.004292504958111287,-0.012630693241185043
2025-11-05,2025,0.0002786275317237434,2025-11-19,HAR,0.0004429439416828762,0.00043490396544119893,0.00042685138869559243,0.00042172505886190864,-0.013292281906361225,-0.01075089185229583,-0.006689134868883784
2025-11-06,2025,0.0002786909625964101,2025-11-20,HAR,0.00043330698028789394,0.0004235997612204423,0.0003931486956750613,0.00040592555763578695,-0.03156154100479647,-0.01397348387597841,-0.007918445682920883
2025-11-07,2025,0.00029482391687225015,2025-11-21,HAR,0.00043675620207459713,0.0004155973223372189,0.00043127266469682516,0.0004047803175166712,-0.004051757192383043,-0.007414973175222883,-0.015291179799739929
2025-11-10,2025,0.00038551457200801685,2025-11-24,HAR,0.0004518605454416461,0.00043493974953347973,0.00045948848237969476,0.0004202797438857931,0.002576828441107182,-0.003369254124926613,-0.004974499289252421
2025-11-11,2025,0.0003845676921348627,2025-11-25,HAR,0.00038032990209713066,0.000346519551833838,0.0003727285344520644,0.00033448659267093685,0.00043240614783179865,0.004581988507503354,0.00555864559305963
2025-11-12,2025,0.00030158003407187257,2025-11-26,HAR,0.0004494583623941515,0.000438332892026917,0.0004725617655128559,0.0004259662540114895,0.017320961407356172,-0.008644065096850007,-0.008034067851705906
2025-11-13,2025,0.00030936393434344474,2025-11-27,HAR,0.00042697563969251647,0.0004074092678525335,0.00043863959598323976,0.00039500043167517494,0.0076845681096324725,-0.00707678796194422,-0.012111374501558636
2025-11-14,2025,0.0002661346788498952,2025-11-28,HAR,0.00046310086212230354,0.00041030887402277046,0.0004112679691407824,0.00039532562989789174,-0.0462718884847666,-0.012617051114022892,-0.047094044878151387
2025-11-17,2025,0.00026458295462511314,2025-12-01,HAR,0.00043445126668765696,0.0003881566097596379,0.000424180946079731,0.0003759349268551633,-0.009178354191904603,-0.009832653750612153,-0.04004009847897905
2025-11-18,2025,0.00021179329635039797,2025-12-02,HAR,0.0004916985757108279,0.00040047927432484596,0.0004815833668307925,0.0003880571570622077,-0.011739270725293238,-0.014580344225131547,-0.1070923529527299
2025-11-19,2025,0.0001871724435342057,2025-12-03,HAR,0.0004774514155610274,0.0004104118657218251,0.0004808769008937351,0.0003983613984578075,0.004356357062456517,-0.01600572080321072,-0.08726524400519242
2025-11-20,2025,0.0001906019475054373,2025-12-04,HAR,0.00046715642046766685,0.0004031743154897333,0.00038122663851877526,0.0003921525057066042,-0.11130448352838407,-0.014431036754223747,-0.08254649185575325
2025-11-21,2025,0.0001738546151062084,2025-12-05,HAR,0.000453238962363466,0.0004124621183260792,0.00038960277975719465,0.00040397206438725654,-0.08863890752660453,-0.011940117108817816,-0.056353366084178624
2025-11-24,2025,0.00010136966768605716,2025-12-08,HAR,0.0003392290737344464,0.0002758546107261366,0.0003159911280831903,0.00026737137247241893,-0.0489860243101381,-0.019575998836607766,-0.1381503214345301
2025-11-25,2025,9.602656008271331e-05,2025-12-09,HAR,0.00033117551744798573,0.0002868345516531919,0.00028171194647564084,0.0002759329548915285,-0.11085221459598227,-0.02552110923312867,-0.09891931447266256
2025-11-26,2025,8.613835700032762e-05,2025-12-10,HAR,0.0003355204049352942,0.0002826187673730126,0.00028502455268047695,0.00028234068510906807,-0.11762424059539889,-0.0006842432830422851,-0.12352810153749783
2025-11-27,2025,0.00011660550241121963,2025-12-11,HAR,0.00031480992364273097,0.00027391590421226475,0.0003212599028881568,0.0003005634175251527,0.012844856374629288,0.05509585274974871,-0.08384942107496673
2025-11-28,2025,0.00011781016903962436,2025-12-12,HAR,0.0002941662635980074,0.000256738471773314,0.00028420694567569705,0.0002745521801323377,-0.02040836687271863,0.03731047832701595,-0.07770327382414255
2025-12-01,2025,0.00012546653654206484,2025-12-15,HAR,0.00025618561024037654,0.0002283355944843099,0.0002117634043543634,0.00022654099919397944,-0.08769665008872707,-0.0035376589274864756,-0.05535130067573313
2025-12-02,2025,0.0001788562676153179,2025-12-16,HAR,0.00026761446424501987,0.00024964166128254705,0.0002576152224399125,0.0002665590368704856,-0.0121390886793451,0.02009903030355442,-0.021404421248298888
2025-12-03,2025,0.0001880117672316258,2025-12-17,HAR,0.00025570229003836443,0.0002375629405954736,0.00022995727686397983,0.00024459740143219883,-0.02380200265130661,0.006420313675439715,-0.017438519468743863
2025-12-04,2025,0.00018427336872179386,2025-12-18,HAR,0.000246220359641192,0.0002289813452982137,0.0002577517774309993,0.0002233899943387064,0.012287476123161944,-0.004578842040883657,-0.01624194335932838
2025-12-05,2025,0.00019420841030805071,2025-12-19,HAR,0.00022495438777156836,0.0002075521407205737,0.00024136785091539596,0.0002012266941700238,0.011716856240887807,-0.001537004201558112,-0.008129555471082739
2025-12-08,2025,0.00018327576618883942,2025-12-22,HAR,0.0002626061267172685,0.00025993901246955603,0.00025496909922348616,0.0002529015762688071,-0.008608568596687682,-0.007826762109554686,-0.00304731140607295
2025-12-09,2025,0.00022687338225201235,2025-12-23,HAR,0.0002622251893086549,0.0002749817018396678,0.0002472010395266844,0.00026613914377799394,-0.006418294578030448,-0.005272770704289442,0.0073646238326423585
2025-12-10,2025,0.00022054842395889204,2025-12-24,HAR,0.00026025025403007124,0.0002582339023113424,0.00026785482497016514,0.0002519747357558389,0.004741872463811525,-0.003321594310021325,-0.0011608397670324067
2025-12-11,2025,0.00018949569331934538,2025-12-29,HAR,0.0002892637880268127,0.00031635322187387226,0.00029256926140373347,0.00030612283980811295,0.003961058533609396,-0.012854805359891586,0.03342421164114473
2025-12-12,2025,0.0002042768522670431,2025-12-30,HAR,0.0002378277261478791,0.0002505115751195179,0.00024802905929971594,0.00024269376772792094,0.006671993896097739,-0.005437256869364582,0.008469503935008227
2025-12-15,2025,0.00021968582667173373,2025-12-31,HAR,0.0002348424165412522,0.00025894345055191466,0.0002486105077965275,0.00025111415057246545,0.005166761496042227,-0.004250669634294546,0.01062744520191039
2025-12-16,2025,0.00015898071717543682,2026-01-02,HAR,0.0002695528967770946,0.0003215111626426291,0.0002796948238297556,0.0003120053566554095,0.015548103618795217,-0.014946693616932016,0.08095310046814408
2025-12-17,2025,0.00017289477513267068,2026-01-05,HAR,0.00027435208434066255,0.00030480785300111336,0.0002878939979194655,0.0002946573877401003,0.018537165312584314,-0.014328314240819928,0.04230174480810778
2025-12-18,2025,0.00019342436400227405,2026-01-06,HAR,0.00022402703005370403,0.000245053225190543,0.0002177194739867836,0.00023572374650315478,-0.0035457891327155266,-0.00757532693930596,0.01562700380717974
2025-12-19,2025,0.00020915363470331224,2026-01-07,HAR,0.0002229244833428366,0.0002316836794551453,0.0002398484326904323,0.0002237010132359714,0.006971910237303369,-0.0028481967221667404,0.0030686693713493085
2025-12-22,2025,0.00032133077366715295,2026-01-08,HAR,0.00023616670854036467,0.00022974328598584446,0.00024788708113759563,0.00022132767005830745,-0.015895751429417793,0.015863125923868182,0.010466061319633013
2025-12-23,2025,0.00034202929009886874,2026-01-09,HAR,0.0002516557254623383,0.00021794887981008696,0.00021810819097919858,0.00020935076901579055,0.06597681013348655,0.024202736013209325,0.06639237995732561
2025-12-24,2025,0.0003440043025474483,2026-01-12,HAR,0.00017860512013784404,0.0001528461741268572,0.00017087468992134396,0.00014827225993617476,0.04288879798931866,0.039046600259939446,0.1688509224824699
2025-12-29,2025,0.0004425652127704992,2026-01-13,HAR,0.00019263970256406252,0.00017106666664942085,0.000172030772863583,0.00016767112311521533,0.16207225002211878,0.03234286696368116,0.17095097322638964
2025-12-30,2025,0.0004620385985060261,2026-01-14,HAR,0.0001942714642965631,0.00018634931934370205,0.00019199428525322178,0.00018085443531433906,0.016417504210037848,0.04540156444334542,0.05947418881511268
2025-12-31,2025,0.000599585462540989,2026-01-15,HAR,0.00020271234193571164,0.0002147576441199624,0.00019657475250434045,0.00020596255464482092,0.06160571125173231,0.07740568837816308,-0.10817533350355646
2026-01-02,2026,0.0006039553529017008,2026-01-16,EWMA,0.00023185345099563677,0.0002450265813294753,0.0002618579766591063,0.00024484106627659926,-0.17678114500235242,0.0011102025287765827,-0.08478361823864233
2026-01-05,2026,0.0005773917446503643,2026-01-19,EWMA,0.00023619935445246568,0.0002347956457699664,0.000256373330798811,0.00023430581663323502,-0.11039958578438736,0.00305256199065429,0.008653699344190358
2026-01-06,2026,0.0005697807509922203,2026-01-20,EWMA,0.00023621401009844609,0.00024378569532531848,0.00025879871165406264,0.0002443826493045696,-0.11918873070916103,-0.003263441147164592,-0.04336672299907818
2026-01-07,2026,0.0005627612517655374,2026-01-21,EWMA,0.00024083577668617754,0.0002638425345661116,0.0002670300416523962,0.00026330006128115035,-0.12597240362679862,0.0023363067398012305,-0.1125204017876058
2026-01-08,2026,0.00046710504162213,2026-01-22,EWMA,0.0003168391521669912,0.0003000849409492175,0.0003272818770730491,0.0002986926565406493,-0.014612459974901348,0.002605176377812768,0.027981881051291957
2026-01-09,2026,0.0005545100157716903,2026-01-23,EWMA,0.00034987952434206086,0.0002954239699750724,0.00035829179229362215,0.0002950022075158853,-0.01345179945041064,0.0012548576514657128,0.12296014040975578
2026-01-12,2026,0.0005571205989372302,2026-01-26,EWMA,0.0003302400816140714,0.00026678288034030296,0.00028326745669446395,0.00026416159202890437,0.12631999796635895,0.010848086185888839,0.18789050038103117
2026-01-13,2026,0.0005894874548152846,2026-01-27,EWMA,0.0003840992280760132,0.00028248197534607995,0.00031836513418047037,0.00028105973741846923,0.12917910214749906,0.005512333565325989,0.24480122518166958
2026-01-14,2026,0.0005614483916870122,2026-01-28,EWMA,0.00038555246156295875,0.00027658004696203025,0.00033402642346547836,0.0002761664913206162,0.08117517511397221,0.0015434821026403256,0.24157220494608467
2026-01-15,2026,0.0004004880025955964,2026-01-29,EWMA,0.0004728495860736194,0.0003759088446572895,0.00039561193621188046,0.00037382181705439076,-0.012985204326337652,0.0003805732334010159,-0.011011721078836523
2026-01-16,2026,0.0004161390600177918,2026-01-30,EWMA,0.00045462525315822984,0.00036097632229808844,0.0004177328472519035,0.00036458150485537495,-0.0037919167646540686,-0.0014619062454608311,0.0068090606834187994
2026-01-19,2026,0.0008353249381761803,2026-02-02,EWMA,0.000427402788892126,0.00035037538450271265,0.0003862903765898726,0.0003522564630064902,0.1068691141137208,-0.007376822260801497,0.2309430347076331
2026-01-20,2026,0.0009328320455198645,2026-02-03,EWMA,0.0004107299921536044,0.000337640543277918,0.0003812788473638928,0.000340564519969273,0.10102601367197561,-0.01509772902600659,0.2956857201078913
2026-01-21,2026,0.0009385126593879774,2026-02-04,EWMA,0.0004000708605195159,0.00034909974115561985,0.00036805382889044925,0.00035068881772048756,0.12065459398008826,-0.007640259062680954,0.20622962038371373
2026-01-22,2026,0.0009351199696113852,2026-02-05,EWMA,0.00040097406429844955,0.0003756207469019237,0.0003640477936920877,0.00037619903656525237,0.13994121300331397,-0.0022885124703257986,0.09209466704895863
2026-01-23,2026,0.000778587645288286,2026-02-06,EWMA,0.0004888584517766691,0.00043730552850521624,0.00045570081144526235,0.00043894686924518333,0.04564875467119567,-0.0029111934995187383,0.0763146355300588
2026-01-26,2026,0.0007849204621630534,2026-02-09,EWMA,0.00046266911134594643,0.00043539592785914514,0.0004336243155958246,0.0004356726747443758,0.048800796160243465,-0.0005097342220707901,0.04551266529989029
2026-01-27,2026,0.0006456772818223388,2026-02-10,EWMA,0.0005307611084035138,0.0004646874192176057,0.0004960020417652471,0.00046517693283778627,0.017519322057892417,-0.00040931008679390146,0.04002821787976618
2026-01-28,2026,0.0006430843067322529,2026-02-11,EWMA,0.0005042015502914237,0.0004449976936866404,0.00046787784152519556,0.0004446632944464183,0.024250812551318113,0.00033504094153435915,0.044782901744545356
2026-01-29,2026,0.000702144408107364,2026-02-12,EWMA,0.000474085579426847,0.0004270178324935476,0.0004409847331030013,0.0004270990278866491,0.03879179768734087,-0.00012246874052834755,0.05868563054204934
2026-01-30,2026,0.0006722098524852816,2026-02-13,EWMA,0.0004665115892895937,0.00040983152100775933,0.00043556342270145796,0.0004100642843432264,0.03374010888427481,-0.00036323910034941065,0.06974499883267615
2026-02-02,2026,0.0002675280213888485,2026-02-16,EWMA,0.0007258127638398447,0.000765770518750141,0.0006789515097410984,0.0007662063218429625,-0.04130221052028915,0.0003702342217337673,0.034357456880699466
2026-02-03,2026,0.00017882083517464358,2026-02-17,EWMA,0.0007580497170858554,0.0007388692599103046,0.0007114499432404239,0.0007394764965321672,-0.04799279482817376,0.0006227688439350842,-0.01950431280135323
2026-02-04,2026,0.00023339740509539304,2026-02-18,EWMA,0.0007304439029735737,0.0006911457379997056,0.0006845385211722318,0.0006918902766511346,-0.04347985017802625,0.0007132800594371602,-0.03713352984002771
2026-02-05,2026,0.00023722657170880676,2026-02-19,EWMA,0.000709199966931689,0.0007105038691839372,0.0006627941020871207,0.0007113463745255993,-0.04425303425533844,0.0007896361025512277,0.001223000186690193
2026-02-06,2026,0.00023370630314599163,2026-02-20,EWMA,0.0006713308727364476,0.0006636637910283732,0.0006312538172300784,0.0006643078620656027,-0.039452396022875647,0.0006285890741910549,-0.007464680419587921
2026-02-09,2026,0.0002366003484675765,2026-02-23,EWMA,0.0006385325941443632,0.000621781810054111,0.0005947114965394272,0.000621760914003252,-0.04379338582090586,-2.0818833061042596e-05,-0.016601205796304974
2026-02-10,2026,0.0002452581827391267,2026-02-24,EWMA,0.0006006598156473919,0.0006003128329751725,0.0005613293118422813,0.0006008889372108477,-0.03911173578859728,0.0005675139229879278,-0.00034182899987289517
2026-02-11,2026,0.0002455083760248086,2026-02-25,EWMA,0.0005681295626582053,0.0005672514036873315,0.0005340617720196359,0.000567665170913552,-0.034272134896096595,0.0004136914086334542,-0.0008779126097557821
2026-02-12,2026,0.00020482347270684375,2026-02-26,EWMA,0.0005746473937603488,0.0006106644738569098,0.0005384716430533891,0.0006113294323183869,-0.041075787257655705,0.0007234824350463853,0.03976855243242561
2026-02-13,2026,0.00020656110384001253,2026-02-27,EWMA,0.0005405277763454883,0.0005648558579125412,0.0005053237590698322,0.0005657699702034741,-0.040723937394075094,0.001026161748969301,0.02756565593090432
2026-02-16,2026,0.0008278340754374419,2026-03-02,EWMA,0.0005180897024128292,0.0005259030798334164,0.0004918598019696479,0.0005271679958577068,0.0332559278658664,-0.0013746897592614715,-0.008770953406505022
2026-02-17,2026,0.0013728145387803142,2026-03-03,EWMA,0.0005020056205058493,0.0005231569964915932,0.000470346839325624,0.0005246206633657743,0.1189274687322559,-0.004527253868870318,-0.06929272853367507
2026-02-18,2026,0.0013357020112492797,2026-03-04,EWMA,0.0005271597051778485,0.0005140627470055826,0.0004899670278500867,0.0005148436893995691,0.11916939021322825,-0.002423272878981919,0.03939556590623372
2026-02-19,2026,0.0019825151276533217,2026-03-05,EWMA,0.0005207366633006606,0.0004903917902376571,0.0004963679501936169,0.0004923895906016486,0.13898072774435555,-0.012337134964451657,0.17554129750135417
2026-02-20,2026,0.0025816442556828995,2026-03-06,EWMA,0.0004917631898224656,0.0004847879654256538,0.0004618638922987919,0.0004867978273063616,0.27712302535513533,-0.017849519014747628,0.06124907066023422
2026-02-23,2026,0.0025892206034113766,2026-03-09,EWMA,0.00047172204562319977,0.0004878107693046696,0.00044298810040767437,0.0004900121030675787,0.29318256104640295,-0.019342440660823357,-0.14749342106882057
2026-02-24,2026,0.0028198353033398907,2026-03-10,EWMA,0.00044979046815352857,0.000477284794888932,0.00042219646145442817,0.0004797038086090745,0.3464339149955791,-0.02473731815014002,-0.3018113019561257
2026-02-25,2026,0.0028303633531682098,2026-03-11,EWMA,0.00042648381481297714,0.0004564854746551845,0.0003993965364565712,0.00045916548457437464,0.38447173143522484,-0.030335687118759225,-0.36818971298297676
2026-02-26,2026,0.004205409390829798,2026-03-12,EWMA,0.00041362206086433386,0.0004249470236056798,0.00038612967906939254,0.0004271278019129281,0.6551292626853575,-0.04540866547321354,-0.24394901841828798
2026-02-27,2026,0.004209983707538445,2026-03-13,EWMA,0.0003903546324444622,0.0004110511405102467,0.0003650307002804273,0.0004135192220709764,0.6811346473899267,-0.05514278739568024,-0.4913660955480106
2026-03-02,2026,0.0036201067044304503,2026-03-16,EWMA,0.000802638979398778,0.0006626334268994915,0.0007498798002863175,0.000666434389503207,0.24933525027595227,-0.025439293732502755,0.7612733423742197
2026-03-03,2026,0.003546309529761681,2026-03-17,EWMA,0.0011429164071931266,0.000793702222324025,0.0010251568007462516,0.0007895211851504274,0.24768738055859263,0.01837964806456327,1.000570370374691
2026-03-04,2026,0.004237397198630597,2026-03-18,EWMA,0.00110418539743768,0.0008120814780401373,0.0010298326253445952,0.00081658445232443,0.20735726823264233,-0.02324418536043904,1.073105761150745
2026-03-05,2026,0.003931611322506326,2026-03-19,EWMA,0.0015063536027032892,0.0009497664838507459,0.0013899944136493245,0.0009509860761287848,0.13809768599749672,-0.00402550085609743,1.0683058685864069
2026-03-06,2026,0.003742065547471659,2026-03-20,EWMA,0.0018287816206276283,0.0009979826354341668,0.0016698799553900368,0.000990439793310831,0.10381378634364324,0.02096906983531399,1.0977536644849932
2026-03-09,2026,0.005459593687667179,2026-03-23,EWMA,0.0017337108766265039,0.0009448802952190631,0.0016220680424172116,0.0009477807445683413,0.15018095455914215,-0.014617443130097385,2.02203890192555
2026-03-10,2026,0.005410150910872248,2026-03-24,EWMA,0.001794083023674057,0.0010335520246116863,0.001693446397088588,0.001035398676833567,0.12147725084100092,-0.00755075420114526,1.6674773474240592
2026-03-11,2026,0.005398632202675969,2026-03-25,EWMA,0.0016973329043567407,0.0009691945651828581,0.0015851396170208872,0.000969648020189454,0.15673537867866694,-0.002137152340096371,1.8292213132539508
2026-03-12,2026,0.0041509496247659535,2026-03-26,EWMA,0.0025504367022848324,0.0012462692545064027,0.0023836148451707286,0.001245495938805935,0.04626041225286848,0.0014473007927642279,0.9870457325285051
2026-03-13,2026,0.004617926966660897,2026-03-27,EWMA,0.0024020948334628786,0.0011439496348379693,0.0022342098318560402,0.0011405862834901561,0.07200550113896043,0.008959309862270892,1.3725146085734625
2026-03-16,2026,0.0045730820555126206,2026-03-30,EWMA,0.002289476051765082,0.0011184485134722994,0.002133880105174385,0.0011129391507493744,0.07526584435717965,0.015302509834806521,1.3749563771908146
2026-03-17,2026,0.004229823281731526,2026-03-31,EWMA,0.002489975555286799,0.0011234517323647922,0.0023208498238198286,0.0011171560678076779,0.05345173312377938,0.015597945722424011,1.270416556747033
2026-03-18,2026,0.0038307105786567737,2026-04-01,EWMA,0.0028439718340862383,0.0011268571234419888,0.002707931551232294,0.001106082016855808,0.018651556164397398,0.045242416317323286,1.1267371695493735
2026-03-19,2026,0.0038774853516637354,2026-04-02,EWMA,0.002932220598072869,0.0012440664694406778,0.0025826806356313136,0.0012190160928756907,0.05203760582820749,0.04370748666191515,0.9370368724218379
2026-03-20,2026,0.004101320818972856,2026-04-07,EWMA,0.0030392150131643386,0.001209916187715728,0.002888296639220067,0.0011834509508184268,0.019579603462010375,0.05368793790738202,1.1192408131832718
2026-03-23,2026,0.003896335410262097,2026-04-08,EWMA,0.004048412205056334,0.0018823122092602197,0.003739479762003721,0.0018523049447063365,0.0001321451727838152,0.01746333778270781,0.34171369504984206
2026-03-24,2026,0.003771128197370873,2026-04-09,EWMA,0.003936022824954123,0.001819854128776307,0.003599365980425788,0.0017940514298114979,0.00020078375857934816,0.015523423934928005,0.3426938340411354
2026-03-25,2026,0.0037667585187819617,2026-04-10,EWMA,0.0037028634059103,0.0017651031825402096,0.0034134977837352825,0.0017427806486298735,0.0048648693153579,0.014606463808910064,0.3758631882593537
2026-03-26,2026,0.0037415540760703165,2026-04-13,EWMA,0.0035806915565646017,0.001702191738096411,0.0032709505468097155,0.001677106249701276,0.008473319542063429,0.018031170091224347,0.4095160084701206
2026-03-27,2026,0.00341170872031381,2026-04-14,EWMA,0.0036905191412318085,0.001672173920330961,0.0034367335785876834,0.0016524263539127399,-0.0029794889854812823,0.012502906517705803,0.3241885598842842
2026-03-30,2026,0.003514204504942723,2026-04-15,EWMA,0.0034698660280379633,0.0016226765795638752,0.003218438353058734,0.0016028360779043,0.003899532345440271,0.014505254610860163,0.39286673485974877
2026-03-31,2026,0.003385947366944099,2026-04-16,EWMA,0.0033643324959066107,0.0015456336899435969,0.0031343584398900335,0.0015277266309252481,0.003038296783544503,0.014024257468491896,0.4064328775864219
2026-04-01,2026,0.005860435972196429,2026-04-17,EWMA,0.0033923851890912157,0.0017501686973135971,0.0031885415845925975,0.0017306232276667565,0.04847121712604796,0.026586976997646783,0.9591499831592172
2026-04-02,2026,0.005658910640330422,2026-04-20,EWMA,0.003479780415208118,0.0017056738143450476,0.0032588359148659624,0.0016863350457992183,0.04465672194948844,0.02664445181228281,0.9784627005475461
2026-04-07,2026,0.005090581233370435,2026-04-21,EWMA,0.003707298993137028,0.0016558460383753943,0.0034777212863726747,0.0016369144636625196,0.026718875725468827,0.024056578644291893,0.8951928079730709
2026-04-08,2026,0.003999075354711719,2026-04-22,EWMA,0.004535949933665636,0.0024781696664769198,0.004290542592578737,0.0024515835063546984,-0.005193914858281801,0.006713871844381103,0.12756699300850727
2026-04-09,2026,0.00393409288422367,2026-04-23,EWMA,0.004308513124936351,0.0024218517311194523,0.0040956105004290675,0.002398087349582973,-0.0032114078841525284,0.006236561515829742,0.13525723877056706
2026-04-10,2026,0.003949333042260757,2026-04-24,EWMA,0.004050010073051779,0.0022702911729457014,0.003795807803681534,0.002248588566834922,0.00048234318267503795,0.0071843670059621445,0.18561834621035356
2026-04-13,2026,0.0038609461278363033,2026-04-27,EWMA,0.003889738698860789,0.002149076632368891,0.003667563037090471,0.0021311865180723344,0.0013155753123985647,0.006721715297604014,0.21065895161338943
2026-04-14,2026,0.0038208295769669868,2026-04-28,EWMA,0.0037550050328991435,0.00218595078634436,0.003595874645890384,0.002171844876069593,0.0017269854007118113,0.004878553362851257,0.18933427087788868
2026-04-15,2026,0.0040100088496849914,2026-04-29,EWMA,0.0036007154831694944,0.002170350448243998,0.0033740344478198387,0.0021580267408194205,0.00979739744473207,0.004856762328707909,0.2277180286013678
2026-04-16,2026,0.003988490458140055,2026-04-30,EWMA,0.0033994459326102127,0.002097796587281446,0.0032126600778141392,0.002090330578770213,0.011701780999365141,0.0032254402084790357,0.2452745385401105
2026-04-17,2026,0.0014218142030304744,2026-05-01,EWMA,0.00512097431084451,0.003279935568794849,0.004795394630288867,0.0032783652748723455,-0.046838196954165134,-0.00027123691418129425,-0.28967773424527987
2026-04-20,2026,0.001302586733888029,2026-05-05,EWMA,0.004966563909696782,0.002985270563804381,0.004589669969633404,0.002985054307877131,-0.05738296100670581,-4.0832568243942546e-05,-0.33497114730656463
2026-04-21,2026,0.00221745483916741,2026-05-06,EWMA,0.004715441721963515,0.0028210335060559256,0.0044079296947493254,0.0028359372539220064,-0.03463097765446044,0.0011382672688915463,-0.19794975736081533
2026-04-22,2026,0.0018085019571141034,2026-05-07,EWMA,0.004735676525758607,0.0027717335505322497,0.004417298708820162,0.00279047784454128,-0.042071511895443336,0.002357032460264641,-0.26506001589889827
2026-04-23,2026,0.0018343736996021057,2026-05-08,EWMA,0.004451728480938355,0.0026300910072408167,0.004143778599182895,0.00265074022404663,-0.04106172557414478,0.0023873097097482088,-0.24087639056702326
2026-04-24,2026,0.0018821128843726823,2026-05-11,EWMA,0.004195075451369676,0.0025374310200508674,0.0038870401760044034,0.0025576837187338084,-0.04070943232594537,0.0020765200759580438,-0.20966779958152948
2026-04-27,2026,0.002083845815440803,2026-05-12,EWMA,0.003965535194012314,0.0024732992945814478,0.003485657463112876,0.002468327740840761,-0.05663895365897176,-0.0003151269079619823,-0.1550401363548488
2026-04-28,2026,0.001989667706663965,2026-05-13,EWMA,0.0037987648579648225,0.0024361015824329747,0.003145698375109549,0.002414987875544298,-0.07990277430786286,-0.0015641831149277863,-0.15130143170669808
2026-04-29,2026,0.0017001021883084014,2026-05-14,EWMA,0.003771480165138443,0.0023442424754991083,0.0031552669838319065,0.002320644323172462,-0.09035887883901417,-0.0027427804368409525,-0.20105918662693334
2026-04-30,2026,0.0017736559681007908,2026-05-15,EWMA,0.003545219784799247,0.0022330559342780766,0.0032132439490545725,0.0022513816008024735,-0.04663124097845106,0.0017078736313971277,-0.16825123208873993
2026-05-01,2026,0.0015879922812374713,2026-05-18,EWMA,0.0034992499196536946,0.0023728259867102437,0.0029832409118433776,0.0023622503651264046,-0.08104330271737759,-0.0014707924440093834,-0.173035393522607
2026-05-05,2026,0.0015167982029672365,2026-05-19,EWMA,0.003360445289482442,0.0023842181169612792,0.0029887676582325165,0.002392573728640374,-0.0610810250358762,0.0012766757015203467,-0.15838782176443633
2026-05-06,2026,0.000794559035805478,2026-05-20,EWMA,0.003832581099697509,0.002929610580347079,0.003547306387025704,0.0029502121179554924,-0.060677492495611496,0.0051136411670000825,-0.20476933406302233
2026-05-07,2026,0.000843897569301163,2026-05-21,EWMA,0.0036255626308876734,0.002865527932172059,0.003251756708770104,0.0028434980374200513,-0.08205679830051782,-0.005435978502769778,-0.17352022664027889
2026-05-08,2026,0.0008276755460435667,2026-05-22,EWMA,0.0034259493953453075,0.0026937703250214324,0.0032136650721027505,0.002676604790826426,-0.048007913653538736,-0.004422215096071547,-0.17477150992554868
2026-05-11,2026,0.0009214610366875996,2026-05-26,EWMA,0.0032635552137975587,0.0027196774478825316,0.0031206849846510338,0.002712347215127002,-0.031838226580765294,-0.0017832414873737434,-0.1258400938162998
2026-05-12,2026,0.0010060931724042912,2026-05-27,EWMA,0.003228138702904206,0.0027177607198850696,0.003024004431055155,0.002699159589602175,-0.04428506476116123,-0.0043166546986848076,-0.11356903129803086
2026-05-13,2026,0.001025429558683859,2026-05-28,EWMA,0.003041078922279496,0.0027255298917366892,0.003288571689238309,0.002722446154942107,0.052864378002071,-0.0007059068651056322,-0.07051091353815853
2026-05-14,2026,0.0010978300622149792,2026-05-29,EWMA,0.0028608377319619582,0.002627581291755911,0.003144477375097264,0.002625685998886408,0.05991852239003226,-0.00041998038415336225,-0.05098487160903975
2026-05-15,2026,0.0013447487852683577,2026-06-01,EWMA,0.0027396168171878663,0.0024049712068706405,0.0027475119241568134,0.0023920981920962,0.0014671951949170037,-0.002357974081583336,-0.06197920609361951
2026-05-18,2026,0.001287484840640091,2026-06-02,EWMA,0.0026147616524819575,0.002171151672616245,0.002905232562044518,0.002170174420571928,0.05611027782670952,-0.000183176641177063,-0.08530982587326452
2026-05-19,2026,0.001357077288239681,2026-06-03,EWMA,0.002480242326230643,0.002021178233643228,0.002405718862325855,0.0020108654082900642,-0.013557937690243271,-0.0016719878271649335,-0.08040195642975512
2026-05-20,2026,0.0011690053763212653,2026-06-04,EWMA,0.00251029367833129,0.0021378608559228457,0.0024828217744376343,0.0021264754209121585,-0.005851320054837572,-0.0024121534965084734,-0.07946794102654042
2026-05-21,2026,0.0011158524190174393,2026-06-05,EWMA,0.0024164204720889993,0.0020806789227608134,0.002389854560665092,0.00207003897285586,-0.0059215986664167275,-0.0023702808757866123,-0.07507967381424852
2026-05-22,2026,0.0011062264938375274,2026-06-08,EWMA,0.00227824002339145,0.0019407461479147559,0.002430229461044198,0.001939207455602984,0.03421483956984517,-0.00034087463045651134,-0.07589197434860573
2026-05-26,2026,0.0010688398477886093,2026-06-09,EWMA,0.0022489726062800922,0.0019776062670702837,0.002292088111975594,0.001974267919445769,0.010049890345610102,-0.0007756022100329218,-0.06337176787057253
2026-05-27,2026,0.0007778260208340669,2026-06-10,EWMA,0.0023324231424919468,0.0021493650627165445,0.0024926953476175624,0.0021459529678652767,0.045014948568196544,-0.0010133466751263143,-0.05333290189028972
2026-05-28,2026,0.0008427837911266177,2026-06-11,EWMA,0.0022123560788816104,0.0020577278787561487,0.002310180588618749,0.002051769423671824,0.027136592066137943,-0.0017104334095048301,-0.04382956244424463
2026-05-29,2026,0.0009814550663616666,2026-06-12,EWMA,0.0021314489245331508,0.002001690270933345,0.0025117056731839855,0.0020070934573696796,0.09444869952147528,0.0013757301350825202,-0.032960681156284366
2026-06-01,2026,0.0009058657715607075,2026-06-15,EWMA,0.0022231863236587194,0.0019873448342807806,0.002642056666505155,0.0019930714845553294,0.10801725448477484,0.0015677250248682384,-0.06378766902586275
2026-06-02,2026,0.0011248152665468353,2026-06-16,EWMA,0.0020900782781152136,0.0018726436386497182,0.0024934896432973427,0.001878632841453171,0.08941354479861108,0.0012782260915695787,-0.04736300629528234
2026-06-03,2026,0.001023028835183706,2026-06-17,EWMA,0.002034726468388956,0.001760025269800508,0.002430090280359322,0.0017653233815895814,0.09576643948839436,0.0012612465642947157,-0.06655964486597732
2026-06-04,2026,0.0009651353911177372,2026-06-18,EWMA,0.001962637117320733,0.0019156016513932363,0.0023310788983544233,0.0019184386206895652,0.09431727688716318,0.0007348277888814536,-0.012182804130952185
2026-06-05,2026,0.0009547750258176192,2026-06-19,EWMA,0.0018652015473014673,0.0019921591174488044,0.0022256224142759174,0.0019958196522844593,0.0937714692717666,0.0009567619535939542,0.033227972883727475
2026-06-08,2026,0.001210507784391171,2026-06-22,EWMA,0.001753498305476863,0.0019781328560215024,0.002087800421510681,0.0019772988103583,0.06396005958064244,-0.00016359694301559813,0.04214648151013378
2026-06-09,2026,0.0011021726475602,2026-06-23,EWMA,0.001730097111237909,0.0020512731630455785,0.0020687195918720584,0.002053167012250852,0.07447417311823656,0.00042721134657153215,0.07053635326930774
2026-06-10,2026,0.001311943691977372,2026-06-24,EWMA,0.0016452701056534932,0.0019365993162613643,0.0019260113585831422,0.001940946071146676,0.04131473099896876,0.0007248695634221036,0.043072861476336044
2026-06-11,2026,0.0012691879519304576,2026-06-25,EWMA,0.0016109429396170465,0.0019957960751010254,0.001926908520299357,0.0019956956245857365,0.049908551066772056,-1.832364744114301e-05,0.06229992966517983
2026-06-12,2026,0.0013025470641323748,2026-06-26,EWMA,0.0016611416562954593,0.0021782448507258086,0.0018305057475399436,0.002169957831058238,0.02453725324448186,-0.0015280311024747917,0.08486679662454488
2026-06-15,2026,0.00109833370681475,2026-06-29,EWMA,0.0017293017853162226,0.0023585454416994705,0.002063652611587959,0.002356367288449298,0.07385648348351026,-0.0004934795076856346,0.14087870339382746
