{
  "ascending_channel": {
    "metrics": {
      "solo-precio": {
        "auc": 0.9732253642090889,
        "f1": 0.8996328029375765,
        "precision": 0.8760429082240763,
        "recall": 0.9245283018867925
      },
      "imagen 3-canal (macro)": {
        "auc": 0.9470332495825797,
        "f1": 0.8483080513418904,
        "precision": 0.7910772578890098,
        "recall": 0.9144654088050315
      },
      "imagen+tabular": {
        "auc": 0.9343394092637936,
        "f1": 0.8346361996392062,
        "precision": 0.7995391705069125,
        "recall": 0.8729559748427673
      },
      "tabular sola": {
        "auc": 0.5037671835741835,
        "f1": 0.5561087705859824,
        "precision": 0.3997797356828194,
        "recall": 0.9132075471698113
      }
    },
    "bootstrap_vs_precio": {
      "imagen 3-canal (macro)": {
        "delta_auc": 0.026220612131178853,
        "ci95": [
          0.019309219762957942,
          0.03322526577377195
        ],
        "p_precio_gana": 1.0
      },
      "imagen+tabular": {
        "delta_auc": 0.038967517592404015,
        "ci95": [
          0.030232861359764343,
          0.04778901331145575
        ],
        "p_precio_gana": 1.0
      },
      "tabular sola": {
        "delta_auc": 0.4697154266318673,
        "ci95": [
          0.4423400936537171,
          0.49730655306449656
        ],
        "p_precio_gana": 1.0
      }
    }
  },
  "descending_channel": {
    "metrics": {
      "solo-precio": {
        "auc": 0.9556638990981843,
        "f1": 0.8442367601246106,
        "precision": 0.8672,
        "recall": 0.8224582701062215
      },
      "imagen 3-canal (macro)": {
        "auc": 0.929397577848682,
        "f1": 0.8031496062992126,
        "precision": 0.8346972176759411,
        "recall": 0.7738998482549317
      },
      "imagen+tabular": {
        "auc": 0.9091098968941305,
        "f1": 0.776416539050536,
        "precision": 0.7836166924265843,
        "recall": 0.7693474962063733
      },
      "tabular sola": {
        "auc": 0.467680608365019,
        "f1": 0.3976945244956772,
        "precision": 0.32063197026022305,
        "recall": 0.5235204855842185
      }
    },
    "bootstrap_vs_precio": {
      "imagen 3-canal (macro)": {
        "delta_auc": 0.0261858605706739,
        "ci95": [
          0.017808522774175186,
          0.034945587568000244
        ],
        "p_precio_gana": 1.0
      },
      "imagen+tabular": {
        "delta_auc": 0.0464823738288592,
        "ci95": [
          0.03628093068133262,
          0.0572061180332029
        ],
        "p_precio_gana": 1.0
      },
      "tabular sola": {
        "delta_auc": 0.4881844876047084,
        "ci95": [
          0.4599669980805917,
          0.5152190238971167
        ],
        "p_precio_gana": 1.0
      }
    }
  }
}