{
  "ascending_channel": {
    "imagen": {
      "auc": 0.9470332495825797,
      "f1": 0.8483080513418904,
      "precision": 0.7910772578890098,
      "recall": 0.9144654088050315,
      "n_test": 1974
    },
    "tabular": {
      "auc": 0.5037671835741835,
      "f1": 0.5561087705859824,
      "precision": 0.3997797356828194,
      "recall": 0.9132075471698113,
      "n_test": 1974
    },
    "imagen+tabular": {
      "auc": 0.9343394092637936,
      "f1": 0.8346361996392062,
      "precision": 0.7995391705069125,
      "recall": 0.8729559748427673,
      "n_test": 1974
    }
  },
  "descending_channel": {
    "imagen": {
      "auc": 0.929397577848682,
      "f1": 0.8031496062992126,
      "precision": 0.8346972176759411,
      "recall": 0.7738998482549317,
      "n_test": 1974
    },
    "tabular": {
      "auc": 0.467680608365019,
      "f1": 0.3976945244956772,
      "precision": 0.32063197026022305,
      "recall": 0.5235204855842185,
      "n_test": 1974
    },
    "imagen+tabular": {
      "auc": 0.9091098968941305,
      "f1": 0.776416539050536,
      "precision": 0.7836166924265843,
      "recall": 0.7693474962063733,
      "n_test": 1974
    }
  }
}