{
  "ascending_channel": {
    "n_test": 83,
    "positives_real": 9,
    "base_rate": 0.10843373493975904,
    "threshold": 0.525,
    "auc": 1.0,
    "accuracy": 0.9759036144578314,
    "f1": 0.875,
    "precision": 1.0,
    "recall": 0.7777777777777778,
    "confusion_matrix": [
      [
        74,
        0
      ],
      [
        2,
        7
      ]
    ]
  },
  "descending_channel": {
    "n_test": 83,
    "positives_real": 49,
    "base_rate": 0.5903614457831325,
    "threshold": 0.5750000000000001,
    "auc": 0.9015606242496998,
    "accuracy": 0.8192771084337349,
    "f1": 0.8514851485148515,
    "precision": 0.8269230769230769,
    "recall": 0.8775510204081632,
    "confusion_matrix": [
      [
        25,
        9
      ],
      [
        6,
        43
      ]
    ]
  }
}