{
  "ascending_channel": {
    "fix32 (baseline)": {
      "auc": 0.9472870969650995,
      "f1": 0.8512151748666271,
      "precision": 0.804932735426009,
      "recall": 0.9031446540880503,
      "base_rate": 0.40478615071283097,
      "n_test": 1964
    },
    "multi-escala 16/32/64": {
      "auc": 0.9439030295204739,
      "f1": 0.8449519230769231,
      "precision": 0.80897583429229,
      "recall": 0.8842767295597485,
      "base_rate": 0.40478615071283097,
      "n_test": 1964
    },
    "multi + regimen(vol)": {
      "auc": 0.9440482915570476,
      "f1": 0.8449519230769231,
      "precision": 0.80897583429229,
      "recall": 0.8842767295597485,
      "base_rate": 0.40478615071283097,
      "n_test": 1964
    },
    "gating por regimen": {
      "auc": 0.880330982240371,
      "f1": 0.7631578947368421,
      "precision": 0.7274800456100342,
      "recall": 0.8025157232704403,
      "base_rate": 0.40478615071283097,
      "n_test": 1964
    }
  },
  "descending_channel": {
    "fix32 (baseline)": {
      "auc": 0.9301926173989384,
      "f1": 0.8056648308418568,
      "precision": 0.8366013071895425,
      "recall": 0.7769347496206374,
      "base_rate": 0.33553971486761713,
      "n_test": 1964
    },
    "multi-escala 16/32/64": {
      "auc": 0.9345356659050345,
      "f1": 0.792063492063492,
      "precision": 0.8302828618968386,
      "recall": 0.7572078907435509,
      "base_rate": 0.33553971486761713,
      "n_test": 1964
    },
    "multi + regimen(vol)": {
      "auc": 0.9347007831440879,
      "f1": 0.7909516380655226,
      "precision": 0.8138041733547352,
      "recall": 0.7693474962063733,
      "base_rate": 0.33553971486761713,
      "n_test": 1964
    },
    "gating por regimen": {
      "auc": 0.8698062198036035,
      "f1": 0.6908797417271993,
      "precision": 0.7379310344827587,
      "recall": 0.6494688922610015,
      "base_rate": 0.33553971486761713,
      "n_test": 1964
    }
  }
}